mol_id,psmiles,num_nodes,num_edges,csv_row,file_path
0,[*]SC(=O)Nc1ccc(N2C(=O)CC(CC([*])=O)C(=O)OC(=O)C(C)(C)C2=O)cc1,30,31,0,demo/finetune_high_Tg/scored/cond/graphs/batch_0/0.npz
2,[*]CC([*])C(=O)c1ccc(OCCC(C)c2ccc(Br)cc2)c(C)c1C,26,27,2,demo/finetune_high_Tg/scored/cond/graphs/batch_0/2.npz
3,[*]NC(=O)Nc1ccc(CCCC(C)CCNC([*])C)s1,21,21,3,demo/finetune_high_Tg/scored/cond/graphs/batch_0/3.npz
4,[*]Nc1ccc(C([*])C(=O)c2ccc(Cl)cc2)cc1,19,20,4,demo/finetune_high_Tg/scored/cond/graphs/batch_0/4.npz
5,[*]CCCCCCOc1ccccc1C(=O)Nc1ccc(-c2ccc(N3C(=O)P([*])(=O)C3)cc2)cc1,36,39,5,demo/finetune_high_Tg/scored/cond/graphs/batch_0/5.npz
6,[*]O[Si]([*])(C)CCCCCOc1ccc(-c2ccc(S(=O)(=O)c3ccc(OCCCCCC)cc3)cc2)cc1,39,41,6,demo/finetune_high_Tg/scored/cond/graphs/batch_0/6.npz
7,[*]Oc1ccc(O[Si](C)(C)OC(=O)NCCCCCCCCCCCOC(=O)Oc2ccccc2[*])cc1,38,39,7,demo/finetune_high_Tg/scored/cond/graphs/batch_0/7.npz
8,[*]C(=O)Oc1ccc(NC(=O)c2ccccc2-c2ccc(C(=O)SC([*])=O)cc2)c(C)c1,32,34,8,demo/finetune_high_Tg/scored/cond/graphs/batch_0/8.npz
9,[*]CC(=O)c1cc(C(F)(F)C(F)(F)C(=O)N[*])cc(N(C)C[Si](C)(C)C)c1,27,27,9,demo/finetune_high_Tg/scored/cond/graphs/batch_0/9.npz
10,[*]Oc1ccc2ccccc2c1OC(=O)c1ccc(OCc2ccc(O[*])c(C)c2)cc1,32,35,10,demo/finetune_high_Tg/scored/cond/graphs/batch_0/10.npz
11,[*]CC(C)(C)COC(=O)c1ccc(/C=C/c2ccc(P(=O)(O[*])OCC)cc2)cc1,30,31,11,demo/finetune_high_Tg/scored/cond/graphs/batch_0/11.npz
12,[*]c1ccc(Oc2ccc(C(Cl)(CCCCCC)C(F)(F)C([*])(F)F)cc2)cc1C=C,31,32,12,demo/finetune_high_Tg/scored/cond/graphs/batch_0/12.npz
14,[*]CCCC(C#N)C(=O)N([*])CC(C)(C)C,16,15,14,demo/finetune_high_Tg/scored/cond/graphs/batch_0/14.npz
15,[*]C#C[Si]([*])(C)c1ccc(COCCCCCC#C)cc1,21,21,15,demo/finetune_high_Tg/scored/cond/graphs/batch_0/15.npz
16,[*]Cc1ccc(C(O)CC(NC(=O)C([*])(C(F)(F)F)C(F)(F)F)C(F)(F)C(F)(F)F)cc1,32,32,16,demo/finetune_high_Tg/scored/cond/graphs/batch_0/16.npz
17,[*]/C=C/c1ccc(OC(=O)C(CC)NCCCCCC(=O)Oc2ccc([*])cc2)cc1,31,32,17,demo/finetune_high_Tg/scored/cond/graphs/batch_0/17.npz
18,[*]CCCCOC(=O)CC(C=CO[*])OCC,17,16,18,demo/finetune_high_Tg/scored/cond/graphs/batch_0/18.npz
19,[*]C(=O)NC([*])(C)C(=O)OCCC[Si](C)(C)COC(=O)O,21,20,19,demo/finetune_high_Tg/scored/cond/graphs/batch_0/19.npz
21,[*]/C=C/c1ccc(OC2CC([*])(C(=O)OCCCCCCCCCC)C2)c(Oc2c(Cl)cccc2OCC)c1,39,41,21,demo/finetune_high_Tg/scored/cond/graphs/batch_0/21.npz
22,[*]CCc1ccc(-c2ccc(C(=O)NCCCCCCCCNC(=O)c3cccc([*])c3)cc2)c(C)c1,37,39,22,demo/finetune_high_Tg/scored/cond/graphs/batch_0/22.npz
23,[*]CCOc1ccc([*])c(-c2ccc(NCCCCCC)cc2)c1,24,25,23,demo/finetune_high_Tg/scored/cond/graphs/batch_0/23.npz
24,[*]CC([*])Cn1cccc1[Ge](C)(C)CC,15,15,24,demo/finetune_high_Tg/scored/cond/graphs/batch_0/24.npz
25,[*]CC([*])C(=O)NCCCCCCOCCOc1ccc(/N=N/c2ccc(OC(F)C(F)(F)C(F)(F)F)cc2)cc1,41,42,25,demo/finetune_high_Tg/scored/cond/graphs/batch_0/25.npz
26,[*]C/C=C/c1ccc(COC(=O)Nc2ccc(OCCCCCCCCS[*])c(OC)c2)cc1,34,35,26,demo/finetune_high_Tg/scored/cond/graphs/batch_0/26.npz
27,[*]Cc1ccc(NC(=O)CCCCCCc2ccc(C(=O)N[*])cc2)cc1,27,28,27,demo/finetune_high_Tg/scored/cond/graphs/batch_0/27.npz
29,[*]C=C(N[*])c1ccc(C(=O)OCCCCO)cc1-c1ccccc1,25,26,29,demo/finetune_high_Tg/scored/cond/graphs/batch_0/29.npz
30,[*]Oc1ccc(C2(c3ccc(C([*])=O)cc3)C(=O)NC(=O)c3ccccc32)cc1,29,32,30,demo/finetune_high_Tg/scored/cond/graphs/batch_0/30.npz
31,[*]C(C)(C)C#CC=CCNC(=O)O[*],14,13,31,demo/finetune_high_Tg/scored/cond/graphs/batch_0/31.npz
32,[*]OC(=O)c1ccc(C(F)(F)F)cc1NC(=O)OCC([*])=O,22,22,32,demo/finetune_high_Tg/scored/cond/graphs/batch_0/32.npz
33,[*]O[Si]([*])(C)CCCOc1ccc(OC(=O)c2ccc(COCC(F)(F)F)cc2)cc1,31,32,33,demo/finetune_high_Tg/scored/cond/graphs/batch_0/33.npz
34,[*]CC([*])CCN(CCCC)C(=O)c1ccc(P(=O)(O)O[Si](C)(C)CCCCC(F)(F)F)c(C(=O)OC)c1,38,38,34,demo/finetune_high_Tg/scored/cond/graphs/batch_0/34.npz
35,[*]CC/C=C(/[*])c1ccccc1CCC(=O)OCCOc1ccc([Si](=O)(O)O)cc1,30,31,35,demo/finetune_high_Tg/scored/cond/graphs/batch_0/35.npz
36,[*]CCCc1ccc(COC2C(=O)N(c3ccc(C(=O)c4cccc(O[*])c4)cc3)[SH]2)cc1,33,36,36,demo/finetune_high_Tg/scored/cond/graphs/batch_0/36.npz
37,[*]CCCCCCOCCCCCOc1ccc(CCNC(=O)Nc2ccc(N[*])cc2)nc1,34,35,37,demo/finetune_high_Tg/scored/cond/graphs/batch_0/37.npz
38,[*]CC(CC(=O)OCCCCCCCCCCOC(=O)N[*])c1ccc(N(C)C)cc1,31,31,38,demo/finetune_high_Tg/scored/cond/graphs/batch_0/38.npz
39,[*]CC([*])CCCCNC(=O)c1ccc(/C=C/CCCCCC(=O)NCC)cc1,29,29,39,demo/finetune_high_Tg/scored/cond/graphs/batch_0/39.npz
40,[*]CC([*])(C)C(=O)OCCC(C)NS(=O)(=O)C1CCOC1,21,21,40,demo/finetune_high_Tg/scored/cond/graphs/batch_0/40.npz
42,[*]Oc1ccc(CCCCc2ccc(C)c(OC([*])=O)c2)cc1C(F)(F)F,27,28,42,demo/finetune_high_Tg/scored/cond/graphs/batch_0/42.npz
43,[*]Nc1cc([*])c(OCCCC)cc1OC(=O)Oc1ccc(S(=O)(=O)S(=O)[O-])cc1,30,31,43,demo/finetune_high_Tg/scored/cond/graphs/batch_0/43.npz
44,[*]C=C(CC)c1ccc(-n2on2-c2cccc(/C=C/C(=O)O[*])c2)cc1,26,28,44,demo/finetune_high_Tg/scored/cond/graphs/batch_0/44.npz
46,[*]CC([2H])(F)C(=O)OCCOC(=O)N(F)C(F)(F)C(F)(F)C([*])(C)Nc1ccccc1,31,31,46,demo/finetune_high_Tg/scored/cond/graphs/batch_0/46.npz
47,[*]CN([*])CCCCCCc1cc(-c2ccccc2)ccc1C,23,24,47,demo/finetune_high_Tg/scored/cond/graphs/batch_0/47.npz
48,[*]C#Cc1ccc(CN[*])c(OCCCCCCCCCCC)c1,24,24,48,demo/finetune_high_Tg/scored/cond/graphs/batch_0/48.npz
49,[*]/C=C/c1ccc(-c2c(C(=O)OCC)cc(OCC(C)CCCC)cc2C(C)=O)c(O[*])c1OC(C)=O,37,38,49,demo/finetune_high_Tg/scored/cond/graphs/batch_0/49.npz
50,[*]CNC(=O)C(CC(C)C)c1ccc(C(=O)N[*])cc1,20,20,50,demo/finetune_high_Tg/scored/cond/graphs/batch_0/50.npz
51,[*]Cc1ccc(-c2ccc(NC(=O)CCCCCCCCC([*])c3ccc(OC)cc3)cc2)cc1,35,37,51,demo/finetune_high_Tg/scored/cond/graphs/batch_0/51.npz
52,[*]/C=C/CCCCCCCCCCCCCCOP(=O)(C(=O)Nc1cccc(N=[*])c1)c1ccc(C#C)cc1C(C)C,42,43,52,demo/finetune_high_Tg/scored/cond/graphs/batch_0/52.npz
54,[*]CCCN(CC(=O)Nc1ccc(C#N)cc1)CC(C)=NC(=O)c1cccc(C(=O)O[*])c1,33,34,54,demo/finetune_high_Tg/scored/cond/graphs/batch_0/54.npz
55,[*]CC([*])(C)C(=O)OCCOC1C=CC(CC)C1,18,18,55,demo/finetune_high_Tg/scored/cond/graphs/batch_0/55.npz
56,[*]CCOc1ccc(NC(=O)c2ccc3c(c2)C(=O)N(C(=O)OCCc2ccc([*])cc2)C3=O)cc1OC,38,41,56,demo/finetune_high_Tg/scored/cond/graphs/batch_0/56.npz
58,[*]OCC(CCCCCC)C([*])[2H],13,12,58,demo/finetune_high_Tg/scored/cond/graphs/batch_0/58.npz
59,[*]Oc1ccc(C(c2ccccc2)c2ccc(Oc3ccc(C([*])=O)cc3)cc2)cc1,31,34,59,demo/finetune_high_Tg/scored/cond/graphs/batch_0/59.npz
60,[*]CC=C(O)c1cccc(N2C(=O)c3ccc(C(=O)C([*])(F)F)cc3C2=O)c1,28,30,60,demo/finetune_high_Tg/scored/cond/graphs/batch_0/60.npz
61,[*]CCC(=O)NCCCC/C=C/C1CCC(C(=O)N[*])COC1,23,23,61,demo/finetune_high_Tg/scored/cond/graphs/batch_0/61.npz
62,[*]CCCCCNc1ccc(NC(=O)c2ccc(C(=O)N[*])c(OC)c2[N+](=O)[O-])cc1,31,32,62,demo/finetune_high_Tg/scored/cond/graphs/batch_0/62.npz
63,[*]Oc1ccc(OC(=O)c2ccc(OCC(CCCCCC)c3ccc(S([*])(=O)=O)cc3)cc2)c(-c2ccccc2)c1,42,45,63,demo/finetune_high_Tg/scored/cond/graphs/batch_0/63.npz
64,[*]CCCCC(=O)N/C=C/[Si](C)(C)C(=O)NCCCCCCCOC(=O)c1ccccc1C(=O)O[*],36,36,64,demo/finetune_high_Tg/scored/cond/graphs/batch_0/64.npz
67,[*]CCCCCCCCN=C([*])C(=O)OCCCNc1ccc(C)nc1,26,26,67,demo/finetune_high_Tg/scored/cond/graphs/batch_0/67.npz
68,[*]CC(C)(C)C(=O)NCCCCCCCCCCc1ccc(N([*])C(C)CC)cc1,30,30,68,demo/finetune_high_Tg/scored/cond/graphs/batch_0/68.npz
69,[*]Oc1ccc(C(=O)NNC(=O)c2ccc(N3C([*])C3=O)cc2)cc1Cl,26,28,69,demo/finetune_high_Tg/scored/cond/graphs/batch_0/69.npz
70,[*]N=P([*])(C)CCCCCCCCCCCC,17,16,70,demo/finetune_high_Tg/scored/cond/graphs/batch_0/70.npz
71,[*]/C=C/c1cc(OCCCCCCCC)c(/C=C/C(=O)c2ccc([*])c(S(=O)(=O)c3ccc(F)cc3)c2)cc1C,40,42,71,demo/finetune_high_Tg/scored/cond/graphs/batch_0/71.npz
72,[*]CCCCCCCCCCCCCCNC(=O)CC(Oc1ccc(-c2ccc(C(C)CC)cc2)cc1)C(=O)N[*],41,42,72,demo/finetune_high_Tg/scored/cond/graphs/batch_0/72.npz
73,[*]CC(=O)Nc1ccc(NCCCCOCCNC(=O)CCCCCCC(=O)Nc2ccc(C([*])=O)cc2)cc1,40,41,73,demo/finetune_high_Tg/scored/cond/graphs/batch_0/73.npz
74,[*]CC(C)NCCCCCCCC[PH](=O)(CC)CO[*],20,19,74,demo/finetune_high_Tg/scored/cond/graphs/batch_0/74.npz
75,[*]CC(CC(=O)NCCCCCCCCNC(=O)CCCCC([*])O)OC(C)C,29,28,75,demo/finetune_high_Tg/scored/cond/graphs/batch_0/75.npz
76,[*]CCC([*])(C)C(=O)Oc1ccc(/N=N/c2ccc(C#N)cc2)cc1OC(C)=O,29,30,76,demo/finetune_high_Tg/scored/cond/graphs/batch_0/76.npz
77,[*]Oc1cc(Br)c(OCCC)c(Oc2ccc(C=[*])nc2)c1,22,23,77,demo/finetune_high_Tg/scored/cond/graphs/batch_0/77.npz
78,[*]OC(CCCCOc1ccc(/C=N/c2ccc(OCCCCCCN(C#N)CCc3ccccc3)cc2)cc1)C(=O)NCCCCCCCN[*],52,54,78,demo/finetune_high_Tg/scored/cond/graphs/batch_0/78.npz
79,[*]Oc1ccc(COc2ccc(/N=N/[Si](C)(C)c3cccc([*])c3)cc2)cc1,28,30,79,demo/finetune_high_Tg/scored/cond/graphs/batch_0/79.npz
82,[*]Cc1ccc(NCCCCCCCc2ccc(Nc3cc(CC)c([*])cc3CC(C)C)s2)cc1,35,37,82,demo/finetune_high_Tg/scored/cond/graphs/batch_0/82.npz
83,[*]CC(CCc1ccc(/N=C/P(=O)(c2ccccc2)c2ccc(-c3nnc([N+](=O)[O-])cc3)cc2)cc1)C(=O)N([*])C(C)C,43,46,83,demo/finetune_high_Tg/scored/cond/graphs/batch_0/83.npz
84,[*]CC([*])(C)C(=O)OCC(CC(C)C)OC(=O)CCCCCC,23,22,84,demo/finetune_high_Tg/scored/cond/graphs/batch_0/84.npz
86,[*]C(C)C([*])(C)C(=O)OCCCCCCCCN1C=C(C(F)(F)F)C(=O)C1,27,27,86,demo/finetune_high_Tg/scored/cond/graphs/batch_0/86.npz
87,[*]O[Si]([*])(C)C(=O)OC(C)CCNCC,15,14,87,demo/finetune_high_Tg/scored/cond/graphs/batch_0/87.npz
88,[*]Oc1ccc(S(=O)(=O)c2ccc(Oc3ccc(NC(=O)c4ccc(C(=O)c5ccccc5S([*])(=O)=O)cc4)cc3OCCCCCCCCCCCCCCCCC)cc2)c(C(=O)OC(C)CC)c1,70,74,88,demo/finetune_high_Tg/scored/cond/graphs/batch_0/88.npz
89,[*]C([*])c1ccc(C(=O)OCCN(C)c2ccc([N+](=O)[O-])cc2C)cc1,26,27,89,demo/finetune_high_Tg/scored/cond/graphs/batch_0/89.npz
90,[*]CCCCCc1ccc(C(=O)OCCCCCCCCCOc2ccc(NC(=O)SSCCN3C(=O)c4ccc([*])cc4C3=O)cc2)cc1,50,53,90,demo/finetune_high_Tg/scored/cond/graphs/batch_0/90.npz
91,[*]CSc1ccc(N2C(=O)c3ccccc3C(=O)OCC(F)(F)C2(F)F)cc1C([*])=O,31,33,91,demo/finetune_high_Tg/scored/cond/graphs/batch_0/91.npz
92,[*]CC(CCC)=C(C(=O)Nc1ccc(Oc2ccc(C(c3ccc(O[*])cc3)c3ccccc3C(F)(F)F)cc2)cc1)OCC,45,48,92,demo/finetune_high_Tg/scored/cond/graphs/batch_0/92.npz
95,[*]CC(CCOC(=O)Sc1cccc(C([*])=O)c1)C1C(=O)OC1=O,24,25,95,demo/finetune_high_Tg/scored/cond/graphs/batch_0/95.npz
96,[*]Cc1ccc(NC(=O)c2cnc(OCCCCCC([*])=O)cc2C)s1,26,27,96,demo/finetune_high_Tg/scored/cond/graphs/batch_0/96.npz
97,[*]C#Cc1cc(C)c(NCCCCCCN2CCCCC2[*])c(NCC)c1,27,28,97,demo/finetune_high_Tg/scored/cond/graphs/batch_0/97.npz
98,[*]C#Cc1ccc([*])c(N(CC)C(=O)OCC=CCOC)c1,22,22,98,demo/finetune_high_Tg/scored/cond/graphs/batch_0/98.npz
99,[*]Sc1ccc(/C(C)=C/c2ccc3c(c2)C(=O)N(c2ccc([*])cc2C)C3=O)cc1,30,33,99,demo/finetune_high_Tg/scored/cond/graphs/batch_0/99.npz
100,[*]CC([*])c1ccc(C(NC(=O)C#[Ge]CC(=O)OC)c2ccc([N+](=O)[O-])cc2)cc1,30,31,100,demo/finetune_high_Tg/scored/cond/graphs/batch_0/100.npz
101,[*]/C=C/c1ccc(OC(=O)c2cc(C(=S)OC)ccc2CCCCO[*])cc1,28,29,101,demo/finetune_high_Tg/scored/cond/graphs/batch_0/101.npz
102,[*]CCSCCCNC(=O)CCNC(=O)C(=O)N[*],19,18,102,demo/finetune_high_Tg/scored/cond/graphs/batch_0/102.npz
104,[*]Cc1ccc(C(C)(CC)c2ccc(C(=O)N3CCC([*])=C3OCCCCCCCCCC)cc2)cc1,37,39,104,demo/finetune_high_Tg/scored/cond/graphs/batch_0/104.npz
105,[*]CCOCCOc1ccc(NC(=O)c2ccc(CCCCCCN3CCC([*])CC3=O)cc2)cc1,36,38,105,demo/finetune_high_Tg/scored/cond/graphs/batch_0/105.npz
106,[*]CC(COc1ccc(C(C)(C)C)cc1)c1ccc(OC(=O)CCCCCCCCCCC(=O)Oc2ccc(N3C(=O)c4ccc([*])cc4C3=O)cc2)cc1,55,59,106,demo/finetune_high_Tg/scored/cond/graphs/batch_0/106.npz
107,[*]CC(C)(C)CCCCCCCCOc1ccc(S(=O)(=O)c2ccc(OC[Si]([*])(C)C)cc2)cc1,35,36,107,demo/finetune_high_Tg/scored/cond/graphs/batch_0/107.npz
108,[*]/C=C/c1ccc(N(Cc2ccc(Cl)cc2)COC(=O)CCC([*])(C)C)cc1,28,29,108,demo/finetune_high_Tg/scored/cond/graphs/batch_0/108.npz
109,[*]NC1CCC(CN)C(=O)C1NC(Sc1ccc(OCCC)cc1)OC([*])=O,28,29,109,demo/finetune_high_Tg/scored/cond/graphs/batch_0/109.npz
110,[*]CC([*])CCNC(=O)C(=O)NCCCCCCCN1CCOCC(=O)C1C,28,28,110,demo/finetune_high_Tg/scored/cond/graphs/batch_0/110.npz
111,[*]c1cc(OC)c(-c2ccc(C(C)(C)c3ccc(N[*])cc3)cc2)c(C)c1,27,29,111,demo/finetune_high_Tg/scored/cond/graphs/batch_0/111.npz
112,[*]/C=C/c1nnc(-c2ccccc2C(=O)OCCCC(F)(F)C([*])(F)F)[nH]1,27,28,112,demo/finetune_high_Tg/scored/cond/graphs/batch_0/112.npz
114,[*]C(=O)NCCCCCNC(=O)c1cc(Cl)c(/C=C/C(=[*])C)cc1C(=O)OC,28,28,114,demo/finetune_high_Tg/scored/cond/graphs/batch_0/114.npz
115,[*]NC(C=O)=Nc1ccc(-c2ccc(NC(=O)Nc3ccc([*])cc3)cc2)cc1,29,31,115,demo/finetune_high_Tg/scored/cond/graphs/batch_0/115.npz
116,[*]/C=C/c1ccc(Oc2ccc(C(=O)N(C#N)C(=O)c3ccc(C(C)(C)c4ccc([*])cc4)cc3)cc2)c(Br)c1,40,43,116,demo/finetune_high_Tg/scored/cond/graphs/batch_0/116.npz
117,[*]CCCCCOc1ccc(N(C)C(=O)CCCCCCCCc2ccc(Oc3ccc(S([*])(=O)=O)cc3)cc2)c(C#N)c1,44,46,117,demo/finetune_high_Tg/scored/cond/graphs/batch_0/117.npz
118,[*]CCCCOC(=O)CCCCCCC=CNC(=O)N[*],21,20,118,demo/finetune_high_Tg/scored/cond/graphs/batch_0/118.npz
119,[*]N=Cc1ccc(-c2cnc(C(=O)OCCCCCCCCCSCCCC)cc2)c([*])c1,33,34,119,demo/finetune_high_Tg/scored/cond/graphs/batch_0/119.npz
120,[*]CCCCCCCCCOC(=O)CC([*])NC,18,17,120,demo/finetune_high_Tg/scored/cond/graphs/batch_0/120.npz
121,[*]CCN(C(=O)N[*])c1ccc([Si](C)(C)CCC(=O)Oc2ccccc2)cc1,28,29,121,demo/finetune_high_Tg/scored/cond/graphs/batch_0/121.npz
122,[*]CC#CCOC(=O)CSC(=O)NCCCCCCNc1ccc([*])cc1P(=O)(=O)OCC,33,33,122,demo/finetune_high_Tg/scored/cond/graphs/batch_0/122.npz
123,[*]Oc1ccc(S(=O)(=O)c2ccc(Oc3ccc4nc([*])ccc4c3OCC(CC)CCCC)cc2)cc1,38,41,123,demo/finetune_high_Tg/scored/cond/graphs/batch_0/123.npz
124,[*]Oc1ccc2ccccc2c1C(=O)OCCCCCCOC(=O)NCCCCC[Si]([*])(C)c1ccc(C)cc1,40,42,124,demo/finetune_high_Tg/scored/cond/graphs/batch_0/124.npz
125,[*]/C=C/CCNC(=O)c1ccc([PH]([*])c2ccc(I)cc2)cc1,23,24,125,demo/finetune_high_Tg/scored/cond/graphs/batch_0/125.npz
126,[*]CCS(=O)(=O)c1ccc(NC(=O)COCC/C=C/c2ccc(C(=O)O[*])cc2)cc1,31,32,126,demo/finetune_high_Tg/scored/cond/graphs/batch_0/126.npz
127,[*]Nc1ccccc1CCCCCCCCCCCOc1ccc(-c2ccc(Oc3ccc(CNC(=O)/C=C/c4cc(OC#CCCCCCCCCCCC)c(C([*])=O)cc4C(=O)O)cc3)cc2)cc1,71,75,127,demo/finetune_high_Tg/scored/cond/graphs/batch_0/127.npz
128,[*]CCCCCCOc1ccc(NC(=O)CCCCCCC(=O)Nc2ccc(C(=O)N([*])CCCCCC)cc2)cc1,42,43,128,demo/finetune_high_Tg/scored/cond/graphs/batch_0/128.npz
129,[*]C([*])(C(=O)Oc1ccccc1)C(=O)Oc1ccc(O)cc1/N=N/c1ccc(-c2c(OC)cc(F)cc2)cc1,39,42,129,demo/finetune_high_Tg/scored/cond/graphs/batch_0/129.npz
130,[*]CC([*])c1nnc(C(F)(F)C(F)(F)OCC)cc1O,20,20,130,demo/finetune_high_Tg/scored/cond/graphs/batch_0/130.npz
132,[*]C(=O)N(Cl)Cc1ccc(CNC(=O)c2ccc([*])nc2)cc1,23,24,132,demo/finetune_high_Tg/scored/cond/graphs/batch_0/132.npz
133,[*]CCCCCCCOC(=O)NC(C([*])=O)C(C)OC(C)C,22,21,133,demo/finetune_high_Tg/scored/cond/graphs/batch_0/133.npz
135,[*]OC(=O)N(c1ccccc1)C(C)CC(C)NC(=O)c1cccc(C(=O)NC([*])=O)c1,31,32,135,demo/finetune_high_Tg/scored/cond/graphs/batch_0/135.npz
136,[*]CC([*])(CC(=O)Nc1ccc(-c2ccccc2)cc1)C(=O)OCC(F)(Cl)C(=O)C=C,31,32,136,demo/finetune_high_Tg/scored/cond/graphs/batch_0/136.npz
137,[*]C(=O)C(C)C(=O)Oc1ccc(C(=O)c2ccc(N=C(OCC(F)(F)F)c3ccc(OC([*])=O)cc3)c(Cl)c2)cc1,41,43,137,demo/finetune_high_Tg/scored/cond/graphs/batch_0/137.npz
138,[*]CC([*])(C)C(=O)Oc1ccc(/C=C/c2ccc(OCCCCCCCCC#C)cc2)cc1,33,34,138,demo/finetune_high_Tg/scored/cond/graphs/batch_0/138.npz
139,[*]/C=C/c1cccc(Oc2ccc(C(C)=CSc3ccc([*])cc3)cc2)c1,27,29,139,demo/finetune_high_Tg/scored/cond/graphs/batch_0/139.npz
140,[*]CC([*])C(=O)OCCCCCCCCN(C#C)C(=O)CCCCCC,26,25,140,demo/finetune_high_Tg/scored/cond/graphs/batch_0/140.npz
143,[*]CC(O)COc1ccc(Br)c(S(=O)(=O)c2ccc(O[*])cc2C)c1,25,26,143,demo/finetune_high_Tg/scored/cond/graphs/batch_0/143.npz
144,[*]CNC(=O)c1c(Cl)cc(Cl)c(S(=O)(=O)c2ccccc2)c1O[*],24,25,144,demo/finetune_high_Tg/scored/cond/graphs/batch_0/144.npz
145,[*]CCC(=O)NCNC(=O)c1ccc(S(=O)(=O)N[*])c(C)c1C,23,23,145,demo/finetune_high_Tg/scored/cond/graphs/batch_0/145.npz
147,[*]N=P([*])(F)Oc1cc(C(C)(C)C)c(C)cc1N=NC(F)(F)F,23,23,147,demo/finetune_high_Tg/scored/cond/graphs/batch_0/147.npz
148,[*]CCCOC(=O)c1ccc(OCCCCCCCCCCNC(=O)O[*])cc1,29,29,148,demo/finetune_high_Tg/scored/cond/graphs/batch_0/148.npz
149,[*]Sc1cccc(C#C[Si](NC(=O)NNC(=O)c2ccc(C([*])=O)cc2)C2CCCCC2C)c1,34,36,149,demo/finetune_high_Tg/scored/cond/graphs/batch_0/149.npz
150,[*]CCCCC(C)C(=O)NCCCCNC(=O)c1ccc(C#CC(C)CCC[*])cc1,31,31,150,demo/finetune_high_Tg/scored/cond/graphs/batch_0/150.npz
151,[*]/C=N/c1ccc(NC(=O)c2sccc2-c2cc(NCC([*])S(=O)(=O)O)ccc2)cc1,31,33,151,demo/finetune_high_Tg/scored/cond/graphs/batch_0/151.npz
152,[*]CC([*])CC(=O)c1cccc([PH](=O)(=O)c2ccccc2F)c1,23,24,152,demo/finetune_high_Tg/scored/cond/graphs/batch_0/152.npz
153,[*]CC(C)(C)C(=O)OCC1CCCCCCCC1c1ccc(C[*])cc1,26,27,153,demo/finetune_high_Tg/scored/cond/graphs/batch_0/153.npz
154,[*]Oc1ccc(CCCCC(C)CCNC(=O)c2ccccc2N[*])c(CCCCCCCCC)c1,36,37,154,demo/finetune_high_Tg/scored/cond/graphs/batch_0/154.npz
155,[*]CCCCCCOc1ccc2c(c1)CCCCCCCCC/C(=C\c1ccc(O[*])cc1)c1ccccc12,39,42,155,demo/finetune_high_Tg/scored/cond/graphs/batch_0/155.npz
156,[*]OCP(=O)(c1ccccc1)c1ccc([*])c(C(C)(C)C)c1,22,23,156,demo/finetune_high_Tg/scored/cond/graphs/batch_0/156.npz
157,[*]C(=O)NCCCCCCNC(=O)/C=C/CC([*])=O,19,18,157,demo/finetune_high_Tg/scored/cond/graphs/batch_0/157.npz
158,[*]Oc1ccc(/C(C)=N/c2ccc(OC(=O)Oc3ccc(C([*])(C)C)cc3OCCOCCOCC)cc2)cc1,40,42,158,demo/finetune_high_Tg/scored/cond/graphs/batch_0/158.npz
159,[*]COc1ccc(C(NC(=O)c2ccc(O[*])cc2)c2cccc(-c3ccccc3)c2)cc1,33,36,159,demo/finetune_high_Tg/scored/cond/graphs/batch_0/159.npz
161,[*]NC(CCCC)COc1ccc(/C(=C/c2ccc(OC([*])=O)cc2)S(=O)(=O)c2cccc3ccccc23)cc1,40,43,161,demo/finetune_high_Tg/scored/cond/graphs/batch_0/161.npz
162,[*]NCCCCC([*])OC(C)(C)CC=C,15,14,162,demo/finetune_high_Tg/scored/cond/graphs/batch_0/162.npz
163,[*]C=CCCCCOC(=O)c1ccc(N=C(C)c2ccc([N+](=O)[O-])c(N[*])c2)cc1,30,31,163,demo/finetune_high_Tg/scored/cond/graphs/batch_0/163.npz
164,[*]Oc1ccc(C(C)CN(C)c2ccc(C(=O)NC(=O)Nc3ccc(C([*])=O)cc3)cc2)cc1,34,36,164,demo/finetune_high_Tg/scored/cond/graphs/batch_0/164.npz
166,[*]CC([*])(C)C(=O)OCCCCCCOc1ccc(/C=N/c2ccc(C3CCC(CCCCCCCCCC)C3)o2)cc1,43,45,166,demo/finetune_high_Tg/scored/cond/graphs/batch_0/166.npz
167,[*]CC(C)(C)NC(=O)C1CCN(C(=O)Nc2cccc(C([*])=O)c2)CC1,26,27,167,demo/finetune_high_Tg/scored/cond/graphs/batch_0/167.npz
168,[*]Cc1ccc(CNC(=O)CCCCCCC(=O)Nc2ccc(C(=O)N[*])cc2)c(OC)c1,33,34,168,demo/finetune_high_Tg/scored/cond/graphs/batch_0/168.npz
169,[*][Se]c1ccc(NC(=O)CNCC(C)(C)[Si](C)(C)NCC(=O)Nc2ccc(N3C(=O)c4ccc([*])cc4C3=O)cc2)cc1,43,46,169,demo/finetune_high_Tg/scored/cond/graphs/batch_0/169.npz
170,[*]C/C=C/OC(=O)c1ccc(NC(C)C(=O)O[*])cc1,20,20,170,demo/finetune_high_Tg/scored/cond/graphs/batch_0/170.npz
171,[*]CO[Si](CCCC)(CCCCCC)OCCOc1cccc(-c2ccc(O[*])cc2)c1,32,33,171,demo/finetune_high_Tg/scored/cond/graphs/batch_0/171.npz
172,[*]CC([*])(C)C(=O)OCC(C)CCCCOc1ccc(-c2ccc(P(=O)(OC)C(C)=O)cc2)cc1,35,36,172,demo/finetune_high_Tg/scored/cond/graphs/batch_0/172.npz
173,[*]Cc1ccc(C(F)(F)C(F)(F)C(F)(F)C(F)(F)CN([*])C)cc1,24,24,173,demo/finetune_high_Tg/scored/cond/graphs/batch_0/173.npz
174,[*]N=P([*])(C)C(F)(F)C(F)(F)C(=O)Oc1cccc(CC)c1,22,22,174,demo/finetune_high_Tg/scored/cond/graphs/batch_0/174.npz
175,[*]C=Cc1cc(CCCCC(C)CC)c([*])n1C(=O)OC,21,21,175,demo/finetune_high_Tg/scored/cond/graphs/batch_0/175.npz
176,[*]C1=CC=C(C(=O)OCCOc2ccc([Si]([*])(C)CCCCCCC)cc2)C1=O,29,30,176,demo/finetune_high_Tg/scored/cond/graphs/batch_0/176.npz
177,[*]C(=O)C([*])(F)OCCCCCCC(=O)Nc1ccc([PH](=O)c2ccc(Br)cc2)cc1,31,32,177,demo/finetune_high_Tg/scored/cond/graphs/batch_0/177.npz
178,[*]CC(CCCCOCCOCC)C([*])/C=C/c1cc(OC(C)=O)ccc1N(C)C#N,31,31,178,demo/finetune_high_Tg/scored/cond/graphs/batch_0/178.npz
179,[*]CNc1ccccc1S(=O)(=O)CCCC(=O)Nc1ccc(Oc2ccc(/C=C(\C)CCCCS[*])cc2)cc1,40,42,179,demo/finetune_high_Tg/scored/cond/graphs/batch_0/179.npz
180,[*]Oc1ccc(CCCCCCNC(=O)c2ccc(-c3ccc([Si]([*])(C)CCC(F)(F)F)cc3)cc2)cc1,38,40,180,demo/finetune_high_Tg/scored/cond/graphs/batch_0/180.npz
181,[*]/C=C/CCCCP(=O)(C=[*])c1ccc(OCC)cc1,20,20,181,demo/finetune_high_Tg/scored/cond/graphs/batch_0/181.npz
183,[*]C#Cc1ccc(C(=O)OCCCCCCCCCCCCOC(=O)O[*])c(-c2ccccc2)c1,35,36,183,demo/finetune_high_Tg/scored/cond/graphs/batch_0/183.npz
184,[*]Nc1ccc(-c2ccc(C3(c4ccc(OC)cc4)C([*])=C3CC)cc2)cc1,28,31,184,demo/finetune_high_Tg/scored/cond/graphs/batch_0/184.npz
185,[*]CCCCCCCNC(=O)CC(C)(C)c1ccc(-c2ccc(N=[*])c(C)c2)cc1,30,31,185,demo/finetune_high_Tg/scored/cond/graphs/batch_0/185.npz
187,[*]Cc1ccc(-c2ccc(C(=O)NOC([*])=O)cc2O)c(CCC(F)(F)F)c1,28,29,187,demo/finetune_high_Tg/scored/cond/graphs/batch_0/187.npz
188,[*]/C(C)=N/[Si]([*])(C)CCc1ccc(-c2ccc(OC(=O)c3ccc([N+](=O)[O-])cc3)cc2)cc1,33,35,188,demo/finetune_high_Tg/scored/cond/graphs/batch_0/188.npz
189,[*]CCOCCOC(=O)C(C)(CCCCC(C)C)c1ccc(C(=O)Oc2ccc([N+](=O)[O-])cc2)c(C[*])c1,38,39,189,demo/finetune_high_Tg/scored/cond/graphs/batch_0/189.npz
190,[*]Cc1ccc(NC(=O)CNc2ccc3c(c2)C(=O)N(C(=[*])C)C3=O)cc1,27,29,190,demo/finetune_high_Tg/scored/cond/graphs/batch_0/190.npz
191,[*]C(=[Se])CCCOc1ccc(-c2cc(OC(=O)c3ccc(C)cc3C)ccc2)c([*])c1,31,33,191,demo/finetune_high_Tg/scored/cond/graphs/batch_0/191.npz
192,[*]CC([*])(C)C(=O)Oc1ccc(-c2cc(C#N)c(OC(F)(F)F)c(C)c2)cc1S,29,30,192,demo/finetune_high_Tg/scored/cond/graphs/batch_0/192.npz
193,[*]Cc1ccc(C=CCCCCCC(=O)Nc2ccc(O[*])cc2)c(-c2ccccc2)c1,32,34,193,demo/finetune_high_Tg/scored/cond/graphs/batch_0/193.npz
194,[*]CC([*])(C)NC(=O)c1ccc(CN(C)O[Si](C)(C)C)cc1-c1ccc(C(=O)Oc2ccc(C)cc2)cc1,38,40,194,demo/finetune_high_Tg/scored/cond/graphs/batch_0/194.npz
195,[*]CCCc1ccc(CN2CC([*])OC(=O)c3ccc([N+](=O)[O-])cc32)cc1,27,29,195,demo/finetune_high_Tg/scored/cond/graphs/batch_0/195.npz
197,[*]C/C=C/C(=C=C/c1cc(C)c(O[*])c(OC)c1)NC(=O)OCCCCCCCCCC,32,32,197,demo/finetune_high_Tg/scored/cond/graphs/batch_0/197.npz
199,[*]/C=C/c1ccc(NC(=O)OCCCCOC(=O)c2cc(O[*])ccc2-c2ccc(C(F)(F)F)cc2)c(C)c1,39,41,199,demo/finetune_high_Tg/scored/cond/graphs/batch_0/199.npz
200,[*]C(C)CNC(=O)CCCCCC(=O)NC([*])C(=O)c1ccc(C(C)=O)cc1,28,28,200,demo/finetune_high_Tg/scored/cond/graphs/batch_0/200.npz
201,[*]N=COc1ccc(-c2ccc(-c3ccc([Si](C)(C)c4ccc([*])cc4)cc3)cc2-c2ccc(P(=O)(O)Oc3ccc(CC)cc3)cc2)cc1,50,55,201,demo/finetune_high_Tg/scored/cond/graphs/batch_0/201.npz
202,[*]c1ccc(OC(=O)c2ccc(-c3nc4ccc(P(=O)(O[*])OCC)cc4c3=O)cc2)c(C#N)c1,35,38,202,demo/finetune_high_Tg/scored/cond/graphs/batch_0/202.npz
203,[*]CC([*])(C)C(=O)OCC(=O)NC(=O)c1cc(C)ccc1[N+]CCCCNc1ccccc1,33,34,203,demo/finetune_high_Tg/scored/cond/graphs/batch_0/203.npz
204,[*]CCS(=O)(=O)CCOc1ccc(OC(=O)c2ccc(P(=O)(c3ccc(C#C)cc3)CC([*])C)cc2)c(C)c1,39,41,204,demo/finetune_high_Tg/scored/cond/graphs/batch_0/204.npz
205,[*]CC[N+](C)(C)CCc1ccc(N2C(=O)c3ccc(C([*])(C)C)cc3C2=O)c(OCCCC)c1,34,36,205,demo/finetune_high_Tg/scored/cond/graphs/batch_0/205.npz
206,[*]CC([*])(C)C(=O)Oc1cccc(N(CCCCCC)Oc2ccc(C(=O)c3ccc([N+](=O)[O-])cc3)cc2)c1,39,41,206,demo/finetune_high_Tg/scored/cond/graphs/batch_0/206.npz
207,[*]CCCCNC(=O)c1ccc(-c2ccc(C(=O)c3ccccc3Oc3ccc([Si]([*])=O)cc3)cc2)cc1,38,41,207,demo/finetune_high_Tg/scored/cond/graphs/batch_0/207.npz
208,[*]OCCCCC(=O)c1ccc(OC(=O)c2ccc(C(=O)N[*])cc2)cc1,27,28,208,demo/finetune_high_Tg/scored/cond/graphs/batch_0/208.npz
211,[*]CCC(=O)Oc1ccc(OC(=O)c2ccc(OCCCCCCOC(=O)c3ccc(O[*])cc3)cc2)o1,38,40,211,demo/finetune_high_Tg/scored/cond/graphs/batch_0/211.npz
212,[*]OC(=O)c1ccc(OC(=O)CCCCCCN2CCC(O[*])CC2)cc1,27,28,212,demo/finetune_high_Tg/scored/cond/graphs/batch_0/212.npz
213,[*]C#Cc1cc(OCC)c(-c2ccc(OC)cc2)cc1S([*])(=O)O,24,25,213,demo/finetune_high_Tg/scored/cond/graphs/batch_0/213.npz
214,[*]COCCOC(=O)CCCCCCNC(=O)c1ccc(S([*])(=O)=O)cc1,27,27,214,demo/finetune_high_Tg/scored/cond/graphs/batch_0/214.npz
216,[*]CC(=O)Nc1cccc(NC(=O)c2ccc(C(=O)O[*])cc2)c1COS(=O)(=O)c1ccccc1C,36,38,216,demo/finetune_high_Tg/scored/cond/graphs/batch_0/216.npz
217,[*]OCCCCCCOC(=O)c1ccc(SCCCCCCC(=O)NC(C)(C)CNC([*])=O)cc1,35,35,217,demo/finetune_high_Tg/scored/cond/graphs/batch_0/217.npz
220,[*]CC([*])(C)C(=O)Oc1ccc(CC(=O)c2ccc(OC(=O)c3ccccc3-c3ccccc3)cc2)cc1,38,41,220,demo/finetune_high_Tg/scored/cond/graphs/batch_0/220.npz
221,[*]OCCCCCCNC(=O)c1ccc(-c2ccc(C([*])=O)cc2C)c(C)c1,28,29,221,demo/finetune_high_Tg/scored/cond/graphs/batch_0/221.npz
222,[*]NC(=O)N[Si](C)(C)CCCCCCC(=O)OCC(O[*])C(=O)OCCOCCOCCOCC[Si](C)(C)OC,40,39,222,demo/finetune_high_Tg/scored/cond/graphs/batch_0/222.npz
223,[*]CC(=O)N([*])CCCCCCCCC(=O)Nc1ccc(/N=N/c2ccc(C#N)s2)cc1,32,33,223,demo/finetune_high_Tg/scored/cond/graphs/batch_0/223.npz
225,[*]CCOc1ccc(C(=O)N(CC)c2ccc(NC(=O)CCCCCCc3sc([*])nc3C)cc2)cc1,37,39,225,demo/finetune_high_Tg/scored/cond/graphs/batch_0/225.npz
226,[*]CC#Cc1ccc(OC(=O)c2cccc(C(C)(C)O)c2)cc1[*],24,25,226,demo/finetune_high_Tg/scored/cond/graphs/batch_0/226.npz
227,[*]CCC(C)CNC(=O)C#CC(CC)C(=O)N[*],18,17,227,demo/finetune_high_Tg/scored/cond/graphs/batch_0/227.npz
228,[*]OCC(C)(CC)OC(=O)Nc1ccc(SCCCCCCOc2ccc(C([*])=O)cc2)c(N)c1,35,36,228,demo/finetune_high_Tg/scored/cond/graphs/batch_0/228.npz
229,[*]CCC([*])C(=O)Sc1ccc(OC(=O)c2ccccc2C(=O)OCC(=O)O[Na])cc1,31,32,229,demo/finetune_high_Tg/scored/cond/graphs/batch_0/229.npz
230,[*]CC([*])(C)C(=O)OCCCCCOc1cnc(C(=O)O)cc1OCCCC,28,28,230,demo/finetune_high_Tg/scored/cond/graphs/batch_0/230.npz
231,[*]CC(CO)(CC)c1ccc(-c2ccc(CNC(=O)CCCCCC[Si]([*])(C)C)cc2)cc1,33,34,231,demo/finetune_high_Tg/scored/cond/graphs/batch_0/231.npz
232,[*]C(=O)c1ccc(Cc2ccc(-c3nnc([*])o3)cc2)cc1,22,24,232,demo/finetune_high_Tg/scored/cond/graphs/batch_0/232.npz
233,[*]CCCCCCCCOC(=O)CCCCCCCC(=O)NCC1CCC(CNC([*])=O)C1,33,33,233,demo/finetune_high_Tg/scored/cond/graphs/batch_0/233.npz
234,[*]C=CN(C(=O)c1ccc(CCC(=O)OCc2ccccc2)cc1)C([*])=O,27,28,234,demo/finetune_high_Tg/scored/cond/graphs/batch_0/234.npz
235,[*]COC(=O)NCC(CNC([*])=O)C(C)(C)c1ccccc1,22,22,235,demo/finetune_high_Tg/scored/cond/graphs/batch_0/235.npz
236,[*]CC([*])(C)C(=O)N[Si](CC)CCCCOc1ccc(C#N)cc1,24,24,236,demo/finetune_high_Tg/scored/cond/graphs/batch_0/236.npz
237,[*]C=Cc1cccc(N(C)C(=O)CCCC([*])C)c1,19,19,237,demo/finetune_high_Tg/scored/cond/graphs/batch_0/237.npz
238,[*]Cc1ccc(C(=O)CCCCCCCC(=O)NCC(=O)Oc2ccc(-c3ccc([*])cc3)cc2)c(Br)c1,38,40,238,demo/finetune_high_Tg/scored/cond/graphs/batch_0/238.npz
239,[*]CCCc1ccc(/C=C/C([*])=O)nc1SCCCCCCCOCC,26,26,239,demo/finetune_high_Tg/scored/cond/graphs/batch_0/239.npz
240,[*]CCCN(C)c1cccc(C(=O)N[Se]CCCCCC(=O)O[*])c1,25,25,240,demo/finetune_high_Tg/scored/cond/graphs/batch_0/240.npz
241,[*]CC(c1ccc(C(C)C)cc1)N([*])C(=O)CC[Si](C)(C)C,22,22,241,demo/finetune_high_Tg/scored/cond/graphs/batch_0/241.npz
243,[*]Nc1ccc(C=C(C)C(=O)Nc2ccc(OCc3ccc([*])cc3)cc2)cc1,29,31,243,demo/finetune_high_Tg/scored/cond/graphs/batch_0/243.npz
244,[*]CCCCCCCCOC(=O)Nc1ccccc1CCCCNC(=O)O[*],28,28,244,demo/finetune_high_Tg/scored/cond/graphs/batch_0/244.npz
245,[*]CCCCCCNc1ccc([*])cc1-c1ccc(N(CC)CC)cc1,26,27,245,demo/finetune_high_Tg/scored/cond/graphs/batch_0/245.npz
246,[*]CCCCC(=O)Nc1ccc(Oc2ccccc2-c2ccc(S(=O)(=O)c3ccc(O[*])cc3)c(S(=O)(=O)O)c2)cc1,42,45,246,demo/finetune_high_Tg/scored/cond/graphs/batch_0/246.npz
247,[*]CC([*])(C)C(=O)OC(C)(C)c1ccc(CS)cc1Br,20,20,247,demo/finetune_high_Tg/scored/cond/graphs/batch_0/247.npz
248,[*]Nc1cc(C(=O)C#N)c(Oc2cccc([*])c2)cc1S(=O)(=O)O,24,25,248,demo/finetune_high_Tg/scored/cond/graphs/batch_0/248.npz
249,[*]CCCCCCCCOc1ccc(S(=O)(=O)c2cccc(NC(=O)CCCCCCC(=CC([*])=O)CC)c2)cc1,41,42,249,demo/finetune_high_Tg/scored/cond/graphs/batch_0/249.npz
250,[*]CCCCCOc1ccc(/N=C/C(=O)c2ccc(OCCCCCCCCCCCCCC)cc2)cc1COC(=O)Nc1ccc(Cc2ccc(NC([*])=O)cc2)cc1,60,63,250,demo/finetune_high_Tg/scored/cond/graphs/batch_0/250.npz
251,[*]CCOC(=O)c1ccc(N2CC(CC(=O)Nc3ccccc3C(=O)O[*])CC2(C)C)cc1,33,35,251,demo/finetune_high_Tg/scored/cond/graphs/batch_0/251.npz
252,[*]CCCCCCC(C)S(=O)(=O)CCOC(=O)Nc1ccc(CCc2ccc(CCCC)cc2)cc1[*],37,38,252,demo/finetune_high_Tg/scored/cond/graphs/batch_0/252.npz
253,[*]/C=C/C([*])(C)C(=O)OCCCCN(C)c1ccc(OS(=O)(=O)O[Na])cc1C,28,28,253,demo/finetune_high_Tg/scored/cond/graphs/batch_0/253.npz
254,[*]c1ccc(N([*])CCC(C)(CCCCCC)CCCC)o1,22,22,254,demo/finetune_high_Tg/scored/cond/graphs/batch_0/254.npz
255,[*]c1ccc(OC(=O)CCCCCC(CC)Nc2ccc(NC([*])=O)o2)cc1,28,29,255,demo/finetune_high_Tg/scored/cond/graphs/batch_0/255.npz
256,[*]CCCCOc1ccccc1/C=C/C(C)c1ccc(O[*])c(C)c1,25,26,256,demo/finetune_high_Tg/scored/cond/graphs/batch_0/256.npz
257,[*]Cc1ccc(OCCOCCOCCOCCOc2ccc(S(=O)(=O)c3cccc(O[*])c3)cc2)cc1-c1cc(NC(=O)O[Na])cc(Cl)c1,50,53,257,demo/finetune_high_Tg/scored/cond/graphs/batch_0/257.npz
258,[*]NCCCCCCCCNC(=O)c1ccc(S([*])=O)cc1,22,22,258,demo/finetune_high_Tg/scored/cond/graphs/batch_0/258.npz
259,[*]CC([*])(C)C(=O)OCCCCC(=O)N1CCCCC(NC(=O)c2ccccc2)C1=O,31,32,259,demo/finetune_high_Tg/scored/cond/graphs/batch_0/259.npz
260,[*]C(=O)c1ccc(C(=O)OCC(CCCCCCCCCC)c2ccc(N3C(=O)c4ccc(C([*])(C(F)(F)F)C(F)(F)F)cc4C3=O)cc2)o1,50,53,260,demo/finetune_high_Tg/scored/cond/graphs/batch_0/260.npz
261,[*]c1ccc([*])c(Nc2ccc(C(F)(F)C(F)(F)C(F)(F)C(F)(F)C(F)(F)F)cc2)c1,31,32,261,demo/finetune_high_Tg/scored/cond/graphs/batch_0/261.npz
262,[*]C(=O)c1ccccc1C(=O)OC(c1ccc(C)cc1)C([*])O,23,24,262,demo/finetune_high_Tg/scored/cond/graphs/batch_0/262.npz
263,[*]Nc1ccccc1C(=O)OC(=O)N(C)CCCNC([*])=O,22,22,263,demo/finetune_high_Tg/scored/cond/graphs/batch_0/263.npz
264,[*]Cc1ccccc1Oc1ccc(-c2ccc(Oc3ccc(C(=O)c4ccc(S([*])(=O)=O)cc4)cc3)cc2)cc1,40,44,264,demo/finetune_high_Tg/scored/cond/graphs/batch_0/264.npz
265,[*]c1ccc([Si]([*])(C)c2ccc(C#CCCCCCCC)cc2)c(C)c1,26,27,265,demo/finetune_high_Tg/scored/cond/graphs/batch_0/265.npz
266,[*]CC([*])(C)C(=O)NCCCNC(=O)Cc1ccc(Oc2ccc(CC)cc2)cc1,30,31,266,demo/finetune_high_Tg/scored/cond/graphs/batch_0/266.npz
267,[*]CCCc1cc(Cl)c(O[*])c(S(=O)(=O)CCCCCCCCCCC)c1,27,27,267,demo/finetune_high_Tg/scored/cond/graphs/batch_0/267.npz
268,[*]CCCCC(=O)Oc1ccc(Sc2ccc(OC(=O)c3ccc(O[*])o3)cc2)cc1,31,33,268,demo/finetune_high_Tg/scored/cond/graphs/batch_0/268.npz
270,[*]CCCCCCOC(=O)N1CCCC(C(F)(F)COC(=O)O[*])C1,25,25,270,demo/finetune_high_Tg/scored/cond/graphs/batch_0/270.npz
271,[*]Oc1ccc(NC(=O)CCCCCC(C)(C)C(=O)Nc2ccc(COC(=O)S[*])s2)c(C)c1,34,35,271,demo/finetune_high_Tg/scored/cond/graphs/batch_0/271.npz
272,[*]OCCCOC(=O)c1ccc(C(=O)OC(C)(C)C(=O)Oc2ccc([*])cc2)cc1,30,31,272,demo/finetune_high_Tg/scored/cond/graphs/batch_0/272.npz
273,[*]OC(=O)C/C(C)=N/CC([*])C(=O)OC(=O)c1ccc(C)cc1,23,23,273,demo/finetune_high_Tg/scored/cond/graphs/batch_0/273.npz
274,[*]c1ccc(NCCCCC[Si](C)(C)c2ccc(-c3ccc(Cl)c(N([*])C(=O)c4ccc(C)cc4)c3)cc2)cc1,40,43,274,demo/finetune_high_Tg/scored/cond/graphs/batch_0/274.npz
275,[*]CCCCNOC(=O)c1ccc(C(=O)N[*])c(OCCCCCCOCC(O)CO)c1,32,32,275,demo/finetune_high_Tg/scored/cond/graphs/batch_0/275.npz
276,[*]/C=C/C(C)(C)C(=O)NCCCCCCS(=O)(=O)N([*])OCC,23,22,276,demo/finetune_high_Tg/scored/cond/graphs/batch_0/276.npz
277,[*]Nc1ccc(N=Nc2ccc(C#N)cc2[Si](=O)(F)c2ccc([Si]([*])(C)C)cc2)c(C)c1,32,34,277,demo/finetune_high_Tg/scored/cond/graphs/batch_0/277.npz
278,[*]c1cc(CC)c(/C=C/c2ccc(-c3ccc(-c4ccc(N([*])c5ccc(S(C)(=O)=O)cc5)cc4)cc3)cc2)c(C)c1,42,46,278,demo/finetune_high_Tg/scored/cond/graphs/batch_0/278.npz
279,[*]CC([*])CCCC(=O)Nc1ccc(C)c(CCCCOCCOC)c1,26,26,279,demo/finetune_high_Tg/scored/cond/graphs/batch_0/279.npz
280,[*]Cc1cc(Br)c(Cc2ccc(N=[*])cc2C)c(C)c1,20,21,280,demo/finetune_high_Tg/scored/cond/graphs/batch_0/280.npz
281,[*]Oc1cc(S(=O)(=O)c2ccc(Oc3ccc(/C=C/c4ccc(C([*])=O)cc4)cc3)cc2C(C)(C)C)ccc1,39,42,281,demo/finetune_high_Tg/scored/cond/graphs/batch_0/281.npz
282,[*]Oc1ccc(ON2C(=O)c3ccc(C(=O)c4ccc([*])cc4C3=O)cc2)cc1C,30,33,282,demo/finetune_high_Tg/scored/cond/graphs/batch_0/282.npz
283,[*]O[Si](C)(C)CCCCCCOC(=O)Nc1cccc(C(=[*])C)c1,24,24,283,demo/finetune_high_Tg/scored/cond/graphs/batch_0/283.npz
284,[*]CCCCCNC(=O)c1ccc(-c2cc(CC(=O)O[*])cc(C(C)=O)c2)cc1,29,30,284,demo/finetune_high_Tg/scored/cond/graphs/batch_0/284.npz
285,[*]CCC(O)COc1ccc(C(=O)OCCCCCC)c(S([*])(=O)=O)c1,26,26,285,demo/finetune_high_Tg/scored/cond/graphs/batch_0/285.npz
286,[*]CCC(=O)N/C=C/CCCCNC(=O)CCCCCCCC(=O)Nc1ccc(O[*])cc1,33,33,286,demo/finetune_high_Tg/scored/cond/graphs/batch_0/286.npz
287,[*]Nc1ccc(/C=C/c2ccc(N([*])C(=O)C(C)CCSC)cc2)cc1,26,27,287,demo/finetune_high_Tg/scored/cond/graphs/batch_0/287.npz
288,[*]C(=O)NCCCCC[Sn](C)(C)CCOC(=O)c1ccc([*])nc1,24,24,288,demo/finetune_high_Tg/scored/cond/graphs/batch_0/288.npz
289,[*]Oc1cccc(N2C(=O)c3ccc(Oc4ccc([*])cc4)cc3C2=O)c1,27,30,289,demo/finetune_high_Tg/scored/cond/graphs/batch_0/289.npz
290,[*]Nc1cc(C(=O)c2ccc(OC(=O)CCCCCC(=O)Sc3ccc([*])cc3)cc2)ccc1-c1ccc(N(C)C)cc1,43,46,290,demo/finetune_high_Tg/scored/cond/graphs/batch_0/290.npz
291,[*]Cc1ccc(/C=C2\CCCCCCCCCCC/C(=C\c3ccc(C(=O)NCC(=O)CCCC(=O)NC(=O)c4ccc(C(=O)S[*])cc4)cc3)C2=O)c(C)c1,56,59,291,demo/finetune_high_Tg/scored/cond/graphs/batch_0/291.npz
292,[*]CC([*])(CC)C(=O)OCCCCCCCCCc1ccc(C=C)c(C)c1,27,27,292,demo/finetune_high_Tg/scored/cond/graphs/batch_0/292.npz
293,[*]CCCCCCNc1cc(SCCCCCCCC)c(C(=O)NCCC[*])cc1C,31,31,293,demo/finetune_high_Tg/scored/cond/graphs/batch_0/293.npz
294,[*]CC([*])(OCC(C)Cl)S(=O)(=O)Oc1cc(F)cc(F)c1F,22,22,294,demo/finetune_high_Tg/scored/cond/graphs/batch_0/294.npz
295,[*]CC(Oc1ccc(OCC#N)cc1)C(=O)CC(C)(C)C([*])=O,23,23,295,demo/finetune_high_Tg/scored/cond/graphs/batch_0/295.npz
296,[*]C[Si]([*])(C)CCOC(C)(CCc1ccccc1)C(F)(F)F,22,22,296,demo/finetune_high_Tg/scored/cond/graphs/batch_0/296.npz
297,[*]CC(CCCCCC)OC(=O)c1ccc(-c2nnc(OS(=O)(=O)CCC(=O)O[*])cc2)cc1,34,35,297,demo/finetune_high_Tg/scored/cond/graphs/batch_0/297.npz
298,[*]CCCCC(C)(CCCCCCCC)C(=O)OCC(=O)O[*],23,22,298,demo/finetune_high_Tg/scored/cond/graphs/batch_0/298.npz
299,[*]C1CC(CB([*])CCCCCCOc2ccc(-c3ccc(C#C)cc3OCCCC)cc2)C1(C)C,36,38,299,demo/finetune_high_Tg/scored/cond/graphs/batch_0/299.npz
300,[*]/C=C/c1ccc(OC(=O)CCCCCN2CC(c3ccc(C([*])=O)cc3)C(=O)c3ccccc32)cc1,37,40,300,demo/finetune_high_Tg/scored/cond/graphs/batch_0/300.npz
301,[*]C(C)C([*])c1ccc(C(CCC(F)(F)F)C(F)(F)C(F)(F)C(F)(F)F)cc1OC,30,30,301,demo/finetune_high_Tg/scored/cond/graphs/batch_0/301.npz
302,[*]Oc1ccc(C(c2ccc(O[Si](C)(C)COC(F)(F)C(F)(F)C(F)(F)C(F)(F)F)cc2)C([*])=O)cc1,37,38,302,demo/finetune_high_Tg/scored/cond/graphs/batch_0/302.npz
303,[*]Sc1ccc(/C=C(\C)OC(COc2ccc(C([*])=O)cc2)C(F)(F)F)cc1,28,29,303,demo/finetune_high_Tg/scored/cond/graphs/batch_0/303.npz
304,[*]Oc1cc(C(C)(C)C)c(OCCCCCCCC)cc1OC(=O)c1ccc([*])c(O)c1,32,33,304,demo/finetune_high_Tg/scored/cond/graphs/batch_0/304.npz
305,[*]NC(=O)c1ccc(C(=O)N(CCc2ccc([*])cc2)C=C)cc1,24,25,305,demo/finetune_high_Tg/scored/cond/graphs/batch_0/305.npz
307,[*]CNC(=O)c1ccc(C(=O)Oc2ccc(S(=O)(=O)c3ccc(OC(=O)c4cnc([*])cc4)cc3)cc2)cc1,39,42,307,demo/finetune_high_Tg/scored/cond/graphs/batch_0/307.npz
308,[*]CC=P([*])(CCCCCCC(=O)OCCCCCCCC)C(=O)OCC,27,26,308,demo/finetune_high_Tg/scored/cond/graphs/batch_0/308.npz
309,[*]CC[PH](=O)(O[*])OCC(F)(F)C(F)(F)OC(=O)c1ccc(Cl)c(Cl)c1,26,26,309,demo/finetune_high_Tg/scored/cond/graphs/batch_0/309.npz
310,[*]Nc1cccc(C(C)(C)c2ccc(S([*])(=O)=O)cc2)c1,21,22,310,demo/finetune_high_Tg/scored/cond/graphs/batch_0/310.npz
311,[*]CCCNC(=O)c1ccc(/C=C/CCCCCCNC(=O)c2ccc(C(=O)N[*])cc2)cc1,34,35,311,demo/finetune_high_Tg/scored/cond/graphs/batch_0/311.npz
312,[*]CC([*])(C)C(=O)Oc1ccc(OC(=O)c2ccc3c(c2)C(=O)N(c2cccc(C(C)(C)C)c2)C3=O)cc1,38,41,312,demo/finetune_high_Tg/scored/cond/graphs/batch_0/312.npz
313,[*]=CNc1ccc(C=C2c3ccccc32)nc1,17,19,313,demo/finetune_high_Tg/scored/cond/graphs/batch_0/313.npz
314,[*]/C=C/C=C/NC(=O)CCCCCCCC(=O)Nc1ccc(N2C(=O)c3ccc([*])cc3C2(C)C)cc1,37,39,314,demo/finetune_high_Tg/scored/cond/graphs/batch_0/314.npz
315,[*]OCCCCOc1ccc(P(=O)(O)Oc2ccc(-c3c(C)cc([*])cc3C)cc2)cc1,32,34,315,demo/finetune_high_Tg/scored/cond/graphs/batch_0/315.npz
316,[*]CC(CCCCNC([*])=O)S(=O)(=O)O[Si](C)(C)C,19,18,316,demo/finetune_high_Tg/scored/cond/graphs/batch_0/316.npz
317,[*]OC(=O)c1ccc(C(C)(C)CCCCCCCCCO)c(NC(=O)Nc2ccc(C([*])=O)cc2)c1,36,37,317,demo/finetune_high_Tg/scored/cond/graphs/batch_0/317.npz
318,[*]CC(CCOc1ccccc1NC(=O)N[*])C(=O)OCCOc1ccc(N2CCCCCC2)cc1,36,38,318,demo/finetune_high_Tg/scored/cond/graphs/batch_0/318.npz
319,[*]CCCCOC(=O)c1ccc(NC(=O)NC2CCCCCN=C(C([*])=O)CC2)cc1,31,32,319,demo/finetune_high_Tg/scored/cond/graphs/batch_0/319.npz
320,[*]/C=C/c1ccc(O[*])cc1-c1ccc(NC(C)=S)cc1,21,22,320,demo/finetune_high_Tg/scored/cond/graphs/batch_0/320.npz
321,[*]COC1=CC=C(C(=O)OCCOc2ccc(SC(=O)c3ccc(O[*])cc3)cc2)c2ccccc21,36,39,321,demo/finetune_high_Tg/scored/cond/graphs/batch_0/321.npz
322,[*]CCCCC(=O)NOCCc1ccc([*])cc1,18,18,322,demo/finetune_high_Tg/scored/cond/graphs/batch_0/322.npz
323,[*]N=C(c1ccc(C(=O)NCCCCC)cc1)c1cccc(C(=O)Oc2ccc([*])cc2)c1,33,35,323,demo/finetune_high_Tg/scored/cond/graphs/batch_0/323.npz
324,[*]C([*])C(=O)Nc1ccc(NC(C)(C)CCCCCCCCCOC(C)C)cc1,29,29,324,demo/finetune_high_Tg/scored/cond/graphs/batch_0/324.npz
325,[*]CC([*])(C)C(=O)Oc1ccc(C(C)(C)CCCCCC)cc1OC(C)C,27,27,325,demo/finetune_high_Tg/scored/cond/graphs/batch_0/325.npz
326,[*]CC([*])C(=O)Oc1ccc(C#N)cc1,15,15,326,demo/finetune_high_Tg/scored/cond/graphs/batch_0/326.npz
327,[*]CCNC(=O)C1CCC(C(=O)NCCC(=O)N[*])C(Cl)=C1C,23,23,327,demo/finetune_high_Tg/scored/cond/graphs/batch_0/327.npz
329,[*]CCCNC(=O)c1cc(CCCCCC)c(C2(C)COC(=O)C2O[*])cc1O,29,30,329,demo/finetune_high_Tg/scored/cond/graphs/batch_0/329.npz
330,[*]C=C(CCCC(=O)Oc1ccc(C#N)cc1)C(=O)Oc1ccccc1C([*])=O,29,30,330,demo/finetune_high_Tg/scored/cond/graphs/batch_0/330.npz
331,[*]C(=O)NCC(OC(=O)c1ccc([*])cc1C)CC(C)C,21,21,331,demo/finetune_high_Tg/scored/cond/graphs/batch_0/331.npz
332,[*]Nc1ccc(NC(=O)c2ccc(C([*])=O)cc2)c([PH](C)(C)CC)c1,25,26,332,demo/finetune_high_Tg/scored/cond/graphs/batch_0/332.npz
333,[*]CCCCCCOc1ccc(CCCCCCP(=O)O[*])cc1,24,24,333,demo/finetune_high_Tg/scored/cond/graphs/batch_0/333.npz
334,[*]Nc1cc(C#N)c(O)c(OCCOc2ccc([Si](C)(C)c3ccc([*])cc3)cc2)c1,31,33,334,demo/finetune_high_Tg/scored/cond/graphs/batch_0/334.npz
335,[*]CC([*])(C)C(=O)OCCCC,12,11,335,demo/finetune_high_Tg/scored/cond/graphs/batch_0/335.npz
336,[*]C/C=C/CC(CC(C)CC)C(=O)NC([*])=O,17,16,336,demo/finetune_high_Tg/scored/cond/graphs/batch_0/336.npz
337,[*]CC([*])C(=O)Nc1cccc(OC#C)c1,16,16,337,demo/finetune_high_Tg/scored/cond/graphs/batch_0/337.npz
338,[*]/C=C(\C)c1ccc(CNC([*])=O)cc1,15,15,338,demo/finetune_high_Tg/scored/cond/graphs/batch_0/338.npz
339,[*]CC([*])(C)C(=O)OCC(CCCCCCCC)OC(=O)CCc1ccc(F)cc1,30,30,339,demo/finetune_high_Tg/scored/cond/graphs/batch_0/339.npz
340,[*]CC([*])(C)C(=O)OC(C)CCCc1ccc(-c2cc(Br)cc(S(=O)(=O)NC(F)(F)F)c2)cc1,34,35,340,demo/finetune_high_Tg/scored/cond/graphs/batch_0/340.npz
341,[*]CCCCC(=O)NC(Cc1ccc(N=[*])cn1)OC(=O)c1ccccc1,27,28,341,demo/finetune_high_Tg/scored/cond/graphs/batch_0/341.npz
342,[*]CCCCCCOc1ccc2c(c1)C(C(=O)OCCCCCCCCCCC)c1ccc(O[*])cc12,37,39,342,demo/finetune_high_Tg/scored/cond/graphs/batch_0/342.npz
343,[*]Oc1ccc(OC(=O)c2c(C)cc(C(F)(F)C(F)(F)COc3ccc([*])o3)cc2)cc1N(C)C,35,37,343,demo/finetune_high_Tg/scored/cond/graphs/batch_0/343.npz
344,[*]Nc1ccc(OCCCCCCCCCCCCOc2ccc(-c3ccc(C(=O)c4ccc5c(c4)C(=O)N([*])C5=O)cc3)cc2)c(CCCCCCCCCC)c1,58,62,344,demo/finetune_high_Tg/scored/cond/graphs/batch_0/344.npz
345,[*]/C=C/c1cccc(N2C(=O)c3ccc(C(c4ccc([*])cc4)c4ccccc4)cc3C2=O)c1,34,38,345,demo/finetune_high_Tg/scored/cond/graphs/batch_0/345.npz
346,[*]C(CCCC)=C(C)CC([*])(C)C,13,12,346,demo/finetune_high_Tg/scored/cond/graphs/batch_0/346.npz
347,[*]CNP(=O)(F)C(F)(F)C(F)(F)ONC(=O)c1ccc(C(=O)NCCCCC(=[*])OC(=O)c2ccc(F)cc2)cc1,41,42,347,demo/finetune_high_Tg/scored/cond/graphs/batch_0/347.npz
348,[*]CC([*])c1ccc(-c2ccc(S(=O)(=O)C(C)OC(C)=O)cc2)c(OC)c1,27,28,348,demo/finetune_high_Tg/scored/cond/graphs/batch_0/348.npz
350,[*]C=C(C)S(=O)(=O)NCCNC(=O)N(CCCCCCCC)C(=O)N[*],26,25,350,demo/finetune_high_Tg/scored/cond/graphs/batch_0/350.npz
351,[*]COC(=O)c1ccc(/N=C(\C#N)CCCCC)cc1Oc1ccc(-c2ccc(O[*])cc2)cc1,35,37,351,demo/finetune_high_Tg/scored/cond/graphs/batch_0/351.npz
352,[*]CC(C)CCCCCCCCNC(=O)c1ccc(C(=O)[Si]([*])(C)C)cc1,27,27,352,demo/finetune_high_Tg/scored/cond/graphs/batch_0/352.npz
353,[*]C(=O)Nc1ccccc1C(=O)Nc1cc(NC(=O)C([*])(C)C)cc(N2C(=O)c3ccc([N+](=O)[O-])cc3C2=O)c1,40,43,353,demo/finetune_high_Tg/scored/cond/graphs/batch_0/353.npz
354,[*]/C(C)=C/c1cc(N(C)C(=O)O[*])ccc1-c1ccc(CC(=O)O)cc1,26,27,354,demo/finetune_high_Tg/scored/cond/graphs/batch_0/354.npz
355,[*]Nc1cc(OCC(CCCCCC)C(=O)OS(=O)(=O)N[*])cc(Oc2ccccc2)c1,32,33,355,demo/finetune_high_Tg/scored/cond/graphs/batch_0/355.npz
356,[*]CCCCCCCCCCCOC(=O)CCCCCn1ccc(C(=O)SCCC([*])(F)F)c1,34,34,356,demo/finetune_high_Tg/scored/cond/graphs/batch_0/356.npz
357,[*]CCCCC(=O)NCCc1ccc(/C=N/c2ccc(S(=O)(=O)c3ccccc3)cc2)cc1,33,35,357,demo/finetune_high_Tg/scored/cond/graphs/batch_0/357.npz
358,[*]O[Si](C)(C)OCC#CC/C=C/c1ccc([Si]([*])(C)C)c(NC(=O)C(C)(C)C)c1,29,29,358,demo/finetune_high_Tg/scored/cond/graphs/batch_0/358.npz
359,[*]c1ccc(N=C[Se]C=Cc2cccc(S([*])(=O)=O)c2)cc1,22,23,359,demo/finetune_high_Tg/scored/cond/graphs/batch_0/359.npz
360,[*]CC([*])(C)C(=O)OC(Cl)Oc1ccc(C(F)(F)F)c(O)c1Br,23,23,360,demo/finetune_high_Tg/scored/cond/graphs/batch_0/360.npz
361,[*]CCc1cc(OC)c(-c2ccc(-c3ccc(/N=N/c4ccc([*])c(S(C)(C)=O)c4)cc3)cc2)cc1CC,38,41,361,demo/finetune_high_Tg/scored/cond/graphs/batch_0/361.npz
362,[*]CC(CCNC(=O)CCCCC([*])=O)C(=O)OCC(C)O,22,21,362,demo/finetune_high_Tg/scored/cond/graphs/batch_0/362.npz
363,[*]Oc1cc(Br)c(OCCC#Cc2ccc(OC)cc2C)cc1CC([*])=O,27,28,363,demo/finetune_high_Tg/scored/cond/graphs/batch_0/363.npz
364,[*]C/C=C/C(=O)NCCCCCCNC([*])C(=O)OCc1ccc(OC(C)=O)cc1,30,30,364,demo/finetune_high_Tg/scored/cond/graphs/batch_0/364.npz
365,[*]CC(C)COC(=O)Cc1ccc(-c2ccc(C(=O)NNC([*])=O)cc2)cc1,28,29,365,demo/finetune_high_Tg/scored/cond/graphs/batch_0/365.npz
366,[*]CCCCCCOc1ccc(C(=O)NNCCC(C)(C)CCCCCCCSc2ccc(C=[*])cc2)cc1,39,40,366,demo/finetune_high_Tg/scored/cond/graphs/batch_0/366.npz
367,[*]/C=C/C1CC(C(=O)NNC(=O)[SH](C)(C)C)C(=O)OCC1([*])C(C)=O,25,25,367,demo/finetune_high_Tg/scored/cond/graphs/batch_0/367.npz
368,[*]CNC(=O)c1ccc(Oc2ccc(-c3ccc(C(=O)O[*])cc3)c(OCCCC(C)=O)c2)cc1,35,37,368,demo/finetune_high_Tg/scored/cond/graphs/batch_0/368.npz
369,[*]CC(C)(C)c1ccc(C(NC(=O)CCc2ccc(C(=O)O[*])cc2)c2ccc(Cl)cc2)cc1,34,36,369,demo/finetune_high_Tg/scored/cond/graphs/batch_0/369.npz
370,[*]CC(SC)C(=O)NCCCCCCOc1ccc(-c2ccc(OC(=O)CCC[Si](C[*])(CC)CC)cc2)cc1,40,41,370,demo/finetune_high_Tg/scored/cond/graphs/batch_0/370.npz
371,[*]CCC(=O)NC(=O)CC(CCCCCCOc1ccc(O[*])cc1)c1ccccc1,31,32,371,demo/finetune_high_Tg/scored/cond/graphs/batch_0/371.npz
372,[*]CCCCCCOC(=O)[Si](C)(C)CCCCCC[SH][*],21,20,372,demo/finetune_high_Tg/scored/cond/graphs/batch_0/372.npz
373,[*]CCCCCCCOC(=O)SS(=O)(=O)CCCCCCCC(=O)O[*],26,25,373,demo/finetune_high_Tg/scored/cond/graphs/batch_0/373.npz
374,[*]CC(C)CCCCCCCCCOC(=O)c1ccc(C(=O)OCCCCCCCCCCCOCCCCCO[*])cc1,44,44,374,demo/finetune_high_Tg/scored/cond/graphs/batch_0/374.npz
375,[*][Sn]([*])c1ccc(C(Cl)(O)c2ccccc2)cc1C(=O)OC(F)(F)F,25,26,375,demo/finetune_high_Tg/scored/cond/graphs/batch_0/375.npz
377,[*]CC(F)(Cl)C1C(=O)OCOC(=O)C1[*],15,15,377,demo/finetune_high_Tg/scored/cond/graphs/batch_0/377.npz
378,[*]Oc1ccc(NC(=O)c2ccc3c(c2)C(=O)N(c2cccc(C([*])=O)c2)C3=O)cc1,31,34,378,demo/finetune_high_Tg/scored/cond/graphs/batch_0/378.npz
379,[*]CNc1ccc(NC(=O)c2cccc(S(=O)(=O)c3ccc(C(=O)N([*])CC)cc3)c2)cc1C=C,35,37,379,demo/finetune_high_Tg/scored/cond/graphs/batch_0/379.npz
380,[*]Cc1ccc(C=CC(=O)OC(=O)C(=O)O[*])cc1,19,19,380,demo/finetune_high_Tg/scored/cond/graphs/batch_0/380.npz
381,[*]CC([*])(C)OP(=O)(Cl)Oc1ccc(OC)c(OCC(F)(F)C(F)(F)OC(F)(F)C(F)(F)C(F)(F)F)c1,37,37,381,demo/finetune_high_Tg/scored/cond/graphs/batch_0/381.npz
382,[*]CC([*])CN(c1ccccc1)C(=O)c1ccc(C(=O)O[Na])cc1,24,25,382,demo/finetune_high_Tg/scored/cond/graphs/batch_0/382.npz
383,[*]Oc1ccc(OC(=O)c2cccc(C(=O)Oc3ccc(N4C(=O)c5ccc([*])cc5C4=O)cc3)c2)cc1,38,42,383,demo/finetune_high_Tg/scored/cond/graphs/batch_0/383.npz
384,[*]C(=O)c1ccc([Si](C)(C)c2cnc([*])c(OC)c2)cc1,21,22,384,demo/finetune_high_Tg/scored/cond/graphs/batch_0/384.npz
385,[*]CC(=O)Cc1ccc(C(=O)OCCCCCCOC(=O)CCCCCCC(=O)Nc2ccc([*])cc2)cc1,39,40,385,demo/finetune_high_Tg/scored/cond/graphs/batch_0/385.npz
386,[*]c1ccc(S(=O)(=O)c2ccc(C(=O)[Sn]([*])C)s2)cc1,20,21,386,demo/finetune_high_Tg/scored/cond/graphs/batch_0/386.npz
387,[*]CCCCCC(=O)Oc1ccc(NC(=O)CCCCCCCS(=O)(=O)c2ccc(C(=O)Nc3ccc([*])cc3)cc2)cc1,44,46,387,demo/finetune_high_Tg/scored/cond/graphs/batch_0/387.npz
389,[*]CCCCCCCC(=O)NCC(C)(C)CNS(=O)(=O)CCCCC(=O)O[*],28,27,389,demo/finetune_high_Tg/scored/cond/graphs/batch_0/389.npz
390,[*]CN(C)c1c(C)cc(C([*])OC(=O)c2ccc(Oc3ccc(C(F)(F)F)cc3)cc2)c(C)c1-c1ccccc1,40,43,390,demo/finetune_high_Tg/scored/cond/graphs/batch_0/390.npz
392,[*]CC(=O)CCCCSN(C(=O)c1cccc(CCO[*])c1)C(=O)O,25,25,392,demo/finetune_high_Tg/scored/cond/graphs/batch_0/392.npz
393,[*]COc1ccc(C(NC(=O)c2ccc(-c3ccc(SCCC(=O)c4ccc(OC)cc4)cc3)cc2)C(=O)c2cccc([*])c2)cc1,47,51,393,demo/finetune_high_Tg/scored/cond/graphs/batch_0/393.npz
394,[*]CC(C)(C)N[SiH]([*])CCCC1CCN(C(=O)OCc2ccc(C)cc2)C1=O,28,29,394,demo/finetune_high_Tg/scored/cond/graphs/batch_0/394.npz
395,[*]C/C=C(/[*])c1ccc([N+](=O)[O-])cc1-c1ccc(CC)cc1,22,23,395,demo/finetune_high_Tg/scored/cond/graphs/batch_0/395.npz
396,[*]CC(CC(=O)Nc1ccc(OCCCCCC#CCOCCN[*])cc1)c1ccccc1,33,34,396,demo/finetune_high_Tg/scored/cond/graphs/batch_0/396.npz
397,[*]CC(F)(F)C(F)(F)Oc1c(S(=O)(=O)Oc2ccc([*])cc2)ccc(C(=O)O)c1,29,30,397,demo/finetune_high_Tg/scored/cond/graphs/batch_0/397.npz
398,[*]=Cc1ccc(-c2ccc(/N=C/c3ccc(C(=O)OCCCCCC)cc3C(=O)c3ccccc3O[*])cc2)cc1,41,44,398,demo/finetune_high_Tg/scored/cond/graphs/batch_0/398.npz
399,[*]CCCCC(CC(=O)OCC(C)(C)C)OS(=O)(=O)c1cccc(O[*])c1,27,27,399,demo/finetune_high_Tg/scored/cond/graphs/batch_0/399.npz
400,[*]CCOc1ccc(P(C)(=O)c2ccc(OCCCCNC([*])=O)cc2)cc1,28,29,400,demo/finetune_high_Tg/scored/cond/graphs/batch_0/400.npz
402,[*]CC([*])C(=O)OCCCCCOc1ccc(-c2ccc(C(=O)Oc3ccc(/C=C/C(=O)Oc4ccccc4)cc3)cc2)cc1,45,48,402,demo/finetune_high_Tg/scored/cond/graphs/batch_0/402.npz
403,[*]C#Cc1ccc(CCCCCCCCCCC([*])=O)cc1,22,22,403,demo/finetune_high_Tg/scored/cond/graphs/batch_0/403.npz
405,[*]CCCCCOC(=O)c1ccc(NC(=O)CCCCCCOc2ccc(S([*])(=O)=O)cc2CCCCCC)cc1,41,42,405,demo/finetune_high_Tg/scored/cond/graphs/batch_0/405.npz
406,[*]CC([*])(C)C(=O)NCCCCCC(=O)NC[SiH](C)C(=O)CC,23,22,406,demo/finetune_high_Tg/scored/cond/graphs/batch_0/406.npz
407,[*]COc1ccc(-c2ccc(OC(=O)Nc3cc(CNC(=O)c4ccccc4)ccc3Cl)cc2)c([*])c1,37,40,407,demo/finetune_high_Tg/scored/cond/graphs/batch_0/407.npz
408,[*]NC(=O)c1ccc([Si](C)(C)CCCCCC(CC([*])=O)C(=O)OCCC)cc1,29,29,408,demo/finetune_high_Tg/scored/cond/graphs/batch_0/408.npz
409,[*]CC1CCC(N2C(=O)c3ccc(C(=O)Oc4ccc5c(c4)C(=O)N(C([*])=O)C5=O)cc3C2=O)C(OC)(C)C1,39,43,409,demo/finetune_high_Tg/scored/cond/graphs/batch_0/409.npz
410,[*]C/C=C/c1ccc([Si](C)(C)c2ccc(N=[*])cc2)c(C(=O)O)c1,24,25,410,demo/finetune_high_Tg/scored/cond/graphs/batch_0/410.npz
411,[*]CCCCc1nc(SC)c(/C=N/c2ccc3c(c2)C(=O)N([*])C3=O)c(OCC(C)=O)c1,32,34,411,demo/finetune_high_Tg/scored/cond/graphs/batch_0/411.npz
412,[*]CC([*])(C)C(=O)OCCCCCCCCCCO[Si](C)(C)CC,24,23,412,demo/finetune_high_Tg/scored/cond/graphs/batch_0/412.npz
413,[*]C(=O)Oc1ccc(S(=O)(=O)CC(F)(F)C(F)(F)CCCCCCN2CCC([*])CC2)cc1,33,34,413,demo/finetune_high_Tg/scored/cond/graphs/batch_0/413.npz
414,[*]CCCCCN(C)C=CC/C=C/CCC(=O)N[*],19,18,414,demo/finetune_high_Tg/scored/cond/graphs/batch_0/414.npz
415,[*]C=C(CCCCCCCC)COC(=O)c1ccc(Sc2cccc(C([*])=O)c2)cc1,31,32,415,demo/finetune_high_Tg/scored/cond/graphs/batch_0/415.npz
416,[*]CC([*])(C)C(=O)OCCCN(C)c1ccc(C(C)(C)C)cc1NC(=O)CCCCCCC(F)(F)F,36,36,416,demo/finetune_high_Tg/scored/cond/graphs/batch_0/416.npz
417,[*]CCCCCCCCCCCCCOC(=O)Nc1cccc(OCCNS(=O)(=O)c2ccc(N[*])cc2)c1,39,40,417,demo/finetune_high_Tg/scored/cond/graphs/batch_0/417.npz
418,[*]CC([*])CCCCCC(=O)Nc1cccc(C(O)CC)c1,22,22,418,demo/finetune_high_Tg/scored/cond/graphs/batch_0/418.npz
420,[*]COCCCCCOC(=O)c1cccc(NC(=O)NCCC(C)C(=O)O[*])c1,29,29,420,demo/finetune_high_Tg/scored/cond/graphs/batch_0/420.npz
421,[*]Nc1ccc(-c2ccc(NC(=O)c3cccc(P(=O)(c4ccc(OC([*])=O)cc4)C(F)(F)F)c3)c(OC)c2)cc1OC(F)(F)F,46,49,421,demo/finetune_high_Tg/scored/cond/graphs/batch_0/421.npz
422,[*]Nc1ccc(C(=O)c2ccc3c(c2)N(c2ccc([*])cc2)C3=O)cc1OC,28,31,422,demo/finetune_high_Tg/scored/cond/graphs/batch_0/422.npz
423,[*]C#Cc1ccc(Oc2ccc(C(=O)OC3CCC(/C=N/c4ccc(O[*])cc4)C3)cc2)c(C)c1,35,38,423,demo/finetune_high_Tg/scored/cond/graphs/batch_0/423.npz
425,[*]NC(C)CC[Si]([*])(C)c1cccc(S(=O)(=O)CCCCCCCCCC)c1,28,28,425,demo/finetune_high_Tg/scored/cond/graphs/batch_0/425.npz
426,[*]CCCCCC(O)COC(=O)c1ccc(CC[N+](C)(C)c2ccc(S(=O)(=O)O[*])cc2)cc1,34,35,426,demo/finetune_high_Tg/scored/cond/graphs/batch_0/426.npz
427,[*]C([*])CS1CCC(C(=O)c2ccc(/C=N/c3ccccc3)cc2)CC1,26,28,427,demo/finetune_high_Tg/scored/cond/graphs/batch_0/427.npz
428,[*]CCCCc1ccc(C(=O)NC(F)(F)C([*])(c2ccccc2)c2ccc(-c3ccccc3)cc2)cc1,37,40,428,demo/finetune_high_Tg/scored/cond/graphs/batch_0/428.npz
430,[*]Nc1ccc(CCNC(=O)OCCCCOc2ccc(S([*])=O)cc2)c(N)c1,29,30,430,demo/finetune_high_Tg/scored/cond/graphs/batch_0/430.npz
431,[*]Oc1ccc(/C=N/C=C/c2cccc(OC(=O)CCCSC([*])=O)c2)cc1,28,29,431,demo/finetune_high_Tg/scored/cond/graphs/batch_0/431.npz
432,[*]C(=O)OCC1CCC(CC[Fe]([*])(C#N)C#N)C(c2ccccc2)C1,25,26,432,demo/finetune_high_Tg/scored/cond/graphs/batch_0/432.npz
433,[*]C(=O)Oc1c(C)cc(OC(=O)c2cccc(OC([*])=O)c2)cc1F,25,26,433,demo/finetune_high_Tg/scored/cond/graphs/batch_0/433.npz
434,[*]CC([*])(C)C(=O)Oc1ccc(OC(F)(F)c2ccc(C)c(OC)c2)cc1OCCCCCC,34,35,434,demo/finetune_high_Tg/scored/cond/graphs/batch_0/434.npz
435,[*]CCCCCCOC(=O)C(c1ccccc1)Oc1cc(OCC(F)(F)F)c(C)c(N2C(=O)c3ccc([*])cc3C2=O)c1,43,46,435,demo/finetune_high_Tg/scored/cond/graphs/batch_0/435.npz
436,[*]Oc1ccc(C(C)(C[N+](C)(C)C)c2ccc(OC(=O)c3ccc(C([*])=O)cc3)cc2)cc1,33,35,436,demo/finetune_high_Tg/scored/cond/graphs/batch_0/436.npz
437,[*]Oc1cc(CCC(C)C)c(-c2ccc(OCc3cc(Br)c(O[*])c(C)c3)cc2CCCCCCCCCCCCC)cc1,44,46,437,demo/finetune_high_Tg/scored/cond/graphs/batch_0/437.npz
439,[*]C(C)CC(=O)N([*])COC(=O)c1ccc(/N=N/c2ccc(C)cc2)cc1,27,28,439,demo/finetune_high_Tg/scored/cond/graphs/batch_0/439.npz
440,[*]CCCCc1ccccc1CC(=O)NCCCCCCNC(=O)Cc1ccc(C#Cc2ccc(O[*])cc2C)cc1,42,44,440,demo/finetune_high_Tg/scored/cond/graphs/batch_0/440.npz
441,[*]CCCCCN1CC(C)(CNC(=O)c2ccc(N([*])C(=O)OCC)cc2)CC1=O,30,31,441,demo/finetune_high_Tg/scored/cond/graphs/batch_0/441.npz
442,[*]Cc1ccc(Cc2ccc(N3CC(=O)OC([*])C3)cc2)cc1,23,25,442,demo/finetune_high_Tg/scored/cond/graphs/batch_0/442.npz
443,[*]CC#CC(=CCCCCCCCC)C(=O)OCC(F)(F)C(F)(F)C(=O)O[*],28,27,443,demo/finetune_high_Tg/scored/cond/graphs/batch_0/443.npz
444,[*]CCCCc1ccc(C(=O)c2cccc(C(=O)Nc3c(C)cc(N=[*])cc3Cl)c2)cc1,32,34,444,demo/finetune_high_Tg/scored/cond/graphs/batch_0/444.npz
445,[*]CC([*])(C)C(=O)c1c(C(=O)OC)cc(C)cc1C(=O)N(CC)CCCC,27,27,445,demo/finetune_high_Tg/scored/cond/graphs/batch_0/445.npz
446,[*]C=C([*])C(=O)NCCCCCCNCC(CC)CCCCCCCCCOC(=O)c1ccc2cc(C(=O)O)ccc2c1,43,44,446,demo/finetune_high_Tg/scored/cond/graphs/batch_0/446.npz
447,[*]CC(=O)Oc1ccc(C(C)(C)c2ccc(N3C(=O)c4ccc(OC(=O)c5ccc([*])cc5)cc4C3=O)cc2)cc1,41,45,447,demo/finetune_high_Tg/scored/cond/graphs/batch_0/447.npz
448,[*]CCCCCCN(CC(=O)OCC)C(=O)CCCCC(=O)N(C)CCC(F)(F)C(F)(F)C(F)(F)COC([*])(C)C,41,40,448,demo/finetune_high_Tg/scored/cond/graphs/batch_0/448.npz
449,[*]CCC(=O)NC(=O)CCCCC(C)CCNC(=O)c1ccc(C(=O)N[*])cc1,29,29,449,demo/finetune_high_Tg/scored/cond/graphs/batch_0/449.npz
451,[*]C=C(OCCCCCCCC)C(=O)OC(=O)c1ccccc1Nc1ccc(N([*])C)cc1,33,34,451,demo/finetune_high_Tg/scored/cond/graphs/batch_0/451.npz
452,[*]Oc1cccc(/C=C/c2ccc(OC(=O)c3ccc(SCCCCCc4ccc([*])cc4C)cc3)cc2)c1,39,42,452,demo/finetune_high_Tg/scored/cond/graphs/batch_0/452.npz
453,[*]CCc1ccc(Oc2cc(C)c(S(=O)(=O)c3ccccc3)c(C(=O)OCC([*])CCCCCCCCC)c2)cc1,41,43,453,demo/finetune_high_Tg/scored/cond/graphs/batch_0/453.npz
454,[*]CC(C)CCOC(=O)NC(C)C(=O)SSc1ccc(CCCCCCCNC(=O)c2ccc(C([*])=O)cc2)cc1,41,42,454,demo/finetune_high_Tg/scored/cond/graphs/batch_0/454.npz
455,[*]C([*])OC(=O)S1C=C(CC(=O)NNC(=O)Oc2cccc(N=[*])c2)C(=O)OCCCCC1,33,34,455,demo/finetune_high_Tg/scored/cond/graphs/batch_0/455.npz
456,[*]CNC(=O)Cc1ccc(COC(=O)NCCCCCCCCCCSC([*])=O)cc1C(=O)OC,35,35,456,demo/finetune_high_Tg/scored/cond/graphs/batch_0/456.npz
457,[*]C1CC(C)NC(=O)C1=CC(=[*])CC,14,14,457,demo/finetune_high_Tg/scored/cond/graphs/batch_0/457.npz
458,[*]O[Si]([*])(C)CC(=O)Oc1ccc(OCC)c(Oc2ccc(Cl)cc2)c1,26,27,458,demo/finetune_high_Tg/scored/cond/graphs/batch_0/458.npz
459,[*]Cc1ccc(C(C)(C)c2ccc(C#Cc3ccc(-c4ccc([*])cc4)cc3)c(C(C)(C)C)c2)cc1,36,39,459,demo/finetune_high_Tg/scored/cond/graphs/batch_0/459.npz
460,[*]Nc1c(C)cc(/C=C/c2ccc(C([*])CC)cc2)c(C)c1C,23,24,460,demo/finetune_high_Tg/scored/cond/graphs/batch_0/460.npz
461,[*]CCCCCOc1ccc(C([*])(C)C)cc1-c1ccc(-c2ccccn2)cc1,29,31,461,demo/finetune_high_Tg/scored/cond/graphs/batch_0/461.npz
462,[*]CC([*])C(=O)OCCCCCC#CC,15,14,462,demo/finetune_high_Tg/scored/cond/graphs/batch_0/462.npz
463,[*]Oc1cccc(Oc2ccc(C(C)c3ccc(/C=N/c4ccc(C([*])=O)cc4)cc3)cc2)c1,34,37,463,demo/finetune_high_Tg/scored/cond/graphs/batch_0/463.npz
464,[*]CC(=O)OCCCCC(=O)Oc1ccc(/C(=N/C(=O)O[*])c2ccccc2O)cc1,31,32,464,demo/finetune_high_Tg/scored/cond/graphs/batch_0/464.npz
465,[*]Oc1ccc(OC(=O)c2ccc(Oc3ccc(S(=O)(=O)Oc4ccc(/C=N/c5ccc([*])cc5)cc4)cc3)c(C)c2CC(C)(C)O)c2ccccc12,53,58,465,demo/finetune_high_Tg/scored/cond/graphs/batch_0/465.npz
466,[*]CCCCCCCCCCOC(=O)NNC(=O)c1ccc([*])cc1,25,25,466,demo/finetune_high_Tg/scored/cond/graphs/batch_0/466.npz
467,[*]CC/C=C/C1CC(=O)N(CCCCCCCCCCC(=O)Nc2ccc(OCC(=O)O[*])cc2)C1,36,37,467,demo/finetune_high_Tg/scored/cond/graphs/batch_0/467.npz
468,[*]CCCCOc1ccc(NC(=O)OC(=O)CCCCC(C)(C)CC(=O)N([*])C)cc1,31,31,468,demo/finetune_high_Tg/scored/cond/graphs/batch_0/468.npz
469,[*]/C=C(/[*])C=C/c1ccc(C(=O)NC(C)COc2ccccc2[N+](=O)[O-])cc1,28,29,469,demo/finetune_high_Tg/scored/cond/graphs/batch_0/469.npz
470,[*]CC([*])C(=O)Nc1ccc(N(C)CCC)cc1,18,18,470,demo/finetune_high_Tg/scored/cond/graphs/batch_0/470.npz
471,[*]Cc1cc(C(C)CCC(F)(F)F)c(S([*])(=O)=O)cc1C,21,21,471,demo/finetune_high_Tg/scored/cond/graphs/batch_0/471.npz
472,[*]Cc1ccc(OC(=O)OCC)c(OCC([*])=O)c1C,20,20,472,demo/finetune_high_Tg/scored/cond/graphs/batch_0/472.npz
473,[*]c1ccc(CCCCCC)c(-c2ccc(C([*])(C)C)cc2)c1,23,24,473,demo/finetune_high_Tg/scored/cond/graphs/batch_0/473.npz
474,[*]CC(C)C(=O)OCCOS(=O)(=O)CCNC(=O)CCCC(CC(=O)O[*])C(=O)O,30,29,474,demo/finetune_high_Tg/scored/cond/graphs/batch_0/474.npz
475,[*]C(COc1ccc(C#Cc2ccc(OC)cc2)cc1Br)=C(C)C([*])OCCOC,30,31,475,demo/finetune_high_Tg/scored/cond/graphs/batch_0/475.npz
476,[*]OC(=O)CCCCCc1ccc(C(=O)OC(=O)N([*])c2ccc(C=CCC(F)F)cc2)cc1,34,35,476,demo/finetune_high_Tg/scored/cond/graphs/batch_0/476.npz
477,[*]Nc1cc(Br)c(NC(=O)C[Si]([*])(C)C(F)(F)C(F)(F)C(F)(F)C(F)(F)F)c(C(F)(F)F)c1,33,33,477,demo/finetune_high_Tg/scored/cond/graphs/batch_0/477.npz
478,[*]CC([*])c1cccnc1OC(=O)COc1ccc(-c2ccc(OCCCCCON3CC(OC)COC3=O)cc2)cc1,43,46,478,demo/finetune_high_Tg/scored/cond/graphs/batch_0/478.npz
479,[*]Cc1ccc(C#Cc2cc(C(=O)OCC)c([*])o2)cc1Cl,22,23,479,demo/finetune_high_Tg/scored/cond/graphs/batch_0/479.npz
480,[*]CCC(C)(C)CCCCCCCCCNC(CCC([*])C)C(=O)OCC,27,26,480,demo/finetune_high_Tg/scored/cond/graphs/batch_0/480.npz
481,[*]/C=C(\Oc1ccc(NCC)cc1)N([*])c1ccc(C)cc1,22,23,481,demo/finetune_high_Tg/scored/cond/graphs/batch_0/481.npz
482,[*]CC(CCCCCCCCCCOc1ccc(CNC(=O)O[*])c(Cl)c1)CCCC,31,31,482,demo/finetune_high_Tg/scored/cond/graphs/batch_0/482.npz
483,[*]CC(F)(F)C(F)(F)COc1ccc(C(C(=O)C(=O)OCCCC)c2ccc(O[*])cc2)cc1,34,35,483,demo/finetune_high_Tg/scored/cond/graphs/batch_0/483.npz
484,[*]CC(COc1ccccc1)CCCCCCCCCCC(=O)N([*])C=C,27,27,484,demo/finetune_high_Tg/scored/cond/graphs/batch_0/484.npz
485,[*]CCCNC(=O)CCCCSC(=O)Nc1cccc(C(=O)O[*])c1,25,25,485,demo/finetune_high_Tg/scored/cond/graphs/batch_0/485.npz
486,[*]CCN(C)C(=O)CCCCCCCCCCCCOc1ccccc1/C=C/CCOC([*])=O,34,34,486,demo/finetune_high_Tg/scored/cond/graphs/batch_0/486.npz
488,[*]Nc1ccc(C/C=C/C(=O)Nc2ccc(C([*])=O)cc2S(=O)(=O)O)c(-c2ccccc2)c1,33,35,488,demo/finetune_high_Tg/scored/cond/graphs/batch_0/488.npz
489,[*]C(=O)c1ccc(/C=C/C(=O)Oc2ccc(-c3ccc(O[*])cc3)cc2-c2ccccc2)c(C(=O)Sc2ccc(C)cc2)c1,44,48,489,demo/finetune_high_Tg/scored/cond/graphs/batch_0/489.npz
490,[*]CCCCCCOC(=O)CCCCC(=O)c1ccc(Oc2ccccc2Sc2ccc(-c3ccc(O[*])cc3)cc2)cc1,44,47,490,demo/finetune_high_Tg/scored/cond/graphs/batch_0/490.npz
491,[*]C#Cc1cc(NC(=O)NCCCCCCCCN)cc([*])c1,23,23,491,demo/finetune_high_Tg/scored/cond/graphs/batch_0/491.npz
492,[*]Cc1ccc(C([*])(c2ccc(OC)cc2)c2ccc(S(=O)(=O)C3=CC=C3)cc2)cc1C,32,35,492,demo/finetune_high_Tg/scored/cond/graphs/batch_0/492.npz
493,[*]N=P([*])(C)OCCC1CCC(C(=O)OCCCCCCCCC[PH](=O)(C)CC)N1,30,30,493,demo/finetune_high_Tg/scored/cond/graphs/batch_0/493.npz
494,[*]CC([*])(C)C(=O)Nc1ccc(NC(=O)OCC(F)(F)C(F)(F)C(F)(F)C(F)(F)C(F)(F)CN(C)c2ccc([N+](C)(C)C)cc2)cc1,47,48,494,demo/finetune_high_Tg/scored/cond/graphs/batch_0/494.npz
495,[*]CCCCCC(=[*])NCCCOC(=O)c1ccc(C(=O)COC)cc1,26,26,495,demo/finetune_high_Tg/scored/cond/graphs/batch_0/495.npz
497,[*]OCCC([*])=CCCOCCCCCCCC,18,17,497,demo/finetune_high_Tg/scored/cond/graphs/batch_0/497.npz
498,[*]Nc1ccc(C(=O)NNC(=O)CCCCCCCCC(=O)Oc2ccc([*])cc2)c(OCCc2ccccc2)c1,41,43,498,demo/finetune_high_Tg/scored/cond/graphs/batch_0/498.npz
499,[*]CCCCCCOc1ccc(S(=O)(=O)C(C)(C)CC)c(C(=O)OC(C)CC)c1[*],30,30,499,demo/finetune_high_Tg/scored/cond/graphs/batch_0/499.npz
500,[*]Cc1ccc(C(c2ccc(NC(=O)C(C)CCC([*])=O)cc2)c2ccc([N+](=O)[O-])cc2)cc1,34,36,500,demo/finetune_high_Tg/scored/cond/graphs/batch_0/500.npz
501,[*]c1ccc(C)cc1Oc1ccc([Si]([*])(C)CCCCCCCc2ccc(C(F)(F)F)cc2)cc1,35,37,501,demo/finetune_high_Tg/scored/cond/graphs/batch_0/501.npz
502,[*]COc1ccc(C(=O)OCCOC(=O)CCCCCCc2ccc(Oc3ccc(-c4ccc(OC([*])=O)cc4)cc3)cc2)cc1,46,49,502,demo/finetune_high_Tg/scored/cond/graphs/batch_0/502.npz
505,[*]C(=O)CCC(C)(C)C(=O)Oc1ccc(C(F)(F)C(F)(F)C(F)(F)C(F)(F)Oc2ccc([*])cc2)c(O)c1,38,39,505,demo/finetune_high_Tg/scored/cond/graphs/batch_0/505.npz
506,[*]CC(C(=O)NCCCCCCCCNNC(=O)c1cccc(S(=O)(=O)OCC(C)(C)C)c1)N([*])C#C,37,37,506,demo/finetune_high_Tg/scored/cond/graphs/batch_0/506.npz
507,[*]CC([*])OCCOC(=O)c1ccc([N+](=O)[O-])c(CCCCCCCCCCCCC)c1,32,32,507,demo/finetune_high_Tg/scored/cond/graphs/batch_0/507.npz
508,[*]C(=O)Oc1ccc(C(CC([*])=O)C(=O)Nc2ccccc2)cc1,24,25,508,demo/finetune_high_Tg/scored/cond/graphs/batch_0/508.npz
509,[*]C(CCCCc1ccc(OC(=O)c2ccc(C([*])=O)cc2)cc1)c1ccc(CC=C)cc1,33,35,509,demo/finetune_high_Tg/scored/cond/graphs/batch_0/509.npz
510,[*]CCCC(=O)Nc1ccc(Sc2ccc(NC(=O)OCCNC(=O)CCCCCCCCC(=O)Nc3ccccc3C(=O)N[*])cc2)cc1,50,52,510,demo/finetune_high_Tg/scored/cond/graphs/batch_0/510.npz
511,[*]CC([*])(C)C(=O)OCC(CC)CN(CCCCCCCC)c1ccc(C(=O)O)cc1,31,31,511,demo/finetune_high_Tg/scored/cond/graphs/batch_0/511.npz
512,[*]c1ccc(C(=O)NNC(=O)Cc2ccc(Cc3nnc(C([*])=O)cc3Cl)cc2)c(Cl)c1,32,34,512,demo/finetune_high_Tg/scored/cond/graphs/batch_0/512.npz
513,[*]/C=C/c1ccc(-c2c(C)cc(S([*])=O)c(OC)c2)cc1C(C)C,24,25,513,demo/finetune_high_Tg/scored/cond/graphs/batch_0/513.npz
514,[*]CCCCCCCCOc1ccc(/C=C/C(=O)NCCCO)c(C([*])=O)c1,28,28,514,demo/finetune_high_Tg/scored/cond/graphs/batch_0/514.npz
515,[*]CC[Se](C)CCCOC(=O)Nc1ccc(C)c([*])c1,20,20,515,demo/finetune_high_Tg/scored/cond/graphs/batch_0/515.npz
516,[*]Oc1ccccc1NC(=O)c1ccc(-c2ccc(P(=O)(c3ccc(F)cc3)c3ccc(C(F)(F)C(F)(F)F)c(S([*])(=O)=O)c3)cc2)cc1,49,53,516,demo/finetune_high_Tg/scored/cond/graphs/batch_0/516.npz
517,[*]Nc1cc(NC(=O)OCC(F)(F)F)c(/C=N/P(=O)(O[Na])Oc2ccc(C([*])=O)cc2)cc1,33,34,517,demo/finetune_high_Tg/scored/cond/graphs/batch_0/517.npz
518,[*]COc1ccc(C2([*])CCC(C(=O)OC(C)c3ccc(F)cc3)C2(F)F)cc1OC,31,33,518,demo/finetune_high_Tg/scored/cond/graphs/batch_0/518.npz
519,[*]CC([*])c1ccc2c(c1)C(=O)N(c1ccc(CC[N+](C)(C)C(=O)OC)cc1)C2=O,30,32,519,demo/finetune_high_Tg/scored/cond/graphs/batch_0/519.npz
520,[*]C[Se](C)CNC(=O)CCCCC(=O)Sc1ccc(C([*])=O)cc1,24,24,520,demo/finetune_high_Tg/scored/cond/graphs/batch_0/520.npz
521,[*]C#Cc1ccccc1OC(=O)c1cccc(SCCCCCOCCCCN2C(=O)c3ccc([*])cc3C2=O)c1,41,44,521,demo/finetune_high_Tg/scored/cond/graphs/batch_0/521.npz
522,[*]C(=O)O[SiH](CC=O)CCCCCC(=O)NCc1ccc(C([*])=O)cc1,26,26,522,demo/finetune_high_Tg/scored/cond/graphs/batch_0/522.npz
523,[*]CC=CCN(CCNC(=O)CC/C=C/c1ccc([*])cc1)C1CCC(=O)N(C)C(=O)C1,32,33,523,demo/finetune_high_Tg/scored/cond/graphs/batch_0/523.npz
524,[*]C(Cl)=C(OCC)c1ccc(N([*])C[Si](C)(C)C)cc1,20,20,524,demo/finetune_high_Tg/scored/cond/graphs/batch_0/524.npz
525,[*]Oc1ccc(C(C)(C)c2ccc(/C=N/c3ccc(OC(=O)c4ccc([*])cc4)cc3)cc2)c(Cl)c1O,37,40,525,demo/finetune_high_Tg/scored/cond/graphs/batch_0/525.npz
527,[*]Nc1ccc(NC(=O)CC(C)(CC(C)CCCCCC)C(=O)N[*])c(SC)c1,29,29,527,demo/finetune_high_Tg/scored/cond/graphs/batch_0/527.npz
528,[*]CNC(=O)C(CC(C)(C)CCCCC(=O)N[*])OCCOCC,24,23,528,demo/finetune_high_Tg/scored/cond/graphs/batch_0/528.npz
529,[*]N=C(C(=O)NCC=C)CC([*])c1ccc(OC)cc1,20,20,529,demo/finetune_high_Tg/scored/cond/graphs/batch_0/529.npz
531,[*]CC(=O)c1ccc(C(=O)Oc2ccc(NC(=O)CCCCCCCCC(=O)Nc3ccc(O[*])c(OCCCCCC)c3)cc2)cc1,48,50,531,demo/finetune_high_Tg/scored/cond/graphs/batch_0/531.npz
532,[*]Cc1ccc(-c2ccc(NC(=O)c3cccc(C4([*])OC(=O)c5ccccc54)c3)cc2)cc1,34,38,532,demo/finetune_high_Tg/scored/cond/graphs/batch_0/532.npz
533,[*]C(=S)N[Se]C(=O)c1ccc(OC(=O)c2ccc3c(c2)C(=O)N([*])C3=O)c(CCOCC)c1,33,35,533,demo/finetune_high_Tg/scored/cond/graphs/batch_0/533.npz
534,[*]CCCCCCCCSSC(=O)NCCCCC1CC(N2CC(C#N)C2C)C(=O)C1[*],32,33,534,demo/finetune_high_Tg/scored/cond/graphs/batch_0/534.npz
535,[*]CNC(Cl)(C)C(=O)OCCCCC(C)C([*])=O,18,17,535,demo/finetune_high_Tg/scored/cond/graphs/batch_0/535.npz
536,[*]CC(C)(C)C(=O)Nc1ccc(NC(=O)c2cccc(C(=O)OC(=O)C([*])=O)c2)cc1,31,32,536,demo/finetune_high_Tg/scored/cond/graphs/batch_0/536.npz
538,[*]C=C([*])CN(CC)C(=O)c1ccc2cc(F)ccc2c1,21,22,538,demo/finetune_high_Tg/scored/cond/graphs/batch_0/538.npz
539,[*]CC(=O)OCCc1ccc(NC(=O)[Si](C)(CCC(=O)OC)c2ccc3c(c2)C(=O)N(c2ccc([*])cc2)C3=O)cc1,42,45,539,demo/finetune_high_Tg/scored/cond/graphs/batch_0/539.npz
540,[*]/C=N/CCSC(=O)OCc1ccc(C)cc1NC(=O)O[*],22,22,540,demo/finetune_high_Tg/scored/cond/graphs/batch_0/540.npz
541,[*]CCCN(CCCCCCCCCOc1ccc(NC(=O)c2ccc(S(=O)(=O)c3ccc([*])cc3)cc2)cc1)Oc1ccc(C(C)(C)C)cc1,51,54,541,demo/finetune_high_Tg/scored/cond/graphs/batch_0/541.npz
542,[*]CCCCC(=O)NCCCCCCNC(=O)CCCCCCCOCC(=O)O[*],30,29,542,demo/finetune_high_Tg/scored/cond/graphs/batch_0/542.npz
543,[*]Nc1cc(CC(CC)C)c([*])cc1N,15,15,543,demo/finetune_high_Tg/scored/cond/graphs/batch_0/543.npz
544,[*]CC(C)C(=O)OCCCCCCCCCCNSOCO[*],23,22,544,demo/finetune_high_Tg/scored/cond/graphs/batch_0/544.npz
545,[*]C(C(=O)NCCCCCCCCCCN)C(=O)c1ccc([*])s1,24,24,545,demo/finetune_high_Tg/scored/cond/graphs/batch_0/545.npz
546,[*]OCCCCCCCCCCc1ccccc1CC(Oc1ccc(S([*])(C)=O)cc1)CC(C)C,35,36,546,demo/finetune_high_Tg/scored/cond/graphs/batch_0/546.npz
547,[*]CS(=O)(=O)C(COC(C)(C)C)C([*])Cl,15,14,547,demo/finetune_high_Tg/scored/cond/graphs/batch_0/547.npz
548,[*]CCCC(=O)NCc1ccc(S(=O)(C)c2ccc(NC([*])=O)cc2)cc1,27,28,548,demo/finetune_high_Tg/scored/cond/graphs/batch_0/548.npz
549,[*]CC(C)(CCCC(=O)N[*])P(=O)(O)OCCOC(=O)c1ccc(Cl)c(NC(=O)OC)c1,32,32,549,demo/finetune_high_Tg/scored/cond/graphs/batch_0/549.npz
550,[*]CC(CC)(CC([*])=O)C(=O)Oc1ccc(OC(=O)C(C)O)cc1,24,24,550,demo/finetune_high_Tg/scored/cond/graphs/batch_0/550.npz
551,[*]NC(CC(=O)O)c1ccc(OC(=O)CCCCCOc2ccccc2C([*])=O)cc1S(=O)(=O)O,35,36,551,demo/finetune_high_Tg/scored/cond/graphs/batch_0/551.npz
552,[*]COC(=O)Nc1ccc(NC(=O)CC(=O)NCCCCCCC)c([*])c1,27,27,552,demo/finetune_high_Tg/scored/cond/graphs/batch_0/552.npz
553,[*]CCCCCCCCCN1C(=O)c2ccc(C(OC(=O)CCCCC(=O)N[*])c3ccc(B)cc3)cc2C1=O,40,42,553,demo/finetune_high_Tg/scored/cond/graphs/batch_0/553.npz
554,[*]Nc1ccc(Oc2ccc(-c3ccc(I)cc3)c(N)c2[*])c(CCCC)c1,28,30,554,demo/finetune_high_Tg/scored/cond/graphs/batch_0/554.npz
555,[*]Nc1ccc(/C=C/N2CCCCC2C([*])=O)cc1CC,21,22,555,demo/finetune_high_Tg/scored/cond/graphs/batch_0/555.npz
556,[*]CCCCCCCOc1ccc(OCc2ccc(C(=O)Oc3ccc([*])cc3)cc2CCCCCCCCCCCC)cc1,45,47,556,demo/finetune_high_Tg/scored/cond/graphs/batch_0/556.npz
557,[*]c1ccc([*])c(-c2ccc(N(CC)C(=O)OCCCCCCCC)cc2)c1,28,29,557,demo/finetune_high_Tg/scored/cond/graphs/batch_0/557.npz
558,[*]O[Si]([*])(C)NC(=O)C1CCC1(C)O,14,14,558,demo/finetune_high_Tg/scored/cond/graphs/batch_0/558.npz
559,[*]CCCCOc1ccc(NC([*])=O)c(S(=O)(=O)c2ccc(N3C(=O)c4ccc(OC(C)=O)cc4C3=O)cc2)c1,40,43,559,demo/finetune_high_Tg/scored/cond/graphs/batch_0/559.npz
560,[*]CCCCCCCCOc1ccc(C(=O)Nc2ccc(CS(=O)(=O)c3ccccc3NC([*])=O)cc2)cc1,39,41,560,demo/finetune_high_Tg/scored/cond/graphs/batch_0/560.npz
561,[*]OC1([*])CCC(F)(F)C(F)(F)C(F)(F)C(F)(F)C(F)(F)C(F)(F)C1F,26,26,561,demo/finetune_high_Tg/scored/cond/graphs/batch_0/561.npz
562,[*]Oc1ccc(N(C(=O)c2ccc(OC(=O)CCCCC([*])=O)cc2)[Si](C)=O)cc1,30,31,562,demo/finetune_high_Tg/scored/cond/graphs/batch_0/562.npz
563,[*]CC([*])(C)C(=O)Oc1ccc(OC(=O)c2ccc3c(c2)C(=O)N(c2ccc(C(C)(C)C)cc2)C3C)cc1,38,41,563,demo/finetune_high_Tg/scored/cond/graphs/batch_0/563.npz
564,[*]C=C(COC(C)=O)c1cc([*])ccc1CCCCCC,21,21,564,demo/finetune_high_Tg/scored/cond/graphs/batch_0/564.npz
565,[*]C#Cc1ccc(O[*])c(C(=O)OCCCCCCCCCC)c1,24,24,565,demo/finetune_high_Tg/scored/cond/graphs/batch_0/565.npz
566,[*]CC[Si](C)(C)C(=O)NCCCCCCCCCSCCNC(=O)c1ccc(C(=O)O[*])cc1,34,34,566,demo/finetune_high_Tg/scored/cond/graphs/batch_0/566.npz
567,[*]OC=C(/[*])CCOc1ccc(OCCCCCC)cc1,21,21,567,demo/finetune_high_Tg/scored/cond/graphs/batch_0/567.npz
568,[*]N=S([*])c1ccc(COCc2ccc(-c3nc(N(C)CCCCCCCC)c(OC)cc3C)cc2)cc1,38,40,568,demo/finetune_high_Tg/scored/cond/graphs/batch_0/568.npz
569,[*]CC([*])(C=O)Cc1ccc(OCCCCCCC)cc1,21,21,569,demo/finetune_high_Tg/scored/cond/graphs/batch_0/569.npz
570,[*]CCC([*])c1ccc(OCCCCCC#N)c(Sc2ccc([N+](=O)[O-])cc2)c1,29,30,570,demo/finetune_high_Tg/scored/cond/graphs/batch_0/570.npz
571,[*]CC([*])(C)C(=O)OC(CO)C(Cl)OCCCCCOC(OC)c1ccccc1-c1ccc(F)cc1,36,37,571,demo/finetune_high_Tg/scored/cond/graphs/batch_0/571.npz
572,[*]CCCCCC1CCN(C(=O)c2ccc(C(=O)NCCCCCCNC(=O)O[*])cc2)C(=O)O1,35,36,572,demo/finetune_high_Tg/scored/cond/graphs/batch_0/572.npz
573,[*]C[Si]([*])(C)CCC(F)(F)Oc1ccncc1F,18,18,573,demo/finetune_high_Tg/scored/cond/graphs/batch_0/573.npz
575,[*]NCC(=O)C(CCCCCC)c1ccc(S(=O)(=O)C(=S)N[*])cc1,25,25,575,demo/finetune_high_Tg/scored/cond/graphs/batch_0/575.npz
576,[*]CC=CC(COC(=O)c1cccc(NC(=O)OCCCCCCCCCCCCCC)c1)C([*])=O,36,36,576,demo/finetune_high_Tg/scored/cond/graphs/batch_0/576.npz
577,[*]Oc1ccc(NC(=O)[Si](C)(C)NCCCC(=O)Nc2cccc(OC([*])=O)c2)cc1,31,32,577,demo/finetune_high_Tg/scored/cond/graphs/batch_0/577.npz
579,[*]OC1=Cc2cc(C([*])=C(CC)CC)ccc2O1,18,19,579,demo/finetune_high_Tg/scored/cond/graphs/batch_0/579.npz
580,[*]c1ccc(C(C)(C)CCN2C(=O)c3ccc(C([*])(C)C)cc3C2=O)cc1,27,29,580,demo/finetune_high_Tg/scored/cond/graphs/batch_0/580.npz
581,[*]CC([*])C(=O)NC(C)(C)CCc1nnc(-c2cc(OC)c(F)cc2C)cc1,28,29,581,demo/finetune_high_Tg/scored/cond/graphs/batch_0/581.npz
582,[*]CCCCCCCCNC(=O)/C=C(/[*])c1ccc(OCCC(=O)OC(C)CCl)cc1,31,31,582,demo/finetune_high_Tg/scored/cond/graphs/batch_0/582.npz
583,[*]CCCCCCCCCCCNC(=O)NCCc1ccc(CCCNC(=O)CCCCN(CC)N[*])cc1,39,39,583,demo/finetune_high_Tg/scored/cond/graphs/batch_0/583.npz
584,[*]C(Cl)C(=O)O/C=C(/[*])C[Si](C)(C)c1ccccc1,19,19,584,demo/finetune_high_Tg/scored/cond/graphs/batch_0/584.npz
586,[*]CC([*])(C)C(=O)NNC(=O)c1ccc(F)cc1,18,18,586,demo/finetune_high_Tg/scored/cond/graphs/batch_0/586.npz
587,[*]C#CCOC(=O)N/N=C/c1c(Br)cc(C(=O)O[Na])cc1O[*],23,23,587,demo/finetune_high_Tg/scored/cond/graphs/batch_0/587.npz
588,[*]CCCCCOC(=O)c1cc(C(C)=NC(=O)[Si](C)(CCCCC)CO[*])c(O)cc1C,32,32,588,demo/finetune_high_Tg/scored/cond/graphs/batch_0/588.npz
589,[*]Cc1ccc(NC(=O)CCN2C(=O)c3ccc([*])cc3C2=CC(C)C)o1,27,29,589,demo/finetune_high_Tg/scored/cond/graphs/batch_0/589.npz
590,[*]NC([*])(C)C(=O)c1ccc(C(=O)N=CC2CCCC(NC(=O)Cc3ccc(C#N)cc3)C2)cc1,35,37,590,demo/finetune_high_Tg/scored/cond/graphs/batch_0/590.npz
593,[*]Oc1ccc(C(=O)NC(C)(C)CCOC(=O)c2ccc(N=C(CC)C(=O)O[*])cc2)cc1,33,34,593,demo/finetune_high_Tg/scored/cond/graphs/batch_0/593.npz
594,[*]N=P([*])(C)C(=O)NCCCOCC(NCC(=O)/C=C/C#N)c1ccc(C(F)(F)F)cc1,32,32,594,demo/finetune_high_Tg/scored/cond/graphs/batch_0/594.npz
595,[*]C(=O)c1ccc2c(c1)C(=O)N(c1ccc(/N=C/c3ccc(N4C(=O)c5ccc([*])cc5C4=O)cc3)cc1)C(CCCCCCC)C2=O,48,53,595,demo/finetune_high_Tg/scored/cond/graphs/batch_0/595.npz
596,[*]CCCCCCCCCCCO[Si](C)(C)CCCCc1ccc(-c2ccc(NC(=O)CCCCCC([*])=C(C)CC)cc2)cc1,46,47,596,demo/finetune_high_Tg/scored/cond/graphs/batch_0/596.npz
597,[*]Oc1ccc(CCCCCCOCC)c([*])c1CCOCC[Na],24,24,597,demo/finetune_high_Tg/scored/cond/graphs/batch_0/597.npz
598,[*][Se]c1cc([*])c(OC(F)(F)F)cc1C(C)(C)C,18,18,598,demo/finetune_high_Tg/scored/cond/graphs/batch_0/598.npz
599,[*]Oc1c(CCCCCCCC)cc([*])cc1-c1ccc(S(=O)(=O)c2ccc(Br)cc2)cc1F,34,36,599,demo/finetune_high_Tg/scored/cond/graphs/batch_0/599.npz
600,[*]CC(CCCCCCCC(=O)Nc1ccc(OCC([*])[PH](=O)(=O)OC)cc1)C(C)CC,32,32,600,demo/finetune_high_Tg/scored/cond/graphs/batch_0/600.npz
601,[*]Nc1ccc(Sc2ccc(-c3ccc(NC(=O)c4cc(C([*])=O)ccc4C)cc3)cc2)cc1,34,37,601,demo/finetune_high_Tg/scored/cond/graphs/batch_0/601.npz
602,[*]CC(Oc1ccc(C(c2ccc(OC([*])(C)C#N)cc2)c2ccc(C(F)(F)F)cc2)cc1)C(F)(F)F,37,39,602,demo/finetune_high_Tg/scored/cond/graphs/batch_0/602.npz
603,[*]Nc1cccc(NC(=O)OCCCCCCCCCCCCOc2ccc(-c3cc(C#Cc4ccc(Br)cc4)c(NC([*])=O)cc3C)cc2)c1,51,54,603,demo/finetune_high_Tg/scored/cond/graphs/batch_0/603.npz
604,[*]Cc1ccc(N/C=C(\C)c2cc(OC(=O)c3ccc([2H])cc3)c(C([*])=O)cc2)cc1,31,33,604,demo/finetune_high_Tg/scored/cond/graphs/batch_0/604.npz
605,[*]CCCCCCCCCOc1ccc(/C=C/c2ccc(N3C(=O)CC(CC([*])=O)C3=O)cc2)cc1,36,38,605,demo/finetune_high_Tg/scored/cond/graphs/batch_0/605.npz
606,[*]NC(=O)c1ccc2c(c1)C(=O)N(c1ccc(S(=O)(=O)Nc3cccc(NC([*])=O)c3)cc1)C2=O,35,38,606,demo/finetune_high_Tg/scored/cond/graphs/batch_0/606.npz
607,[*]Oc1ccccc1OC(=O)c1ccc(N([*])CC)cc1Oc1ccc(C(C)(C)C(F)(F)F)cc1,35,37,607,demo/finetune_high_Tg/scored/cond/graphs/batch_0/607.npz
608,[*]CC(C)(C[*])C(C)(CCOCCCCCCCC)CSCCCC,25,24,608,demo/finetune_high_Tg/scored/cond/graphs/batch_0/608.npz
609,[*]Cc1ccc(NC(=O)CCCCCCCC(=O)c2cccc(C(=O)NNC(=O)c3ccc(C([*])=O)cc3)c2)cc1,41,43,609,demo/finetune_high_Tg/scored/cond/graphs/batch_0/609.npz
610,[*]OC(C)c1cccc(NC(=O)[Se]c2ccc(CCC([*])=O)cc2O)c1,26,27,610,demo/finetune_high_Tg/scored/cond/graphs/batch_0/610.npz
611,[*]CC(C)C(=O)NC1CCCCCC1NC(=O)c1ccc(O[*])cc1,25,26,611,demo/finetune_high_Tg/scored/cond/graphs/batch_0/611.npz
612,[*]/C=C/c1nc(-c2ccc(C#C[Si]([*])(C)C)cc2)cc(C)c1OCCc1ccccc1,31,33,612,demo/finetune_high_Tg/scored/cond/graphs/batch_0/612.npz
613,[*]Oc1ccc2c(c1)C(=O)N(CCCCCCCCc1ccc(-c3ccc(C([*])=S)cc3)cc1)C2=O,36,39,613,demo/finetune_high_Tg/scored/cond/graphs/batch_0/613.npz
614,[*]CC([*])C(=O)OCC[N+](C)(C)COc1ccc(C2(C)COC(=O)C2(C)C)cc1,29,30,614,demo/finetune_high_Tg/scored/cond/graphs/batch_0/614.npz
615,[*]C(=O)C(CC([*])(C)C)c1ccc(OC(=O)CCCCCC)cc1,24,24,615,demo/finetune_high_Tg/scored/cond/graphs/batch_0/615.npz
616,[*]/C=C/c1cc([*])cc(P(=O)(C)C(C)C)c1,16,16,616,demo/finetune_high_Tg/scored/cond/graphs/batch_0/616.npz
617,[*]O[Si](C)(C)c1cc(NC(=O)OCCCC)c(/C=C/C([*])=O)cc1OC(C)(C)C,29,29,617,demo/finetune_high_Tg/scored/cond/graphs/batch_0/617.npz
618,[*]CCCc1ccc(C(C)(C)c2ccc(/C=C/[Si](C)(C)PCC(=O)O[*])cc2)cc1,30,31,618,demo/finetune_high_Tg/scored/cond/graphs/batch_0/618.npz
619,[*]COc1ccc(-c2ccc(SC(=O)CCCCCCC(=O)Nc3ccc(C)cc3)c(C(=O)OC([*])=O)c2)cc1,40,42,619,demo/finetune_high_Tg/scored/cond/graphs/batch_0/619.npz
621,[*]CCCc1ccc(COc2ccc(/C(C)=N/c3ccccc3)c(C(=O)Oc3ccc([*])cc3)c2)cc1,37,40,621,demo/finetune_high_Tg/scored/cond/graphs/batch_0/621.npz
622,[*]CC(O)COc1ccc(/C=N/c2ccc(SCOC(=O)c3cccc(O[*])c3)cc2)nc1Cl,34,36,622,demo/finetune_high_Tg/scored/cond/graphs/batch_0/622.npz
623,[*]CC=CCCCCc1ccc(CC(=O)NNC(=O)c2ccc(OCCCCCCCCCCCC)c(C([*])=O)c2)cc1,43,44,623,demo/finetune_high_Tg/scored/cond/graphs/batch_0/623.npz
624,[*]CC([*])(C)C(=O)Oc1ccc(N(C)CC(C)C#N)s1,20,20,624,demo/finetune_high_Tg/scored/cond/graphs/batch_0/624.npz
625,[*]C(=S)N([*])C#C[Si](C)(C)C1CCCCCCC1C(=O)OC(=O)c1ccccc1,29,30,625,demo/finetune_high_Tg/scored/cond/graphs/batch_0/625.npz
626,[*]CC([*])(C)C(=S)Nc1ccc(OC(=O)COc2ccc(C)cc2)cc1,26,27,626,demo/finetune_high_Tg/scored/cond/graphs/batch_0/626.npz
627,[*]CCCCOCCCCCCC/C=C/c1ccc(O[*])c(CC)c1,25,25,627,demo/finetune_high_Tg/scored/cond/graphs/batch_0/627.npz
628,[*]Oc1ccc(C(NC(=O)CCCCC([*])=O)c2ccccc2)cc1,25,26,628,demo/finetune_high_Tg/scored/cond/graphs/batch_0/628.npz
629,[*]O[Si]([*])(C)C(=O)c1ccc(C(=O)OCC)cc1,18,18,629,demo/finetune_high_Tg/scored/cond/graphs/batch_0/629.npz
631,[*]Oc1ccc(-c2ccc(SC(=O)c3ccc(C#Cc4ccc([Si](C)(C)c5ccc([*])cc5)cc4)c(C)c3)cc2Cl)cc1,43,47,631,demo/finetune_high_Tg/scored/cond/graphs/batch_0/631.npz
632,[*]/C=C/C(=O)NCCCCCCCCOCC(=O)N(C)c1ccc(O[*])c(C(=O)O)c1,31,31,632,demo/finetune_high_Tg/scored/cond/graphs/batch_0/632.npz
633,[*]CC(C#N)(C(=O)OCCCCCCCCCC)c1ccccc1/N=N/c1ccc(C([*])=O)c(S(=O)(=O)OC)c1,40,41,633,demo/finetune_high_Tg/scored/cond/graphs/batch_0/633.npz
634,[*]CC[Sn](C)CCNC(=O)NC([*])C,14,13,634,demo/finetune_high_Tg/scored/cond/graphs/batch_0/634.npz
635,[*]C(C=C)C([*])(C)C(=O)Oc1ccc(-c2cccc(Cc3ccccc3)c2)cc1,29,31,635,demo/finetune_high_Tg/scored/cond/graphs/batch_0/635.npz
636,[*]CCOc1cccc(C(=O)OCC2(F)C([*])(C)C2=O)c1,21,22,636,demo/finetune_high_Tg/scored/cond/graphs/batch_0/636.npz
637,[*]CCCCC(CCCC)(CCCCCCc1ccc(-c2ccc([N+]([*])(C)C)cc2)cc1)C(=O)OCC(C)(C)C,40,41,637,demo/finetune_high_Tg/scored/cond/graphs/batch_0/637.npz
638,[*]/C(I)=C/c1ccc(C(=O)NC2CCCCCCCC2)cc1[*],23,24,638,demo/finetune_high_Tg/scored/cond/graphs/batch_0/638.npz
639,[*]Nc1ccc(NC(=[*])C(C)=Nc2ccc(/N=C/c3ccc([N+](C)(C)C)cc3)cc2)cc1,32,34,639,demo/finetune_high_Tg/scored/cond/graphs/batch_0/639.npz
640,[*]Oc1ccc(C(CCCCCCCCCCCC)c2ccc(OC(=O)C(C)S([*])(=O)=O)cc2)cc1,36,37,640,demo/finetune_high_Tg/scored/cond/graphs/batch_0/640.npz
641,[*]O[Si]([*])(CCC)OCCCCCCCSCCOCc1ccccc1,26,26,641,demo/finetune_high_Tg/scored/cond/graphs/batch_0/641.npz
642,[*]CC([*])NC(C)c1ccc(F)cc1,14,14,642,demo/finetune_high_Tg/scored/cond/graphs/batch_0/642.npz
643,[*]CCCCOC(=O)Cc1ccc(C(CC([*])=O)CCCCCC)cc1,26,26,643,demo/finetune_high_Tg/scored/cond/graphs/batch_0/643.npz
644,[*]O[Si]([*])(C)CCCOC(=O)c1cc(OC(=O)CCC(F)(F)C(F)(F)F)cc(Oc2ccc(C(F)(F)F)cc2)c1CCCCCCCC,48,49,644,demo/finetune_high_Tg/scored/cond/graphs/batch_0/644.npz
645,[*]NC(=O)c1ccc(/N=C/c2ccc(CC(=O)Oc3ccc([*])cc3)cc2)cc1,29,31,645,demo/finetune_high_Tg/scored/cond/graphs/batch_0/645.npz
646,[*]NC(CCCCOCCOCCO)C(=O)CCCCCCC(=O)O[Si](C)(C)C([*])C,31,30,646,demo/finetune_high_Tg/scored/cond/graphs/batch_0/646.npz
647,[*]C(=O)OCCCCCCOP(=O)(NC(=O)OC)c1ccc(OC(=O)c2ccc(C(=O)OC([*])=O)cc2)cc1,39,40,647,demo/finetune_high_Tg/scored/cond/graphs/batch_0/647.npz
648,[*]CC(C)NC(=O)CCc1ccc(-c2ccc(CS(=O)(=O)CCC/C=C/c3ccc(N[*])cc3C)cc2)c(C)c1,40,42,648,demo/finetune_high_Tg/scored/cond/graphs/batch_0/648.npz
649,[*]C#Cc1cc(C([*])CCCC[N+](C)(C)C)ccc1OC,21,21,649,demo/finetune_high_Tg/scored/cond/graphs/batch_0/649.npz
650,[*]C=P(c1ccccc1)(OC)C([*])(O)Br,15,15,650,demo/finetune_high_Tg/scored/cond/graphs/batch_0/650.npz
651,[*]CC([*])C(=O)OCCCCCCOC(=O)c1ccc(C(C)=O)cc1-c1c(C(C)(C)CCCCCC)cc(C)cc1,41,42,651,demo/finetune_high_Tg/scored/cond/graphs/batch_0/651.npz
652,[*]Nc1cc([*])c(I)cc1-c1ccc(OCC(Oc2ccc(CC(C)C)cc2)C(C)C)cc1,33,35,652,demo/finetune_high_Tg/scored/cond/graphs/batch_0/652.npz
653,[*]CC([*])CCOc1cc(C(=O)Oc2ccc(CCCCCCc3ccc([N+](=O)[O-])cc3)cc2)ccc1O,38,40,653,demo/finetune_high_Tg/scored/cond/graphs/batch_0/653.npz
654,[*]CC(C)(COC(=O)C=CCC(=O)O[*])c1ccccc1,21,21,654,demo/finetune_high_Tg/scored/cond/graphs/batch_0/654.npz
655,[*]/C=C/CCCCCCCCCOc1ccc2c(c1)C(=O)N(c1ccc(Oc3ccc(/N=N/c4ccc([*])cc4C)cc3)cc1)C2=O,47,51,655,demo/finetune_high_Tg/scored/cond/graphs/batch_0/655.npz
656,[*]COCCCc1ccc(COc2ccc(/C=C/C(=O)Nc3ccc(C(=O)O[*])cc3)cc2)cc1,35,37,656,demo/finetune_high_Tg/scored/cond/graphs/batch_0/656.npz
657,[*]CCC(C)(C)COC(=O)NCCCCCCC[Sn](C)(C)Cc1ccc(C(=O)N[*])cc1,32,32,657,demo/finetune_high_Tg/scored/cond/graphs/batch_0/657.npz
658,[*]CC(C)CC(=O)OC(=O)c1ccc(C(=O)CO[*])cc1,21,21,658,demo/finetune_high_Tg/scored/cond/graphs/batch_0/658.npz
659,[*]Cc1ccc(S(=O)(=O)COC(=O)CCCCCCCCC(=O)NNC(=O)C(=O)N[*])o1,32,32,659,demo/finetune_high_Tg/scored/cond/graphs/batch_0/659.npz
660,[*]Cc1ccc(S(=O)(=O)c2ccc([*])cc2)c(N)c1,19,20,660,demo/finetune_high_Tg/scored/cond/graphs/batch_0/660.npz
661,[*]CC(O)CCCCCOc1ccc(-n2on2-c2ccc(OCC([*])CCCCCCCCCCC)cc2)c(C(=O)O)c1,43,45,661,demo/finetune_high_Tg/scored/cond/graphs/batch_0/661.npz
662,[*]Cc1cc(OC[Si](C)(C)C)c([*])cc1COC(C)=O,20,20,662,demo/finetune_high_Tg/scored/cond/graphs/batch_0/662.npz
663,[*]Cc1ccc(CNC(=O)C([*])=NCCCCCCCC(C)CC)cc1,26,26,663,demo/finetune_high_Tg/scored/cond/graphs/batch_0/663.npz
664,[*]CC(C)(C=C)C(=O)NC([*])=O,12,11,664,demo/finetune_high_Tg/scored/cond/graphs/batch_0/664.npz
666,[*]CC1(C)CC(CN(C(=O)OCC[Si](C)(C)C(=O)O[*])CCCCCC)C1,27,27,666,demo/finetune_high_Tg/scored/cond/graphs/batch_0/666.npz
667,[*]CC(Oc1ccc(C(=O)OC)cc1)N1C(=O)c2cccc(O[*])c2C1=O,27,29,667,demo/finetune_high_Tg/scored/cond/graphs/batch_0/667.npz
668,[*]CCCP(CCCCCC)C(=O)Nc1cc(I)cc(NC(=O)O[*])c1,26,26,668,demo/finetune_high_Tg/scored/cond/graphs/batch_0/668.npz
669,[*]/C=C/c1ccc(-c2cc(OCCCCCCCC)cc(/C=C(\C)c3ccc([*])cc3)c2)cc1/N=N/c1ccc([2H])cc1,43,46,669,demo/finetune_high_Tg/scored/cond/graphs/batch_0/669.npz
670,[*]CCCCCCCc1ccc(NC(=O)c2ccc(C)c(C([*])=O)c2)cc1,27,28,670,demo/finetune_high_Tg/scored/cond/graphs/batch_0/670.npz
671,[*]NC(C)C(=O)Oc1ccc(OC(=O)NCCCC/C=C/NC([*])=O)cc1,27,27,671,demo/finetune_high_Tg/scored/cond/graphs/batch_0/671.npz
672,[*]CC([*])(C=CC)C(=O)Cc1ccc(C(F)(F)C(F)(F)F)cc1,23,23,672,demo/finetune_high_Tg/scored/cond/graphs/batch_0/672.npz
673,[*]CCCCCOc1ccc(C(=O)Sc2ccc(NC([*])=O)c(C[Si](C)(C)C)c2)cc1,31,32,673,demo/finetune_high_Tg/scored/cond/graphs/batch_0/673.npz
674,[*]CC([*])c1ccc(C([2H])(C(F)(F)F)C(=O)Oc2ccc(OC)cc2)cc1,27,28,674,demo/finetune_high_Tg/scored/cond/graphs/batch_0/674.npz
675,[*]c1ccc(-c2ccc(-c3ccc([SiH](=O)N([*])C(C)(C)C)cc3)cc2)c(S(=O)(=O)O)c1,31,33,675,demo/finetune_high_Tg/scored/cond/graphs/batch_0/675.npz
676,[*]C(=O)Nc1ccc(-c2ccc(C(=O)NNC(=O)OCCCCOC([*])=O)cc2)cc1,31,32,676,demo/finetune_high_Tg/scored/cond/graphs/batch_0/676.npz
677,[*]c1ccc(C([*])(C(F)(F)F)c2ccc(F)cc2)c(S(F)(F)F)c1,24,25,677,demo/finetune_high_Tg/scored/cond/graphs/batch_0/677.npz
678,[*]CCC(=O)NC[Si](C)(CC)C([*])=O,14,13,678,demo/finetune_high_Tg/scored/cond/graphs/batch_0/678.npz
679,[*]Oc1ccc(NC(=O)c2cc(C(=O)O)c(C)c(N[Si]([*])c3ccc(C)cc3)c2)cc1,31,33,679,demo/finetune_high_Tg/scored/cond/graphs/batch_0/679.npz
680,[*]Oc1ccc(C(=O)NNC(=O)c2ccc(OC(=O)COc3cnc([*])cc3)cc2)cc1SCCCCC,38,40,680,demo/finetune_high_Tg/scored/cond/graphs/batch_0/680.npz
681,[*]CC([*])(F)Oc1ccc(S(=O)(=O)c2ccc(C(F)(F)F)cc2)cc1,25,26,681,demo/finetune_high_Tg/scored/cond/graphs/batch_0/681.npz
682,[*]CCCCCC(=O)NSc1ccc(CCCCCCCCCCCCNC(=O)C(=O)NCCCCN[*])cc1,40,40,682,demo/finetune_high_Tg/scored/cond/graphs/batch_0/682.npz
684,[*]CC(CCC)c1ccc(CN=C(c2ccc(C([*])CC)cc2)S(=O)(=O)c2ccccc2)cc1,34,36,684,demo/finetune_high_Tg/scored/cond/graphs/batch_0/684.npz
685,[*]CC([*])C(=O)OCC/C=C/CCC[Si](C)(C)COc1ccc(-c2ccc(C)cc2)cc1,32,33,685,demo/finetune_high_Tg/scored/cond/graphs/batch_0/685.npz
686,[*]C([*])c1cc(C)cc(-c2c(O)cc(Br)cc2)c1,18,19,686,demo/finetune_high_Tg/scored/cond/graphs/batch_0/686.npz
687,[*]Oc1ccccc1/N=C/NC(=O)C1C(=O)N(c2ccc(C3([*])CC3=O)cc2)CC1,30,33,687,demo/finetune_high_Tg/scored/cond/graphs/batch_0/687.npz
688,[*]C[Si](C)(C)CCCc1ccc(CS(=O)(=O)NC([*])=O)cc1,22,22,688,demo/finetune_high_Tg/scored/cond/graphs/batch_0/688.npz
690,[*]CC(C)COc1ccc(OCCOC(=O)c2ccc(N[*])cc2)cc1,26,27,690,demo/finetune_high_Tg/scored/cond/graphs/batch_0/690.npz
691,[*]CC=CC(CC(=O)OCCCCCCCC)SN[*],20,19,691,demo/finetune_high_Tg/scored/cond/graphs/batch_0/691.npz
692,[*]C=CCOCCC(=O)Nc1ccc(SSC([*])=O)cc1,21,21,692,demo/finetune_high_Tg/scored/cond/graphs/batch_0/692.npz
693,[*]CC([*])(C)P(=O)(CI)OCCCOCC#C,17,16,693,demo/finetune_high_Tg/scored/cond/graphs/batch_0/693.npz
694,[*]Oc1ccc(C(c2ccc(OC([*])=O)cc2)c2ccccc2-c2ccccc2)c(Br)c1,32,35,694,demo/finetune_high_Tg/scored/cond/graphs/batch_0/694.npz
695,[*]C(=O)N(CC)c1ccc(C(=O)OCCOC(=O)c2ccc([*])cc2S(=O)(=O)O)cc1,31,32,695,demo/finetune_high_Tg/scored/cond/graphs/batch_0/695.npz
696,[*]CC([*])(C)C(=O)OCCOc1ccc(C(c2ccc([N+](=O)[O-])cc2)C(=O)c2ccc(OC(C)(C)C#N)cc2)cc1,41,43,696,demo/finetune_high_Tg/scored/cond/graphs/batch_0/696.npz
697,[*]CCCCCCCOC(=O)C(F)(F)CCCCC(=O)N=C([*])C,24,23,697,demo/finetune_high_Tg/scored/cond/graphs/batch_0/697.npz
698,[*]CC(=O)CCNC(=O)Pc1ccc(N2C(=O)c3ccc([*])cc3C2=O)cc1,28,30,698,demo/finetune_high_Tg/scored/cond/graphs/batch_0/698.npz
699,[*]CC([*])c1cc(OC(=O)CCC(=O)C(=O)NCCCCCCCCc2ccc(F)cc2)ccc1OC,37,38,699,demo/finetune_high_Tg/scored/cond/graphs/batch_0/699.npz
700,[*]/C=C/C(C)(C)C(=O)NP(=O)(Cl)c1cccc(O[*])c1,20,20,700,demo/finetune_high_Tg/scored/cond/graphs/batch_0/700.npz
701,[*]CCCP([*])(C)C(=O)OCc1ccc(/N=C/c2cccc(F)c2)cc1,26,27,701,demo/finetune_high_Tg/scored/cond/graphs/batch_0/701.npz
702,[*]CCCCCCC(=O)Nc1ccc(S(=O)(=O)C(=O)c2ccc(O[*])cc2)cc1,29,30,702,demo/finetune_high_Tg/scored/cond/graphs/batch_0/702.npz
703,[*]Cc1ccc([Si](C)(C)NC(=O)N[*])nc1,16,16,703,demo/finetune_high_Tg/scored/cond/graphs/batch_0/703.npz
704,[*]Cc1cc(C)c(CCNC([*])=O)c(CCC(C)C)c1,20,20,704,demo/finetune_high_Tg/scored/cond/graphs/batch_0/704.npz
705,[*]CCCCCCCCCCCOC(=O)NC[Si](C)(C)Oc1cc(OCC)cc(C(=O)NCCC(=O)c2ccc(O[*])c(C)c2)c1,46,47,705,demo/finetune_high_Tg/scored/cond/graphs/batch_0/705.npz
707,[*]Oc1ccc(/N=C/c2ccc(OC(=O)c3ccc(C(=O)Nc4ccc(Oc5ccc([*])cc5)cc4)cc3)cc2)cc1,42,46,707,demo/finetune_high_Tg/scored/cond/graphs/batch_0/707.npz
708,[*]Cc1ccc(C(=O)NCCCCCCSCCNC(=O)c2ccc(Sc3ccc(N=[*])cc3)cc2)cc1,38,40,708,demo/finetune_high_Tg/scored/cond/graphs/batch_0/708.npz
709,[*]CC(C)OC(=O)CCCCC(=O)NCC[*],17,16,709,demo/finetune_high_Tg/scored/cond/graphs/batch_0/709.npz
710,[*]Oc1ccc(/C=N/c2ccc(OCC(C)OC(=O)c3ccc(C([*])=O)cc3)cc2)cc1C(=O)Oc1ccc(C(F)(F)F)cc1,45,48,710,demo/finetune_high_Tg/scored/cond/graphs/batch_0/710.npz
711,[*]CC([*])N(C)c1ccc(C(=O)c2ccc(-c3ccc(C(=O)O)cc3)cc2)c(S(=O)(=O)CC(C)(C)C)c1,37,39,711,demo/finetune_high_Tg/scored/cond/graphs/batch_0/711.npz
712,[*]C(=O)NC1CCC(c2ccccc2)NC(=O)CCCCCCCCCCCCCC([*])C=Cc2ccc(F)cc2C1=O,43,45,712,demo/finetune_high_Tg/scored/cond/graphs/batch_0/712.npz
713,[*]/C=N/c1ccc(OCCCCCCCCNC(=O)CCc2ccc(N([*])c3ccccc3C)s2)cc1,37,39,713,demo/finetune_high_Tg/scored/cond/graphs/batch_0/713.npz
714,[*]Cc1ccc(CC(=[*])C(=N)CC=C)nc1,16,16,714,demo/finetune_high_Tg/scored/cond/graphs/batch_0/714.npz
715,[*]CC([*])(C)CON1C(=O)c2ccc(C(F)(F)F)cc21,20,21,715,demo/finetune_high_Tg/scored/cond/graphs/batch_0/715.npz
716,[*]c1ccc(OCC(C)C(=O)Oc2ccc3c(c2)C(=O)N([*])C3=O)cc1,26,28,716,demo/finetune_high_Tg/scored/cond/graphs/batch_0/716.npz
717,[*]CC(C#CC([*])=O)c1ccccc1-c1ccc(C)cc1,21,22,717,demo/finetune_high_Tg/scored/cond/graphs/batch_0/717.npz
718,[*]C(=O)Oc1cc(OC(=O)c2ccc(OCCCCCCOc3ccc([*])cc3)cc2)cc(C(=O)OCCOC)c1,41,43,718,demo/finetune_high_Tg/scored/cond/graphs/batch_0/718.npz
719,[*]CC([*])(C)C(=O)Oc1ccc(/N=N/c2ccc(-c3ccccc3)cc2)c(C(F)(F)C(F)(F)C(F)(F)OC(F)(F)F)c1,42,44,719,demo/finetune_high_Tg/scored/cond/graphs/batch_0/719.npz
720,[*]NCCCCCCCCCCNC(=O)c1cccc(OC(=O)CCc2ccc(C([*])=O)cc2)c1,35,36,720,demo/finetune_high_Tg/scored/cond/graphs/batch_0/720.npz
721,[*]CC(C)C1CC(C(=O)NCCNC(=O)c2ccc(O[*])cc2)C1=O,25,26,721,demo/finetune_high_Tg/scored/cond/graphs/batch_0/721.npz
722,[*]CCC1CC([*])C1C(=O)N(CCc1ccc(N)cc1)SSSSc1ccccc1,30,32,722,demo/finetune_high_Tg/scored/cond/graphs/batch_0/722.npz
723,[*]Oc1ccc(C(C)(CCCC)c2ccc(O[Si](C)(C)CCCCCCCCc3ccc(Oc4cc(C([*])=O)ccc4)cc3)cc2)cc1,48,51,723,demo/finetune_high_Tg/scored/cond/graphs/batch_0/723.npz
724,[*]CC(CCCCCCOc1ccc(C(=O)NCC(=O)Nc2ccc(O[*])cc2)cc1)C(C)C,34,35,724,demo/finetune_high_Tg/scored/cond/graphs/batch_0/724.npz
725,[*]CNC(=O)c1cc(NC(=O)N=C(C)CCCCN2C(=O)c3ccc(C(=O)Oc4ccc([*])cc4)cc3C2=O)ccc1,42,45,725,demo/finetune_high_Tg/scored/cond/graphs/batch_0/725.npz
726,[*]NC(=NC[Si](C)(C)CCC)C([*])=O,14,13,726,demo/finetune_high_Tg/scored/cond/graphs/batch_0/726.npz
729,[*]CCCCCCCOC(C)CCCCCCc1ccc(C(c2ccccc2)C(=O)O[*])cc1,34,35,729,demo/finetune_high_Tg/scored/cond/graphs/batch_0/729.npz
730,[*]Cc1ccc([Si]([*])(C)c2cccc(N(C)C)c2)cc1,20,21,730,demo/finetune_high_Tg/scored/cond/graphs/batch_0/730.npz
731,[*]CC([*])(OC(=O)c1ccc(F)cc1)c1ccccc1C(=O)Nc1ccc(OC)c(C)c1,32,34,731,demo/finetune_high_Tg/scored/cond/graphs/batch_0/731.npz
732,[*]CCC(=O)NCOC(=O)CCCCCCCCC(=O)Nc1ccc(OCC(=O)O[*])cc1,33,33,732,demo/finetune_high_Tg/scored/cond/graphs/batch_0/732.npz
733,[*]Oc1ccc(/C=C/C(=O)c2ccc(C(=O)Nc3ccc([*])cc3)cc2)c(OC)c1,30,32,733,demo/finetune_high_Tg/scored/cond/graphs/batch_0/733.npz
734,[*]Cc1ccc(NC(=O)/C=C/c2ccc(OCCCCCC([*])=O)cc2-c2ccccc2)cc1,34,36,734,demo/finetune_high_Tg/scored/cond/graphs/batch_0/734.npz
736,[*]Oc1ccc(/C=C/c2ccc(OC([*])=O)c(S(=O)(=O)OCCCCCCCCCCCCCC(C)(C)C)c2)cc1,41,42,736,demo/finetune_high_Tg/scored/cond/graphs/batch_0/736.npz
737,[*]OC(=O)c1ccc([Si]([*])(C)C)cc1NC(=O)Oc1ccc(NC(=O)Oc2ccc(-c3ccc(F)cc3)cc2)cc1,41,44,737,demo/finetune_high_Tg/scored/cond/graphs/batch_0/737.npz
738,[*]CCCCOC(=O)OCC(F)(F)C(F)(F)C(F)(F)CO[*],22,21,738,demo/finetune_high_Tg/scored/cond/graphs/batch_0/738.npz
739,[*]CCC(C)NCC1CCN([*])C1C#CCOc1c(C)cc(C#N)cc1C,27,28,739,demo/finetune_high_Tg/scored/cond/graphs/batch_0/739.npz
740,[*]CC([*])(C)C(=O)NCC[Sn](C)(C)CCOC,17,16,740,demo/finetune_high_Tg/scored/cond/graphs/batch_0/740.npz
741,[*]COc1ccc(CN(C)C(=O)CCCOC(=O)c2ccc(NC([*])=O)c(-c3ccc(C)cc3)c2)cc1,37,39,741,demo/finetune_high_Tg/scored/cond/graphs/batch_0/741.npz
742,[*]c1ccc(NC(=O)CCCCCCCCC(=O)N(CCCCCC)c2ccc(NC([*])=O)s2)cc1,36,37,742,demo/finetune_high_Tg/scored/cond/graphs/batch_0/742.npz
743,[*]CC([*])(C)C(=O)Oc1ccc(/N=N/c2cccc(C(C)(C)C)c2)cc1,26,27,743,demo/finetune_high_Tg/scored/cond/graphs/batch_0/743.npz
744,[*]/C=C/CCOC(=O)CCCCCCP(=O)(CCCCCCCCCC(=O)O[*])c1ccccc1,35,35,744,demo/finetune_high_Tg/scored/cond/graphs/batch_0/744.npz
745,[*]C=Cc1ccc(-c2ccc(NC(=O)C3CC(CC([*])=O)CC3)cc2)cc1,27,29,745,demo/finetune_high_Tg/scored/cond/graphs/batch_0/745.npz
746,[*]C/C=C/C=C/P(=O)(O[*])c1cccc(C(=O)NCCN2CCC(C)CC2)c1,28,29,746,demo/finetune_high_Tg/scored/cond/graphs/batch_0/746.npz
747,[*]Oc1ccc(OC(=O)NCc2ccc(C#N)cc2)c(C([*])=O)c1,24,25,747,demo/finetune_high_Tg/scored/cond/graphs/batch_0/747.npz
749,[*]CCCCCCCc1ccc(-c2ccc(N3C(=O)c4cc5c(=O)n([*])c(=O)c5cc4c3=O)cc2)cc1,37,41,749,demo/finetune_high_Tg/scored/cond/graphs/batch_0/749.npz
751,[*]CCCCOc1ccc(CCCCCCCCCCOC(=O)c2ccc(O[*])cc2)cc1,33,34,751,demo/finetune_high_Tg/scored/cond/graphs/batch_0/751.npz
752,[*]C=C(CC)C(=O)C1C(=O)N(C)CC1[*],15,15,752,demo/finetune_high_Tg/scored/cond/graphs/batch_0/752.npz
753,[*]CC([*])(C)C(=O)c1cc(OCCCCCCCC)ccc1-c1ccc(C(C)(C)C)cc1,32,33,753,demo/finetune_high_Tg/scored/cond/graphs/batch_0/753.npz
754,[*]Oc1ccc(C(=O)c2ccc(-c3ccc([*])cc3)cc2OCCCCCCCC)cc1,32,34,754,demo/finetune_high_Tg/scored/cond/graphs/batch_0/754.npz
755,[*]CC([*])(C)C(=O)Oc1ccc(C(O)(CCCC)C(=O)OCCCCCCCCCCOC(=O)c2ccc(OCC)cc2)cc1,45,46,755,demo/finetune_high_Tg/scored/cond/graphs/batch_0/755.npz
756,[*]CC([*])[Se]C(=O)OCCCCNC(=O)/C=N/c1ccc(I)cc1,24,24,756,demo/finetune_high_Tg/scored/cond/graphs/batch_0/756.npz
757,[*]CCCCCCCCOC(=O)NCC#Cc1ccc([*])c(-c2ccccc2)c1CC,31,32,757,demo/finetune_high_Tg/scored/cond/graphs/batch_0/757.npz
758,[*]Oc1ccc(/C(C)=C/c2ccc(OC(=O)C(C#CC)(C)C#CC#CCCCCCCCOC(=O)c3ccc([*])cc3)cc2)cc1,46,48,758,demo/finetune_high_Tg/scored/cond/graphs/batch_0/758.npz
759,[*]CCCCCCOc1ccc(NC(=O)CCC(CC[*])CCCC)cc1,27,27,759,demo/finetune_high_Tg/scored/cond/graphs/batch_0/759.npz
760,[*]NCC(=O)Nc1ccc(C(=O)NNC(=O)c2ccc(OCCCCc3ccc([*])cc3)cc2)cc1,36,38,760,demo/finetune_high_Tg/scored/cond/graphs/batch_0/760.npz
761,[*]CCCCCCOc1ccc(CC(=O)OCCCCCCOc2ccc(N3C(=O)c4ccc([*])cc4C3=O)cc2)cc1,43,46,761,demo/finetune_high_Tg/scored/cond/graphs/batch_0/761.npz
762,[*]Oc1ccc(C(C)(C)c2ccc(OC(=O)CN3C(=O)c4cccc(NC(=O)c5ccc([*])cc5C4=O)c3)cc2C)cc1,43,47,762,demo/finetune_high_Tg/scored/cond/graphs/batch_0/762.npz
763,[*]O[Si]([*])(C)OCCC(=O)OCc1cc(OC)c(C(=O)O)cc1C,24,24,763,demo/finetune_high_Tg/scored/cond/graphs/batch_0/763.npz
764,[*]c1ccc(N(C)C(=O)OCCCCCCCc2ccc(N3C(=O)c4ccc(C([*])=O)cc4C3=O)cc2)cc1,39,42,764,demo/finetune_high_Tg/scored/cond/graphs/batch_0/764.npz
765,[*]CC(C)(C)COC(=O)c1ccc(NC(=O)OCCCCCCCCCCOc2ccc(-c3nnc(C([*])=O)cc3)cc2)cc1,45,47,765,demo/finetune_high_Tg/scored/cond/graphs/batch_0/765.npz
766,[*]C1=CC=C(c2ccc(N(c3ccccc3)c3ccc(C(=O)NCC([*])=O)cc3)cc2)C1C#N,34,37,766,demo/finetune_high_Tg/scored/cond/graphs/batch_0/766.npz
767,[*]C/C=C/CCCCCCCCC(NC(=O)C(CCCCCC)N)C(=O)N[*],28,27,767,demo/finetune_high_Tg/scored/cond/graphs/batch_0/767.npz
768,[*]CN([*])C(=O)OC(C)(CC(C)C)C(F)(F)F,17,16,768,demo/finetune_high_Tg/scored/cond/graphs/batch_0/768.npz
769,[*]Nc1ccc(-c2ccc(NC(=O)NNC([*])=Cc3ccccc3)cc2)cc1OC#N,31,33,769,demo/finetune_high_Tg/scored/cond/graphs/batch_0/769.npz
770,[*]CC([*])(C)C(=O)NC(CCCCC)CCNC(=O)c1ccc2ccccc2c1,29,30,770,demo/finetune_high_Tg/scored/cond/graphs/batch_0/770.npz
771,[*]CNc1ccc(NC(=O)CCCCCCCC(=O)Nc2ccc(OCC(=O)N[*])cc2)cc1,34,35,771,demo/finetune_high_Tg/scored/cond/graphs/batch_0/771.npz
775,[*]CC([*])(C)C(=O)OCCOC(O)COc1ccc([Si](C)(C)OCC)cc1,27,27,775,demo/finetune_high_Tg/scored/cond/graphs/batch_0/775.npz
776,[*]CCCC(C)(C(=O)CCCCNC(=O)NCc1ccc(CCCCCCCC(=O)O[*])cc1)C(=O)OCC(F)(F)F,42,42,776,demo/finetune_high_Tg/scored/cond/graphs/batch_0/776.npz
778,[*]Cc1ccc(NSCCCC(=O)N2CC([*])(C)C2)cc1,21,22,778,demo/finetune_high_Tg/scored/cond/graphs/batch_0/778.npz
779,[*]/C=C/CC(CCCC)(CCCCCC)C(=O)OCCOC(=O)c1ccc(NC(=O)/C=C/c2ccc(N=[*])cc2)cc1,42,43,779,demo/finetune_high_Tg/scored/cond/graphs/batch_0/779.npz
780,[*]CCOCCOCCOc1ccc(/C=C/CCCCNC(=O)c2ccc(/C=C/c3ccc(C(=O)OCCCCCCCCOC([*])=O)cc3)cc2)cc1,54,56,780,demo/finetune_high_Tg/scored/cond/graphs/batch_0/780.npz
781,[*]Cc1ccc(COC(=O)c2ccc(P(=O)(CCC([*])=O)c3ccc(C#N)cc3)cc2)cc1,33,35,781,demo/finetune_high_Tg/scored/cond/graphs/batch_0/781.npz
782,[*]Oc1ccc(C(c2ccc(OC(=O)/C=C/c3ccc(C([*])=O)cc3)cc2)c2cc(C)c(Br)cc2)cc1F,38,41,782,demo/finetune_high_Tg/scored/cond/graphs/batch_0/782.npz
783,[*]CCCCCP(=CN[*])c1cc(OCCCCCCCC)ccc1COCC[N+](=O)[O-],32,32,783,demo/finetune_high_Tg/scored/cond/graphs/batch_0/783.npz
784,[*]CCC(C)(C)C(=[*])Cc1ccc(C(=O)O)cc1,18,18,784,demo/finetune_high_Tg/scored/cond/graphs/batch_0/784.npz
785,[*]CC([*])(C)C(=O)OCCCCc1cc(I)c([N+](=O)[O-])cc1O,23,23,785,demo/finetune_high_Tg/scored/cond/graphs/batch_0/785.npz
786,[*]Oc1cc(OCCOC(=O)Nc2ccc(S(=O)(=O)Oc3ccc(C#N)cc3)cc2)c(NC(=O)c2ccc(C)c(C([*])=O)c2)cc1,46,49,786,demo/finetune_high_Tg/scored/cond/graphs/batch_0/786.npz
789,[*]CC([*])C(=O)Nc1ccc(OC(=O)c2ccc3c(c2)N(CCCCCCCC)C3=O)cc1,33,35,789,demo/finetune_high_Tg/scored/cond/graphs/batch_0/789.npz
790,[*]C/C=C/CCCCNS(=O)(=O)c1ccc(C(=O)Nc2ccc(OCCCCCCCCOc3ccc(N([*])c4ccc(F)cc4)cc3C(F)(F)F)cc2)cc1,56,59,790,demo/finetune_high_Tg/scored/cond/graphs/batch_0/790.npz
791,[*]C#CN(c1ccc([Si](C)(C)C)cc1)Oc1cc([*])c(C)cc1N,24,25,791,demo/finetune_high_Tg/scored/cond/graphs/batch_0/791.npz
792,[*]CC(O)COc1ccc(CC/C=N/c2ccccc2)c(O[*])c1,24,25,792,demo/finetune_high_Tg/scored/cond/graphs/batch_0/792.npz
793,[*]NC1CCC(CCc2ccc(NC(=O)CCCCC([*])=O)cc2)CC1,26,27,793,demo/finetune_high_Tg/scored/cond/graphs/batch_0/793.npz
795,[*]NNC(=O)CCCC(=O)NCC1CCN(C([*])=S)C(=O)N1,22,22,795,demo/finetune_high_Tg/scored/cond/graphs/batch_0/795.npz
796,[*]CCCCCCCCCCOc1ccc(C(C)(C)c2ccc([*])cc2)c(C)c1C,30,31,796,demo/finetune_high_Tg/scored/cond/graphs/batch_0/796.npz
798,[*]CCCCCOc1ccc(/C=C/c2ccc(OC(=O)CCCCC([*])CC)cc2)cc1,32,33,798,demo/finetune_high_Tg/scored/cond/graphs/batch_0/798.npz
799,[*]CC([*])(C)C(=O)OCCCCCCCCCCN1CC1(C)CC,24,24,799,demo/finetune_high_Tg/scored/cond/graphs/batch_0/799.npz
800,[*]CC(C)(C)C(=O)Nc1ccc(C(=O)c2cc(Nc3ccc([*])cc3)cc(C)c2)cc1,31,33,800,demo/finetune_high_Tg/scored/cond/graphs/batch_0/800.npz
801,[*]NNC(=O)c1ccc(OC(=O)c2ccc3c(c2)C(=O)N(C([*])=O)C3=O)c(S(=O)(=O)OCCCCCCCCCCCCCC)c1SC(=O)O,50,52,801,demo/finetune_high_Tg/scored/cond/graphs/batch_0/801.npz
802,[*]N=NC(C)CCCNC(=O)C(Cc1ccc([Si]([*])(=O)=O)cc1)Oc1ccc2cc(OC(=O)NC(=O)C(F)(F)F)ccc2c1,44,46,802,demo/finetune_high_Tg/scored/cond/graphs/batch_0/802.npz
803,[*]OC(=O)c1ccccc1C(=O)Nc1ccc(OCCCc2ccc(-c3c(C([*])=O)cc(S(=O)(=O)CCCC)cc3)cc2)cc1,45,48,803,demo/finetune_high_Tg/scored/cond/graphs/batch_0/803.npz
804,[*]CC([*])C(=O)Nc1cc(S(=O)(=O)O)ccc1-c1cccc2ccccc12,27,29,804,demo/finetune_high_Tg/scored/cond/graphs/batch_0/804.npz
805,[*]C=C[Si](C)(C)CCCCC(=O)Nc1ccc(NC(=O)O[*])cc1,24,24,805,demo/finetune_high_Tg/scored/cond/graphs/batch_0/805.npz
806,[*]Sc1ccc(/N=C/c2cc(C)c(OC([*])=O)cc2)cc1OC,23,24,806,demo/finetune_high_Tg/scored/cond/graphs/batch_0/806.npz
807,[*]CCCCC([*])[Si](C)(C)C(=O)OCc1c(Cl)cccc1N,22,22,807,demo/finetune_high_Tg/scored/cond/graphs/batch_0/807.npz
808,[*]C(=O)c1ccc(Oc2ccc(N3C(=O)C(=O)N(c4ccc(Sc5ccc(C([*])=O)cc5)cc4)C3=O)cc2)cc1,40,44,808,demo/finetune_high_Tg/scored/cond/graphs/batch_0/808.npz
809,[*]CC(Oc1ccc(C(C)(C)c2ccc(OCc3ccc(O[*])cc3)cc2)cc1)c1cccc(C(=O)OCCCCCC(F)(F)F)c1C#N,49,52,809,demo/finetune_high_Tg/scored/cond/graphs/batch_0/809.npz
810,[*]/C=C/CCOC(=O)c1ccc(/C=N/c2ccc(S(=O)(=O)NSCCCCCCCO)cc2)cc1[*],36,37,810,demo/finetune_high_Tg/scored/cond/graphs/batch_0/810.npz
812,[*]c1cc([*])cc(-c2ccc([Si](C)(C)O[Si](C)(C)c3ccc(F)cc3)cc2)c1,28,30,812,demo/finetune_high_Tg/scored/cond/graphs/batch_0/812.npz
813,[*]NC(C#N)C(=O)Oc1ccc([Si](C)(C)c2ccc(NC(=O)CCCN([*])CC)cc2)cc1,33,34,813,demo/finetune_high_Tg/scored/cond/graphs/batch_0/813.npz
814,[*]Oc1ccc(OC(=O)c2ccccc2Oc2ccc(S(=O)(=O)N(C)c3ccc(NC(=O)Nc4nnc([*])[nH]4)cc3)cc2)cc1,45,49,814,demo/finetune_high_Tg/scored/cond/graphs/batch_0/814.npz
815,[*]CC([*])(CBr)C(=O)COc1cccc(-c2cc(C)c(C)cc2)c1,24,25,815,demo/finetune_high_Tg/scored/cond/graphs/batch_0/815.npz
816,[*]OCC(O)COC(=O)/C=C/c1ccc(-c2ccc(C(=O)OCCCCC[N+](C)C[*])cc2)cc1,35,36,816,demo/finetune_high_Tg/scored/cond/graphs/batch_0/816.npz
817,[*]CC([*])(C)c1ccc(-c2cc(C)ccc2)c([PH](=O)(O)O)c1,22,23,817,demo/finetune_high_Tg/scored/cond/graphs/batch_0/817.npz
818,[*]Nc1ccc(CCCCCC(C)CC)c(NC(=O)c2ccc(C(=[*])c3ccc([N+](=O)[O-])cc3)cc2)c1,37,39,818,demo/finetune_high_Tg/scored/cond/graphs/batch_0/818.npz
819,[*]C#CCOCC(=O)NNC(=O)c1cccc(C(=O)OCCOC(=O)c2ccc([N+](=O)[O-])cc2)c1[*],36,37,819,demo/finetune_high_Tg/scored/cond/graphs/batch_0/819.npz
820,[*]C#CC(C)(C)CCCCCCCCCCCCOC(=O)c1ccc(C(=S)NCCCCCC[*])cc1,37,37,820,demo/finetune_high_Tg/scored/cond/graphs/batch_0/820.npz
821,[*]c1ccc([Si](C)(C)CC(F)(F)C(F)(F)C(F)(F)C(F)(F)CN(CC)Oc2ccc([*])cc2)cc1,35,36,821,demo/finetune_high_Tg/scored/cond/graphs/batch_0/821.npz
822,[*]CC(CCC(=O)c1ccc(N([*])C)c(-c2ccccc2)c1)c1ccc(Cl)cc1,29,31,822,demo/finetune_high_Tg/scored/cond/graphs/batch_0/822.npz
823,[*]C(=O)Nc1cc(OCC(CC)CC)c([*])cc1Br,19,19,823,demo/finetune_high_Tg/scored/cond/graphs/batch_0/823.npz
824,[*]C(=O)c1ccc(Oc2ccc(C(NC(=O)c3cccc(C([*])=O)c3)C(F)(F)C(F)(F)F)cc2)cc1,36,38,824,demo/finetune_high_Tg/scored/cond/graphs/batch_0/824.npz
826,[*]c1cccc(C(F)(F)C(F)(F)C(F)(F)C(=O)Nc2c(C)cc([*])cc2CCCCCCC)c1,34,35,826,demo/finetune_high_Tg/scored/cond/graphs/batch_0/826.npz
827,[*]CC(CCCCOc1ccc(CC(=O)Oc2ccc(O[*])cc2)cc1)OC(C)C,30,31,827,demo/finetune_high_Tg/scored/cond/graphs/batch_0/827.npz
828,[*]COC(=O)C(CCC)S(=O)(=O)c1ccc(C(C)(C)c2ccc(N3C(=O)N([*])CC3=O)cc2)cc1,35,37,828,demo/finetune_high_Tg/scored/cond/graphs/batch_0/828.npz
829,[*]CCCCCN(C)C(=O)CCCCCCCC(=O)Nc1ccc(C/C=C/C(=O)c2ccc([*])o2)cc1,37,38,829,demo/finetune_high_Tg/scored/cond/graphs/batch_0/829.npz
830,[*]C[Si]([*])(C)CCCCCCc1ccccc1CNNC(=O)c1cc([PH](=O)[O-])cc(S(=O)(=O)CC)c1,36,37,830,demo/finetune_high_Tg/scored/cond/graphs/batch_0/830.npz
831,[*]CNC(=O)c1ccc([Si](C)(C)CCCCN2CCN(C([*])c3ccc(CC)cc3)CC2)cc1,34,36,831,demo/finetune_high_Tg/scored/cond/graphs/batch_0/831.npz
832,[*]Cc1ccccc1C(=O)OCCCCCCCCCCOc1ccc(C(c2ccc(O[*])cc2)C(F)(F)F)cc1,41,43,832,demo/finetune_high_Tg/scored/cond/graphs/batch_0/832.npz
833,[*]/C=C/c1ccc(CCCCCCNC([*])=O)cc1,19,19,833,demo/finetune_high_Tg/scored/cond/graphs/batch_0/833.npz
834,[*]Nc1ccc(OC(=O)c2ccc(CC(C)(C)C)cc2)cc1OC([*])=O,26,27,834,demo/finetune_high_Tg/scored/cond/graphs/batch_0/834.npz
835,[*]Nc1ccc(OCCCCCCOCC(=O)N(C)c2ccc([Si]([*])(C)c3ccccc3)cc2)cc1,36,38,835,demo/finetune_high_Tg/scored/cond/graphs/batch_0/835.npz
836,[*]SC(=O)Nc1cc(Cl)ccc1CCC(=O)OC([*])=O,20,20,836,demo/finetune_high_Tg/scored/cond/graphs/batch_0/836.npz
837,[*]CCCCCCCC(=O)Nc1ccc(OC(=O)N(CSCCOCCOC)C(=O)NC([*])=O)cc1,36,36,837,demo/finetune_high_Tg/scored/cond/graphs/batch_0/837.npz
838,[*]CCCCCCNC(=O)c1ccc(C(=O)N[*])cc1S(=O)(=O)CCCCCSCCSSCCCCCCN,40,40,838,demo/finetune_high_Tg/scored/cond/graphs/batch_0/838.npz
839,[*]C(=O)NNC([*])(c1ccccc1)OCC[Si](C)(C)CCCC,23,23,839,demo/finetune_high_Tg/scored/cond/graphs/batch_0/839.npz
840,[*]COC(=O)c1ccc(CC(=O)Nc2ccc(S(=O)(=O)OCCOc3ccc(C=[*])cc3)cc2)cc1,36,38,840,demo/finetune_high_Tg/scored/cond/graphs/batch_0/840.npz
841,[*]CC([*])C(=S)NCCCCc1ccccc1OCC([2H])=O,22,22,841,demo/finetune_high_Tg/scored/cond/graphs/batch_0/841.npz
842,[*]CC([*])(C)NC(=O)CCCCCCCCCS(=O)(=O)c1ccc(OC)cc1,28,28,842,demo/finetune_high_Tg/scored/cond/graphs/batch_0/842.npz
843,[*]CC(CC(C)(C)c1ccc([*])cc1)OS(=O)(=O)CCCCCO,24,24,843,demo/finetune_high_Tg/scored/cond/graphs/batch_0/843.npz
844,[*]CCOC(=O)c1ccc(NC(=O)OCCCCCCNC(=O)CNc2ccccc2C([*])=O)cc1,36,37,844,demo/finetune_high_Tg/scored/cond/graphs/batch_0/844.npz
846,[*]Oc1cc(C(F)(F)F)ccc1Oc1ccc(-c2ccc(CCCCCCCCC)cc2[*])cc1,35,37,846,demo/finetune_high_Tg/scored/cond/graphs/batch_0/846.npz
847,[*]CC([*])(C)C(=O)NCCCc1ccnc(C(=O)OCCC)c1,23,23,847,demo/finetune_high_Tg/scored/cond/graphs/batch_0/847.npz
848,[*]CC(C)(C)C(=O)OC[Si]1c2cc([*])c(C(=O)OCCCCCCCC)cc21,28,29,848,demo/finetune_high_Tg/scored/cond/graphs/batch_0/848.npz
849,[*]/C=C/C(=O)Nc1ccc(C#Cc2ccc(NC(=O)c3ccc([*])s3)cc2)cc1,29,31,849,demo/finetune_high_Tg/scored/cond/graphs/batch_0/849.npz
850,[*]CC(C)CCCOCCCCCCCCCP(=O)(CCCCCCCCC)C(=O)N(C)c1ccc(C([*])=O)cc1,41,41,850,demo/finetune_high_Tg/scored/cond/graphs/batch_0/850.npz
851,[*]CC(CCCC)COC(=O)CCCCCCCCOc1ccc(/C=N/c2ccc(OCCCC)cc2)cc1,39,40,851,demo/finetune_high_Tg/scored/cond/graphs/batch_0/851.npz
852,[*]CCCCOS(=O)(=O)c1cc(C(=O)NC(=O)C([*])=O)ccc1O,24,24,852,demo/finetune_high_Tg/scored/cond/graphs/batch_0/852.npz
853,[*]CCCCCc1ccc(C(=O)OCCCCCCN2C(=O)CC(=O)N([*])C(=O)C2C)cc1,33,34,853,demo/finetune_high_Tg/scored/cond/graphs/batch_0/853.npz
854,[*]c1ccc(OCCOCCOc2ccc(S(=O)(=O)c3ccc(N(C)CC)cc3)cc2[*])cc1,34,36,854,demo/finetune_high_Tg/scored/cond/graphs/batch_0/854.npz
855,[*]Sc1ccc(Oc2ccc(/C=C/c3cccc([PH]([*])=O)c3)cc2)cc1,26,28,855,demo/finetune_high_Tg/scored/cond/graphs/batch_0/855.npz
856,[*]O[Si](C)(C)C(F)(F)C(F)(F)C(Oc1ccc(C(=O)Nc2ccc(OC)cc2)cc1)C1([*])OCC1,35,37,856,demo/finetune_high_Tg/scored/cond/graphs/batch_0/856.npz
857,[*]CC(=O)NCCCCCCCCC(=O)NC[Si](C)(C)CCNC(=O)c1ccc(C[*])cc1,33,33,857,demo/finetune_high_Tg/scored/cond/graphs/batch_0/857.npz
858,[*]CCCCCOc1ccc(N2C(=O)c3ccc(C([*])(CBr)C)cc3C2=O)cc1,29,31,858,demo/finetune_high_Tg/scored/cond/graphs/batch_0/858.npz
859,[*]NC1CCC(CN(C)C(=O)c2ccc(C([*])=O)cc2)C1(C)C,23,24,859,demo/finetune_high_Tg/scored/cond/graphs/batch_0/859.npz
860,[*]CC(CI)(/C=C/c1ccc(O[*])cc1)OCCCCCCCCCCC(F)(F)F,30,30,860,demo/finetune_high_Tg/scored/cond/graphs/batch_0/860.npz
861,[*]C(=O)CCCCCCCCNC(=O)c1c([*])cc([2H])cc1C,23,23,861,demo/finetune_high_Tg/scored/cond/graphs/batch_0/861.npz
862,[*]Cc1ccc(OC(=O)c2ccccc2Oc2cc(OCC)c(/C=C/[Si](C)(C)Nc3ccc(O[*])cc3)c(NC(=O)OC)c2)cc1,46,49,862,demo/finetune_high_Tg/scored/cond/graphs/batch_0/862.npz
863,[*]/C=C/c1ccc(OCCCCCOC(=O)c2ccc(/N=C/c3ccc(OC(=O)Nc4ccc(C)cc4)cc3)c(NC(=O)O[*])c2)cc1,48,51,863,demo/finetune_high_Tg/scored/cond/graphs/batch_0/863.npz
864,[*]CCCCCCCCCC(=O)Oc1cc(CCOC(=O)O[*])cc(O[Si](C)(C)C)c1Cl,32,32,864,demo/finetune_high_Tg/scored/cond/graphs/batch_0/864.npz
865,[*]Oc1ccc(C(CC)(CCCCCC)c2ccc(OC(=O)NCC(C)CC)c(O[*])c2)cc1,34,35,865,demo/finetune_high_Tg/scored/cond/graphs/batch_0/865.npz
866,[*]CC#CCOc1c(C(C)(C)c2ccc(C)cc2)cc([*])cc1[PH](=O)=O,26,27,866,demo/finetune_high_Tg/scored/cond/graphs/batch_0/866.npz
867,[*]NC1CCCCCCCCC(C(=O)NNC(=O)c2c(C)cc([*])cc2C)C1C(C)(C)C,32,33,867,demo/finetune_high_Tg/scored/cond/graphs/batch_0/867.npz
868,[*]NC(C)C(=O)NCCCCCCC[Si](C)(C#N)c1ccc(C[*])cc1,26,26,868,demo/finetune_high_Tg/scored/cond/graphs/batch_0/868.npz
869,[*]CCCCCCC(C)(C)c1ccc(/C=C/c2ccc(C(=O)OCc3ccc([*])o3)cc2)cc1CSC(=O)c1ccc(C)cc1,45,48,869,demo/finetune_high_Tg/scored/cond/graphs/batch_0/869.npz
870,[*]Oc1ccc(NC(=O)c2ccc(OCCCCCCC(=O)Oc3ccc(C([*])=O)cc3)cc2)cc1,36,38,870,demo/finetune_high_Tg/scored/cond/graphs/batch_0/870.npz
871,[*]/C=N/c1ccc(Oc2ccc(-c3ccc(SC(=O)c4ccccc4C(=O)O[*])cc3C(F)(F)F)cc2)cc1,39,42,871,demo/finetune_high_Tg/scored/cond/graphs/batch_0/871.npz
872,[*]Nc1ccc(NC(=O)c2ccc(C(=O)OCCCCOC([*])(CC)COc3ccc([N+](=O)[O-])cc3)cc2)cc1,40,42,872,demo/finetune_high_Tg/scored/cond/graphs/batch_0/872.npz
873,[*]Oc1ccc(/N=C/C(=O)c2ccc(OC(=O)c3ccc([*])cc3)cc2OC(F)(F)F)c(S)c1,34,36,873,demo/finetune_high_Tg/scored/cond/graphs/batch_0/873.npz
874,[*]CC(O)c1ccc(C2(c3ccc(OC(=O)CCCCCC(C)CCC)cc3C)CCC2[*])cc1,35,37,874,demo/finetune_high_Tg/scored/cond/graphs/batch_0/874.npz
875,[*]NC1CCCC(CNC(=O)CCCCCCCCSCCCCC(=O)N[*])C1,29,29,875,demo/finetune_high_Tg/scored/cond/graphs/batch_0/875.npz
876,[*]/C=C/CC[Si]([*])(C)c1ccc(CCCC(=O)Nc2ccc(Oc3ccc(N(C)CCCC)cc3)cc2)cc1,39,41,876,demo/finetune_high_Tg/scored/cond/graphs/batch_0/876.npz
877,[*]N=Nc1ccc(-c2ccc(N3C(=O)c4ccc(C([*])=O)cc4C3=O)cc2)c(CC)c1,31,34,877,demo/finetune_high_Tg/scored/cond/graphs/batch_0/877.npz
878,[*]CCCCCOC(=O)CSCCCCCCCCCCC(=O)Nc1ccc(O[*])cc1,32,32,878,demo/finetune_high_Tg/scored/cond/graphs/batch_0/878.npz
879,[*]/C(C)=C/c1ccc(OCCCCOc2ccc(O[Si]([*])(C)CC)cc2)c(C)c1,29,30,879,demo/finetune_high_Tg/scored/cond/graphs/batch_0/879.npz
880,[*]C=C([*])COC1CCCCCCCCC(=O)N(c2ccc(C(=O)OCC)cc2)CC1,31,32,880,demo/finetune_high_Tg/scored/cond/graphs/batch_0/880.npz
881,[*]/C=C/[Si](C)(C)CCCCCCCCCCCCNC(=O)c1ccc(O[*])c(O)c1,30,30,881,demo/finetune_high_Tg/scored/cond/graphs/batch_0/881.npz
882,[*]Cc1ccc2c(c1)C(=O)N(c1ccc(CC(=O)CCCCCCCCN3C(=O)c4ccc([*])cc4C3=O)cc1)C2=O,42,46,882,demo/finetune_high_Tg/scored/cond/graphs/batch_0/882.npz
883,[*]CCC(COCCCCCC)C([*])S(=O)(=O)Cl,18,17,883,demo/finetune_high_Tg/scored/cond/graphs/batch_0/883.npz
884,[*]Nc1cc(NC(=O)[PH]([*])(C)c2ccc(-c3ccccc3)cc2)ccc1CCCCCCC,33,35,884,demo/finetune_high_Tg/scored/cond/graphs/batch_0/884.npz
885,[*]C(=O)NC=C([*])CN1C(=O)c2ccc(F)cc2C(=O)OC1OCC,25,26,885,demo/finetune_high_Tg/scored/cond/graphs/batch_0/885.npz
886,[*]CC(CCOc1ccc(/C=C/c2ccc(O[*])c(C(=O)OCc3ccccc3)c2)cc1)c1ccccc1,38,41,886,demo/finetune_high_Tg/scored/cond/graphs/batch_0/886.npz
887,[*]CC([*])(CC#N)NC(=O)Oc1ccc(N2CCCC(CCCCCCCCCCC)C2)cc1,34,35,887,demo/finetune_high_Tg/scored/cond/graphs/batch_0/887.npz
888,[*]CCOC(=O)NC(C)CCCCC(=O)Oc1cccc(Oc2ccc(-c3ccc(C(=O)N([*])S(=O)(=O)O)cc3)cc2)c1,43,45,888,demo/finetune_high_Tg/scored/cond/graphs/batch_0/888.npz
890,[*][Si](=O)(Oc1ccc(C(C)(C)C)c(N([*])c2ccccc2)c1)c1ccccc1Br,29,31,890,demo/finetune_high_Tg/scored/cond/graphs/batch_0/890.npz
891,[*]CCCCCCCSC(=[*])CCc1ccc([N+](=O)[O-])cc1,22,22,891,demo/finetune_high_Tg/scored/cond/graphs/batch_0/891.npz
892,[*]C(NC(=O)c1ccc(C(=O)OC(=O)CCl)c(O[*])c1)c1ccccc1,26,27,892,demo/finetune_high_Tg/scored/cond/graphs/batch_0/892.npz
893,[*]CCCc1ccc(NC(=O)CCCCCCC(F)(F)C(F)(F)c2ccc(OC([*])=O)cc2)cc1,35,36,893,demo/finetune_high_Tg/scored/cond/graphs/batch_0/893.npz
894,[*]CCCC(F)(F)C(F)(F)c1ccc(C(=O)NCCCCNC(=O)c2ccc([*])cc2Oc2ccccc2)cc1,40,42,894,demo/finetune_high_Tg/scored/cond/graphs/batch_0/894.npz
895,[*]Nc1ccc(C(c2ccc(-c3ccc(NC(=O)c4ccc(C([*])=O)cc4)cc3)cc2)(CC(C)(C)C)C(=O)Nc2ccc(O[Na])cc2)cc1,49,53,895,demo/finetune_high_Tg/scored/cond/graphs/batch_0/895.npz
896,[*]Oc1ccc(C(C)(c2ccc(OC(=O)c3cc(N4C(=O)c5ccccc5C4=O)cc(O[*])c3)cc2)C(F)(F)F)cc1,42,46,896,demo/finetune_high_Tg/scored/cond/graphs/batch_0/896.npz
898,[*]CC(COc1ccc(/C=N/[Si](C)(C)c2ccccc2)cc1)C(=O)NC(=O)c1ccc([*])cc1,34,36,898,demo/finetune_high_Tg/scored/cond/graphs/batch_0/898.npz
899,[*]C(=O)c1ccc(C(=O)Oc2ccc(C(OCCCCCCC)N(C)C([*])=O)cc2)c(C)c1,33,34,899,demo/finetune_high_Tg/scored/cond/graphs/batch_0/899.npz
901,[*]Cc1ccccc1CC#CC(SC(F)(F)F)C([*])(F)F,21,21,901,demo/finetune_high_Tg/scored/cond/graphs/batch_0/901.npz
903,[*]CC(CC(C)C)P(=O)(Cl)OC(=O)c1ccc(C([*])=C)cc1,22,22,903,demo/finetune_high_Tg/scored/cond/graphs/batch_0/903.npz
904,[*]/C(=C\c1ccc([*])cc1)Nc1ccccc1,17,18,904,demo/finetune_high_Tg/scored/cond/graphs/batch_0/904.npz
905,[*]CCCC(=O)NCCNC(=O)/C=C(/[*])C1CCC1(C)C,21,21,905,demo/finetune_high_Tg/scored/cond/graphs/batch_0/905.npz
906,[*]/C=C(/[*])CCCCCNc1cccc(C(=O)O[Si](C)(C)C#N)c1,24,24,906,demo/finetune_high_Tg/scored/cond/graphs/batch_0/906.npz
907,[*]C(CCC(=O)OCC(C)C)C(=O)OC1CCCCCCNC(=O)C1C(=O)Nc1ccc(C([*])=O)cc1,37,38,907,demo/finetune_high_Tg/scored/cond/graphs/batch_0/907.npz
908,[*]Oc1ccc(/C=N/c2ccc(C(=O)Nc3ccc(OC(=O)c4ccc([*])cc4)cc3)cc2)cc1C,36,39,908,demo/finetune_high_Tg/scored/cond/graphs/batch_0/908.npz
909,[*]Oc1ccc(CC(F)(F)C(F)(F)c2ccc(OC(=O)CCCCCN([*])OC(C)(C)C)cc2C)cc1,37,38,909,demo/finetune_high_Tg/scored/cond/graphs/batch_0/909.npz
910,[*]CCCCSCCCc1ccc(OCC(CC)C(=O)O[*])cc1,24,24,910,demo/finetune_high_Tg/scored/cond/graphs/batch_0/910.npz
911,[*]CCCCOc1ccc(C(C#C)C(=O)NC(=O)c2ccc([*])cc2)cc1,27,28,911,demo/finetune_high_Tg/scored/cond/graphs/batch_0/911.npz
912,[*]C#CC[N+](C)(C)CCCCCCCNC(=O)C/C=C/[Si](C(=[*])NC)c1ccc(F)cc1,32,32,912,demo/finetune_high_Tg/scored/cond/graphs/batch_0/912.npz
913,[*]C#Cc1ccc(CCCCCCCNC(=O)c2ccc(N=C(O)COc3ccc(C(=O)Nc4ccc(C([*])=O)cc4)cc3)cc2)c(O)c1,49,52,913,demo/finetune_high_Tg/scored/cond/graphs/batch_0/913.npz
914,[*]OC(CC)CCCOC(=O)Oc1c(C(C)(C)C)cc([*])cc1CC(C)C,27,27,914,demo/finetune_high_Tg/scored/cond/graphs/batch_0/914.npz
915,[*]CC(O)COc1ccc(N(c2ccccc2)c2ccc(S(=O)(=O)c3ccc(OC(=O)c4ccc(C([*])=O)cc4)cc3)cc2)cc1,46,50,915,demo/finetune_high_Tg/scored/cond/graphs/batch_0/915.npz
918,[*]CCCCCCOc1ccc(C)c(NC(=O)CCCCCCC(=O)NCCCCCCOc2ccc(C([*])=O)cc2)c1,43,44,918,demo/finetune_high_Tg/scored/cond/graphs/batch_0/918.npz
919,[*]CCCCOC(=O)c1ccccc1Oc1ccc(OCCCCCOc2ccc(/C=N/c3ccc(C([*])=O)cc3)cc2)cc1,45,48,919,demo/finetune_high_Tg/scored/cond/graphs/batch_0/919.npz
920,[*]CSCOC(=O)c1cc(CC)ccc1C([*])=O,18,18,920,demo/finetune_high_Tg/scored/cond/graphs/batch_0/920.npz
921,[*]CCCCCc1ncccc1OC(=O)C(C)S[*],19,19,921,demo/finetune_high_Tg/scored/cond/graphs/batch_0/921.npz
922,[*]O[Si](C)(C)CCCCCCCOC(=O)NCC(C)CCCCC1CCC(NC(=O)O[*])CC1,34,34,922,demo/finetune_high_Tg/scored/cond/graphs/batch_0/922.npz
923,[*]CCCOc1ccc(S(=O)(=O)c2ccc(OC)cc2)c(C(=O)OC(=O)CCCCC(=O)O[*])c1,35,36,923,demo/finetune_high_Tg/scored/cond/graphs/batch_0/923.npz
924,[*]CCCCCCP(C)(=O)c1ccc(/C=C/CCCCCCCCCC(=O)OC(=O)O[*])cc1,34,34,924,demo/finetune_high_Tg/scored/cond/graphs/batch_0/924.npz
925,[*]O[Si]([*])(C)CCCCCCOc1ccc(/C=C/c2ccc(C#C)c(OC(=O)CCCCCCCCCCCCCCC(CC)(CC)CC)c2)cc1,52,53,925,demo/finetune_high_Tg/scored/cond/graphs/batch_0/925.npz
926,[*]Oc1ccc(NC(=O)C(C)(C)C(Sc2ccc(F)cc2)C(F)(F)F)c(C([*])=O)c1,30,31,926,demo/finetune_high_Tg/scored/cond/graphs/batch_0/926.npz
927,[*]CC(C)(C)CCCOc1ccc(CCCCCC(=O)Nc2ccc(N(C)/C=N/c3ccc(N[*])cc3)cc2)cc1,41,43,927,demo/finetune_high_Tg/scored/cond/graphs/batch_0/927.npz
928,[*]CC(CCCCCCOc1ccc([*])cc1)COC(=O)/C=C/CCCO,27,27,928,demo/finetune_high_Tg/scored/cond/graphs/batch_0/928.npz
929,[*]Cc1ccc(S(=O)(=O)c2ccc(OC(=O)CCCCc3ccc(C([*])=O)cc3)cc2)c(OC)c1,35,37,929,demo/finetune_high_Tg/scored/cond/graphs/batch_0/929.npz
930,[*]CCCCCCCCC(=O)Nc1ccc(Oc2ccc(CC)c(C(=O)O[*])c2)cc1,31,32,930,demo/finetune_high_Tg/scored/cond/graphs/batch_0/930.npz
932,[*]C#Cc1cc(OC(=O)c2ccccc2NC([*])=O)cc(S(=O)(=O)OC)c1CC,29,30,932,demo/finetune_high_Tg/scored/cond/graphs/batch_0/932.npz
933,[*]Nc1ccc(C(=O)c2ccc(OC(=O)c3ccc(/N=C/c4ccc(CSCC(=O)O[Na])cc4[*])cc3)cc2)cc1,41,44,933,demo/finetune_high_Tg/scored/cond/graphs/batch_0/933.npz
934,[*]COc1ccc(NC(=O)c2cc(C(=O)NC(=O)c3ccc(C([*])=O)cc3)ccc2Cl)cc1,33,35,934,demo/finetune_high_Tg/scored/cond/graphs/batch_0/934.npz
935,[*]CC(O)COc1ccc(C(c2ccc(OC(C)=O)cc2)C(=O)OCC)c(N[*])c1,30,31,935,demo/finetune_high_Tg/scored/cond/graphs/batch_0/935.npz
936,[*]CCOCCOC(=O)CC(C)(CCCCCCCc1ccc(NC(=O)NCCOC([*])=O)cc1)C(C)C,38,38,936,demo/finetune_high_Tg/scored/cond/graphs/batch_0/936.npz
937,[*]Oc1ccc(C(=O)c2ccc(-c3ccc(Oc4ccc(/N=C(/[*])c5ccccc5)cc4)cc3)cc2)c(OC(=O)CCCCC(C)=O)c1,48,52,937,demo/finetune_high_Tg/scored/cond/graphs/batch_0/937.npz
938,[*]CCCCC(=O)NC1CCC(CCCCCCCNC(=O)N([*])CC(=O)CN)CC1,31,31,938,demo/finetune_high_Tg/scored/cond/graphs/batch_0/938.npz
939,[*]CCC(=O)OCCCCCCOC(=O)C1CC1C(=[*])NCC,23,23,939,demo/finetune_high_Tg/scored/cond/graphs/batch_0/939.npz
940,[*]CCOCCOc1ccc(C(=O)c2cccc(OC(=O)c3ccc(OCCCCCCCCCCCCCCC)cc3)c2)cc1[*],47,49,940,demo/finetune_high_Tg/scored/cond/graphs/batch_0/940.npz
941,[*]OC(=O)CCCCCCCCNC(=O)c1cccc(CNC(=O)C([*])=O)c1,28,28,941,demo/finetune_high_Tg/scored/cond/graphs/batch_0/941.npz
942,[*]CCOC(=O)c1ccc(NC(=O)C(CCC(=O)O[*])c2ccccc2)cc1,28,29,942,demo/finetune_high_Tg/scored/cond/graphs/batch_0/942.npz
943,[*]Oc1ccc(C(I)=C(N)Cc2ccc(OC(=O)CC([*])=O)cc2)cc1,26,27,943,demo/finetune_high_Tg/scored/cond/graphs/batch_0/943.npz
944,[*]CCCC(C)(C)CNC(=O)CCCCCCCCC(=O)NCCSC(=O)O[*],29,28,944,demo/finetune_high_Tg/scored/cond/graphs/batch_0/944.npz
945,[*]CC(C)(CCCCC)N([*])C(=O)OC(C)OC(C)(C)C,21,20,945,demo/finetune_high_Tg/scored/cond/graphs/batch_0/945.npz
946,[*]C=C(Cc1ccccc1)C(=O)NC(C)(C)CC(=O)N[*],21,21,946,demo/finetune_high_Tg/scored/cond/graphs/batch_0/946.npz
948,[*]Cc1ccc(C([*])COC(=O)c2ccc(OCCCCCO)cc2)c(CC)c1,29,30,948,demo/finetune_high_Tg/scored/cond/graphs/batch_0/948.npz
949,[*]Cc1ccc(OC(=O)c2ccccc2C(=O)OCCCCCCCCOc2ccc(-c3nnc([*])o3)cc2)o1,40,43,949,demo/finetune_high_Tg/scored/cond/graphs/batch_0/949.npz
950,[*]c1ccc(N2C(=O)CCCCC(C)(C(=O)Nc3ccc(C(=O)c4ccc([*])cc4)cc3)C2=O)cc1,36,39,950,demo/finetune_high_Tg/scored/cond/graphs/batch_0/950.npz
951,[*]C[Si](C)(C)CCC=C(CCC(C#N)=O)c1cccc([*])c1,22,22,951,demo/finetune_high_Tg/scored/cond/graphs/batch_0/951.npz
952,[*]CC(CCCCCC(F)(F)F)C(F)(F)OC(=O)OCCN([*])CC,25,24,952,demo/finetune_high_Tg/scored/cond/graphs/batch_0/952.npz
953,[*]Oc1ccc(C(C)(C)c2ccc(OCC([*])O[Si](C)(C)CCCC)cc2)cc1,29,30,953,demo/finetune_high_Tg/scored/cond/graphs/batch_0/953.npz
954,[*]CC1CC(COC(=O)Nc2ccc(Sc3ccc(OCCOCCOC(=O)c4ccc([*])cc4)cc3)cc2)C(=O)C1,42,45,954,demo/finetune_high_Tg/scored/cond/graphs/batch_0/954.npz
955,[*]Oc1cc(CCCCCCCC)ccc1NC(=O)OCC(C)(C)C([*])=O,27,27,955,demo/finetune_high_Tg/scored/cond/graphs/batch_0/955.npz
956,[*]/N=N/c1cccc(N2C(=O)c3ccc(C(=[*])c4ccccc4)cc3C2=O)c1N,29,32,956,demo/finetune_high_Tg/scored/cond/graphs/batch_0/956.npz
957,[*]/C=C/c1ccc(N2C(=O)CC(CCc3ccc([*])cc3)NC2=O)cc1,26,28,957,demo/finetune_high_Tg/scored/cond/graphs/batch_0/957.npz
958,[*]Nc1ccc(C)c(-c2ccc(N3C(=O)c4ccc(C(=O)c5ccc([*])cc5)cc4C3=O)cc2OCCC)c1,39,43,958,demo/finetune_high_Tg/scored/cond/graphs/batch_0/958.npz
959,[*][Si]([*])(C)CCCCCCCC(C)C,14,13,959,demo/finetune_high_Tg/scored/cond/graphs/batch_0/959.npz
960,[*]CC([*])(C)C(=O)OC[Ge](C)CCCNC(=O)c1cc(C(F)(F)F)c(O)cc1,28,28,960,demo/finetune_high_Tg/scored/cond/graphs/batch_0/960.npz
961,[*]CC([*])C(=O)OC(C)Cc1ccccc1NCCCCC,22,22,961,demo/finetune_high_Tg/scored/cond/graphs/batch_0/961.npz
962,[*]Oc1ccc(CN2CCC(NC(=O)c3ccc(C([*])=O)cc3)C(=O)c3ccccc3C2=O)cc1,35,38,962,demo/finetune_high_Tg/scored/cond/graphs/batch_0/962.npz
963,[*]CC([*])(C)C(=O)Oc1ccc(OC(=O)c2ccc3c(c2)C(=O)N(c2ccc(C)cc2)C3=O)cc1,35,38,963,demo/finetune_high_Tg/scored/cond/graphs/batch_0/963.npz
964,[*]Nc1c(C)cc(C(=O)N[*])c(O)c1OCC(=O)OCCCCCCCCCCCC,31,31,964,demo/finetune_high_Tg/scored/cond/graphs/batch_0/964.npz
966,[*]CC([*])(C)COc1ccc(C(=O)C(C)CCCC)cc1,21,21,966,demo/finetune_high_Tg/scored/cond/graphs/batch_0/966.npz
967,[*]C[PH](C)(C#C)c1ccc(C(=O)Oc2cc([*])c(CSC(=O)OCC(F)(F)F)cc2)c(-c2ccccc2)c1,38,40,967,demo/finetune_high_Tg/scored/cond/graphs/batch_0/967.npz
968,[*]Oc1cccc(C(=O)OCC(F)(F)CN2C(=O)c3ccc(Oc4ccc(C([*])=O)cc4)cc3C2=O)c1,37,40,968,demo/finetune_high_Tg/scored/cond/graphs/batch_0/968.npz
969,[*]Oc1cc(NC(=O)CCCN([*])c2ccc(Br)cc2)ccc1C(=O)OC,27,28,969,demo/finetune_high_Tg/scored/cond/graphs/batch_0/969.npz
970,[*]CC(C)(C=C)C(=O)OCCCCCSC(=O)c1ccc(C(=O)O[*])cc1,27,27,970,demo/finetune_high_Tg/scored/cond/graphs/batch_0/970.npz
971,[*]CCCC(=O)NCCCCCCOc1ccc(C([*])=Nc2ccccc2)c(C(F)(F)F)c1,33,34,971,demo/finetune_high_Tg/scored/cond/graphs/batch_0/971.npz
972,[*]CC([*])c1ccc(COc2ccc(S(=O)(=O)O[Na])cc2)cc1C(F)(F)F,27,28,972,demo/finetune_high_Tg/scored/cond/graphs/batch_0/972.npz
973,[*]Oc1ccc(-c2ccc(OC(=O)c3ccc4c(c3)C(=O)N(c3cccc(C([*])=O)c3)C4=O)cc2)cc1,37,41,973,demo/finetune_high_Tg/scored/cond/graphs/batch_0/973.npz
974,[*]C#CNc1ccc(N(CCCC)CC(F)(F)F)c(C=[*])c1,22,22,974,demo/finetune_high_Tg/scored/cond/graphs/batch_0/974.npz
975,[*]N=P(CCl)(COC(=O)OC)c1ccc(-c2ccc(OC([*])=O)cc2)c(S(=O)(=O)Oc2ccccc2)c1,37,39,975,demo/finetune_high_Tg/scored/cond/graphs/batch_0/975.npz
976,[*]CC(N)CNC(=O)CC(C(=O)N[*])c1ccc(C(=O)Oc2ccc(OC)cc2)cc1,31,32,976,demo/finetune_high_Tg/scored/cond/graphs/batch_0/976.npz
977,[*]CCCC(C)(C)NC(=O)OCCOC([*])Oc1ccc(N(c2ccc(OC)cc2)C(F)(F)C(F)(F)Br)cc1,39,40,977,demo/finetune_high_Tg/scored/cond/graphs/batch_0/977.npz
978,[*]Cc1ccc(P([*])(CCCCCCCC)CC(=O)Oc2ccc(C(C)(C)C)cc2)cc1,32,33,978,demo/finetune_high_Tg/scored/cond/graphs/batch_0/978.npz
979,[*]OC(=O)c1ccc(C2(CCCCC(C)CNC(=O)c3ccc(C([*])=O)cc3)c3ccccc32)c(OC)c1,38,41,979,demo/finetune_high_Tg/scored/cond/graphs/batch_0/979.npz
980,[*]Cc1cc(OC(=O)c2ccc(C([*])=O)cc2)cc(CSSC(=O)OC)c1,27,28,980,demo/finetune_high_Tg/scored/cond/graphs/batch_0/980.npz
981,[*]CC(CC)C(=O)Oc1ccc(-c2ccc(OCCCCCCCCCCOc3ccc(C(=O)O[*])cc3)cc2)cc1,42,44,981,demo/finetune_high_Tg/scored/cond/graphs/batch_0/981.npz
983,[*]CC1([*])CNC(=O)CC(CCCCCC)C(=O)OC1=O,21,21,983,demo/finetune_high_Tg/scored/cond/graphs/batch_0/983.npz
984,[*]C#Cc1ccc(CC(=O)O[*])c(NC(=O)CCCCC(F)(F)F)c1,25,25,984,demo/finetune_high_Tg/scored/cond/graphs/batch_0/984.npz
985,[*]=Nc1ccc(Oc2ccc(-c3ccc(N4C(=O)c5ccc([*])cc5C4=O)cc3)c(OC)c2)cc1-c1ccc(C#N)cc1,43,48,985,demo/finetune_high_Tg/scored/cond/graphs/batch_0/985.npz
986,[*]Oc1ccc2cc(OCCCc3ccc(OC([*])=O)cc3)ccc2c1,26,28,986,demo/finetune_high_Tg/scored/cond/graphs/batch_0/986.npz
989,[*]C=Cc1ccc(/C=C/CCCCCCCCCC[Si]([*])(C)c2ccc(C#N)cc2)cc1,32,33,989,demo/finetune_high_Tg/scored/cond/graphs/batch_0/989.npz
990,[*]CC(C)(CC)Oc1ccc(/C=C/c2ccc(OC(=O)c3cc(OC)cc(C([*])=O)c3)cc2)cc1-c1ccc([N+](=O)[O-])cc1,44,47,990,demo/finetune_high_Tg/scored/cond/graphs/batch_0/990.npz
991,[*]CCN([*])C(=O)OCCCCc1ccc(C(=O)O[Na])cc1,22,22,991,demo/finetune_high_Tg/scored/cond/graphs/batch_0/991.npz
992,[*]C([*])C(=O)NCCCCNC(=O)c1ccc([N+](C)=O)cc1,22,22,992,demo/finetune_high_Tg/scored/cond/graphs/batch_0/992.npz
993,[*]Oc1ccc(NC(=O)c2cc(C([*])=O)cc(Oc3cccc(-c4ccccc4)c3)c2)c(CCCCCCCC)c1O,42,45,993,demo/finetune_high_Tg/scored/cond/graphs/batch_0/993.npz
994,[*]ON([*])C(=O)OCCCCCCc1ccc(OC)cc1,21,21,994,demo/finetune_high_Tg/scored/cond/graphs/batch_0/994.npz
995,[*]CCN(C)Oc1ccc(C(=O)NC(O[*])c2ccc(C)cc2)cc1C,26,27,995,demo/finetune_high_Tg/scored/cond/graphs/batch_0/995.npz
996,[*]C#Cc1ccc(OC(=O)NNC(=O)CCCCCOc2ccc(C(=O)c3ccc4c(c3)C(=O)N([*])C4=O)cc2)cc1,42,45,996,demo/finetune_high_Tg/scored/cond/graphs/batch_0/996.npz
997,[*]Cc1ccc(-c2sc([*])c(C#C)c2C)cc1,17,18,997,demo/finetune_high_Tg/scored/cond/graphs/batch_0/997.npz
998,[*]CCCCCCCCCOC(=O)CC(CCCCC)CC([*])CC,25,24,998,demo/finetune_high_Tg/scored/cond/graphs/batch_0/998.npz
999,[*]COc1ccc(C(=O)c2ccc(OC(=O)Nc3ccc(O)cc3)o2)cc1,27,29,999,demo/finetune_high_Tg/scored/cond/graphs/batch_0/999.npz
1000,[*]Oc1ccc(OC(=O)/C=N/c2ccc(OC(=O)Nc3ccc(C([*])=O)cc3C#Cc3ccc(C(C)(C)CC)cc3)cc2)cc1,45,48,1000,demo/finetune_high_Tg/scored/cond/graphs/batch_1/1000.npz
1002,[*]C/C=C/C(=O)NCCCCCCCCCN([*])C(=O)c1cccc(COC(C)(C)C)c1,32,32,1002,demo/finetune_high_Tg/scored/cond/graphs/batch_1/1002.npz
1003,[*]CC(C)CCCCCCCCCCCNC(=O)OC#CC(=O)O[*],25,24,1003,demo/finetune_high_Tg/scored/cond/graphs/batch_1/1003.npz
1004,[*]/C=C/c1cc(C(C)(C)N(C)C)c(Oc2ccc(F)cc2)cc1O[*],25,26,1004,demo/finetune_high_Tg/scored/cond/graphs/batch_1/1004.npz
1005,[*]CCCCCCCCCCOC(=O)CC1C(=O)N([*])C(=O)C1OC,25,25,1005,demo/finetune_high_Tg/scored/cond/graphs/batch_1/1005.npz
1006,[*]OC(=O)Oc1ccc(C2(c3ccc(OC(=O)CCCCC(C)(C)c4ccccc4)c(C([*])=O)c3)CC2)cc1-c1ccccc1,45,49,1006,demo/finetune_high_Tg/scored/cond/graphs/batch_1/1006.npz
1007,[*]C(=O)c1ccc(C(=O)c2cc(OCCCCCCCCCCCCCC)cc([*])c2)c(C)c1,34,35,1007,demo/finetune_high_Tg/scored/cond/graphs/batch_1/1007.npz
1008,[*]Cc1ccc(C(C(=O)NC(=O)CCCCC#C)N[*])cc1,22,22,1008,demo/finetune_high_Tg/scored/cond/graphs/batch_1/1008.npz
1009,[*]CC(C)CCOC(=O)Nc1ccc(P(=O)(O[*])OC)cc1,22,22,1009,demo/finetune_high_Tg/scored/cond/graphs/batch_1/1009.npz
1010,[*]C([*])(C)c1ccc(Oc2ccc(C(c3ccc(OC)cc3)c3ccc(/N=N/c4ccccc4)cc3)cc2)cc1-c1ccc(C#C)cc1,48,53,1010,demo/finetune_high_Tg/scored/cond/graphs/batch_1/1010.npz
1011,[*]N=C([*])C(=O)OCCCCCC(F)(F)C(F)(F)C(F)(F)F,22,21,1011,demo/finetune_high_Tg/scored/cond/graphs/batch_1/1011.npz
1014,[*]CCCN(CCCCCCCSC(=O)CCCCCc1ccccc1O)C(=O)NCC(=O)O[*],35,35,1014,demo/finetune_high_Tg/scored/cond/graphs/batch_1/1014.npz
1015,[*]OC(=O)c1ccc(C(C)(CC)c2ccc(OC(=O)Oc3ccccc3O[*])cc2)cc1,32,34,1015,demo/finetune_high_Tg/scored/cond/graphs/batch_1/1015.npz
1016,[*]Oc1ccc(Oc2ccc(C(=O)Nc3ccc(OC(=O)c4ccccc4C([*])=O)cc3C)cc2Cl)cc1,38,41,1016,demo/finetune_high_Tg/scored/cond/graphs/batch_1/1016.npz
1017,[*]/C=C/c1ccc(N(C)C(=O)c2ccc([Si]([*])(C)C)cc2)c(Oc2ccc(C)cc2)c1,31,33,1017,demo/finetune_high_Tg/scored/cond/graphs/batch_1/1017.npz
1018,[*]Oc1ccc(OC(=O)c2cccc(NC(=O)OCCCCCCS([*])=O)c2)cc1CC,32,33,1018,demo/finetune_high_Tg/scored/cond/graphs/batch_1/1018.npz
1019,[*]Oc1c(OCC)cc(Cc2ccc(N3C(=O)c4ccccc4C3=O)cc2C([*])=O)c(Cl)c1,33,36,1019,demo/finetune_high_Tg/scored/cond/graphs/batch_1/1019.npz
1020,[*]CC[Sn](C)(C)C(=O)N([*])c1ccccc1,16,16,1020,demo/finetune_high_Tg/scored/cond/graphs/batch_1/1020.npz
1021,[*]CCCCCCCCCCCC(=O)Nc1ccc(NC(=O)O[*])c(C(C)=O)c1,29,29,1021,demo/finetune_high_Tg/scored/cond/graphs/batch_1/1021.npz
1022,[*]OC(=O)c1ccc(-c2ccc(C(=O)N[*])c([N+](=O)[O-])c2)cc1,23,24,1022,demo/finetune_high_Tg/scored/cond/graphs/batch_1/1022.npz
1023,[*]Oc1ccc(OC(=O)c2ccc(CC(=O)Oc3ccc(CCCCCCO[*])cc3)c(C(C)=O)c2)cc1,38,40,1023,demo/finetune_high_Tg/scored/cond/graphs/batch_1/1023.npz
1024,[*]/C=C/c1cc(CCCCCC)ccc1Oc1ccc(OC(=O)c2ccc(S(=O)(=O)c3ccc(O[*])cc3)cc2)cc1,42,45,1024,demo/finetune_high_Tg/scored/cond/graphs/batch_1/1024.npz
1025,[*]OC(=O)c1ccc(C(=O)OC(C(C)(C)C)C(=O)Oc2ccc(C([*])=O)cc2)cc1,30,31,1025,demo/finetune_high_Tg/scored/cond/graphs/batch_1/1025.npz
1026,[*]CCCCCCCOc1ccc(SCCCCCCCCCCOCCCCCCCCOC(=O)c2ccc(NC(=O)CCCC(=O)O[*])cc2)cc1,54,55,1026,demo/finetune_high_Tg/scored/cond/graphs/batch_1/1026.npz
1027,[*]OC(=O)NCCC(c1ccc(NC(=O)C#N)cc1)=CCCCCCN=[*],27,27,1027,demo/finetune_high_Tg/scored/cond/graphs/batch_1/1027.npz
1028,[*]CCCCC(C)(C)CNC(=O)c1ccc(C(=O)N[*])c(S(=O)(=O)OCC(C)(C)C)c1,31,31,1028,demo/finetune_high_Tg/scored/cond/graphs/batch_1/1028.npz
1029,[*]CC([*])(C)C(=O)OCCCCCCCCc1ccc(NC(=O)C(=O)c2ccccc2)cc1,33,34,1029,demo/finetune_high_Tg/scored/cond/graphs/batch_1/1029.npz
1030,[*]Nc1ccc(Oc2ccc(C([*])=Cc3ccc(C(=O)c4ccc(OCCCCCCCCC)cc4)cc3)cc2)cc1C,43,46,1030,demo/finetune_high_Tg/scored/cond/graphs/batch_1/1030.npz
1032,[*]CCS(=O)(=O)CCCCCCCCN([*])CC,18,17,1032,demo/finetune_high_Tg/scored/cond/graphs/batch_1/1032.npz
1033,[*]CCCCOC(=O)CCCCCCCCC(=O)Sc1ccccc1N1C(=O)C([*])C1=O,32,33,1033,demo/finetune_high_Tg/scored/cond/graphs/batch_1/1033.npz
1034,[*]c1ccc(Sc2ccc(-c3ccc(C(C)(CC)c4ccc(S([*])(=O)(F)F)cc4)cc3)cc2)cc1,35,38,1034,demo/finetune_high_Tg/scored/cond/graphs/batch_1/1034.npz
1035,[*]C=Cc1ccc(NC(=O)C2CCC(C(=O)c3cccc([*])c3)CC2)cc1,27,29,1035,demo/finetune_high_Tg/scored/cond/graphs/batch_1/1035.npz
1036,[*]CCCCCCCOC(=O)Nc1nc(-c2ccccc2)cc(C([*])=O)c1O,28,29,1036,demo/finetune_high_Tg/scored/cond/graphs/batch_1/1036.npz
1037,[*]CC(F)(F)C([*])(N=C)c1ccc([Si](C)(C)C)cc1,19,19,1037,demo/finetune_high_Tg/scored/cond/graphs/batch_1/1037.npz
1038,[*]NC(=O)CCCCCCCCc1ccc(NC(=O)c2ccc(C([*])=O)cc2)cc1,30,31,1038,demo/finetune_high_Tg/scored/cond/graphs/batch_1/1038.npz
1039,[*]OC(O)CCCc1ccc(C(=O)C([*])=O)cc1,18,18,1039,demo/finetune_high_Tg/scored/cond/graphs/batch_1/1039.npz
1040,[*]O[Si](C)(C)CC(C)(CCCCCCCOc1ccc(OC(C)=O)cc1)C([*])(C)C,30,30,1040,demo/finetune_high_Tg/scored/cond/graphs/batch_1/1040.npz
1041,[*]CCN(CCOC(=O)OCCCCCCOC([*])=O)CC,22,21,1041,demo/finetune_high_Tg/scored/cond/graphs/batch_1/1041.npz
1042,[*]C#Cc1ccc(NC(=O)c2ccc(OCCCCCCCCOc3ccc(-c4ccc(C(=O)N[*])cc4)cc3)cc2)cc1CCCCCCC,51,54,1042,demo/finetune_high_Tg/scored/cond/graphs/batch_1/1042.npz
1043,[*]Nc1ccc(Oc2ccc(NC(=O)CCCCC([*])=O)cc2CC)cc1,27,28,1043,demo/finetune_high_Tg/scored/cond/graphs/batch_1/1043.npz
1044,[*]c1ccc(C(CCCCC)N(C)C(=O)c2ccc3c(c2)C(=O)N([*])C3=O)cc1,29,31,1044,demo/finetune_high_Tg/scored/cond/graphs/batch_1/1044.npz
1045,[*]Cc1ccc(C(C)(C)c2ccc(CC(COc3ccccc3)NC(=O)c3ccc(O[*])cc3)cc2)cc1,38,41,1045,demo/finetune_high_Tg/scored/cond/graphs/batch_1/1045.npz
1046,[*]NCCCCCCC(=O)NC(C([*])=O)[Se]=O,17,16,1046,demo/finetune_high_Tg/scored/cond/graphs/batch_1/1046.npz
1047,[*]/C=N/c1cc(C(=O)OC(=O)CCCCCCCCCC)cc(C(=O)N=[*])c1,28,28,1047,demo/finetune_high_Tg/scored/cond/graphs/batch_1/1047.npz
1048,[*]OS(=O)(=O)Oc1ccc(/C=C/c2ccc(OC(=O)c3ccc(OCCCCCCCC)cc3)cc2)c(C([*])=O)c1,41,43,1048,demo/finetune_high_Tg/scored/cond/graphs/batch_1/1048.npz
1049,[*]Nc1ccc(CCCCc2ccc(NC(=O)CCCCCCCCC(=O)c3cc(C([*])=O)ccc3C)cc2)cc1,41,43,1049,demo/finetune_high_Tg/scored/cond/graphs/batch_1/1049.npz
1050,[*]NC(=O)CCCCCCCC(=O)Nc1ccc(-c2ccc(NC([*])=S)cc2)cc1,30,31,1050,demo/finetune_high_Tg/scored/cond/graphs/batch_1/1050.npz
1051,[*]Nc1ccc(C(CC)c2ccc(OC(=O)Cc3cccc(C([*])=O)c3)cc2)cc1,30,32,1051,demo/finetune_high_Tg/scored/cond/graphs/batch_1/1051.npz
1052,[*]Cc1ccc(N([*])[Si](CCCC)(OC)OC(C)=O)cc1,21,21,1052,demo/finetune_high_Tg/scored/cond/graphs/batch_1/1052.npz
1054,[*]C1CCN1C([*])(CC)Oc1ccc(S(=O)(=O)Oc2ccc(C(C)(C)C)cc2)cc1,30,32,1054,demo/finetune_high_Tg/scored/cond/graphs/batch_1/1054.npz
1056,[*]C(CCCCCCC(=O)OC(=O)C([*])CC)c1ccc(NC(=O)c2ccc([N+](=O)[O-])cc2)cc1,35,36,1056,demo/finetune_high_Tg/scored/cond/graphs/batch_1/1056.npz
1057,[*]/C(CCCCC)Oc1ccc(-c2csc(-c3c(C([*])=O)cc(Cl)cc3)c2)cc1OC(=O),32,34,1057,demo/finetune_high_Tg/scored/cond/graphs/batch_1/1057.npz
1058,[*]CCCNC(=O)Nc1ccc(P(C)(=O)NC(=O)c2ccc(O[*])cc2)cc1,28,29,1058,demo/finetune_high_Tg/scored/cond/graphs/batch_1/1058.npz
1059,[*]C#C[Si](C)(C)COC(=O)NNC(=O)CCCCCOC([*])=O,23,22,1059,demo/finetune_high_Tg/scored/cond/graphs/batch_1/1059.npz
1060,[*]O[Si]([*])(C)CCCCCCc1ccc(-c2ccccc2)c(N2C(=O)c3ccc(Br)cc3C2=O)c1,35,38,1060,demo/finetune_high_Tg/scored/cond/graphs/batch_1/1060.npz
1061,[*]/C=C/c1cccc(CCN([*])CC(=O)Nc2ccc(N=S)cc2)c1,25,26,1061,demo/finetune_high_Tg/scored/cond/graphs/batch_1/1061.npz
1062,[*]OCC(C)(C)OC(=O)CCc1ccc(C(=O)O[*])cc1,21,21,1062,demo/finetune_high_Tg/scored/cond/graphs/batch_1/1062.npz
1063,[*]C[Si]([*])(C)CCC(=O)Nc1c(C)cc(COCC(CC)CC)cc1OC(C)=O,29,29,1063,demo/finetune_high_Tg/scored/cond/graphs/batch_1/1063.npz
1065,[*]O[Si]([*])(C)CCCOC(=O)Nc1ccc(Cl)cc1[N+](C)=O,22,22,1065,demo/finetune_high_Tg/scored/cond/graphs/batch_1/1065.npz
1066,[*]O[Si]([*])(C)CCCCCCOc1ccc(-c2ccc(C(=O)OCC)c(C)c2)cc1,30,31,1066,demo/finetune_high_Tg/scored/cond/graphs/batch_1/1066.npz
1067,[*]Oc1ccc(C(CNC(=O)OCCCCOc2ccc(/N=N/c3ccc(C([*])=O)cc3)cc2)OC(=O)c2ccccc2)cc1O,46,49,1067,demo/finetune_high_Tg/scored/cond/graphs/batch_1/1067.npz
1069,[*]/C=C/C(=[*])SC(C)(C)CCCCCC(=O)O[Na],18,17,1069,demo/finetune_high_Tg/scored/cond/graphs/batch_1/1069.npz
1070,[*]CC(CO)COC(=O)CCCCCSC([*])=O,18,17,1070,demo/finetune_high_Tg/scored/cond/graphs/batch_1/1070.npz
1071,[*][Si]([*])(CCOC(=O)c1cccc(CCCCCCCCCC)c1)C(C)C,27,27,1071,demo/finetune_high_Tg/scored/cond/graphs/batch_1/1071.npz
1072,[*]C[Si]([*])(C)OCCC(=O)c1ccc(/C=C/c2ccc(C#C)cc2)cc1,26,27,1072,demo/finetune_high_Tg/scored/cond/graphs/batch_1/1072.npz
1073,[*]CCCCOC(=O)OC[Te](C)(CCCOc1ccc([*])cc1)CCO,26,26,1073,demo/finetune_high_Tg/scored/cond/graphs/batch_1/1073.npz
1074,[*][Sn]([*])(C)c1cc(Cl)cc(OC(F)(F)C(F)(F)F)c1,19,19,1074,demo/finetune_high_Tg/scored/cond/graphs/batch_1/1074.npz
1075,[*]CCCNC(=O)CCCCCCCCCOC(=O)NC1CCC(C(=O)N[*])C[Se]1,30,30,1075,demo/finetune_high_Tg/scored/cond/graphs/batch_1/1075.npz
1076,[*]CC(C)(COC(=O)N[*])c1ccc(/N=N/c2ccc(OC(C)CC)cc2)c(CC)c1,31,32,1076,demo/finetune_high_Tg/scored/cond/graphs/batch_1/1076.npz
1078,[*]CCCC1CC([*])CC(C(=O)Oc2ccc(OCCCC)cc2)=C1C,26,27,1078,demo/finetune_high_Tg/scored/cond/graphs/batch_1/1078.npz
1079,[*]Oc1ccc(C2(c3ccc(OC(=O)CCCCCCCCCC([*])=O)cc3)CCC2N(C)C)cc1,36,38,1079,demo/finetune_high_Tg/scored/cond/graphs/batch_1/1079.npz
1080,[*]CC(C)(COC([*])=O)c1ccc(SC)cc1,17,17,1080,demo/finetune_high_Tg/scored/cond/graphs/batch_1/1080.npz
1081,[*]CCC(COc1ccc(OC)cc1)C([*])O[Na],18,18,1081,demo/finetune_high_Tg/scored/cond/graphs/batch_1/1081.npz
1082,[*]CC([*])(C)C(=O)OCCCCOc1ccc(OC(=O)c2ccc(/C=C/CC)cc2)c(CC)c1O,35,36,1082,demo/finetune_high_Tg/scored/cond/graphs/batch_1/1082.npz
1083,[*]C(=CCC(=O)Oc1ccc(OC(=O)c2ccc(F)cc2)cc1)C([*])=CC=CCC=C,31,32,1083,demo/finetune_high_Tg/scored/cond/graphs/batch_1/1083.npz
1084,[*]CC(O)COc1ccc(C(=O)Oc2ccc(Oc3ccc([*])cc3)cc2)c(S(=O)(=O)O)c1,33,35,1084,demo/finetune_high_Tg/scored/cond/graphs/batch_1/1084.npz
1085,[*]CCc1ccc(C(=O)NCCCNC([*])CC)cc1SC,22,22,1085,demo/finetune_high_Tg/scored/cond/graphs/batch_1/1085.npz
1086,[*]C([*])C(=O)NCCOc1ccc(C(=O)c2ccc(Sc3ccc(CNC(C)=O)cc3)cc2)cc1,35,37,1086,demo/finetune_high_Tg/scored/cond/graphs/batch_1/1086.npz
1087,[*]C(C)C(=O)OCC(c1ccc([*])cc1)c1c(C)cccc1Br,23,24,1087,demo/finetune_high_Tg/scored/cond/graphs/batch_1/1087.npz
1090,[*]/C=C/C(C)OC(F)(F)CCC([*])C,14,13,1090,demo/finetune_high_Tg/scored/cond/graphs/batch_1/1090.npz
1091,[*]CC([*])(C)C(=O)OCC#CC(C)Oc1cccc(/N=C/c2ccc(C)cc2)c1,29,30,1091,demo/finetune_high_Tg/scored/cond/graphs/batch_1/1091.npz
1092,[*]CCCCC(F)(F)COCCCCCCCOC(=O)NCC([*])(C)C,26,25,1092,demo/finetune_high_Tg/scored/cond/graphs/batch_1/1092.npz
1093,[*]C(OC)c1ccc(-n2c(=O)c3cc4c(=O)n([*])c(=O)c4cc3c2=O)cc1OC#N,30,33,1093,demo/finetune_high_Tg/scored/cond/graphs/batch_1/1093.npz
1095,[*]O[Si](C)(CC(C)CC)Oc1ccc(OC([*])=O)cc1,20,20,1095,demo/finetune_high_Tg/scored/cond/graphs/batch_1/1095.npz
1096,[*]CCCCCP(CC(=O)Oc1ccc(/N=C/c2ccc(-c3ccc(S([*])=O)cc3)cc2)cc1)c1ccc(C)c(F)c1,42,45,1096,demo/finetune_high_Tg/scored/cond/graphs/batch_1/1096.npz
1097,[*]CC([2H])C(=O)NCC(C)C(O)COc1ccc(C([*])(CCCCCCC)CC(F)(F)F)cc1,34,34,1097,demo/finetune_high_Tg/scored/cond/graphs/batch_1/1097.npz
1098,[*]CC(C)(C)CCCCCCCCC(=O)Nc1ccc(CN(c2cccc(OC(C)=O)c2)C(=O)N[*])cc1,38,39,1098,demo/finetune_high_Tg/scored/cond/graphs/batch_1/1098.npz
1100,[*]CCCc1ccc(C(NC(=O)CCCCCC(=O)O[*])Oc2ccc(C(C)(C)c3ccc([N+](=O)[O-])cc3)cc2)cc1,42,44,1100,demo/finetune_high_Tg/scored/cond/graphs/batch_1/1100.npz
1102,[*]c1cc(-c2ccc(OC)c(-c3ccc(Oc4c(C)cc([*])c(C(C)(C)C)c4)cc3C)c2)c(OCCCC)cc1-c1ccccc1,46,50,1102,demo/finetune_high_Tg/scored/cond/graphs/batch_1/1102.npz
1103,[*]CC(CCCCCCCCCCOC(=O)OCC(F)(F)C(F)(F)F)S(=O)(=O)O[*],30,29,1103,demo/finetune_high_Tg/scored/cond/graphs/batch_1/1103.npz
1104,[*]Nc1ccc(C(C)(CC(=O)OCCCC)c2ccc(OC(=O)c3ccc(OC(=O)SCC([*])COc4ccccc4)cc3)c(C(C)(C)C)c2)cc1,52,55,1104,demo/finetune_high_Tg/scored/cond/graphs/batch_1/1104.npz
1105,[*]CSC(=O)OCC(C)(C)c1ccc(C([*])=O)cc1,19,19,1105,demo/finetune_high_Tg/scored/cond/graphs/batch_1/1105.npz
1106,[*]CCCCCCCCC(=O)COC(=O)CCCCCSC(=O)C(=O)NCC1CCCC1O[*],34,34,1106,demo/finetune_high_Tg/scored/cond/graphs/batch_1/1106.npz
1107,[*]CCCCCC(=O)Nc1ccc(OCCCCCOC(=O)c2ccc(-c3ccc(S(=O)(=O)C([*])=O)cc3)cc2)cc1,42,44,1107,demo/finetune_high_Tg/scored/cond/graphs/batch_1/1107.npz
1110,[*]C(CI)(CCCCCCCC)C(=O)OCCOc1ccc(-c2ccc(/C=N/c3nnc([*])s3)cc2)cc1,38,40,1110,demo/finetune_high_Tg/scored/cond/graphs/batch_1/1110.npz
1112,[*]Nc1ccc(NC(=O)/C=C/CCCCCCP(=O)(OC)c2ccc([*])cc2C)cc1,31,32,1112,demo/finetune_high_Tg/scored/cond/graphs/batch_1/1112.npz
1113,[*]Oc1ccc(C(c2cc(OC)c(OC(=O)CCCCCCC([*])=O)cc2C)C(=O)c2ccccc2)c(F)c1F,40,42,1113,demo/finetune_high_Tg/scored/cond/graphs/batch_1/1113.npz
1114,[*]CC(CCCC(C)C)Oc1ccccc1[*],17,17,1114,demo/finetune_high_Tg/scored/cond/graphs/batch_1/1114.npz
1115,[*]C(=O)NCCCCCCCNC(=O)[Si]([*])(C)c1ccc(OC3(C)CCCCC3)cc1,31,32,1115,demo/finetune_high_Tg/scored/cond/graphs/batch_1/1115.npz
1116,[*]Nc1cccc(N2C(=O)c3cc(C(C)(C)C)c([*])cc3C2=O)c1C[Te],26,28,1116,demo/finetune_high_Tg/scored/cond/graphs/batch_1/1116.npz
1117,[*]C(=O)c1ccc(OC(=O)CCCCCCCCC#CC([*])=O)cc1,25,25,1117,demo/finetune_high_Tg/scored/cond/graphs/batch_1/1117.npz
1118,[*]OC(=O)c1ccc(C([*])CC(F)(F)c2ccc(-c3ccc(SC(C)=O)cc3)cc2)c(C)c1,33,35,1118,demo/finetune_high_Tg/scored/cond/graphs/batch_1/1118.npz
1119,[*]c1ccc(C(=O)NC(F)(F)C(=O)NCc2ccc(C(=O)OC(=O)c3ccccc3NC([*])=O)cc2)cc1,38,40,1119,demo/finetune_high_Tg/scored/cond/graphs/batch_1/1119.npz
1120,[*]Oc1ccc(S(=O)(=O)c2ccc(Oc3ccc(/C=C/c4ccc(C([*])=O)cc4)cc3OC)cc2)cc1,37,40,1120,demo/finetune_high_Tg/scored/cond/graphs/batch_1/1120.npz
1122,[*]CCCCCCCCNC(=O)c1ccc(C[Ca](=O)O[*])cc1,23,23,1122,demo/finetune_high_Tg/scored/cond/graphs/batch_1/1122.npz
1123,[*]CCCC(C#N)=C(N)CCc1ccc(NC(=O)N[*])cc1,22,22,1123,demo/finetune_high_Tg/scored/cond/graphs/batch_1/1123.npz
1127,[*]NC(C)C(=O)Nc1ccc(C(F)(F)C(F)(F)C(F)(F)COC(=O)c2ccc(Oc3cccc(C([*])=O)c3)cc2)cc1,42,44,1127,demo/finetune_high_Tg/scored/cond/graphs/batch_1/1127.npz
1128,[*]CC([*])(Cl)C(=O)Oc1ccc(COCCC(C)=O)cc1,21,21,1128,demo/finetune_high_Tg/scored/cond/graphs/batch_1/1128.npz
1129,[*]Sc1ccc(CCCCCCCC)cc1C,17,17,1129,demo/finetune_high_Tg/scored/cond/graphs/batch_1/1129.npz
1130,[*]Oc1ccc(C(C)(CC)c2ccc(OC(=O)Oc3cc(OC)cc(C([*])=O)c3)cc2OCCCCCCCCCCCC)cc1OC(C)=O,50,52,1130,demo/finetune_high_Tg/scored/cond/graphs/batch_1/1130.npz
1131,[*]N=C(C(=O)NCCCCC)CSc1ccc(CNC([*])=O)c(C(C)(C)C)c1,28,28,1131,demo/finetune_high_Tg/scored/cond/graphs/batch_1/1131.npz
1132,[*]CCC#CCCCCCCCOC(=O)c1ccc(Oc2c(F)c(F)c(S(=O)(=O)O[*])cc2C)cc1,36,37,1132,demo/finetune_high_Tg/scored/cond/graphs/batch_1/1132.npz
1133,[*]C/C=C/c1ccc(C(C)(C)c2ccc(OC(=O)O[*])cc2CC(C)CC)cc1,29,30,1133,demo/finetune_high_Tg/scored/cond/graphs/batch_1/1133.npz
1134,[*]CCC(COc1ccc(OCC)cc1)C1=CC=C(C)C1C(=O)N[*],25,26,1134,demo/finetune_high_Tg/scored/cond/graphs/batch_1/1134.npz
1135,[*]Cc1ccc([Si]([*])(C)CCC(F)(F)C(=O)OCCC)c(C(=O)O)c1,25,25,1135,demo/finetune_high_Tg/scored/cond/graphs/batch_1/1135.npz
1136,[*]/C=C/c1ccc(OC(=O)CCCCCCCCCCC(=O)Oc2c(Cl)cc(C([*])=O)cc2Br)cc1,36,37,1136,demo/finetune_high_Tg/scored/cond/graphs/batch_1/1136.npz
1137,[*]Sc1ccc(NC(=O)CCCCCCCCc2ccc(C(=O)c3cccc(C([*])=O)c3)cc2)cc1,36,38,1137,demo/finetune_high_Tg/scored/cond/graphs/batch_1/1137.npz
1138,[*]/C=C/C(=C\c1ccc(OCCCCCCCCCCC)cc1)CC([*])(CO)COc1ccccc1,36,37,1138,demo/finetune_high_Tg/scored/cond/graphs/batch_1/1138.npz
1139,[*]Oc1ccc(C(C)(Oc2ccc(OC(=O)c3ccc(S(=O)(=O)c4ccc(C([*])=O)cc4)cc3)cc2OC)C(F)=O)cc1,43,46,1139,demo/finetune_high_Tg/scored/cond/graphs/batch_1/1139.npz
1140,[*]CC([*])(C)C(=O)Oc1ccc2c(c1)c1ccc(-c3ccc(F)cc3)cc12,27,30,1140,demo/finetune_high_Tg/scored/cond/graphs/batch_1/1140.npz
1141,[*]Oc1ccc(CC(CCCCCCC)CC([*])C(=O)Nc2ccc(/N=C/c3ccc([N+](=O)[O-])cc3)cc2)cc1,40,42,1141,demo/finetune_high_Tg/scored/cond/graphs/batch_1/1141.npz
1143,[*]/C=C/c1ccc(OC(C)(C)Cc2cc(CC)c([*])cc2O)c(O)n1,25,26,1143,demo/finetune_high_Tg/scored/cond/graphs/batch_1/1143.npz
1144,[*]CC([*])(C#N)c1cc(OC)cc(C(=O)NCC(C)=O)c1,21,21,1144,demo/finetune_high_Tg/scored/cond/graphs/batch_1/1144.npz
1145,[*]C(=O)OCCOc1ccccc1NC(=O)/C=C/c1ccc(-c2ccc(C([*])=O)cc2)cc1,33,35,1145,demo/finetune_high_Tg/scored/cond/graphs/batch_1/1145.npz
1146,[*]C(F)(F)C([*])(COc1c(F)ccc(OC)c1)C(F)(F)F,21,21,1146,demo/finetune_high_Tg/scored/cond/graphs/batch_1/1146.npz
1147,[*]C(C)CCCCCCC(=O)N(C)c1ccc(C)c(N2C(=O)c3cc([*])c(C)cc3C2=O)c1,33,35,1147,demo/finetune_high_Tg/scored/cond/graphs/batch_1/1147.npz
1148,[*]OC(C)(C)Cc1cccc(Oc2ccc(C3([*])CC(=O)c4ccc(C(C)(C)C)cc4C3=O)cc2)c1,36,39,1148,demo/finetune_high_Tg/scored/cond/graphs/batch_1/1148.npz
1150,[*]Cc1ccc(NC(=O)OCC(F)(F)C(=O)O[*])cc1,20,20,1150,demo/finetune_high_Tg/scored/cond/graphs/batch_1/1150.npz
1151,[*]C(=O)SSc1ccc(C(=O)Oc2ccc(N3C(=O)c4ccc(C(C)(C)c5cccc(C([*])=O)c5)cc4C3=O)cc2)cc1,43,47,1151,demo/finetune_high_Tg/scored/cond/graphs/batch_1/1151.npz
1152,[*]CC(=O)Nc1ccc(OC(=O)c2ccc(C(C)(C)C)cc2)c(O[*])c1,26,27,1152,demo/finetune_high_Tg/scored/cond/graphs/batch_1/1152.npz
1153,[*]C[Si]([*])(C)CCC(C)COc1ccc(OC(=O)CCCCCCCCCOc2ccc(-c3ccc(CCN(CC)CC)cc3)cc2)cc1,49,51,1153,demo/finetune_high_Tg/scored/cond/graphs/batch_1/1153.npz
1154,[*]C1=CC(C)N(C(=O)S[*])C1=O,12,12,1154,demo/finetune_high_Tg/scored/cond/graphs/batch_1/1154.npz
1155,[*]CCCCC(F)(F)c1ccc(SC(=O)OCCCCCCNC(=O)O[*])cc1,29,29,1155,demo/finetune_high_Tg/scored/cond/graphs/batch_1/1155.npz
1156,[*]C(COc1ccc(NC(=O)Oc2ccc(C([*])(C)C)cc2)cc1)c1ccc([N+](=O)[O-])cc1,33,35,1156,demo/finetune_high_Tg/scored/cond/graphs/batch_1/1156.npz
1157,[*]CC([*])(C)C(=O)[Fe]CCC#C,12,11,1157,demo/finetune_high_Tg/scored/cond/graphs/batch_1/1157.npz
1158,[*]c1ccc(C(CCCCCC(=O)Nc2ccc(OC(C)=O)cc2)c2ccc(N([*])C)cc2)cc1,35,37,1158,demo/finetune_high_Tg/scored/cond/graphs/batch_1/1158.npz
1159,[*]NC(C)(C=S)C(=O)NNC(=O)CCCCCCCNC([*])=O,23,22,1159,demo/finetune_high_Tg/scored/cond/graphs/batch_1/1159.npz
1161,[*]CC(CC)C(=O)c1ccc(NC(=O)c2ccc(O[*])cc2)c(CCCCCCC)c1,31,32,1161,demo/finetune_high_Tg/scored/cond/graphs/batch_1/1161.npz
1162,[*]CCN(C(=O)N[Se]C(=O)N[*])C(=O)CC(C)(C)C([2H])=O,21,20,1162,demo/finetune_high_Tg/scored/cond/graphs/batch_1/1162.npz
1163,[*]CCCCCCCOc1ccc(SC(=O)N2CC(C(C)=C(C)c3ccc(Oc4ccc([*])cc4)cc3)C2)cc1,40,43,1163,demo/finetune_high_Tg/scored/cond/graphs/batch_1/1163.npz
1164,[*]c1ccc2c(c1)C(=O)N(c1ccc(/C(C)(C)Nc3ccc([*])c(-c4ccccn4)c3)cc1)C2=O,35,39,1164,demo/finetune_high_Tg/scored/cond/graphs/batch_1/1164.npz
1165,[*]C=C(C)C(=O)NCCCCCCCOC(=O)NCc1ccc(C([*])=O)cc1,28,28,1165,demo/finetune_high_Tg/scored/cond/graphs/batch_1/1165.npz
1166,[*]Cc1ccc(C(C(=O)OC(C)(C)C)c2ccc(NC(=O)CCCCCCCCC([*])(C)C)cc2)cc1,37,38,1166,demo/finetune_high_Tg/scored/cond/graphs/batch_1/1166.npz
1167,[*]Cc1ccc(NC(=O)N2CC(CC(=O)O[*])C2OC(=O)CCCCCCCCC)cc1,32,33,1167,demo/finetune_high_Tg/scored/cond/graphs/batch_1/1167.npz
1168,[*]CC(Cl)(C)c1ccc(C(C)(C)C)c(NC(=O)c2ccc([*])nc2)c1C,26,27,1168,demo/finetune_high_Tg/scored/cond/graphs/batch_1/1168.npz
1169,[*]/C=C(\F)C(=O)NCCCCCCc1cccc(NNC(=O)c2ccc(OC(=O)c3ccc(F)cc3)cc2)c1[*],40,42,1169,demo/finetune_high_Tg/scored/cond/graphs/batch_1/1169.npz
1170,[*]CC([*])(OCCBr)C(=O)OCCOc1ccc(I)cc1,21,21,1170,demo/finetune_high_Tg/scored/cond/graphs/batch_1/1170.npz
1171,[*]CC=CCCCC(=O)Nc1ccc(/C(=N/CCC[N+]CC)c2ccc(O[*])cc2)cc1,32,33,1171,demo/finetune_high_Tg/scored/cond/graphs/batch_1/1171.npz
1172,[*]Oc1ccc(C(F)(c2ccc(Oc3ccc([*])cc3)cc2)C(C)=O)cc1,27,29,1172,demo/finetune_high_Tg/scored/cond/graphs/batch_1/1172.npz
1173,[*]N=C(Cl)Cc1ccc(-c2ccc(S(=O)(=O)CC(=O)N([*])c3ccccc3)cc2)cc1,31,33,1173,demo/finetune_high_Tg/scored/cond/graphs/batch_1/1173.npz
1174,[*]C(=O)C(CCCCSC(=O)OCCOc1ccccc1[*])C(=O)OC,26,26,1174,demo/finetune_high_Tg/scored/cond/graphs/batch_1/1174.npz
1175,[*]CCCCCCCCCCCCOC(=O)[Si](C)(C)C1C(=O)N(C(=O)CCCCCCCCCC([*])=O)C(=O)C1c1ccc(C#C)cc1,48,49,1175,demo/finetune_high_Tg/scored/cond/graphs/batch_1/1175.npz
1176,[*]CCOCCCCCCCOC(=O)c1ccc([Si]([*])(c2ccccc2)c2ccc(OC(C)CC)cc2)cc1,39,41,1176,demo/finetune_high_Tg/scored/cond/graphs/batch_1/1176.npz
1177,[*]Nc1ccc(NC(=O)CC(C)(c2ccccc2)c2cc(N=C(C)C([*])=O)ccc2C)cc1,33,35,1177,demo/finetune_high_Tg/scored/cond/graphs/batch_1/1177.npz
1178,[*]O[Si](C)(C)CCCCC(C)(COc1ccc(C(C)(C)C)cc1)N([*])C(C)=O,28,28,1178,demo/finetune_high_Tg/scored/cond/graphs/batch_1/1178.npz
1179,[*]CC([*])(C)C(=O)OCCCCCCCCC(=O)NCc1ccc(C)o1,26,26,1179,demo/finetune_high_Tg/scored/cond/graphs/batch_1/1179.npz
1180,[*]CC(=O)Nc1c(NC(=O)SOc2ccccc2OC)cc(C([*])=O)cc1-c1ccccc1,33,35,1180,demo/finetune_high_Tg/scored/cond/graphs/batch_1/1180.npz
1181,[*]c1nc(Cc2ccc(N=[*])cc2)c(F)cc1C,18,19,1181,demo/finetune_high_Tg/scored/cond/graphs/batch_1/1181.npz
1182,[*]Nc1ccc(/C=N/c2ccc(Oc3ccc(C([*])=O)cc3)cc2)cc1Oc1ccc(F)cc1,34,37,1182,demo/finetune_high_Tg/scored/cond/graphs/batch_1/1182.npz
1183,[*]Sc1ccc(N2C(=O)c3ccc(OC([*])=O)cc3C2=O)cc1-c1ccc(C(=O)OCCC)cc1,35,38,1183,demo/finetune_high_Tg/scored/cond/graphs/batch_1/1183.npz
1184,[*]CCCCCCCCCN(C(=O)CCC(=O)OCCCC)C(=O)c1ccc(C([*])=O)cc1,33,33,1184,demo/finetune_high_Tg/scored/cond/graphs/batch_1/1184.npz
1185,[*]CC(c1ccc(OC)cc1)c1ccc(Oc2cc([*])c(=O)c(Cl)cc2C)cc1,29,31,1185,demo/finetune_high_Tg/scored/cond/graphs/batch_1/1185.npz
1186,[*]CN(C)CSCCOC(=O)C(Cl)O[*],15,14,1186,demo/finetune_high_Tg/scored/cond/graphs/batch_1/1186.npz
1187,[*]Oc1ccc(/C=C/NC(=O)c2ccc(-c3ccc(S([*])(=O)=O)cc3)cc2)c(OC)c1,31,33,1187,demo/finetune_high_Tg/scored/cond/graphs/batch_1/1187.npz
1188,[*]CNC(=O)CCCCCCC(CBr)C(=O)NCC(=O)NNC(=O)c1cccc(N[*])c1,32,32,1188,demo/finetune_high_Tg/scored/cond/graphs/batch_1/1188.npz
1189,[*]C(CC)Cc1ccc([*])c(Br)c1C(C)C,16,16,1189,demo/finetune_high_Tg/scored/cond/graphs/batch_1/1189.npz
1191,[*]c1ccc(Oc2ccc(S([*])(=O)=O)cc2)c(-c2cc(OC)cc(C(C)(C)c3ccccc3)c2)c1,35,38,1191,demo/finetune_high_Tg/scored/cond/graphs/batch_1/1191.npz
1192,[*]Oc1c(C)ccc(C([*])(C)c2ccc(/N=N/c3ccc(S(=O)(=O)O)cc3)cc2)c1,30,32,1192,demo/finetune_high_Tg/scored/cond/graphs/batch_1/1192.npz
1193,[*]Oc1ccc(CC([*])=O)cc1-c1ccc(OC(=O)c2ccc(OC)cc2)cc1Cl,30,32,1193,demo/finetune_high_Tg/scored/cond/graphs/batch_1/1193.npz
1194,[*]CC([*])[Si](C)(C)c1ccc(C(=O)Oc2ccc(C#N)cc2)c(C(F)(F)F)c1,28,29,1194,demo/finetune_high_Tg/scored/cond/graphs/batch_1/1194.npz
1195,[*]Cc1ccc(/N=C(/[*])c2ccc([N+](C)(C)CCCC)cc2)cc1,24,25,1195,demo/finetune_high_Tg/scored/cond/graphs/batch_1/1195.npz
1196,[*]CC([*])(C)C(=O)Oc1ccc(OC(CCCCCCCC)c2ccc(OC(=O)c3ccccc3)cc2)cc1,39,41,1196,demo/finetune_high_Tg/scored/cond/graphs/batch_1/1196.npz
1197,[*]Cc1ccc(COCCC(C)(C)CCOC(=O)c2ccc(O[*])cc2)c(C)c1,29,30,1197,demo/finetune_high_Tg/scored/cond/graphs/batch_1/1197.npz
1198,[*]Oc1ccc(C=C2CC(Nc3ccc(C([*])=O)cc3)CC2)cc1,24,26,1198,demo/finetune_high_Tg/scored/cond/graphs/batch_1/1198.npz
1199,[*]CC([*])(C)C(=O)OCC#Cc1ccccc1O,18,18,1199,demo/finetune_high_Tg/scored/cond/graphs/batch_1/1199.npz
1200,[*]C[Se]C(=O)NCCCCCN([*])S(C)(C)C,17,16,1200,demo/finetune_high_Tg/scored/cond/graphs/batch_1/1200.npz
1201,[*]CCCCCCCCCCC(=O)Nc1ccc(/C(C)=N/c2ccccc2N[*])cc1,31,32,1201,demo/finetune_high_Tg/scored/cond/graphs/batch_1/1201.npz
1202,[*]CC(C)CCCCOc1ccc(P(=O)(O)c2ccc(C(=O)OC([*])=O)c(S(=O)(=O)O)c2)cc1,34,35,1202,demo/finetune_high_Tg/scored/cond/graphs/batch_1/1202.npz
1203,[*]/C=C(\C)c1ccc(-c2ccc(OCCCCCC(=O)Nc3ccc(NC([*])=O)cc3)cc2)cc1,35,37,1203,demo/finetune_high_Tg/scored/cond/graphs/batch_1/1203.npz
1204,[*]CC(C)C(=O)CCN(C[Te]C(=O)c1ccccc1C#N)C(=O)Oc1ccc(Cl)cc1[*],32,33,1204,demo/finetune_high_Tg/scored/cond/graphs/batch_1/1204.npz
1205,[*]NC1CCCN(C(=O)c2ccc(NC([*])=O)cc2)C(O[Na])(Cl)C1(C)C,26,27,1205,demo/finetune_high_Tg/scored/cond/graphs/batch_1/1205.npz
1206,[*]c1ccc(SCCCCCCCOc2ccc(/C=C/c3cnc4ccccc4c3[*])cc2)cc1,35,38,1206,demo/finetune_high_Tg/scored/cond/graphs/batch_1/1206.npz
1207,[*]C/C=C/c1ccc([*])cc1NC(=O)CCCCc1ccc([N+](=O)[O-])cc1,27,28,1207,demo/finetune_high_Tg/scored/cond/graphs/batch_1/1207.npz
1208,[*]Oc1ccc(/N=C/c2ccc(OC(=O)c3ccc([*])cc3)cc2)cc1C(F)(F)F,30,32,1208,demo/finetune_high_Tg/scored/cond/graphs/batch_1/1208.npz
1209,[*]OCCCC([*])c1ccc(-c2ccc(OC)cc2)cc1,21,22,1209,demo/finetune_high_Tg/scored/cond/graphs/batch_1/1209.npz
1210,[*]CC[Se](C)CSC(=O)C/C=C/C(=O)NCC(=O)O[*],20,19,1210,demo/finetune_high_Tg/scored/cond/graphs/batch_1/1210.npz
1211,[*]C=Nc1cc(S(=O)(=O)c2ccccc2)c(OC(C)(C)c2ccccc2)c(N2C(=O)c3ccc(Pc4ccccc4[*])cc3C2=O)c1,47,52,1211,demo/finetune_high_Tg/scored/cond/graphs/batch_1/1211.npz
1212,[*]CN(C(=O)NC(C)=O)c1ccc(N2C(=O)CC(COC(=O)O)C(=O)OC(=O)C2)cc1[*],32,33,1212,demo/finetune_high_Tg/scored/cond/graphs/batch_1/1212.npz
1213,[*]CC(C)c1ccc(NC(=O)c2cc(NC3CCCCCCCCCC(C([*])=O)CC3)ccc2[Se])cc1,37,39,1213,demo/finetune_high_Tg/scored/cond/graphs/batch_1/1213.npz
1214,[*]C#CCOCCCP(=O)(CCNC(=O)O[*])Oc1ccc(C)cc1,25,25,1214,demo/finetune_high_Tg/scored/cond/graphs/batch_1/1214.npz
1215,[*]C#CS(=O)(=O)CCCCCCN1C(=O)C(OC(=O)Cl)C1[*],22,22,1215,demo/finetune_high_Tg/scored/cond/graphs/batch_1/1215.npz
1216,[*]CC(O[*])c1ccc(C(=O)OCCCc2ccc(CC)cc2)cc1,25,26,1216,demo/finetune_high_Tg/scored/cond/graphs/batch_1/1216.npz
1217,[*]COc1ccc(NC(=O)OC(=O)c2ccc(Oc3ccc(C([*])=O)cc3)cc2)cc1,31,33,1217,demo/finetune_high_Tg/scored/cond/graphs/batch_1/1217.npz
1218,[*]C(=O)NCCCCCCNC(=O)c1ccccc1Oc1ccc(N2C(=O)c3ccc(S([*])(=O)=O)cc3C2=O)cc1,41,44,1218,demo/finetune_high_Tg/scored/cond/graphs/batch_1/1218.npz
1219,[*]CC([*])C(C)CCOCCOCCOCCO[Si](C)(C)C,22,21,1219,demo/finetune_high_Tg/scored/cond/graphs/batch_1/1219.npz
1220,[*]Nc1cc(I)c(OC(=O)c2ccc(C([*])=O)c(CCCCCCCCCCCC)c2)c(CCCC)c1,37,38,1220,demo/finetune_high_Tg/scored/cond/graphs/batch_1/1220.npz
1221,[*]CCCCC(C)(C)c1ccc(N([*])c2ccc(C(=O)OC)cc2)c(C)c1,27,28,1221,demo/finetune_high_Tg/scored/cond/graphs/batch_1/1221.npz
1222,[*]c1ccc(CN(C)c2ccc(Sc3ccc([Si]([*])(C)CC(F)(F)C(F)(F)F)cc3)s2)cc1,33,35,1222,demo/finetune_high_Tg/scored/cond/graphs/batch_1/1222.npz
1223,[*]CC([*])OCCS(=O)(=O)CCC(=O)NCc1ccc(OC)cc1,24,24,1223,demo/finetune_high_Tg/scored/cond/graphs/batch_1/1223.npz
1224,[*]CC([*])c1ccc(OC(=O)Nc2ccc(-c3ccc(SCC(=O)Oc4ccccc4)cc3)cc2)cc1,37,40,1224,demo/finetune_high_Tg/scored/cond/graphs/batch_1/1224.npz
1225,[*]CCCCC(=O)Nc1ccc(NC(=O)c2ccc3c(c2)CCC(=O)N([*])C3=O)cc1,31,33,1225,demo/finetune_high_Tg/scored/cond/graphs/batch_1/1225.npz
1227,[*]COC(C)C(=O)OC1(C)CC(C)(C(=O)CCCCCC(F)(F)F)C([*])(C)C1=O,29,29,1227,demo/finetune_high_Tg/scored/cond/graphs/batch_1/1227.npz
1228,[*]Cc1cc(Cl)c(C2(c3ccccc3)c3cc(NC([*])=O)cc(C(OCCCCCCC)C(=O)OC3)c2)cc1Br,40,43,1228,demo/finetune_high_Tg/scored/cond/graphs/batch_1/1228.npz
1229,[*]Cc1ccc(N2C(=O)c3ccc(C([*])=O)cc3C2)cc1Oc1ccc(/C=C/c2ccc(OC)cc2)cc1,38,42,1229,demo/finetune_high_Tg/scored/cond/graphs/batch_1/1229.npz
1230,[*]Nc1cc(Cl)c(C(=O)N(C)C(=O)c2ccc(C([*])=O)cc2)cc1,24,25,1230,demo/finetune_high_Tg/scored/cond/graphs/batch_1/1230.npz
1231,[*]CCCCP(=O)(O)PC([*])=O,12,11,1231,demo/finetune_high_Tg/scored/cond/graphs/batch_1/1231.npz
1232,[*]C[Si](C)(C)CCCCCCC(=O)Nc1c(C)cc([*])cc1BC,24,24,1232,demo/finetune_high_Tg/scored/cond/graphs/batch_1/1232.npz
1233,[*]CC([*])/C=C/CC(=O)O[Si](C)(C)C,14,13,1233,demo/finetune_high_Tg/scored/cond/graphs/batch_1/1233.npz
1234,[*]CC[Si]([*])(C)CCC(=O)c1ccc(C(=O)N([*])CC)cc1,22,22,1234,demo/finetune_high_Tg/scored/cond/graphs/batch_1/1234.npz
1235,[*]C([*])(C)C(=O)Oc1ccc([N+](=O)Oc2ccccc2C)cc1,23,24,1235,demo/finetune_high_Tg/scored/cond/graphs/batch_1/1235.npz
1236,[*]NC(=O)c1cccc(C2(c3ccccc3[*])CC(=O)C2)c1,22,24,1236,demo/finetune_high_Tg/scored/cond/graphs/batch_1/1236.npz
1239,[*]CC([*])c1ccc(OCCCCCCCC)c(C)c1C(F)(F)F,24,24,1239,demo/finetune_high_Tg/scored/cond/graphs/batch_1/1239.npz
1240,[*]OC(C)CC(C)COc1ccc(C(=O)Oc2ccc(C([*])=O)cc2)cc1S,28,29,1240,demo/finetune_high_Tg/scored/cond/graphs/batch_1/1240.npz
1241,[*]C(=O)NCCCCCCCCNC(=O)c1cc(OC(=O)C(C)(C)c2cccc([*])n2)ccc1,34,35,1241,demo/finetune_high_Tg/scored/cond/graphs/batch_1/1241.npz
1242,[*]CC1(CCOC(=O)c2ccc(NC(=O)OCC(C)=O)cc2)CC1[*],25,26,1242,demo/finetune_high_Tg/scored/cond/graphs/batch_1/1242.npz
1243,[*]C(=O)NCCCCc1ccc(OC(=O)c2ccc3c(c2)C(=O)N(c2ccc(NC([*])=O)cc2)C3=O)cc1,38,41,1243,demo/finetune_high_Tg/scored/cond/graphs/batch_1/1243.npz
1244,[*]c1ccc(OC[Si](C)(C)OC(C)C(=O)O)c(S([*])(=O)=O)c1,22,22,1244,demo/finetune_high_Tg/scored/cond/graphs/batch_1/1244.npz
1245,[*]Cc1ccc(NC(=O)C(CCCCCC(=O)OCC)[Si]([*])(C)CC)cc1,27,27,1245,demo/finetune_high_Tg/scored/cond/graphs/batch_1/1245.npz
1247,[*]C[N+](C)(C)OSc1ccc(C(=O)NC(=O)c2ccc(-c3ccc(C([*])=O)cc3)cc2)c(O)c1,34,36,1247,demo/finetune_high_Tg/scored/cond/graphs/batch_1/1247.npz
1248,[*]CCCCCCCCCCOC(=O)S/C=C/c1ccc(C(=O)O[*])cc1,27,27,1248,demo/finetune_high_Tg/scored/cond/graphs/batch_1/1248.npz
1249,[*]OCCCCCCS(=O)(=O)Oc1ccc(/C=C/c2ccc(OC(=O)O[*])cc2C)c(CC)c1,34,35,1249,demo/finetune_high_Tg/scored/cond/graphs/batch_1/1249.npz
1250,[*]CC(C)(C)COC(=O)c1ccc(OCCCCCCCCSSCCSSC(=O)O[*])cc1,34,34,1250,demo/finetune_high_Tg/scored/cond/graphs/batch_1/1250.npz
1251,[*]CC(C#CCS(=O)(=O)CCCSC(C)(C)C)O[*],19,18,1251,demo/finetune_high_Tg/scored/cond/graphs/batch_1/1251.npz
1254,[*]CS(=O)(=O)CCCCCCOC(=O)N([*])c1ccc(C(F)(F)F)cc1,26,26,1254,demo/finetune_high_Tg/scored/cond/graphs/batch_1/1254.npz
1255,[*]CSCC(C)(CO[*])C(=O)Oc1ccc(Cl)c(OCCCCCC)c1,26,26,1255,demo/finetune_high_Tg/scored/cond/graphs/batch_1/1255.npz
1256,[*]CC(N=[*])NCCC(=O)OC(Cl)(C)C(=O)O,17,16,1256,demo/finetune_high_Tg/scored/cond/graphs/batch_1/1256.npz
1257,[*]CC(C)CCCCCCOc1ccc(-c2ccc(O[*])cc2NC(=O)OCCCCCCCCCCCCC)cc1,42,43,1257,demo/finetune_high_Tg/scored/cond/graphs/batch_1/1257.npz
1258,[*]C(CN)C(=O)Cc1ccc(N([*])c2ccc(CN=O)c([N+](=O)[O-])c2)cc1,27,28,1258,demo/finetune_high_Tg/scored/cond/graphs/batch_1/1258.npz
1259,[*]Sc1ccc(C(=O)CCCCCCCCC(=O)Nc2ccc(NC(=O)c3cccc(OCC(CC([*])=O)C(=O)c4ccc(C#N)cc4)c3)cc2)cc1,53,56,1259,demo/finetune_high_Tg/scored/cond/graphs/batch_1/1259.npz
1260,[*]OCc1ccc(C(C)(OC(=O)c2cccc(C(=O)OC([*])=O)c2)c2ccccc2OCCCCCC)cc1,39,41,1260,demo/finetune_high_Tg/scored/cond/graphs/batch_1/1260.npz
1261,[*]CCCCN1C(=O)c2cc(C(=O)NCCCCCCc3ccc([*])s3)ccc21,29,31,1261,demo/finetune_high_Tg/scored/cond/graphs/batch_1/1261.npz
1262,[*]C(C)C1CCC(/C([*])=O)c2ccc(Br)cc21,17,18,1262,demo/finetune_high_Tg/scored/cond/graphs/batch_1/1262.npz
1263,[*][Si]c1cc(C(=O)Oc2ccc(C([*])=O)cc2)ccc1Oc1c(-c2ccccc2)ccc(C(=O)c2ccccc2)c1,41,45,1263,demo/finetune_high_Tg/scored/cond/graphs/batch_1/1263.npz
1264,[*]CC(C)(C)CCCCCCN1C(=O)c2ccc(S(=O)(=O)c3ccc(-c4ccc([*])c(C=O)c4)cc3)cc2C1=O,40,43,1264,demo/finetune_high_Tg/scored/cond/graphs/batch_1/1264.npz
1265,[*]CC(=O)c1ccc(C(=O)NC(=CC)CCC(=O)O[*])cc1,22,22,1265,demo/finetune_high_Tg/scored/cond/graphs/batch_1/1265.npz
1266,[*]CC1(CCNC(=O)c2ccc(C(=O)Nc3c(Cl)cc([*])cc3Br)cc2)SC(=O)OC1,31,33,1266,demo/finetune_high_Tg/scored/cond/graphs/batch_1/1266.npz
1267,[*]CC([*])(C)C(=O)Oc1cc(C(F)(F)F)cc(NC(=O)/C=C/C(=O)OCc2ccccc2)c1,33,34,1267,demo/finetune_high_Tg/scored/cond/graphs/batch_1/1267.npz
1268,[*]/C=C/c1ccc2c(c1)C(=O)N(c1ccc(OC(=O)c3cccc(C([*])(F)F)c3)cc1)C2=O,33,36,1268,demo/finetune_high_Tg/scored/cond/graphs/batch_1/1268.npz
1269,[*]/C(C#N)=C/c1ccc(OCCCCCCCCCCc2ccc(NC(=O)CCCC([*])=O)cc2)cc1OC,39,40,1269,demo/finetune_high_Tg/scored/cond/graphs/batch_1/1269.npz
1270,[*]Nc1cccc(/N=N/c2ccc(C(C)(CCl)c3ccc([*])c(C#N)c3)cc2)c1S,30,32,1270,demo/finetune_high_Tg/scored/cond/graphs/batch_1/1270.npz
1271,[*]Nc1ccccc1-c1ccc(NC(=O)c2ccc(Oc3ccc(S([*])=O)cc3)cc2)cc1,33,36,1271,demo/finetune_high_Tg/scored/cond/graphs/batch_1/1271.npz
1272,[*]Oc1ccc(/C=C/CCCCCCC([*])=N)cc1,19,19,1272,demo/finetune_high_Tg/scored/cond/graphs/batch_1/1272.npz
1274,[*]CCNC(=O)CCCCNC(=S)NC(=O)COCC(=O)Nc1ccc(Cc2ccccc2NC(=O)N[*])cc1,40,41,1274,demo/finetune_high_Tg/scored/cond/graphs/batch_1/1274.npz
1275,[*]CC(Oc1ccc(-c2ccc(C(=O)Oc3ccc(C#N)nc3)cc2)cc1)C(C)S[*],31,33,1275,demo/finetune_high_Tg/scored/cond/graphs/batch_1/1275.npz
1276,[*]CC[Sn](C)(C)CNC(=O)c1cc(OC)c([*])c(Cl)c1C,21,21,1276,demo/finetune_high_Tg/scored/cond/graphs/batch_1/1276.npz
1277,[*]COCC([*])/C=C/c1ccc([N+](=O)[O-])c(OC(=O)CCCCCCCCC(C)(C)C)c1,32,32,1277,demo/finetune_high_Tg/scored/cond/graphs/batch_1/1277.npz
1278,[*]CCCCCOc1ccc([Si](C)(C)OC(=O)c2ccc(O[*])cc2C)c(OC)c1,30,31,1278,demo/finetune_high_Tg/scored/cond/graphs/batch_1/1278.npz
1279,[*]CC(COc1ccc(C(C)(CC)N[*])c(OCCCCCCCCCCC)c1)c1ccccc1,35,36,1279,demo/finetune_high_Tg/scored/cond/graphs/batch_1/1279.npz
1280,[*]CC(C)CCc1ccc(Oc2ccc(C(C)(C)C)cc2C)cc1[*],25,26,1280,demo/finetune_high_Tg/scored/cond/graphs/batch_1/1280.npz
1281,[*]CC(C)CNC(=O)Cc1ccc(CC(=O)NCCN(COc2ccc(O[*])cc2)C(F)(F)F)cc1,36,37,1281,demo/finetune_high_Tg/scored/cond/graphs/batch_1/1281.npz
1282,[*]CC(C)(C)COc1ccc(-c2ccc(OCCCCCC(C)O[*])cc2)cc1,29,30,1282,demo/finetune_high_Tg/scored/cond/graphs/batch_1/1282.npz
1283,[*]CC([*])CCS(=O)(=O)CCCCCCCCC(=O)Oc1c(C)cc(I)cc1Br,29,29,1283,demo/finetune_high_Tg/scored/cond/graphs/batch_1/1283.npz
1284,[*]CCCCCCCCCCCCCc1ccc(CCCCCCN2C(=O)c3ccc([*])cc3C2=O)cc1,38,40,1284,demo/finetune_high_Tg/scored/cond/graphs/batch_1/1284.npz
1285,[*]CNC(=O)CCCCC(=O)NSCc1ccccc1NC(=O)C([*])=O,26,26,1285,demo/finetune_high_Tg/scored/cond/graphs/batch_1/1285.npz
1286,[*]CC(C)(C)COC(=O)c1ccc2c(c1)C(=O)N(CCCCCCCCOc1ccc(C(=O)OC([*])C)cc1)C2(F)Cl,42,44,1286,demo/finetune_high_Tg/scored/cond/graphs/batch_1/1286.npz
1287,[*]/C=C/C(=O)OCCCCCCC1CCC(OC(=O)c2ccc(OCC(C)OC([*])=O)cc2)C1,34,35,1287,demo/finetune_high_Tg/scored/cond/graphs/batch_1/1287.npz
1288,[*]CC(C)(C)CN1C=CC(CCCC=C)C(=O)C1[*],19,19,1288,demo/finetune_high_Tg/scored/cond/graphs/batch_1/1288.npz
1289,[*]CCCCCSCCCCCCOC(=O)/C=C/C(=O)Nc1cccc(OCC(=O)O[*])c1,33,33,1289,demo/finetune_high_Tg/scored/cond/graphs/batch_1/1289.npz
1291,[*]Sc1ccc(C#CCCCCCCOc2ccc(NC(=O)c3ccc([*])o3)cc2)cc1,32,34,1291,demo/finetune_high_Tg/scored/cond/graphs/batch_1/1291.npz
1292,[*]COc1ccc(N=C(CCCCCC)c2ccc([N+](=O)[O-])cc2)cc1,26,27,1292,demo/finetune_high_Tg/scored/cond/graphs/batch_1/1292.npz
1293,[*]OC(CCCCCCCC(C)(C)C)C(=O)OC(=O)Sc1ccc(C([*])=O)c(C)c1,30,30,1293,demo/finetune_high_Tg/scored/cond/graphs/batch_1/1293.npz
1294,[*]CC([*])CC(=O)OC(CC)c1ccc(C(F)(F)F)cc1,21,21,1294,demo/finetune_high_Tg/scored/cond/graphs/batch_1/1294.npz
1295,[*]CC([*])(C)C=C[Si](C)CCCNC(=O)Oc1ccc(CNc2ccc(C)cc2)nc1,31,32,1295,demo/finetune_high_Tg/scored/cond/graphs/batch_1/1295.npz
1296,[*]Cc1cc(NC(=O)CCCCN2CCC([*])C(C)CC2)c(C)cc1CC,27,28,1296,demo/finetune_high_Tg/scored/cond/graphs/batch_1/1296.npz
1297,[*]CC([*])(C)c1ccc([SH](Cl)(F)C(=O)Oc2ccc(C(F)(F)F)cc2)cc1,27,28,1297,demo/finetune_high_Tg/scored/cond/graphs/batch_1/1297.npz
1298,[*]OP(=O)(CC)Oc1ccc(F)c(OC(=O)c2ccc([*])nc2)c1C,25,26,1298,demo/finetune_high_Tg/scored/cond/graphs/batch_1/1298.npz
1299,[*]CCCCCC(=O)NC(=O)NNC(=O)C(CCCCCCC)NC(=O)N[*],28,27,1299,demo/finetune_high_Tg/scored/cond/graphs/batch_1/1299.npz
1302,[*]O[Si]([*])(C)C(C)(C)Cc1ccc(-c2ccc(Br)c([Se]c3ccccc3)c2)cc1,29,31,1302,demo/finetune_high_Tg/scored/cond/graphs/batch_1/1302.npz
1303,[*]OC(I)(CNC(=O)C([*])=O)C(OC)C(=O)OCCCCCCCC,25,24,1303,demo/finetune_high_Tg/scored/cond/graphs/batch_1/1303.npz
1304,[*]Oc1ccc(N(c2ccccc2)c2cc(NC(=O)c3ccc(C([*])=O)cc3)cc(OC(F)(F)F)c2)cc1,38,41,1304,demo/finetune_high_Tg/scored/cond/graphs/batch_1/1304.npz
1305,[*]Oc1ccc(C([*])C(=O)c2ccc(C#N)c(NC(=O)S(=O)(=O)O)c2)cc1,27,28,1305,demo/finetune_high_Tg/scored/cond/graphs/batch_1/1305.npz
1306,[*]/C=C/[Si](C)(C)C(=O)c1ccc(OCCCCC(CSC([*])=O)c2ccccc2C)cc1,32,33,1306,demo/finetune_high_Tg/scored/cond/graphs/batch_1/1306.npz
1307,[*]CC(F)(F)CN1C(=O)CCC([*])([2H])C1,15,15,1307,demo/finetune_high_Tg/scored/cond/graphs/batch_1/1307.npz
1308,[*]Cc1cc(C(=O)OCCOc2ccc([Si](C)(C)c3ccc(F)cc3C)cc2)c([*])c(C(C)(C)C)c1,36,38,1308,demo/finetune_high_Tg/scored/cond/graphs/batch_1/1308.npz
1309,[*]Cc1ccc(NC(=O)CCC(F)(F)C([*])=O)cc1,19,19,1309,demo/finetune_high_Tg/scored/cond/graphs/batch_1/1309.npz
1310,[*]NC(=O)Cc1ccc([*])cc1OC(C)(C)S(C)(=O)=O,20,20,1310,demo/finetune_high_Tg/scored/cond/graphs/batch_1/1310.npz
1311,[*]CCCNC(=O)c1ccc(OCC(C)(CCCl)NC([*])=O)cc1,24,24,1311,demo/finetune_high_Tg/scored/cond/graphs/batch_1/1311.npz
1312,[*]Nc1ccc(NC(=O)c2ccc(C(c3ccc(C([*])=O)cc3)(OCC(F)(F)F)C(F)(F)F)cc2)cc1,37,39,1312,demo/finetune_high_Tg/scored/cond/graphs/batch_1/1312.npz
1313,[*]CC(CC)COC(=O)N([*])CCCSC,16,15,1313,demo/finetune_high_Tg/scored/cond/graphs/batch_1/1313.npz
1314,[*]/C=C/c1ccc(NC(=O)CCCC(CC)C(=O)N[*])cc1Cl,23,23,1314,demo/finetune_high_Tg/scored/cond/graphs/batch_1/1314.npz
1315,[*]C[Si]([*])(C)c1ccc(-c2cc(CCCC)ccc2C)cc1,22,23,1315,demo/finetune_high_Tg/scored/cond/graphs/batch_1/1315.npz
1316,[*]Cc1ccc(CCCCCCOc2ccc(NC(=O)N[*])cc2)c(S)c1,27,28,1316,demo/finetune_high_Tg/scored/cond/graphs/batch_1/1316.npz
1317,[*]CCN(C)c1ccc(COC(=O)CCCC#CCN(C=C)C(=O)O[*])cc1,28,28,1317,demo/finetune_high_Tg/scored/cond/graphs/batch_1/1317.npz
1318,[*]Oc1ccc(S(=O)(=O)c2ccc(OC(=O)c3ccccc3OCC(C)(C)C(C)CC)cc2)c(OC([*])=O)c1,39,41,1318,demo/finetune_high_Tg/scored/cond/graphs/batch_1/1318.npz
1320,[*]CC(CCl)(CC)NC(=O)c1ccc(C(=O)OCCCCCCCOc2ccc(/C=C/c3cc(SCCCCCCC)c([*])cc3Br)cc2)cc1,51,53,1320,demo/finetune_high_Tg/scored/cond/graphs/batch_1/1320.npz
1321,[*]NC1CC=C(C(=O)Nc2ccc(-c3ccc(C([*])=O)cc3)cc2)CC1,26,28,1321,demo/finetune_high_Tg/scored/cond/graphs/batch_1/1321.npz
1322,[*]Oc1ccc(C(C)(CC(C)C)c2ccc(OC([*])=O)cc2)c(C(=O)OC)c1,28,29,1322,demo/finetune_high_Tg/scored/cond/graphs/batch_1/1322.npz
1325,[*]CC(F)(F)C(F)(C(=O)CCCCCO[*])c1ccc(C(C)(C)C)cc1,26,26,1325,demo/finetune_high_Tg/scored/cond/graphs/batch_1/1325.npz
1326,[*]CC#CCOC(=O)Nc1ccc(-c2ccc(NC(=O)/C=C/c3cccc(C([*])=O)c3)cc2)cc1,35,37,1326,demo/finetune_high_Tg/scored/cond/graphs/batch_1/1326.npz
1328,[*]C1=C[N+](c2ccccc2)C(C([*])(F)F)OC1O,18,19,1328,demo/finetune_high_Tg/scored/cond/graphs/batch_1/1328.npz
1329,[*]NC(=O)C(CC)NC(=O)CCCCCOc1ccc(-c2ccc(COC([*])=S)cc2)cc1,33,34,1329,demo/finetune_high_Tg/scored/cond/graphs/batch_1/1329.npz
1330,[*]C(=O)NCCC1([*])CCCCN1C(=O)c1ccc(/N=N/c2ccc(OCC)cc2)cc1,32,34,1330,demo/finetune_high_Tg/scored/cond/graphs/batch_1/1330.npz
1332,[*]Cc1c(C)cc(C(OCCCCCC(C)C)C([*])=O)cc1C,23,23,1332,demo/finetune_high_Tg/scored/cond/graphs/batch_1/1332.npz
1333,[*]CCCCCP(C)CCCNC(=O)c1cc(C(=O)N[*])cc(Oc2ccc(N(C)C)cc2)c1,34,35,1333,demo/finetune_high_Tg/scored/cond/graphs/batch_1/1333.npz
1334,[*]NC(=O)COc1cccc(OC(=O)OCCOc2ccc(OC(=O)c3ccc(C([*])=O)cc3)cc2)c1,37,39,1334,demo/finetune_high_Tg/scored/cond/graphs/batch_1/1334.npz
1335,[*]CC(I)(C=O)c1cc(C(=O)OCC(F)(F)F)ccc1NC([*])=O,24,24,1335,demo/finetune_high_Tg/scored/cond/graphs/batch_1/1335.npz
1336,[*]CCNCCNC(=O)c1ccc(S(=O)(=O)NN(C)CCSCCCNC(=O)CCCCC([*])=O)cc1,37,37,1336,demo/finetune_high_Tg/scored/cond/graphs/batch_1/1336.npz
1338,[*]C(CCC)C(=O)C1CC(OC(C)=O)C1[*],16,16,1338,demo/finetune_high_Tg/scored/cond/graphs/batch_1/1338.npz
1339,[*]OC(C#Cc1cccc([*])c1)C(C)=O,15,15,1339,demo/finetune_high_Tg/scored/cond/graphs/batch_1/1339.npz
1340,[*]NC(=O)C1CCC(C([*])=O)CC1(C)NCC,17,17,1340,demo/finetune_high_Tg/scored/cond/graphs/batch_1/1340.npz
1341,[*]COc1ccc(N(C)C(=O)CCc2ccc(OC(=O)c3ccc(C([*])=O)cc3C(=O)OCC)cc2)cc1OC,40,42,1341,demo/finetune_high_Tg/scored/cond/graphs/batch_1/1341.npz
1342,[*]CCN(C[*])C(=O)CCCCCCOCC(F)(F)F,20,19,1342,demo/finetune_high_Tg/scored/cond/graphs/batch_1/1342.npz
1343,[*]C[Si]([*])(C)CCCOC(=O)NCCCOC(=O)c1ccc2c(c1)c1cc(C(=O)OCC)ccc12,35,37,1343,demo/finetune_high_Tg/scored/cond/graphs/batch_1/1343.npz
1344,[*]C(C)OC(=O)c1ccc(/C=N/c2ccc(Cc3ccc(NSC([*])=O)cc3)cc2)cc1,32,34,1344,demo/finetune_high_Tg/scored/cond/graphs/batch_1/1344.npz
1345,[*]OC1=CC(OC(=O)c2ccc(-c3ccc(C(=O)Oc4ccc(C([*])=O)cc4)cc3)cc2)(C(C)(C)C)C=C1,38,41,1345,demo/finetune_high_Tg/scored/cond/graphs/batch_1/1345.npz
1347,[*]C#COCCCCOc1cc([*])c(S(=O)(=O)Oc2ccc(OC(C)(C)C)cc2)c(Br)c1OC,34,35,1347,demo/finetune_high_Tg/scored/cond/graphs/batch_1/1347.npz
1349,[*]=Cc1ccc(Oc2ccc(-c3ccc(C4([*])c5ccccc54)cc3)cc2)cc1,29,33,1349,demo/finetune_high_Tg/scored/cond/graphs/batch_1/1349.npz
1350,[*]c1ccc(CCCCCC)c(-c2nc([*])ccc2I)c1,21,22,1350,demo/finetune_high_Tg/scored/cond/graphs/batch_1/1350.npz
1351,[*]NC(=O)Cc1ccc(C(=O)NNCCCCCC=Cc2ccc([*])nc2C(=O)OCC)cc1,34,35,1351,demo/finetune_high_Tg/scored/cond/graphs/batch_1/1351.npz
1352,[*]COc1ccc(CC(=O)Nc2ccc(Oc3cccc(NC(=O)c4ccc(C[*])cc4)c3)cc2)cc1,37,40,1352,demo/finetune_high_Tg/scored/cond/graphs/batch_1/1352.npz
1353,[*]Oc1ccccc1CC1(C)CC(NC([*])=O)C(C)(C)C1,21,22,1353,demo/finetune_high_Tg/scored/cond/graphs/batch_1/1353.npz
1354,[*]Cc1c(C)cc(C(=O)c2ccc(/N=C/c3cccc([*])c3)cc2)cc1OCC(C)C,31,33,1354,demo/finetune_high_Tg/scored/cond/graphs/batch_1/1354.npz
1355,[*]CCN(CCCC)C([*])c1cccc(N)c1,17,17,1355,demo/finetune_high_Tg/scored/cond/graphs/batch_1/1355.npz
1356,[*]CCCCCCCCCCO[Si](C)(C)CCCCCCC(=O)Oc1ccc(-c2cnc(O[*])cc2O)cc1,39,40,1356,demo/finetune_high_Tg/scored/cond/graphs/batch_1/1356.npz
1357,[*]CCCCCCOC(=O)c1cc(NC(=O)c2cccc(C([*])=O)c2)ccc1CC,30,31,1357,demo/finetune_high_Tg/scored/cond/graphs/batch_1/1357.npz
1359,[*]Oc1ccc(CCCCCCCCCc2cc(NC([*])=O)cc(OC)c2)cc1,29,30,1359,demo/finetune_high_Tg/scored/cond/graphs/batch_1/1359.npz
1360,[*]CCCCCCOc1ccc(C(O)(CCCCCCC)OCCOC(=O)c2ccc(O[*])cc2)cc1,37,38,1360,demo/finetune_high_Tg/scored/cond/graphs/batch_1/1360.npz
1361,[*]COC(=O)c1cc(OC)c(O[*])c(C(C)CCCC(C)N)c1,23,23,1361,demo/finetune_high_Tg/scored/cond/graphs/batch_1/1361.npz
1362,[*]CCOc1cc(C)c(/N=C(\C)c2ccc(/C=C/c3ccc(C(=O)OCCO)cc3[*])cc2)cc1C(C)(C)C,39,41,1362,demo/finetune_high_Tg/scored/cond/graphs/batch_1/1362.npz
1363,[*]Oc1ccc(/N=C/c2ccc(S(=O)(=O)CC(C)(C)c3ccc(O[*])cc3)cc2)cc1,31,33,1363,demo/finetune_high_Tg/scored/cond/graphs/batch_1/1363.npz
1364,[*]/C=C(\C)C(=O)O[Si](C)(C)CNC([*])=O,15,14,1364,demo/finetune_high_Tg/scored/cond/graphs/batch_1/1364.npz
1365,[*]c1ccc([Si]([*])=CC(=O)Cc2ccc(-c3ccc(/N=N/c4ccccc4)cc3)cc2)cc1,33,36,1365,demo/finetune_high_Tg/scored/cond/graphs/batch_1/1365.npz
1366,[*]C(CC(=O)OCC)C(=O)Nc1ncc([*])cc1NC(=O)CN1C(=O)C1(C)C,28,29,1366,demo/finetune_high_Tg/scored/cond/graphs/batch_1/1366.npz
1367,[*]CCCCCCCC(=O)NCC#CCNC(=O)c1ccccc1C(=O)N[*],28,28,1367,demo/finetune_high_Tg/scored/cond/graphs/batch_1/1367.npz
1368,[*]C(CC)(CC)c1ccc(NC(=O)CCCCCCN2C(=O)c3ccc(C(=O)NC(CC)C([*])=O)cc3C2=O)cc1,41,43,1368,demo/finetune_high_Tg/scored/cond/graphs/batch_1/1368.npz
1369,[*]CCCCc1ccccc1COCCCCCCNC(=O)c1ccc(C(=O)O[*])cc1,32,33,1369,demo/finetune_high_Tg/scored/cond/graphs/batch_1/1369.npz
1370,[*]/C=C/c1ccc(NC(=O)c2ccc(CCCCCN3C(=O)c4ccc(C([*])=O)cc4C3=O)cc2)cc1Cl,38,41,1370,demo/finetune_high_Tg/scored/cond/graphs/batch_1/1370.npz
1371,[*]/C=C(/CCCCCCC)C([*])c1ccc(-c2ccc(OC(C)=O)cc2)cc1,28,29,1371,demo/finetune_high_Tg/scored/cond/graphs/batch_1/1371.npz
1372,[*]Cc1cccc(OC(C)=O)c1C(=O)Nc1ccc(C)c(N[*])c1,24,25,1372,demo/finetune_high_Tg/scored/cond/graphs/batch_1/1372.npz
1373,[*]CCCCCCCCNC(=O)NCc1ccc([Si](C)(C)CC(C)(C)CCCCCCNC(=O)c2ccc([*])cc2)cc1,43,44,1373,demo/finetune_high_Tg/scored/cond/graphs/batch_1/1373.npz
1374,[*]Oc1c(Br)c(Br)c(OC(C)=O)c(C([*])c2ccc(C(F)(F)F)cc2OC)c1OC(=O),31,32,1374,demo/finetune_high_Tg/scored/cond/graphs/batch_1/1374.npz
1375,[*]CC(C(=O)O[*])c1ccc(OC(=O)CCCCC)cc1,21,21,1375,demo/finetune_high_Tg/scored/cond/graphs/batch_1/1375.npz
1376,[*]C(=O)OCCCCCCCCC1CCC(C(=O)C2([*])CC2)NC1,24,25,1376,demo/finetune_high_Tg/scored/cond/graphs/batch_1/1376.npz
1379,[*]CC(C)C(=O)OCCCP(=C=C)O[*],15,14,1379,demo/finetune_high_Tg/scored/cond/graphs/batch_1/1379.npz
1380,[*]CC([*])(C)C(=O)OCCc1ccc(/C=C/c2ccc(-c3ccc(O)cc3)cc2)cc1,31,33,1380,demo/finetune_high_Tg/scored/cond/graphs/batch_1/1380.npz
1381,[*]Oc1ccc(NC(=O)SCCCC(=O)Oc2ccc(OC([*])=O)cc2)c(OC(C)=O)c1,32,33,1381,demo/finetune_high_Tg/scored/cond/graphs/batch_1/1381.npz
1382,[*]CC([*])c1ccc(-c2ccc(OC(=O)COc3ccc(C#N)cc3)cc2Oc2ccc(OC)cc2)cc1,38,41,1382,demo/finetune_high_Tg/scored/cond/graphs/batch_1/1382.npz
1383,[*]CCCCCOc1ccc(C(=O)Nc2ccc(/C=N/c3ccc(OC(=O)c4ccc(O[*])cc4)cc3)c(C(=O)OCC=CC)c2)cc1,48,51,1383,demo/finetune_high_Tg/scored/cond/graphs/batch_1/1383.npz
1384,[*]NC(=O)OP(=O)(O)O[Si](C)(C)c1ccc(NC(=O)CCCCC(=O)Nc2ccc(C([*])=O)cc2)cc1,37,38,1384,demo/finetune_high_Tg/scored/cond/graphs/batch_1/1384.npz
1385,[*]CCCCP(CCCCOc1ccc(/N=C/c2ccc(S(=O)(=O)CCCCCC(=O)Oc3cc(CC(C)C)c([*])o3)cc2)cc1)=C(C)CCCC,52,54,1385,demo/finetune_high_Tg/scored/cond/graphs/batch_1/1385.npz
1386,[*]CC=CCOC(=O)NCCCCCCCCCCCCC(C=O)C(=O)N[*],28,27,1386,demo/finetune_high_Tg/scored/cond/graphs/batch_1/1386.npz
1388,[*]CCCCCCOC(=O)Nc1ccc(Sc2ccc(NC(=O)C(=O)OCCc3ccc(O[*])cc3)cc2)cc1,40,42,1388,demo/finetune_high_Tg/scored/cond/graphs/batch_1/1388.npz
1389,[*]CCCCCOC(=O)NNC(=O)CCCCC(=O)Nc1ccc(NC(=O)CCCCCCCNC([*])=O)cc1,40,40,1389,demo/finetune_high_Tg/scored/cond/graphs/batch_1/1389.npz
1390,[*]Oc1ccc(CCCC2CCC([*])(C)C2)cc1C(=O)Nc1ccc(S(=O)(=O)O)cc1,31,33,1390,demo/finetune_high_Tg/scored/cond/graphs/batch_1/1390.npz
1391,[*]Oc1ccc(-c2ccc(OC(=O)c3cccc(NC(=O)CCCCCCCCCCc4ccc(Oc5ccc(C(=O)Nc6ccc(C([*])=O)cc6)cc5)cc4)c3)cc2)c(O)c1,62,67,1391,demo/finetune_high_Tg/scored/cond/graphs/batch_1/1391.npz
1392,[*]Cc1ccc(S(=O)(=O)NCCCCCCCCN2C(=O)c3cc(S(=O)(=O)c4ccc5c(c4)C(=O)N([*])C5=O)ccc3C2=O)c(C)c1,47,51,1392,demo/finetune_high_Tg/scored/cond/graphs/batch_1/1392.npz
1393,[*]CC(CC(C)C)S(=O)(=O)C1C(=O)N(/C=N/C(=O)N[*])CC(C)C1,24,24,1393,demo/finetune_high_Tg/scored/cond/graphs/batch_1/1393.npz
1394,[*]O[Si](C)(C)c1ccc(C([*])C)cc1CC,16,16,1394,demo/finetune_high_Tg/scored/cond/graphs/batch_1/1394.npz
1396,[*]CC(C)CCCCOC(=O)OCC1([*])OC1(C)C,19,19,1396,demo/finetune_high_Tg/scored/cond/graphs/batch_1/1396.npz
1399,[*]CC([*])c1ccc(CCCCC(=O)N(Br)C(=O)OCC)cc1,23,23,1399,demo/finetune_high_Tg/scored/cond/graphs/batch_1/1399.npz
1400,[*]Cc1ccc(/C=C/c2ccc(-c3nnc(C(=O)OCCCCCCCCCC(C)(C)CC)cc3)cc2Oc2ccc(NC([*])=O)cc2)cc1,50,53,1400,demo/finetune_high_Tg/scored/cond/graphs/batch_1/1400.npz
1401,[*]CC([*])(CC)c1ccc(OCC/C=C/c2cccc(SC)c2)cc1,25,26,1401,demo/finetune_high_Tg/scored/cond/graphs/batch_1/1401.npz
1402,[*]CC(Oc1ccc(/N=C/c2ccc(OC(=O)c3ccc(C([*])=O)cc3)cc2)cc1)c1ccc(C[N+](C)(C)c2ccccc2)cc1,46,50,1402,demo/finetune_high_Tg/scored/cond/graphs/batch_1/1402.npz
1403,[*]Nc1ccc(-c2ccc(OC(=O)CCCCCCCCC(=O)NC(C)(C)CCCCC([*])=O)cc2)cc1,38,39,1403,demo/finetune_high_Tg/scored/cond/graphs/batch_1/1403.npz
1404,[*]CC(O)CC(=O)OC(=O)c1c(F)cccc1[N-]c1ccc(C)cc1NC([*])=O,29,30,1404,demo/finetune_high_Tg/scored/cond/graphs/batch_1/1404.npz
1405,[*]/C=C/c1cc(OCCCCCCCCOC)c(NC(=O)Cc2ccc(OCC([*])=O)cc2C)cc1,36,37,1405,demo/finetune_high_Tg/scored/cond/graphs/batch_1/1405.npz
1406,[*]C(Cl)c1ccc(-c2ccc(C(Cl)(C(=O)Cl)c3ccc([*])cc3)cc2)cc1,27,29,1406,demo/finetune_high_Tg/scored/cond/graphs/batch_1/1406.npz
1407,[*][Si]([*])(C)c1cc(OCCCCCCC)c(I)cc1-c1ccccc1,25,26,1407,demo/finetune_high_Tg/scored/cond/graphs/batch_1/1407.npz
1408,[*]/C=C/c1ccc(OC(=O)CCCCC(=O)Nc2ccc(S(=O)(=O)c3ccc(N=Cc4ccc(C([*])=O)cc4)cc3)cc2)cc1,45,48,1408,demo/finetune_high_Tg/scored/cond/graphs/batch_1/1408.npz
1409,[*]Cc1nnc(COC(=O)NCCCCCCNC(=O)O[*])c(OCC(C)CCCCC(=O)OCC)c1,37,37,1409,demo/finetune_high_Tg/scored/cond/graphs/batch_1/1409.npz
1410,[*]CC([*])(CC)C(=O)Oc1ccc(OCCCCS(=O)(=O)N(C#N)CC(F)(F)F)cc1,31,31,1410,demo/finetune_high_Tg/scored/cond/graphs/batch_1/1410.npz
1411,[*]C(C)C([*])OC(=O)c1ccc2c(c1)C(=O)N(c1ccc(OCC(F)(F)F)cc1)C2=O,31,33,1411,demo/finetune_high_Tg/scored/cond/graphs/batch_1/1411.npz
1412,[*]CCC(C)C(=O)OCCCCCCN([*])c1ccc(C(C)=O)cc1,25,25,1412,demo/finetune_high_Tg/scored/cond/graphs/batch_1/1412.npz
1413,[*]/C=C/CCc1nc([*])c(Sc2ccc(C(=O)OC)cc2)cc1C,24,25,1413,demo/finetune_high_Tg/scored/cond/graphs/batch_1/1413.npz
1415,[*]Cc1cc(CC(C)(C)C)c([*])cc1N,15,15,1415,demo/finetune_high_Tg/scored/cond/graphs/batch_1/1415.npz
1416,[*]CCCCCCCCCCCOC(=O)c1ccc(C(C)=CCCCCNC(=O)O[*])cc1,33,33,1416,demo/finetune_high_Tg/scored/cond/graphs/batch_1/1416.npz
1417,[*]CCc1ccc(N([*])c2ccc(OC)c(C(F)(F)F)c2)cc1,23,24,1417,demo/finetune_high_Tg/scored/cond/graphs/batch_1/1417.npz
1418,[*]CCOC(=O)C(CCCCCCCCCCC)c1ccc(N([*])CC)cc1,28,28,1418,demo/finetune_high_Tg/scored/cond/graphs/batch_1/1418.npz
1420,[*]C(=O)c1ccc(C(=O)OCCCCCC(C)CC(=O)Oc2ccc(OC(=O)c3ccccc3C([*])=O)cc2)cc1,41,43,1420,demo/finetune_high_Tg/scored/cond/graphs/batch_1/1420.npz
1421,[*]CC([*])c1ccc(OCCCCOc2ccc(C(=O)c3ccc(C)cc3)cc2)c(OC)c1,33,35,1421,demo/finetune_high_Tg/scored/cond/graphs/batch_1/1421.npz
1422,[*]Nc1ccc(OCC(C)(CCCC([*])=O)c2ccccc2-c2ccc(F)cc2)cc1,31,33,1422,demo/finetune_high_Tg/scored/cond/graphs/batch_1/1422.npz
1423,[*]Nc1ccc(Oc2c(C)cc(OC(=O)NC(CCCNC([*])=O)C(=O)O)cc2)c(F)c1,32,33,1423,demo/finetune_high_Tg/scored/cond/graphs/batch_1/1423.npz
1424,[*]C(=O)C(C)(CC(=O)Nc1ccc(Oc2ccc([*])cc2)cc1)c1ccc(N([*])C(=O)C(F)(F)C(F)(F)C(F)(F)C(F)(F)C(F)(F)F)cc1,49,51,1424,demo/finetune_high_Tg/scored/cond/graphs/batch_1/1424.npz
1425,[*]Nc1cc(Cl)c(C(=O)Nc2ccc(CN(CCCN)C(=O)c3ccc([*])cc3)cc2)cc1,33,35,1425,demo/finetune_high_Tg/scored/cond/graphs/batch_1/1425.npz
1426,[*]C#Cc1ccc(CN(C)C(=O)OCCCCCC(C(=O)N[*])c2ccc([N+](=O)[O-])cc2C(=O)O[Na])cc1,38,39,1426,demo/finetune_high_Tg/scored/cond/graphs/batch_1/1426.npz
1427,[*]C(=O)NCC(CI)C(=O)OCCCCOC(=O)NCC1([*])CC(=O)C1,26,26,1427,demo/finetune_high_Tg/scored/cond/graphs/batch_1/1427.npz
1428,[*]ON(C)C(=O)CCCCCCC(=O)Nc1ccc(/C=C/c2ccc(C([*])=O)cc2F)c(F)c1,34,35,1428,demo/finetune_high_Tg/scored/cond/graphs/batch_1/1428.npz
1429,[*]Nc1ccc(-c2ccc([*])c(C(C)=C)c2)cc1,18,19,1429,demo/finetune_high_Tg/scored/cond/graphs/batch_1/1429.npz
1430,[*]/C=C/c1ccc(Oc2ccc(C(C)(CCC)c3ccc(C([*])=C(Cl)C(F)(F)F)cc3)cc2)cc1,35,37,1430,demo/finetune_high_Tg/scored/cond/graphs/batch_1/1430.npz
1431,[*]CCCCCCCOc1ccc(C(=O)OC(CCCC)c2ccc([*])cc2)cc1,30,31,1431,demo/finetune_high_Tg/scored/cond/graphs/batch_1/1431.npz
1432,[*]CC(CC(C)(C)C)C(=O)OCCOC(=O)/C=N/c1ccc([*])o1,24,24,1432,demo/finetune_high_Tg/scored/cond/graphs/batch_1/1432.npz
1433,[*]CCCCCCCCCCCOC(=O)OCCCCc1ccccc1O[*],28,28,1433,demo/finetune_high_Tg/scored/cond/graphs/batch_1/1433.npz
1434,[*]C#CCCOc1ccc(C(C)(C)CNC([*])=O)cc1SC,22,22,1434,demo/finetune_high_Tg/scored/cond/graphs/batch_1/1434.npz
1435,[*]COc1ccc(NC(=O)c2ccc(OCCCCCCCCCNC(=O)C([*])=O)cc2)cc1,34,35,1435,demo/finetune_high_Tg/scored/cond/graphs/batch_1/1435.npz
1436,[*]c1cccc(C)c1OCCN([*])C(=O)c1ccc(OC)cc1,23,24,1436,demo/finetune_high_Tg/scored/cond/graphs/batch_1/1436.npz
1437,[*]CC([*])/C=C/c1ccc(S(=O)(=O)c2ccc(CC)cc2)cc1,23,24,1437,demo/finetune_high_Tg/scored/cond/graphs/batch_1/1437.npz
1438,[*]OC(=O)CSN(C)c1ccc(CCCCCCCC(=O)N[*])cc1,25,25,1438,demo/finetune_high_Tg/scored/cond/graphs/batch_1/1438.npz
1439,[*]Oc1ccc(S(=O)(=O)c2ccc(C(=O)c3ccc([*])cc3)c(OC)c2)cc1CC(C)CCCCCCCC,39,41,1439,demo/finetune_high_Tg/scored/cond/graphs/batch_1/1439.npz
1440,[*]Oc1ccc(-c2ccc(N(C(=O)c3ccc(OC(C)=O)cc3)c3ccc(C([*])=O)cc3)cc2)cc1,36,39,1440,demo/finetune_high_Tg/scored/cond/graphs/batch_1/1440.npz
1441,[*]CC([*])(C)C(=O)OCCc1sc(C(C)=O)cc1,18,18,1441,demo/finetune_high_Tg/scored/cond/graphs/batch_1/1441.npz
1443,[*]C#CCCCCCOC(=O)NCCc1ccc([Si](NC(=O)S[*])c2ccc(C(=O)Cl)cc2)cc1,35,36,1443,demo/finetune_high_Tg/scored/cond/graphs/batch_1/1443.npz
1445,[*]CC([*])CCCCCC(=O)c1ccc(C(=O)OC(C)CCCC)cc1,26,26,1445,demo/finetune_high_Tg/scored/cond/graphs/batch_1/1445.npz
1446,[*]CC([*])c1ccc2cc(CC(F)(F)C(F)(F)C(F)(F)C(F)(F)F)ccc2c1,28,29,1446,demo/finetune_high_Tg/scored/cond/graphs/batch_1/1446.npz
1447,[*]C(=O)NCC(F)(F)C(F)(F)COC(=O)N[*],17,16,1447,demo/finetune_high_Tg/scored/cond/graphs/batch_1/1447.npz
1449,[*]CC(Cl)c1ccc(C(O[*])c2ccc(-c3ccc(OC)cc3)cc2)cc1,27,29,1449,demo/finetune_high_Tg/scored/cond/graphs/batch_1/1449.npz
1450,[*]CC([*])(C)C(=O)Oc1ccc(/C=C/c2ccc(OC3(C)CC3C)cc2)cc1,28,30,1450,demo/finetune_high_Tg/scored/cond/graphs/batch_1/1450.npz
1451,[*]OCCCCCNC(=O)c1ccc(S(=O)(=O)Oc2ccc(C(c3ccccc3)c3ccc([*])cc3C)cc2)cc1,41,44,1451,demo/finetune_high_Tg/scored/cond/graphs/batch_1/1451.npz
1453,[*]CB(CC([*])C)c1ccccc1B(C)CC,17,17,1453,demo/finetune_high_Tg/scored/cond/graphs/batch_1/1453.npz
1454,[*]C#CC#CCCCCCCCN1C(=O)c2ccc([*])cc2C1(C)CC,26,27,1454,demo/finetune_high_Tg/scored/cond/graphs/batch_1/1454.npz
1455,[*]Oc1ccc([Si](C)(C)c2ccc(N=O)c(C(=O)Nc3ccc(N4C(=O)c5ccc(C(=O)c6ccc([*])cc6)cc5C4=O)cc3)c2)c([N+](=O)[O-])c1,51,56,1455,demo/finetune_high_Tg/scored/cond/graphs/batch_1/1455.npz
1456,[*]c1ccc(OCCCCCCCOC(=O)c2ccc(S(=O)(=O)Cc3ccc([*])cc3)cc2)cc1,35,37,1456,demo/finetune_high_Tg/scored/cond/graphs/batch_1/1456.npz
1458,[*]Nc1ccc(NC(=O)c2ccc(CCC(=O)N([*])C=C)cc2)cc1,25,26,1458,demo/finetune_high_Tg/scored/cond/graphs/batch_1/1458.npz
1459,[*]CC(C)COC(=O)C(CC)c1ccc(-c2ccc(O[*])cc2)cc1,25,26,1459,demo/finetune_high_Tg/scored/cond/graphs/batch_1/1459.npz
1460,[*]CC(C#C)C(=O)NCCCCCC1CCNC(=O)C1C(=O)N[*],24,24,1460,demo/finetune_high_Tg/scored/cond/graphs/batch_1/1460.npz
1462,[*]CC([*])(C)C(=O)Oc1ccc(CC/C=C/c2cccc(C(C)(C)C)c2)cc1,28,29,1462,demo/finetune_high_Tg/scored/cond/graphs/batch_1/1462.npz
1463,[*]CC(C)(C)c1ccc([N+](=O)[O-])cc1-c1ccc(OC(=O)CCCCCCCC)cc1[*],32,33,1463,demo/finetune_high_Tg/scored/cond/graphs/batch_1/1463.npz
1464,[*]CCCCC(=O)NCc1c(C)cc(C([*])=O)cc1O,20,20,1464,demo/finetune_high_Tg/scored/cond/graphs/batch_1/1464.npz
1465,[*]Cc1cccc(CNC(=O)CCCCC[Si](C)(C)c2ccc([*])cc2)c1,27,28,1465,demo/finetune_high_Tg/scored/cond/graphs/batch_1/1465.npz
1466,[*]CC([*])(C)c1ccc(OC(C)(C)C)c(-c2ccc(C(C)(C)C)c(N3C(=O)c4ccc(C(F)(F)F)cc4C3=O)c2)c1,41,44,1466,demo/finetune_high_Tg/scored/cond/graphs/batch_1/1466.npz
1467,[*]Oc1cc(Br)c(O[*])c(OC(=O)CCCCCCCC(C)CC)c1,25,25,1467,demo/finetune_high_Tg/scored/cond/graphs/batch_1/1467.npz
1468,[*]c1cc(Cl)nc(N(CC)C(=O)OCCCCC[Si](C)(C)c2ccc(OC(=O)c3cccc([*])c3C)cc2)c1I,40,42,1468,demo/finetune_high_Tg/scored/cond/graphs/batch_1/1468.npz
1469,[*]O[Si](C)(CC)CCCCCCCC(OCCC(F)(F)F)/C(C)=N/c1ccc(Oc2cc(C)c([*])cc2OC)cc1Br,42,43,1469,demo/finetune_high_Tg/scored/cond/graphs/batch_1/1469.npz
1471,[*]CCCCCCCCN(CC)C(=O)CCc1ccc(COC(=O)CCCCCCCCC(=O)O[*])cc1OCC,41,41,1471,demo/finetune_high_Tg/scored/cond/graphs/batch_1/1471.npz
1474,[*]CCCCCC(=O)Oc1ccc(OC(=O)c2ccccc2Oc2ccc(C(=O)NC([*])(C)CO)cc2)cc1,39,41,1474,demo/finetune_high_Tg/scored/cond/graphs/batch_1/1474.npz
1475,[*][Se]c1ccc(C(=O)N(OC(C)=O)c2cccc([*])c2)cc1,22,23,1475,demo/finetune_high_Tg/scored/cond/graphs/batch_1/1475.npz
1476,[*]CCCCCCCOc1ccc(CCCCOCCCCCCCCOC(=O)Nc2cccc(C(=O)N[*])c2SCCO)cc1,46,47,1476,demo/finetune_high_Tg/scored/cond/graphs/batch_1/1476.npz
1477,[*]C=COc1ccc(-c2c(C)cc(NC(=O)c3ccc([*])c(C)c3)cc2C)cc1,29,31,1477,demo/finetune_high_Tg/scored/cond/graphs/batch_1/1477.npz
1478,[*]Oc1ccc(C(NC(=O)CC)c2ccc(C(=O)Oc3ccc(C([*])=O)cc3)cc2)cc1,32,34,1478,demo/finetune_high_Tg/scored/cond/graphs/batch_1/1478.npz
1479,[*]CCC1(C)CCC1CCCCCC(=O)N([*])CC,19,19,1479,demo/finetune_high_Tg/scored/cond/graphs/batch_1/1479.npz
1480,[*]CC(C)CCCCCCCC(=O)NC(CNC(=O)c1ccc(O[*])cc1)OC(C)C,31,31,1480,demo/finetune_high_Tg/scored/cond/graphs/batch_1/1480.npz
1481,[*]OCC(C)(CCCCCCC)c1ccc(OC(=O)SC(C)(C)Cc2ccc(O[*])cc2)cc1,34,35,1481,demo/finetune_high_Tg/scored/cond/graphs/batch_1/1481.npz
1482,[*]CC([*])(C)c1ccc(-c2ccccc2Oc2ccc(S(=O)(=O)c3ccc(OC)cc3)cc2)cc1,35,38,1482,demo/finetune_high_Tg/scored/cond/graphs/batch_1/1482.npz
1483,[*]CCC(C)(C)CCCCCCCCCCN([*])C(=O)CCCCC,25,24,1483,demo/finetune_high_Tg/scored/cond/graphs/batch_1/1483.npz
1484,[*]CCN(C)C(=O)c1ccc(C(=O)NCCCCCC#C[PH](=O)(=O)O[*])cc1,28,28,1484,demo/finetune_high_Tg/scored/cond/graphs/batch_1/1484.npz
1485,[*]Oc1ccc(CC=CCCCCCCCC(=O)CCc2ccc(OC(=O)CCCCC([*])=O)cc2)cc1,38,39,1485,demo/finetune_high_Tg/scored/cond/graphs/batch_1/1485.npz
1486,[*]NNC(=O)c1ccc(C(=C)OC([*])=O)cc1,17,17,1486,demo/finetune_high_Tg/scored/cond/graphs/batch_1/1486.npz
1487,[*]NC(=O)c1cccc(C(=O)NCC(F)(F)CN2C(=O)c3ccc(O[*])cc3C2=O)c1,31,33,1487,demo/finetune_high_Tg/scored/cond/graphs/batch_1/1487.npz
1488,[*]Cc1ccc(OCCCCCC(=O)Nc2ccc([*])cc2)o1,23,24,1488,demo/finetune_high_Tg/scored/cond/graphs/batch_1/1488.npz
1489,[*]Cc1ccc(S(=O)(=O)NCCCNC(=O)c2ccc(C(=O)O[*])cc2)c(Oc2ccccc2)c1,35,37,1489,demo/finetune_high_Tg/scored/cond/graphs/batch_1/1489.npz
1490,[*]CC(=O)OCCCCCCCCc1ccc(C/C=N/c2ccc([*])cc2)cc1,29,30,1490,demo/finetune_high_Tg/scored/cond/graphs/batch_1/1490.npz
1491,[*]SC(CC(C)(C)C)NC(=O)CCC([*])=O,16,15,1491,demo/finetune_high_Tg/scored/cond/graphs/batch_1/1491.npz
1492,[*]Nc1ccc(N(c2ccc(C(O)COC(C)=O)cc2)c2ccc(C([*])(C)c3ccccc3)cc2)cn1,37,40,1492,demo/finetune_high_Tg/scored/cond/graphs/batch_1/1492.npz
1494,[*]CCC(=O)OCC[N+](CC)(CBr)OCCCCCCOC(=O)CCC(=O)O[*],29,28,1494,demo/finetune_high_Tg/scored/cond/graphs/batch_1/1494.npz
1495,[*]CC(CCCCCCCCCCC)(CCCC)C([*])C,21,20,1495,demo/finetune_high_Tg/scored/cond/graphs/batch_1/1495.npz
1496,[*]/C=C/c1ccc(OC(=O)c2ccc(C(=O)NCCCC(=[*])CCc3ccc([N+](=O)[O-])cc3)cc2OC)s1,38,40,1496,demo/finetune_high_Tg/scored/cond/graphs/batch_1/1496.npz
1497,[*]O[Si]([*])(C)CCCNC(CC(C)=O)c1ccc(/N=N/c2ccc(CC)cc2)cc1,30,31,1497,demo/finetune_high_Tg/scored/cond/graphs/batch_1/1497.npz
1498,[*]/C=C/c1ccc(OCCCCCCC(=O)c2ccccc2C(=O)Nc2ccc(S(=O)(=O)c3ccc(Sc4ccc([*])cc4)cc3)cc2)cc1,50,54,1498,demo/finetune_high_Tg/scored/cond/graphs/batch_1/1498.npz
1499,[*]O[Si](C)(C)Oc1ccc(OC(=O)c2cc([*])ccc2N)c(C)c1,24,25,1499,demo/finetune_high_Tg/scored/cond/graphs/batch_1/1499.npz
