sample_id,smiles,is_valid,is_unique,in_training_set,pred_old,is_novel,can_build_3d,pred,pred2-pred1
1997,[*]OC(=O)c1ccc(Nc2ccc(P(=O)(c3ccccc3)c3ccc(C(=O)Nc4ccc([*])cc4)cc3)cc2)c(OC)c1,TRUE,TRUE,FALSE,530.1450195,TRUE,TRUE,526.1930542,3.951965332
3106,[*]Oc1ccc(C(=O)Nc2ccc(NC(=O)c3ccc([Si]([*])(C)Cc4ccccc4)cc3)cc2)cc1,TRUE,TRUE,FALSE,512.6688232,TRUE,TRUE,513.3800049,0.711181641
4912,[*]C#Cc1cc(C)c(O[*])nc1-c1ccc(C#N)cc1,TRUE,TRUE,FALSE,505.7516785,TRUE,TRUE,509.5648193,3.813140869
1384,[*]Oc1ccc(C(=O)Nc2ccc(Cc3ccc(NC(=O)c4ccc(OC([*])=O)cc4)cc3)cc2)cc1C(C)C,TRUE,TRUE,FALSE,506.8496094,TRUE,TRUE,509.0449829,2.195373535
395,[*]c1ccc(N(C(=O)Nc2ccc(S(=O)(=O)O)cc2)c2ccc([*])cc2)cc1,TRUE,TRUE,FALSE,494.7953491,TRUE,TRUE,500.1481934,5.352844238
3901,[*]Oc1ccc(/N=C/C(=O)c2ccc(Oc3ccc(NC(=O)Nc4ccc(C([*])=O)cc4)cc3)cc2)cc1,TRUE,TRUE,FALSE,494.7989502,TRUE,TRUE,499.2663879,4.467437744
1837,[*]Oc1ccc([Si](C)(C)c2ccc(NC(=O)c3ccc(S(=O)(=O)c4ccc([*])cc4)cc3C(=O)O)c(Cc3ccccc3)c2)cc1,TRUE,TRUE,FALSE,493.0061035,TRUE,TRUE,499.1611938,6.155090332
474,[*]Nc1cc(Br)c(C(=O)Nc2cccc(C([*])(C)c3ccccc3)c2)cc1Cl,TRUE,TRUE,FALSE,499.2149658,TRUE,TRUE,494.9693298,4.245635986
3546,[*]/C=C/c1ccc(OC(=O)c2ccc(NC(=O)C(=O)Nc3ccc([*])cc3)cc2)cc1,TRUE,TRUE,FALSE,500.8861389,TRUE,TRUE,492.5073547,8.37878418
4804,[*]Oc1cc(C#Cc2ccc(S(=O)(=O)c3ccc(Nc4cccc(C([*])=O)c4)cc3)cc2)ccc1C,TRUE,TRUE,FALSE,484.2996826,TRUE,TRUE,492.3287354,8.029052734
807,[*]OCC([*])c1ccc(OCC=CCC)c(Cl)c1,TRUE,TRUE,FALSE,304.0674744,TRUE,FALSE,304.1511841,0.083709717
2692,[*]NNC(=O)c1ccc(Cc2cc(S(=O)(=O)Nc3ccc([*])cc3)ccc2C)c(N=C)c1,TRUE,TRUE,FALSE,493.2654419,TRUE,TRUE,492.2875671,0.977874756
198,[*]Nc1ccc(/C=C/c2ccc(NC(=O)Nc3ccc(S(=O)(=O)c4ccc(C)cc4)cc3)cc2)cc1[*],TRUE,TRUE,FALSE,494.107605,TRUE,TRUE,491.6330261,2.474578857
4771,[*]C(=O)Oc1ccc(/N=N/c2ccc(C(c3ccccc3)c3ccc(N=[*])c(C)c3)cc2)c(Cl)c1,TRUE,TRUE,FALSE,481.6721497,TRUE,TRUE,486.7302856,5.058135986
2428,[*]c1ccc(-c2ccc(/C=C(\[*])c3cc(C)c(F)cc3)cc2)cc1,TRUE,TRUE,FALSE,475.8575134,TRUE,TRUE,481.1228943,5.265380859
444,[*]c1ccc(C#Cc2ccc(C)cc2C)c([*])c1O,TRUE,TRUE,FALSE,474.7322693,TRUE,TRUE,480.8619995,6.129730225
1078,[*]Oc1ccc(NC(=O)c2ccc(CC(=O)Oc3ccc([*])cc3)cc2)c2ccccc12,TRUE,TRUE,FALSE,477.2563477,TRUE,TRUE,476.7402649,0.516082764
718,[*]Nc1ccc([*])c(S(=O)(=O)Nc2ccc(-c3ccc(C(F)(F)c4ccccc4)cc3)cc2)c1,TRUE,TRUE,FALSE,468.7576294,TRUE,TRUE,474.330658,5.573028564
1641,[*]Nc1cc(SC)cc(C(=O)Nc2cccc([*])c2)c1,TRUE,TRUE,FALSE,479.7034302,TRUE,TRUE,474.312439,5.390991211
1962,[*]c1nnc([*])c(C=NC(=O)c2ccc(Oc3ccc([N+](=O)[O-])cc3)cc2S(=O)(=O)O[Na])c1,TRUE,TRUE,FALSE,478.3605957,TRUE,TRUE,473.971405,4.389190674
4150,[*]CCOC(=S)c1ccc(Nc2ccc(C(=O)NNC(=O)c3ccccc3[*])c(C(C)(C)C)c2)cc1-c1ccc([N+](=O)[O-])cc1,TRUE,TRUE,FALSE,465.6314697,TRUE,TRUE,473.5775757,7.946105957
2655,[*]CC(=O)Oc1ccc(C(=O)OC)cc1NC(=O)c1ccc(N=CC([*])=O)cc1,TRUE,TRUE,FALSE,467.1760559,TRUE,TRUE,470.6448975,3.468841553
4749,[*]Nc1ccc(P(=O)(NC)c2ccc(Oc3ccc(-c4ccc([*])nc4)cc3)cc2)cc1,TRUE,TRUE,FALSE,476.9592285,TRUE,TRUE,468.5797119,8.379516602
2979,[*]Sc1ccc(-c2ccccc2C(=O)CN(C(=O)c2ccc(C(=O)O[*])cc2)C(=O)O)cc1,TRUE,TRUE,FALSE,476.7559204,TRUE,TRUE,468.4682617,8.287658691
1916,[*]CNC(=O)N/C=C/c1ccccc1C(=O)Nc1ccc(Cc2ccc(S([*])(=O)=O)cc2)cc1,TRUE,TRUE,FALSE,462.3668213,TRUE,TRUE,466.6062927,4.239471436
3976,[*]CCC(=O)Nc1ccc(NC(=O)CCCCOC(=O)c2ccc(C([*])=O)cc2S(=O)(=O)O)c(OC)c1,TRUE,TRUE,FALSE,460.1024475,TRUE,TRUE,466.5354309,6.432983398
3916,[*]CCOc1ccc(NC(=O)c2ccc(C(=O)/C=C/c3ccc(Oc4ccc(N=[*])cc4)cc3)cc2)c(-c2ccccc2)c1,TRUE,TRUE,FALSE,462.174408,TRUE,TRUE,466.4612122,4.286804199
1779,[*]Sc1ccc(-c2cc(C(=O)N[*])ccc2)cc1C(CC)c1ccc(NC(=O)c2ccc(S(=O)(=O)O)cc2)cc1,TRUE,TRUE,FALSE,470.3640747,TRUE,TRUE,465.0421143,5.321960449
2405,[*]CCNC(=O)NNC(=O)c1ccc(C(C)(C)c2ccc(C(NC(=O)CNc3ccccc3)c3ccc(S([*])(=O)=O)cc3)cc2)cc1,TRUE,TRUE,FALSE,461.5006104,TRUE,TRUE,464.160553,2.659942627
1611,[*]NC(=O)C(C)(C)COc1ccc(-c2ccc(C(=O)NNC(=O)c3ccc([*])c(OCCCC)c3)cc2)cc1,TRUE,TRUE,FALSE,463.2711182,TRUE,TRUE,461.1965942,2.074523926
2223,[*]OS(=O)(=O)c1ccc(Cc2ccc(N3C=Cc4ccc([*])cc4C3=O)cc2)c(-c2ccccc2)c1,TRUE,TRUE,FALSE,460.8996277,TRUE,TRUE,459.848114,1.051513672
471,[*]OCC(CO)(C)c1ccc(NC(=O)c2ccc(C(=O)Oc3ccc([*])cc3)cc2)cc1,TRUE,TRUE,FALSE,453.6489258,TRUE,TRUE,459.621582,5.97265625
4671,[*]CC(O)CCNC(=O)c1ccc(C=C(N[*])c2ccc(OC(=O)c3ccccc3)cc2)cc1,TRUE,TRUE,FALSE,451.624054,TRUE,TRUE,458.8889771,7.264923096
899,[*]Nc1cc(OC(=O)c2ccc(CCCCCC)cc2)cc(C(=O)Nc2ccc([*])c(S(=O)(=O)O)c2)c1,TRUE,TRUE,FALSE,451.873291,TRUE,TRUE,457.5823975,5.709106445
1524,[*]CC(O)C(=O)N/C=N/c1ccc(C(=O)NCc2ccccc2)cc1C([*])=O,TRUE,TRUE,FALSE,449.9012146,TRUE,TRUE,457.1169434,7.21572876
4399,[*]Oc1ccc(C(=O)c2ccc(Nc3cccc(-c4ccc(S([*])(=O)=O)cc4)c3)cc2)cc1,TRUE,TRUE,FALSE,456.0834656,TRUE,TRUE,456.4439087,0.360443115
695,[*]CC(=O)Cc1cc(C(=O)O[*])ccc1N=Cc1cccc(S(=O)(=O)O)c1,TRUE,TRUE,FALSE,458.9805908,TRUE,TRUE,456.0802917,2.900299072
2034,[*]CC(CCC)C1CN(c2ccccc2)C(=O)N(c2ccc(S(=O)(=O)C([*])=O)cc2)C1=O,TRUE,TRUE,FALSE,460.4073486,TRUE,TRUE,455.2636108,5.143737793
2027,[*]/C=C/C(=O)Nc1cccc(-c2ccc([N+](=O)O[*])cc2)c1,TRUE,TRUE,FALSE,449.7853699,TRUE,TRUE,454.2385559,4.453186035
3318,[*]CC(=O)Oc1ccc(Oc2ccc(C(=O)c3ccccc3NC(=O)c3ccc(C([*])=O)cc3)cc2)cc1,TRUE,TRUE,FALSE,453.1432495,TRUE,TRUE,453.7850647,0.641815186
1654,[*]/C=C/c1ccc(Sc2ccccc2C(=O)N[*])c(C(C)(C)c2ccc(Br)cc2)c1C(=O)O,TRUE,TRUE,FALSE,457.563385,TRUE,TRUE,453.7637939,3.799591064
3805,[*]CCOc1ccc(NC(=O)c2ccc(N(C)C(=O)c3ccccc3C(=O)Oc3ccc(-c4ccc(C(=O)N[*])cc4)cc3)cc2)cc1,TRUE,TRUE,FALSE,446.6542969,TRUE,TRUE,452.5407715,5.886474609
3935,[*]Sc1ccc(CCCCCCC(=O)Nc2ccc(NC(=O)c3cccc(C([*])=O)c3)cc2)cc1C,TRUE,TRUE,FALSE,446.2816162,TRUE,TRUE,451.1442566,4.862640381
4205,[*]CC(C)CCc1ccc(NC(=O)NC(c2ccc(C)cc2)S([*])(=O)=O)cc1C(=O)O,TRUE,TRUE,FALSE,441.5164795,TRUE,TRUE,449.5502319,8.033752441
4958,[*]NC(=O)c1ccc(Cc2ccc([*])cc2Cl)c(I)c1CCCCCCCCC(F)(F)F,TRUE,TRUE,FALSE,452.2093506,TRUE,TRUE,449.0269165,3.182434082
155,[*]c1ccc(OCCCC[N+](C)(C)c2ccc(Cc3ccc(N4C(=O)c5ccc(C([*])(C(F)(F)F)C(F)(F)F)cc5C4=O)cc3)cc2)cc1,TRUE,TRUE,FALSE,456.5951538,TRUE,TRUE,448.9809265,7.614227295
3859,[*]Oc1ccc(Oc2ccc(NC(=O)c3ccc(C(C)(C)c4ccccc4)cc3)cc2C(=O)Oc2ccccc2)cc1[*],TRUE,TRUE,FALSE,449.4917603,TRUE,TRUE,448.2461853,1.245574951
126,[*]Oc1ccc(OC(=O)c2cc(C#Cc3ccccc3)cc([*])c2)cc1,TRUE,TRUE,FALSE,440.3702087,TRUE,TRUE,446.681366,6.311157227
4146,[*]c1ccc(C(C)(C)c2ccc(-c3ccc([Si]([*])(C)OC)cc3)cc2)c(S(=O)(=O)O[Na])c1,TRUE,TRUE,FALSE,440.9367676,TRUE,TRUE,446.4285889,5.491821289
1630,[*]CC(=O)c1ccc(NC(=O)c2cc(C)c(C(=O)N[*])c(NCCCCCS(=O)(=O)O[Na])c2)cc1OC,TRUE,TRUE,FALSE,438.6818542,TRUE,TRUE,446.0618896,7.3800354
2414,[*]CCc1ccc(-c2ccc(NC[*])cc2S(=O)(=O)NCC(=O)OC)cc1,TRUE,TRUE,FALSE,440.1568909,TRUE,TRUE,445.9161682,5.759277344
1474,[*]Oc1ccc(S(=O)(=O)c2ccc([*])cc2)c(C(C)C#N)c1F,TRUE,TRUE,FALSE,445.7104492,TRUE,TRUE,445.1716309,0.538818359
1684,[*]Oc1ccc(/N=C/c2ccc(CCCCC)cc2)c(OC(=O)c2ccc(C(=O)Nc3ccc(S([*])(=O)=O)cc3)c(O)c2)c1O,TRUE,TRUE,FALSE,437.9375,TRUE,TRUE,444.576355,6.63885498
1175,[*]c1ccc(CCCCCOc2ccc(-n3c([*])c4ccccc4c3)cc2S(=O)(=O)O)c(Cl)c1,TRUE,TRUE,FALSE,444.2698059,TRUE,TRUE,443.940918,0.328887939
2829,[*]NC(=O)c1ccc(CCCCC(=O)NNC([*])=O)cc1,TRUE,TRUE,FALSE,446.3657227,TRUE,TRUE,443.4876404,2.878082275
2126,[*]Oc1ccc(NC(=O)c2ccc(S(=O)(=O)NC(C)(C)c3ccc(C(=O)O[*])cc3)cc2)cc1,TRUE,TRUE,FALSE,448.3860168,TRUE,TRUE,442.8354797,5.550537109
4674,[*]c1cc(OCCCC)c(C(=O)Oc2ccc(/N=C/C([*])=O)cc2S(=O)(=O)c2ccccc2)cc1,TRUE,TRUE,FALSE,441.2898865,TRUE,TRUE,442.149231,0.859344482
2180,[*]CC(=O)Nc1ccc(OCCCOc2cccc(NC(=O)c3ccc(C(=O)C([*])=O)cc3)c2OC)cc1,TRUE,TRUE,FALSE,441.74646,TRUE,TRUE,440.907135,0.839324951
759,[*]OC(=O)c1ccc(-c2cccc(C(C)(C)c3ccc(NC([*])=O)cc3)c2)cc1-c1ccccc1,TRUE,TRUE,FALSE,441.2443848,TRUE,TRUE,439.9223022,1.32208252
4004,[*]Oc1ccc(Oc2ccc(S(=O)(=O)c3ccc(C(=O)c4ccc([*])cc4)cc3)cc2)cc1CCCC=C,TRUE,TRUE,FALSE,447.1535034,TRUE,TRUE,439.572998,7.580505371
4098,[*]OC(=O)c1ccc(C(c2ccccc2)(CCCC(F)(F)F)c2ccc([*])nc2)cc1,TRUE,TRUE,FALSE,432.3053284,TRUE,TRUE,438.301239,5.995910645
139,[*]CC(=O)Oc1ccc(S(=O)(=O)c2ccc(OC(=O)c3ccc(C)cc3)cc2)c(OC([*])=O)c1,TRUE,TRUE,FALSE,443.9901428,TRUE,TRUE,436.6923523,7.297790527
1466,[*]/C(Cl)=C(/[*])c1ccc(OCCCC)cc1O,TRUE,TRUE,FALSE,444.4897766,TRUE,TRUE,436.1880493,8.301727295
342,[*]C(=O)Oc1ccc(C#Cc2ccc(NC(=O)CS([*])=O)cc2)cc1,TRUE,TRUE,FALSE,432.5336609,TRUE,TRUE,436.1114502,3.577789307
3290,[*]CC(O)CCCOC(=O)c1ccc(NC(=O)c2ccc(C(=O)NNC([*])=O)cc2)c(Oc2ccccc2)c1,TRUE,TRUE,FALSE,427.3517456,TRUE,TRUE,435.6929932,8.341247559
3498,[*]CC([*])OC(=O)c1ccc(NC(=O)c2ccc(S(=O)(=O)c3ccc(F)cc3)cc2)c(C(F)(F)F)c1,TRUE,TRUE,FALSE,436.294342,TRUE,TRUE,435.0220947,1.272247314
4488,[*]C=C=C(C#N)C(=O)c1cccc(C(=O)OC)c1C([*])=O,TRUE,TRUE,FALSE,439.7992859,TRUE,TRUE,434.6801147,5.119171143
3004,[*]CC([*])C(=O)/C=C(\C#N)c1ccc([N+](=O)[O-])cc1C(C)C,TRUE,TRUE,FALSE,439.0477905,TRUE,TRUE,434.0723877,4.975402832
3674,[*]Oc1ccc(NC(=O)OCC)c(Oc2ccc(C=C(C)c3ccc(S([*])=O)cc3)cc2)c1,TRUE,TRUE,FALSE,430.3079834,TRUE,TRUE,432.6983337,2.390350342
4268,[*]Oc1ccc(C(=O)NC(=O)c2ccc(C(=O)OCCOc3ccc(OC(=O)c4ccc(F)cc4)cc3)cc2)c(S[*])c1O,TRUE,TRUE,FALSE,428.7307129,TRUE,TRUE,430.1514282,1.420715332
4956,[*]CCC([*])CCOC(=O)c1ccc([Si](C)(C)CCCCCCCCC)cc1Sc1ccc(Br)cc1,TRUE,TRUE,FALSE,286.8566284,TRUE,FALSE,286.3640747,0.492553711
1741,[*]CCC(CCCCOc1ccc(C(=O)NCC(C)S)cc1)c1ccc(C(=O)NC(=O)C([*])=O)cc1,TRUE,TRUE,FALSE,431.8126526,TRUE,TRUE,429.8909912,1.921661377
4153,[*]Oc1ccc(C(=O)C(Cc2ccccc2)c2ccc(OC(=O)Nc3ccc(Cc4ccc(C([*])=O)cc4)cc3)cc2)cc1CC,TRUE,TRUE,FALSE,436.4203186,TRUE,TRUE,429.1135254,7.306793213
2529,[*]Oc1ccc(NC(=O)c2cc(-c3ccc(CCCCCCCC)cc3)ccc2S([*])(=O)=O)cc1C,TRUE,TRUE,FALSE,423.1634827,TRUE,TRUE,428.4659729,5.302490234
604,[*]CCCCC(=O)NNC(=O)c1ccc(C(=O)NCCCCCCNc2ccc([*])cc2)cc1,TRUE,TRUE,FALSE,424.5657043,TRUE,TRUE,428.2542419,3.688537598
3332,[*]Nc1cccc(C(=O)C([*])=NNC(=O)c2ccccc2)c1,TRUE,TRUE,FALSE,420.7073669,TRUE,TRUE,428.2174377,7.510070801
3597,[*]NC(=O)c1ccc(CCCCCC([*])=O)cc1NCC,TRUE,TRUE,FALSE,433.6488953,TRUE,TRUE,428.1509094,5.49798584
754,[*]CC/C=C(\C)c1cccc(C)c1OC(=O)c1ccc(N(C)C(=O)c2cccc(C([*])=O)c2)cc1,TRUE,TRUE,FALSE,424.815094,TRUE,TRUE,427.5791931,2.764099121
1721,[*]CCCCCOc1ccc(C(=O)NC(=O)C=C/C(=O)c2cccc(Oc3ccc(C([*])=O)cc3)c2)cc1,TRUE,TRUE,FALSE,428.2862854,TRUE,TRUE,427.2580566,1.02822876
4945,[*]Oc1cc(NC(=O)c2ccc(OCCCCOc3ccc(C([*])=O)cc3)cc2)cc(C(=O)Nc2ccc(C(F)(F)F)cc2)c1,TRUE,TRUE,FALSE,419.3573914,TRUE,TRUE,426.785614,7.428222656
146,[*]CC(=O)Nc1ccc(C(O)COCCCCC(=O)Nc2ccc(N=[*])cc2)cc1,TRUE,TRUE,FALSE,427.0466919,TRUE,TRUE,426.4716187,0.575073242
1208,[*]Oc1ccc(-c2ccc(F)c([*])c2C(C)(CC)C)cc1C,TRUE,TRUE,FALSE,432.5383301,TRUE,TRUE,426.2835083,6.254821777
3295,[*]OC(F)(F)C([*])C(=O)OCCCCCCNC(=O)N(C)c1ccc(C#N)cc1,TRUE,TRUE,FALSE,305.6638489,TRUE,FALSE,306.2266235,0.562774658
4127,[*]OC(=O)Oc1ccc(C(C)(C)c2ccc(OC(=O)c3ccc4c(c3)C(=O)N([*])C4=O)cc2)cc1,TRUE,TRUE,FALSE,426.2539368,TRUE,TRUE,426.1305237,0.123413086
3913,[*]Cc1cc(Br)cc(C(=O)NCCCCOc2ccc(CNC(=O)c3ccc([*])cc3)cc2)c1S(=O)(=O)O,TRUE,TRUE,FALSE,431.5965881,TRUE,TRUE,425.0863037,6.510284424
206,[*]Oc1ccc(S(=O)(=O)Nc2ccc(CCCCCCCCc3ccc(NC(=O)C#N)cc3-c3ccccc3)cc2)cc1,TRUE,TRUE,FALSE,426.7403564,TRUE,TRUE,424.9301758,1.810180664
427,[*]C[Si](C)(C)COc1ccc(NC(=O)CCCC(=O)N(C)c2ccc(C(=O)Oc3ccc(NC(=O)c4ccc(O[*])cc4)cc3)cc2)cc1,TRUE,TRUE,FALSE,419.2518921,TRUE,TRUE,424.8580017,5.606109619
2210,[*]CC([*])c1cc(C(=O)OCCCCCCC)ccc1C(=O)Oc1ccc(C(=O)/C=C/c2ccc(N3C(=O)c4ccc(OC(=O)c5ccccc54)cc3)cc2)cc1,TRUE,TRUE,FALSE,416.8575439,TRUE,TRUE,424.8122253,7.954681396
697,[*]C(CCCCC(=O)NCc1ccc(NC(=O)c2ccc([*])cc2)c(C)c1)c1ccccc1O,TRUE,TRUE,FALSE,433.0005188,TRUE,TRUE,424.6764526,8.324066162
3844,[*]CC([*])(C)C(=O)Oc1ccc(C(Cc2ccccc2)c2ccc(S(=O)(=O)c3ccc(C)cc3)cc2)cc1,TRUE,TRUE,FALSE,416.6752319,TRUE,TRUE,424.3240356,7.648803711
340,[*]NCC#C/C=C/c1ccc(C(=O)NCC(CCl)(C=[*])CCCCCCC)cc1S(=O)(=O)O,TRUE,TRUE,FALSE,419.6803894,TRUE,TRUE,423.5112305,3.830841064
2347,[*]CC(C(C)(C)C)C([*])C(=O)OCCCCCOc1ccc(-c2ccc(SC)cc2)cc1,TRUE,TRUE,FALSE,297.6784668,TRUE,FALSE,297.0381165,0.640350342
138,[*]CCOCCOC(=O)c1ccccc1-c1ccc(NC(=O)CCCCCC(=O)Nc2ccc(CSSc3ccc(NC(=O)O[*])cc3)cc2)cc1,TRUE,TRUE,FALSE,418.7952576,TRUE,TRUE,422.4440918,3.648834229
1643,[*]Oc1ccc(S(=O)(=O)C(C)=O)cc1[*],TRUE,TRUE,FALSE,416.2121277,TRUE,TRUE,422.3014526,6.089324951
3847,[*][Se]c1ccc(NC(=O)CCCCCC([*])=O)cc1N(C)c1ccc(I)cc1,TRUE,TRUE,FALSE,426.6625366,TRUE,TRUE,421.0678101,5.594726563
4932,[*]Cc1ccc([*])cc1/C=C/C(C#N)NCCC,TRUE,TRUE,FALSE,412.2358398,TRUE,TRUE,420.179718,7.943878174
652,[*]Oc1ccc(CN(CCCCC)c2ccc(C(=O)OC(=O)Nc3ccc(C(C)(C)c4ccc(O[*])cc4)cc3)cc2)cc1-c1ccc(S(=O)(=O)c2ccc(C(C)(C)C)cc2)cc1,TRUE,TRUE,FALSE,415.9125061,TRUE,TRUE,418.2792358,2.366729736
4482,[*]CC(C)Oc1ccc(S(=O)(=O)c2ccc(C(=O)NC(CCCC(=O)Nc3ccc([*])cc3)C(F)(F)F)cc2)cc1,TRUE,TRUE,FALSE,418.6884766,TRUE,TRUE,418.1267395,0.561737061
308,[*]CCCOc1ccc(/C=C/C(=O)CCc2ccc(CC(=O)/C=C/C(=O)S[*])cc2)cc1,TRUE,TRUE,FALSE,415.0237732,TRUE,TRUE,417.018219,1.994445801
2951,[*]CC([*])c1cc(CC(=O)NC)c(OCCCCCCCCCCC)cc1-c1ccccc1,TRUE,TRUE,FALSE,421.2070313,TRUE,TRUE,416.152771,5.054260254
4165,[*]Cc1ccc(C(C(=O)OC)c2ccc(C#Cc3ccc(Oc4ccc([*])cc4)cc3)cc2)cc1Cc1ccccc1,TRUE,TRUE,FALSE,415.6481934,TRUE,TRUE,415.4812012,0.166992188
1256,[*]/C=N/c1ccc(COc2ccc([N+](=O)[O-])cc2)cc1NC(=O)c1ccc(O[*])cc1C,TRUE,TRUE,FALSE,415.6885986,TRUE,TRUE,414.6604309,1.028167725
1148,[*]CCOC(=O)c1cc([Si](C)(C)CCCCC)cc(C(=O)Nc2ccc([*])cc2)c1-c1ccc(Br)cc1,TRUE,TRUE,FALSE,416.1294861,TRUE,TRUE,414.4715576,1.657928467
4230,[*]CCOC(=O)c1ccc(C(C)(C)c2ccc(Oc3ccc(C(=O)Nc4ccc([*])cc4)cc3)cc2)cc1,TRUE,TRUE,FALSE,410.9558411,TRUE,TRUE,414.032135,3.076293945
4527,[*]CCNc1ccc(C(=[*])CNC(=O)Nc2ccc(S(=O)(=O)O)cc2)cc1,TRUE,TRUE,FALSE,417.0010986,TRUE,TRUE,413.6076965,3.3934021
708,[*]CC(=O)Nc1ccc(CCCCCOc2ccc(C(=O)CNC([*])=O)cc2)cc1,TRUE,TRUE,FALSE,408.927002,TRUE,TRUE,413.5153809,4.588378906
2572,[*]Oc1ccc(/C(C)=C/c2ccc(OC(=O)c3ccc([N+](=O)[O-])cc3)cc2)c(C(=O)Cc2ccc(Cc3ccc([*])cc3)cc2)c1,TRUE,TRUE,FALSE,406.3799133,TRUE,TRUE,413.0758972,6.695983887
4023,[*]CC(=O)Sc1ccc(NC(=O)CCC(=O)N([*])C#Cc2ccccc2)cc1,TRUE,TRUE,FALSE,412.9094849,TRUE,TRUE,412.7605591,0.148925781
875,[*]CCCCCCOc1ccc(C(=O)NNC(=O)c2ccc(NC(=O)CCCCC(=O)Oc3ccc(C(=O)c4ccc([*])cc4)cc3)cc2)cc1,TRUE,TRUE,FALSE,410.4872437,TRUE,TRUE,411.442688,0.955444336
3388,[*]Oc1ccc(C(C[Si]C)c2ccc(Nc3ccc(C([*])=O)cc3)cc2)cc1,TRUE,TRUE,FALSE,415.1083069,TRUE,TRUE,411.1001892,4.008117676
3011,[*]/C=C/C(=O)c1cc(C)c(N([*])CCCCC)cc1[Si](C)(C)C,TRUE,TRUE,FALSE,406.0226746,TRUE,TRUE,410.8016357,4.778961182
2797,[*]CC(=O)NCCCCCCCNC(=O)c1ccccc1-c1ccc(S[*])cc1,TRUE,TRUE,FALSE,412.0931396,TRUE,TRUE,410.5248718,1.568267822
2186,[*]CC(O)CN(CCCC)C(=O)Nc1ccc(C#Cc2ccc(NCCC(=O)O[*])cc2)cc1,TRUE,TRUE,FALSE,411.2943726,TRUE,TRUE,410.4865112,0.807861328
1795,[*]CCCCCNC(=O)c1ccc(C/C=C/c2ccc(C([*])=O)cc2)cc1,TRUE,TRUE,FALSE,412.9414063,TRUE,TRUE,410.3610229,2.580383301
2085,[*]c1ccc(NC(=O)CCCCCCC(=O)SCCCCCCOc2ccc(N3C(=O)c4ccc([*])cc4C3=O)cc2)cc1,TRUE,TRUE,FALSE,411.6325684,TRUE,TRUE,409.9503784,1.682189941
1603,[*]Nc1ccc(-c2cc(C(C)=O)cc(N[*])c2)cc1OC#N,TRUE,TRUE,FALSE,417.0889282,TRUE,TRUE,409.7626038,7.326324463
4987,[*]CC([*])CN1C(=O)N(C)C1CC1COC(=O)N1c1ccccc1O[Si](C)(C)C,TRUE,TRUE,FALSE,415.3179016,TRUE,TRUE,408.3252869,6.992614746
850,[*]COC1=CC=C(c2ccc([*])cc2)N1c1ccc(CCCC)cc1,TRUE,TRUE,FALSE,403.5937805,TRUE,TRUE,407.8670959,4.27331543
2461,[*]C(=O)N/C=C/c1ccc(C(=O)OCCCCNC(=O)c2cccc([*])c2)cc1,TRUE,TRUE,FALSE,415.0462036,TRUE,TRUE,407.5689392,7.477264404
692,[*]/C=C/c1ccc(OCC(=O)Oc2ccc(C#CS([*])=O)cc2)cc1,TRUE,TRUE,FALSE,410.9895935,TRUE,TRUE,407.4302979,3.559295654
4363,[*]OC(=O)c1cccc(C(=O)CCCCCCCOc2ccc(C(=O)/C=C/c3ccc(C([*])=O)cc3)cc2)c1S(=O)(=O)O,TRUE,TRUE,FALSE,410.5202026,TRUE,TRUE,406.977478,3.542724609
4330,[*]Oc1ccc(/N=C/C(=O)Oc2ccc(OC([*])=O)cc2)c(Br)c1,TRUE,TRUE,FALSE,403.4839783,TRUE,TRUE,406.6324158,3.1484375
1545,[*]CCOc1ccc(C(=O)N(C)c2ccc(/C=N/c3ccc(N[*])cc3)cc2)cc1,TRUE,TRUE,FALSE,402.1801453,TRUE,TRUE,406.3667297,4.186584473
4301,[*]CNC(=O)Oc1ccc(C(C)(C)c2ccc(NC([*])=O)c(Cl)c2)cc1Br,TRUE,TRUE,FALSE,403.0464783,TRUE,TRUE,405.6257324,2.57925415
2907,[*]CCCCCCCC(=O)/C=C/c1ccc(C)c(NC(=O)O[*])c1-c1ccc(/N=N/c2ccc(OCCCc3ccccc3)cc2)cc1,TRUE,TRUE,FALSE,408.4040527,TRUE,TRUE,404.9632568,3.440795898
4333,[*]/C=C/C(=O)c1ccc(N=CCCCCC(=O)N[*])cc1Br,TRUE,TRUE,FALSE,410.2745972,TRUE,TRUE,404.6611633,5.613433838
3566,[*]Oc1ccc(C(=O)OCC(C)(C)c2ccc(/N=N/c3ccc(C([*])=O)cc3)c(C)c2)cc1C,TRUE,TRUE,FALSE,402.2378235,TRUE,TRUE,404.4168396,2.179016113
1704,[*]Nc1ccc(Oc2ccccc2C(=O)NCCCCCCCNC([*])=O)cc1,TRUE,TRUE,FALSE,401.8307495,TRUE,TRUE,404.1173096,2.286560059
3084,[*]C#CC(=O)Oc1ccc(/C=N/c2ccc(OCCCCC(C)CCC(=O)Nc3ccc(O[*])cc3)c(-c3ccc([N+](=O)[O-])cc3)c2)c([N+](=O)[O-])c1Cl,TRUE,TRUE,FALSE,408.1018677,TRUE,TRUE,403.7901917,4.311676025
1255,[*]CC(=O)c1ccc(CCc2ccc(NC(=O)C([*])N[SH](=O)(Cl)Oc3ccc([N+](=O)[O-])cc3)cc2)cc1,TRUE,TRUE,FALSE,406.3251038,TRUE,TRUE,403.0393982,3.285705566
73,[*]CC(=O)NCCCCCCNC(=O)c1ccc(OCCCC(=O)N[*])cc1,TRUE,TRUE,FALSE,394.821991,TRUE,TRUE,402.5916443,7.76965332
3205,[*]Oc1ccc(CNC(=O)c2ccc(C(=O)NC([*])=O)cc2)c(C(=O)OCCCCCCO)c1N,TRUE,TRUE,FALSE,400.2448425,TRUE,TRUE,401.827179,1.582336426
4724,[*]CC([*])C(=O)Nc1ccc(C(c2ccccc2)c2ccc([N+](=O)[O-])cc2)cc1,TRUE,TRUE,FALSE,399.7170715,TRUE,TRUE,401.1916504,1.474578857
968,[*]Oc1ccc(S(=O)(=O)c2ccc(/N=N/c3ccc(C([*])=O)cc3)cc2)c(OCCCOC(C)(C)C)c1,TRUE,TRUE,FALSE,407.1947021,TRUE,TRUE,400.6127014,6.582000732
2175,[*]C#COc1ccc(C(CCO[*])c2ccc(/N=N/c3ccc(OC)cc3)cc2)cc1,TRUE,TRUE,FALSE,406.5097961,TRUE,TRUE,400.036499,6.473297119
4270,[*]CCCc1ccc(CCNC(=O)c2cc(C)c(OCCCCCC=CC)c(O[*])c2)cc1O,TRUE,TRUE,FALSE,403.6265869,TRUE,TRUE,399.9753723,3.6512146
3573,[*]CCCCCCNC(=O)c1ccc(C(=O)NCCNC(=O)CO[*])cc1,TRUE,TRUE,FALSE,395.3950806,TRUE,TRUE,399.9159851,4.520904541
276,[*]CC(=O)c1ccc(OCCCCCC)c(NC([*])=O)c1OCC(F)(F)F,TRUE,TRUE,FALSE,405.0555725,TRUE,TRUE,399.6013184,5.45425415
4010,[*]CC([*])(C)C(=O)Nc1c(C)ccc(Cl)c1Br,TRUE,TRUE,FALSE,400.6712646,TRUE,TRUE,399.5521851,1.11907959
2949,[*]CC(O)COc1ccc(C(C)(C)c2ccc(OC(=O)c3cc(OCCC)cc(C([*])=O)c3)cc2)c(-c2ccccc2)c1,TRUE,TRUE,FALSE,398.3945618,TRUE,TRUE,399.28479,0.890228271
1385,[*]C/C=C(\C)Cc1ccc(C(=O)NNC([*])(F)F)c(F)c1,TRUE,TRUE,FALSE,394.7546997,TRUE,TRUE,399.2776489,4.522949219
1250,[*]CC([*])(C)C(=O)OC1CCC(=O)N(c2ccc(COC(C)=O)cc2)C1=O,TRUE,TRUE,FALSE,405.6611023,TRUE,TRUE,399.2534485,6.407653809
1930,[*]Oc1ccc(S(=O)(=O)c2ccc(COCC(C)NCCCCC)cc2)c([*])c1C,TRUE,TRUE,FALSE,391.7018738,TRUE,TRUE,398.9278564,7.225982666
1153,[*]Oc1ccc(C(=O)c2ccc(-c3ccc([*])cc3)cc2)cc1CCCCC,TRUE,TRUE,FALSE,395.2853699,TRUE,TRUE,398.6741028,3.38873291
4539,[*]CCOC(=O)Nc1ccc(/N=C/c2ccc(Cc3ccc(C(=O)/C(=N/C([*])=O)c4ccccc4)cc3)cc2)cc1,TRUE,TRUE,FALSE,395.9700012,TRUE,TRUE,398.2625122,2.292510986
3673,[*]CC(F)(F)C(C)(C#N)COC(=O)c1ccc(-c2cccc([*])n2)cc1,TRUE,TRUE,FALSE,397.6210022,TRUE,TRUE,397.9638977,0.342895508
1854,[*]CCC(=O)N(CCCCC)c1ccc(CNC(=O)NC(=O)c2cccc(S(=O)(=O)OC(=O)c3ccc4c(c3)C(=O)N([*])C4=O)c2)o1,TRUE,TRUE,FALSE,397.7975769,TRUE,TRUE,397.9500122,0.152435303
2697,[*]CCOC(=O)Nc1cccc(COC(=O)NCC(C)(C)c2ccc(C(=O)NC(=O)c3ccc([*])cc3)cc2)c1,TRUE,TRUE,FALSE,393.8410339,TRUE,TRUE,397.9450073,4.103973389
4580,[*]/C=C/c1ccc(OCCOC(=O)c2ccc(/N=N/c3ccc([*])cc3)c(C(F)(F)F)c2)cc1,TRUE,TRUE,FALSE,389.1777344,TRUE,TRUE,397.2460327,8.06829834
3392,[*]CC(CC)c1ccc([*])c(C(=O)NCC(C)C)c1,TRUE,TRUE,FALSE,392.6005554,TRUE,TRUE,397.210144,4.609588623
1957,[*]CNC(=O)C(C)c1ccc(CCS([*])(=O)=O)cc1Cl,TRUE,TRUE,FALSE,393.8178711,TRUE,TRUE,397.0284119,3.210540771
4817,[*]Oc1ccc(C(=O)OCC)c(OC(=O)c2ccc([*])cc2)c1,TRUE,TRUE,FALSE,394.0358582,TRUE,TRUE,396.7877808,2.751922607
940,[*]CSC(=O)Oc1ccc(OCCCCCCCC(=O)Nc2ccc(/C(C)=C/c3ccc(S([*])=O)cc3)cc2)cc1,TRUE,TRUE,FALSE,391.3265076,TRUE,TRUE,396.242157,4.915649414
3465,[*]C/N=C/c1ccc(C(O)C(F)(F)COC(=O)Nc2ccc(-c3cccc(O[*])c3)cc2)cc1,TRUE,TRUE,FALSE,393.3912659,TRUE,TRUE,396.1438293,2.752563477
3541,[*]CC(c1ccccc1)c1ccc(OCCCCCC)c(S(=O)(=O)c2ccc(C(O)(C)c3ccc(/N=N/c4ccc(NC(=O)C([*])(C)C)cc4)cc3)cc2)c1,TRUE,TRUE,FALSE,401.2532349,TRUE,TRUE,395.8829041,5.370330811
2643,[*]CCC([*])C(=O)Nc1ccc(C#N)cc1C(C)(C)c1ccccc1,TRUE,TRUE,FALSE,388.9784546,TRUE,FALSE,390.125946,1.147491455
4636,[*]/C=C/c1ccc(OC(CCCC)Nc2ccc(OC([*])=O)cc2)cc1,TRUE,TRUE,FALSE,401.7276611,TRUE,TRUE,395.8547974,5.87286377
1775,[*]C(=O)NCCc1c(C)cc(OC(=O)OCCC([*])=O)c(C)c1C,TRUE,TRUE,FALSE,395.920105,TRUE,TRUE,395.455658,0.464447021
4392,[*]CC(=O)c1ccc(CCCCCCCOc2ccc(/C=C/C(=O)Nc3ccc([*])cc3)cc2)cc1CO,TRUE,TRUE,FALSE,397.0516663,TRUE,TRUE,395.4478455,1.603820801
1149,[*]Nc1cc(CCCCNC(=O)O[*])ccc1-c1ccc(/N=N/c2ccc(F)cc2)cc1,TRUE,TRUE,FALSE,396.4094238,TRUE,TRUE,395.4309692,0.97845459
4592,[*]O[Si](C)(C)c1ccc(NC(=O)c2ccc(C([*])(C)COc3ccc(-c4ccccc4)cc3)cc2)c(F)c1,TRUE,TRUE,FALSE,394.9763184,TRUE,TRUE,395.2184143,0.242095947
4455,[*]CSC(=O)Oc1cc(C)c(NC(=[*])CC)cc1,TRUE,TRUE,FALSE,390.465271,TRUE,TRUE,394.3151855,3.849914551
3413,[*]C#C[Si]([*])(OC)C(=O)NCCCCO,TRUE,TRUE,FALSE,275.6760559,TRUE,FALSE,274.4610291,1.215026855
11,[*]CC[Sn](C)(C)Oc1cccc(C(=O)OC=CCc2ccc(OC([*])=O)cc2)c1,TRUE,TRUE,FALSE,385.9674988,TRUE,TRUE,394.0374451,8.069946289
1921,[*]Oc1ccccc1/C(=N/c1ccc(OC(=O)Oc2ccc(C(C)(C)C([*])=O)cc2)cc1)C(F)(F)C(F)(F)F,TRUE,TRUE,FALSE,393.9065857,TRUE,TRUE,393.8733215,0.03326416
3094,[*]CC([*])c1ccc(C(=O)NC(=O)NCCCC#N)cc1,TRUE,TRUE,FALSE,389.5593567,TRUE,TRUE,393.8174744,4.258117676
4688,[*]/C=C/c1ccc(C(OC(=O)CCCC([*])=O)c2ccc(-c3ccc(OC)cc3)cc2)cc1,TRUE,TRUE,FALSE,400.3023071,TRUE,TRUE,393.6885986,6.613708496
1730,[*]Oc1cc(/C=C/C(=O)Nc2ccc(OCCCCCC)cc2)c(C([*])O)c(Br)c1,TRUE,TRUE,FALSE,390.7987061,TRUE,TRUE,393.6734619,2.874755859
2298,[*]CCN=C(CCCCCCCC)C(=O)NNC(=O)c1cccc(C(=O)NNC(=O)CCCO[*])c1,TRUE,TRUE,FALSE,399.8956299,TRUE,TRUE,393.526947,6.368682861
3114,[*]OCC([2H])(C)COc1ccc(OC(=O)Cc2ccc(-c3ccc(C([*])=O)cc3)cc2)cc1,TRUE,TRUE,FALSE,386.1510315,TRUE,TRUE,393.2968445,7.145812988
4447,[*]OCC(C)=C(OCC)c1cc([*])ccc1-c1ccccc1,TRUE,TRUE,FALSE,393.6673279,TRUE,TRUE,392.7431335,0.924194336
3907,[*]CCC(C=N)NCc1cc([*])c(OCC(F)(F)F)c(OC(=O)c2ccc(Br)cc2)n1,TRUE,TRUE,FALSE,391.1387939,TRUE,TRUE,392.5830688,1.444274902
88,[*]Oc1ccc(OC(=O)c2cc(OCCCCCCCCCC)c(C(=O)OC(C)=O)cc2[N+]([*])=O)cc1,TRUE,TRUE,FALSE,392.9694824,TRUE,TRUE,392.5815735,0.387908936
1451,[*]NC(C)C(=O)C(C)OC(=O)Nc1ccc(C([*])=O)cc1,TRUE,TRUE,FALSE,384.908905,TRUE,TRUE,392.5126038,7.60369873
2142,[*]Oc1cc(OC)c([*])cc1OC(=O)c1ccc(OCCCCS(=O)(=O)c2ccc(O)cc2)cc1,TRUE,TRUE,FALSE,390.9990234,TRUE,TRUE,392.4782715,1.479248047
1181,[*]CC(C(=O)O)c1ccc(CC(C)(CCCCCC)c2ccc([*])cc2-c2ccccc2)cc1,TRUE,TRUE,FALSE,398.6168823,TRUE,TRUE,391.8296509,6.787231445
593,[*]NC(CCCCCC)CNC(=O)c1cccc(P(=O)(c2ccccc2)c2ccc(C(=O)NNC([*])=O)cc2)c1,TRUE,TRUE,FALSE,395.9924622,TRUE,TRUE,391.1813354,4.811126709
696,[*]Oc1ccc(C(=O)Oc2ccc(/C=C/c3ccc(OC)cc3)cc2)c(O[*])c1,TRUE,TRUE,FALSE,389.1557007,TRUE,TRUE,391.1421814,1.986480713
1143,[*]CCCCCCCc1ccc(NC(=O)c2cccc(C(=O)NCCC([*])C)c2)cc1C,TRUE,TRUE,FALSE,398.2839355,TRUE,TRUE,390.9484253,7.335510254
2533,[*]Oc1ccc(C([*])=O)cc1OC(=O)c1ccc(C(=O)OCC(C)(C)COc2ccc(S(=O)(=O)Oc3ccccc3)cc2)cc1,TRUE,TRUE,FALSE,389.1887207,TRUE,TRUE,390.7574768,1.568756104
1185,[*]CC([*])c1ccc(NC(=O)c2cc(C)c(SCCCCCC(F)(F)F)c([N+](=O)[O-])c2)o1,TRUE,TRUE,FALSE,392.3118591,TRUE,TRUE,390.6434631,1.668395996
60,[*]COC(=O)C(Cl)=C([*])c1ccc(N(C)C)cc1,TRUE,TRUE,FALSE,389.8553772,TRUE,TRUE,390.3380737,0.482696533
3880,[*]C([*])Nc1ccc(CCCCC(=O)Oc2ccc(-c3ccccc3)cc2)c(C(F)(F)F)c1,TRUE,TRUE,FALSE,396.065033,TRUE,TRUE,390.2701721,5.79486084
1703,[*]CCCOC(=O)Nc1ccc(CCCCCC(=O)c2ccc(C(=O)C(=O)Nc3ccc([*])cc3)cc2)cc1,TRUE,TRUE,FALSE,393.5452576,TRUE,TRUE,389.9448547,3.600402832
3056,[*]CC([*])(C)C(=O)Oc1ccc(/C=C/C(=O)c2ccc(OCC(F)(C(F)(F)F)C(F)(F)F)cc2)c(C)c1,TRUE,TRUE,FALSE,390.8823547,TRUE,TRUE,389.6394348,1.242919922
4251,[*]/C=C/c1ccccc1CCC(O)CNC(=O)c1ccc(N(C(=O)CCCCCCOc2ccc([*])c(O)c2)cc1)c1ccccc1,TRUE,TRUE,FALSE,389.8956604,TRUE,TRUE,389.3908081,0.504852295
2196,[*]Nc1ccc(C(=O)c2ccc(OC=CCCCCNc3ccc([N+]([*])=O)cc3)cc2)cc1,TRUE,TRUE,FALSE,385.5212708,TRUE,TRUE,389.3677979,3.8465271
1222,[*]Oc1cc(C(=O)NCCCCCOc2ccc(/N=C/c3ccc(OC(C)=O)c(C)c3)cc2)cc(N=[*])c1O,TRUE,TRUE,FALSE,382.3483582,TRUE,TRUE,389.1574707,6.809112549
4894,[*]C(=O)c1cccc(/N=C/c2ccc(C(=O)OCCCc3ccc(Cc4ccc(OC(=O)c5ccc([*])cc5)cc4)cc3)cc2)n1,TRUE,TRUE,FALSE,381.6912842,TRUE,TRUE,389.0448608,7.35357666
445,[*]CC([*])c1ccc(OCCCCCCOc2ccc(NC(=O)c3ccc(OCC)cc3)cc2)cc1,TRUE,TRUE,FALSE,382.4569397,TRUE,TRUE,389.0429382,6.585998535
1933,[*]Oc1ccc(/N=C(\C)C(=O)Oc2ccc(CCCCCC)cc2)c(/C=C/C([*])=O)c1,TRUE,TRUE,FALSE,384.5680847,TRUE,TRUE,389.0122375,4.444152832
1189,[*]CCCCCCCC(=O)/C=C/c1ccc(-c2ccc(N(C)C(=O)c3ccc([*])cc3)cc2)cc1-c1ccccc1,TRUE,TRUE,FALSE,388.5627136,TRUE,TRUE,388.9113464,0.348632813
1970,[*]OC(CC(=O)Oc1ccc(/N=N/c2ccc(OC(=O)c3ccc(C([*])=O)cc3)cc2)cc1)CC#C,TRUE,TRUE,FALSE,394.1674194,TRUE,TRUE,388.8898315,5.277587891
626,[*]C#Cc1ccc(CN([*])C(C)C)c(C)c1C,TRUE,TRUE,FALSE,390.540802,TRUE,TRUE,388.6732483,1.867553711
1090,[*]CCC(=O)NCCCCCCNC(=O)c1ccc(Cc2ccc(C(=O)O[*])cc2)cc1,TRUE,TRUE,FALSE,390.6734619,TRUE,TRUE,388.5988159,2.074645996
2320,[*]CCCC(=O)NC(O)[N+](C)(NCc1ccc(CNC(=O)OC)cc1)C(C)(C)CC(=O)O[*],TRUE,TRUE,FALSE,395.8270264,TRUE,TRUE,388.2030029,7.624023438
1517,[*]CCCNC(=O)c1ccc(C(=O)NCCCCCCNC(=O)Cc2ccc(C(=O)O[*])cc2)cc1C,TRUE,TRUE,FALSE,394.6885376,TRUE,TRUE,387.8243408,6.864196777
305,[*]Cc1ccc(OC(=O)CS([*])(=O)=O)cc1,TRUE,TRUE,FALSE,383.896637,TRUE,TRUE,387.7121582,3.81552124
4801,[*]COc1ccc(N(CC)c2ccc(C(=O)c3cccc(OC(=O)SCCC([*])(C)C)c3)cc2)cc1,TRUE,TRUE,FALSE,387.743042,TRUE,TRUE,387.4178772,0.325164795
3888,[*]Oc1ccc(NC(=O)/C=C/c2cc(C(=O)O[*])ccc2CCCCCCCC)cc1,TRUE,TRUE,FALSE,387.3714294,TRUE,TRUE,387.2302551,0.141174316
619,[*]Nc1ccc(C(=O)OCc2ccc(C([*])=O)cc2)cc1OC(=O)c1ccc(C#CC)cc1,TRUE,TRUE,FALSE,389.1376953,TRUE,TRUE,387.1506042,1.987091064
4206,[*]C(=[*])c1ccc(CNC(=O)c2ccc(C(F)(F)F)cc2)cc1CCCCCC,TRUE,TRUE,FALSE,389.1073608,TRUE,TRUE,387.0014343,2.105926514
3956,[*]CC(C)NCC(=O)Oc1ccc(-c2ccc(OC#N)cc2)c(C([*])=O)c1,TRUE,TRUE,FALSE,393.3752136,TRUE,TRUE,386.9691467,6.406066895
4120,[*]CC(=O)Nc1ccc(OCCCCOC(=O)c2ccc(S[*])cc2)cc1,TRUE,TRUE,FALSE,388.6583252,TRUE,TRUE,386.7513123,1.907012939
4331,[*]Oc1ccc(C(SCCCCCC)c2ccc(OC(=O)c3ccc(C([*])=O)cc3)c(C(=O)O)c2)cc1S(=O)(=O)Oc1ccccc1,TRUE,TRUE,FALSE,387.0540161,TRUE,TRUE,386.6944885,0.359527588
2141,[*]NCc1ccc(CS(=O)(=O)CCCCc2ccc(/C(C)=N/c3ccc([*])nc3)cc2)cc1,TRUE,TRUE,FALSE,381.1306152,TRUE,TRUE,386.5278625,5.397247314
4552,[*]COc1ccc(C=C(c2ccccc2)c2ccc(OCc3ccc(Cl)c(O[*])c3)cc2)cc1C,TRUE,TRUE,FALSE,384.6530457,TRUE,TRUE,386.4160767,1.763031006
4842,[*]c1ccc(C#Cc2ccc(S(=O)(=O)OCCCC([*])COc3cccc(-c4ccc(C)cc4C(=O)O)c3)cc2)cc1,TRUE,TRUE,FALSE,389.8207703,TRUE,TRUE,386.1657715,3.654998779
528,[*]CNC(=O)c1cc(OCCCCCCCCCCOc2ccc(C(=O)Oc3ccc(O[*])cc3)cc2)c(Cl)cc1-c1ccc(C#C)cc1,TRUE,TRUE,FALSE,388.286438,TRUE,TRUE,385.8038025,2.482635498
3157,[*]Oc1ccc(/C=C/c2ccc(OCCC)cc2)cc1C([*])=O,TRUE,TRUE,FALSE,392.7533264,TRUE,TRUE,385.5621643,7.191162109
3821,[*]OC(O)c1ccc(Cc2ccc(OC(=O)c3cccc(C(=O)O[*])c3)cc2)o1,TRUE,TRUE,FALSE,392.6749878,TRUE,TRUE,385.3099976,7.364990234
746,[*]c1ccc(OCC(=S)/C=N/NC(=O)c2ccc(S(=O)(=O)OCCCCCCOc3ccc([*])cc3)cc2)cc1,TRUE,TRUE,FALSE,389.2869568,TRUE,TRUE,385.2550659,4.031890869
497,[*]C(C(=O)O[Na])C([*])(C)CCC,TRUE,TRUE,FALSE,380.0379333,TRUE,TRUE,385.0702209,5.032287598
2824,[*]/C=C/c1ccc(OCCCCCCOc2ccc(NC(=O)c3ccc(C(=O)O[*])cc3)cc2)c(OCCCCC)c1C,TRUE,TRUE,FALSE,388.8259277,TRUE,TRUE,384.9908447,3.835083008
1251,[*]CCCC(=O)/C(C)=C/c1cc(CCCCCC)cc([*])c1N(C)O,TRUE,TRUE,FALSE,386.9017334,TRUE,TRUE,384.9404297,1.961303711
2980,[*]OC([*])C=CC(=O)Nc1ccc(C(=O)c2ccccc2)cc1,TRUE,TRUE,FALSE,381.7862854,TRUE,TRUE,384.8634949,3.077209473
4222,[*]Oc1ccc(CCN(CCCC)C(=O)c2ccc(OC(=O)c3ccc(O[*])cc3)cc2)cc1,TRUE,TRUE,FALSE,381.5661621,TRUE,TRUE,384.5434265,2.977264404
4543,[*]OC(=O)c1ccc(OCC(O)C(O)COc2ccc(C(C)(C)c3ccc(NC([*])=O)cc3)cc2)cc1,TRUE,TRUE,FALSE,391.8985291,TRUE,TRUE,384.436676,7.461853027
2602,[*]CC(=O)NCCN(C)C(=O)c1ccc(-c2ccc(CNC(=O)CCCC([*])=O)cc2)cc1,TRUE,TRUE,FALSE,388.4430542,TRUE,TRUE,384.288208,4.154846191
2115,[*]OC(=O)C(Cc1ccc(S(=O)(=O)Oc2ccc(I)cc2)cc1)c1ccc([*])cc1,TRUE,TRUE,FALSE,390.9725952,TRUE,TRUE,384.2619934,6.710601807
2506,[*]C([*])C(=O)OCCCc1ccc(/C=C/c2ccc(OC(=O)c3ccc(-c4ccccc4-c4ccc(F)cc4)cc3)cc2)c(F)c1,TRUE,TRUE,FALSE,382.275238,TRUE,TRUE,383.9886475,1.713409424
1955,[*]/C=C/c1ccc(CCc2ccc(OC(=O)/C=C/P([*])(C)C)cc2)c(CC(C)C)c1,TRUE,TRUE,FALSE,383.7240295,TRUE,TRUE,383.5930176,0.131011963
1242,[*]Oc1ccc(C(=O)ONC(=O)c2ccc(OCCCCCCCC)cc2S([*])(=O)=O)cc1,TRUE,TRUE,FALSE,376.9552612,TRUE,TRUE,383.3293457,6.374084473
957,[*]Oc1ccc(NC(=O)CCCCC(=O)Nc2cccc(C(F)(F)OC(O)COc3ccc(C([*])=O)cc3)c2)cc1,TRUE,TRUE,FALSE,387.188324,TRUE,TRUE,382.923584,4.26473999
3606,[*]/C=C/c1ccc(Nc2ccc(C(=O)NCCCCCCCCCC(=O)OC(C)=O)cc2)cc1[*],TRUE,TRUE,FALSE,386.5190735,TRUE,TRUE,382.782959,3.736114502
3434,[*]CC#Cc1ccc(CC(NC(=O)O[Na])=O)c(C(CCCCCC)N[*])c1,TRUE,TRUE,FALSE,378.0787659,TRUE,TRUE,382.7342529,4.655487061
2150,[*]CCC(CCSCCCCCNC(=O)c1ccc(C(=O)N[*])c(OC)c1)C=C,TRUE,TRUE,FALSE,381.809906,TRUE,TRUE,382.6218567,0.811950684
1831,[*]OC(=O)N/C=C/c1cc(OCCc2cccc(C([*])=O)c2)cc(OCc2ccccc2)c1C,TRUE,TRUE,FALSE,389.7173767,TRUE,TRUE,382.5105286,7.206848145
1559,[*]Oc1ccc(C(=O)NCCNC(=O)c2ccc(C(C)(C)c3ccc(C([*])=O)cc3)cc2)c(OCCCCCOC(F)(F)C(F)(F)F)c1,TRUE,TRUE,FALSE,385.1450806,TRUE,TRUE,382.3097229,2.835357666
1751,[*]CC([*])c1ccc(C(=O)[SH](C)(C)CCCCCNc2ccc(OC(F)(F)F)cc2)cc1,TRUE,TRUE,FALSE,385.4936218,TRUE,TRUE,382.182312,3.311309814
1875,[*]C=Cc1ccc(C(=O)NC(CCCCCCC)NC([*])=O)c(Oc2ccc(Br)cc2)c1,TRUE,TRUE,FALSE,386.2008057,TRUE,TRUE,382.0002441,4.200561523
285,[*]O/C(C)=C/NC(=O)c1cc(CCCCCNC([*])=O)ccc1OCC[N+](C)(C)c1ccccc1,TRUE,TRUE,FALSE,381.9485779,TRUE,TRUE,381.320282,0.628295898
3516,[*]O[Si]([*])(C)c1ccccc1-c1ccc(NC(=O)c2ccc(C(Br)C(C)(C)C)cc2)c(F)c1,TRUE,TRUE,FALSE,386.1232605,TRUE,TRUE,380.6712036,5.452056885
2925,[*]Cc1ccccc1CCCC(=O)OC(=O)c1ccc(CN=Cc2ccc(C([*])=O)c(C)c2)cc1,TRUE,TRUE,FALSE,382.1063232,TRUE,TRUE,380.4348755,1.671447754
843,[*]OC(=O)c1ccc(Nc2ccc([*])cc2)cc1C(=O)OCCCCCCCC,TRUE,TRUE,FALSE,379.414856,TRUE,TRUE,380.4037476,0.988891602
1851,[*]OC(=O)c1ccc(C(=O)OC=[*])cc1/N=C/c1ccc(OC(=O)c2ccc(NCCCCCCC)cc2)cc1,TRUE,TRUE,FALSE,372.5837097,TRUE,TRUE,380.190979,7.607269287
2090,[*]OC(=O)c1cccc(NC(=O)OCCCCC(=O)Nc2ccc(CN(C)c3ccc(C([*])=O)cc3)cc2)c1,TRUE,TRUE,FALSE,379.2219238,TRUE,TRUE,380.1116638,0.88973999
872,[*]CC(C)CCOC(=O)c1ccc(C(c2ccc(NC(=O)NCCCCCC([*])=O)cc2)c2ccccc2)c(OC)c1,TRUE,TRUE,FALSE,372.7498169,TRUE,TRUE,380.1008606,7.351043701
703,[*]C(=O)CCCOC1C(C)(C)[SH](C(=O)Nc2ccc(OC)cc2)C1[*],TRUE,TRUE,FALSE,386.0137329,TRUE,TRUE,379.9367676,6.076965332
1334,[*]COc1ccc(-c2ccc(NC(=O)N(C)CCCCCCc3ccc(C([*])=O)cc3)cc2)cc1,TRUE,TRUE,FALSE,384.776001,TRUE,TRUE,379.8812866,4.894714355
2772,[*]CNC(=O)OCCOc1ccc(C=O)cc1N=C(C)c1ccc(N([*])C)cc1,TRUE,TRUE,FALSE,372.3683472,TRUE,TRUE,379.0210876,6.652740479
2754,[*]c1ccc(C([*])(C)c2ccc(C)cc2)c(CCCCC)c1,TRUE,TRUE,FALSE,379.4308167,TRUE,TRUE,378.5662842,0.864532471
3897,[*]CCCCCOC(=O)CCc1ccc(CCCCC(=O)Nc2ccc(C(=O)/C=N/c3cccc(C([*])=O)c3)cc2)cc1,TRUE,TRUE,FALSE,370.4092407,TRUE,TRUE,378.410614,8.001373291
3221,[*]CC=Cc1ccc(CC(c2ccccc2)N([*])C)cc1,TRUE,TRUE,FALSE,371.4428101,TRUE,TRUE,377.9206238,6.477813721
27,[*]Cc1ccc(OC(=O)Nc2ccc(CCCCCCc3ccc(/C=N/c4ccc(O[*])cc4)cc3)cc2)c(O)c1,TRUE,TRUE,FALSE,379.8804626,TRUE,TRUE,377.9061584,1.974304199
4390,[*]CC/C=N/c1cc(NC(=O)S[*])cc(C[Zn])c1,TRUE,TRUE,FALSE,384.8182983,TRUE,TRUE,377.8926697,6.925628662
403,[*]CC([*])c1ccc(N(CCCCCC)C(=O)c2ccc(C#N)cc2)cc1,TRUE,TRUE,FALSE,371.5929565,TRUE,TRUE,377.7078857,6.114929199
4927,[*]CC(CCCC#N)C#Cc1ccc(S(=O)(=O)C(F)(F)C(F)(F)F)cc1O[*],TRUE,TRUE,FALSE,374.171875,TRUE,TRUE,377.3617554,3.189880371
2474,[*]CCCCCCNC(=O)c1ccc(C=CCC(C)c2ccc(O[*])cc2)cc1,TRUE,TRUE,FALSE,376.7297058,TRUE,TRUE,376.8980713,0.168365479
44,[*]CC/C(=N\c1ccccc1)c1ccc([*])c(C)n1,TRUE,TRUE,FALSE,377.090332,TRUE,TRUE,376.618927,0.471405029
3922,[*]NC(CCl)C(=O)OCCCCOc1ccc(C(=O)/C=C/c2ccc(S([*])(=O)=O)cc2)cc1,TRUE,TRUE,FALSE,370.2505493,TRUE,TRUE,376.6053162,6.354766846
4224,[*]CC([*])(CCl)c1ccc(C(C)(C)CCc2ccccc2)cc1,TRUE,TRUE,FALSE,369.8918152,TRUE,TRUE,376.4949036,6.603088379
634,[*]Nc1ccc(N(C)CCCC(=O)Nc2cccc(C([*])C)c2)cc1,TRUE,TRUE,FALSE,377.990509,TRUE,TRUE,375.9170532,2.073455811
3160,[*]Oc1ccc(OC(=O)c2cc(C([*])=O)c(C=C)cc2)cc1OCCCCCCC,TRUE,TRUE,FALSE,380.4657898,TRUE,TRUE,375.8899231,4.575866699
4484,[*]Nc1ccc(C)c(OC(=O)c2ccc(C(=O)NOCCCCCOc3ccc(OC(=O)c4cccc(C([*])=O)c4)cc3)cc2)c1,TRUE,TRUE,FALSE,381.5144958,TRUE,TRUE,375.7061462,5.808349609
1368,[*]NC(C)C(=O)N/C(=N\CCCCC)c1ccc([*])cc1,TRUE,TRUE,FALSE,382.3182373,TRUE,TRUE,375.459259,6.858978271
1817,[*]CCCCC(=O)Nc1ccc(CNC(=O)CNCCCO[*])cc1,TRUE,TRUE,FALSE,374.7653198,TRUE,TRUE,375.208252,0.442932129
873,[*]CC#Cc1ccc(/N=N/c2ccc(C#N)cc2)cc1OC(=O)NC(CCCC(=O)O[*])c1cccc(C)c1,TRUE,TRUE,FALSE,375.9468079,TRUE,TRUE,375.0653687,0.881439209
3814,[*]CC(Cc1ccc(N=[*])c(S(=O)(=O)O)c1)C(C)(C)C=[N+],TRUE,TRUE,FALSE,379.4799805,TRUE,TRUE,375.0226746,4.457305908
2388,[*]CCOc1ccc(OCCC)c(NC(=O)c2ccc([*])cc2)c1,TRUE,TRUE,FALSE,381.6112671,TRUE,TRUE,374.9794006,6.631866455
4442,[*]CCOc1ccc(/C=C/P(=O)(CCOc2ccc(OC#N)cc2)c2ccc(Oc3ccc(OC([*])=O)cc3)cc2)c(C(=O)OC)c1,TRUE,TRUE,FALSE,367.5953979,TRUE,TRUE,374.855072,7.259674072
2815,[*]CCCCCCOc1ccc(C(C)(C)c2ccc(NCC#Cc3ccc(NC([*])=O)cc3)cc2)cc1SC,TRUE,TRUE,FALSE,369.6665039,TRUE,TRUE,373.5032654,3.836761475
3703,[*]Cc1ccc(CCCOC(=O)c2ccc(C([*])=O)cc2/N=N/c2ccc([N+](=O)[O-])cc2)cc1,TRUE,TRUE,FALSE,376.3175354,TRUE,TRUE,373.484314,2.833221436
4635,[*]CN(CC)OC(=O)c1ccc(Oc2ccc(C(=O)c3ccc([*])cc3)cc2)cc1Cc1ccccc1,TRUE,TRUE,FALSE,374.4326172,TRUE,TRUE,373.0913696,1.341247559
1516,[*]OCCOc1ccc(C(C)(CCCC(=O)Oc2ccc(/C=N/c3ccc(OC(=O)c4ccc(C([*])=O)cc4)cc3)cc2)C(C)=O)cc1,TRUE,TRUE,FALSE,375.2929382,TRUE,TRUE,373.0586853,2.23425293
3390,[*]CCCCCNC(=O)c1cccc(-c2ccc(N=C(CCCC)COC([*])=O)cc2)c1,TRUE,TRUE,FALSE,368.6785889,TRUE,TRUE,373.0478516,4.369262695
4091,[*]Oc1ccc(C(=O)c2ccc(OCCCCOc3ccccc3-c3ccc(OC([*])=O)c(F)c3)cc2)cc1Br,TRUE,TRUE,FALSE,369.1799011,TRUE,TRUE,372.4741821,3.294281006
4861,[*]c1cc(C)c(C(=Cc2ccccc2)C([*])C)cc1OCCCCCCCC,TRUE,TRUE,FALSE,377.3370056,TRUE,TRUE,372.3908081,4.94619751
839,[*]/C=C/c1ccc(OC(=O)Nc2ccc(CCCC(C)S[*])cc2)c(C)c1,TRUE,TRUE,FALSE,372.7313538,TRUE,TRUE,372.3312683,0.400085449
1478,[*]CC([*])(C)C(=O)OCC1(C)CCCCCC1OC(CCl)C(=O)O,TRUE,TRUE,FALSE,379.1144409,TRUE,TRUE,372.0610352,7.053405762
43,[*]Oc1ccc(C(=O)OCCCCCCNC(=O)c2ccc([*])cc2)cc1C(=O)OC(C)(C)CC,TRUE,TRUE,FALSE,369.5703125,TRUE,TRUE,371.9298096,2.35949707
2071,[*]Oc1ccc(C(=O)OCCN(CCCC)c2ccc(Oc3ccc([Si]([*])(C)C)cc3)cc2)nc1,TRUE,TRUE,FALSE,364.6969604,TRUE,TRUE,371.2949829,6.598022461
2269,[*]CC([*])c1ccc(/C=C/c2ccc(OC(=O)CCCCC(=O)Nc3ccc(S(=O)(=O)Oc4ccc(OC)cc4)cc3)cc2)cc1C,TRUE,TRUE,FALSE,368.8080139,TRUE,TRUE,370.6286926,1.820678711
2645,[*]CC(C#N)CCCCC(=O)NCc1ccc(N(C)c2ccc([*])cc2)c(O)c1,TRUE,TRUE,FALSE,368.9512939,TRUE,TRUE,370.0705872,1.119293213
3747,[*]Oc1ccc(C([*])(C)c2ccc(OCc3ccccc3)cc2)c(Br)c1,TRUE,TRUE,FALSE,365.4030457,TRUE,TRUE,369.9225464,4.519500732
2253,[*]OCCCC(=O)c1ccc(C(C)c2ccc(OC(=O)CCCC)cc2)cc1-c1ccc(C(=O)Oc2ccc([*])cc2)cc1,TRUE,TRUE,FALSE,374.0055542,TRUE,TRUE,369.1018677,4.903686523
1398,[*]CC/C=C/C1C(=O)N(c2ccc(OCCCC)c(C(=O)O[*])c2)C1,TRUE,TRUE,FALSE,373.7158203,TRUE,TRUE,369.0535278,4.66229248
262,[*]CCCCOc1ccc(CCCCCC)c(NC(=O)c2ccc(C=CCCN[*])cc2)c1C,TRUE,TRUE,FALSE,374.0443115,TRUE,TRUE,368.7410889,5.303222656
771,[*]Nc1ccc(NC(=O)OCCCCCCCCc2ccc(C([*])=O)cc2)nc1,TRUE,TRUE,FALSE,366.8695068,TRUE,TRUE,368.7022705,1.832763672
1017,[*]Oc1ccc(CCCCOC(=O)c2ccc(OC(=O)N(C)c3ccc(O[*])cc3)cc2)cc1,TRUE,TRUE,FALSE,367.9901123,TRUE,TRUE,368.6694641,0.679351807
1821,[*]CC([*])OC(=O)c1cccc(C=C(C)CBr)c1,TRUE,TRUE,FALSE,370.3533936,TRUE,TRUE,368.6171875,1.736206055
4653,[*]ONC(=O)c1ccc(C(=O)OCCCCC(N)C(=O)O[*])cc1C,TRUE,TRUE,FALSE,374.9009094,TRUE,TRUE,368.2371216,6.663787842
561,[*]c1ccc(NC(=O)CCCCCCCCCCC(=O)Oc2ccc([*])cc2)c(C(C)(C)CCCCCN)c1,TRUE,TRUE,FALSE,369.3834534,TRUE,TRUE,368.1000366,1.283416748
4007,[*]Oc1ccc(CNC(=O)c2ccc(-c3cccc([*])c3)cc2)cc1CCCCCCCCCSc1ccccc1,TRUE,TRUE,FALSE,361.087616,TRUE,TRUE,367.9841003,6.896484375
1428,[*]/C=C/c1ccc(/C=N/C(=O)OCCCC)c([*])c1,TRUE,TRUE,FALSE,361.445343,TRUE,TRUE,367.043457,5.598114014
659,[*]CCC([*])OCCCCCCNC(=O)SCC(F)(F)F,TRUE,TRUE,FALSE,263.877533,TRUE,FALSE,261.7671814,2.110351563
1192,[*]CC([*])(C)C(=O)OCCOc1ccc(-c2ccccc2Oc2ccc([Si](=O)/c3ccc(C)cc3)cc2)cc1,TRUE,TRUE,FALSE,371.5960693,TRUE,TRUE,366.8971558,4.698913574
23,[*]c1ccc(OCCOc2ccc(C(C)(C)c3ccc([*])cc3)cc2)cc1,TRUE,TRUE,FALSE,368.3132324,TRUE,TRUE,366.8970032,1.416229248
4726,[*]CC([*])(C)COC(=O)c1ccc(OC(=O)Cl)cc1,TRUE,TRUE,FALSE,362.45578,TRUE,TRUE,366.4821472,4.026367188
4453,[*]Oc1ccc(/C=C/c2ccc(OC(=O)c3ccc(C([*])=O)cc3)cc2)c(OCCCCCCCCCC)c1,TRUE,TRUE,FALSE,368.4913635,TRUE,TRUE,366.473877,2.017486572
2068,[*]CC(C)C([*])Oc1ccc(OCCN(C)c2ccc(F)cc2)cc1,TRUE,TRUE,FALSE,339.5123901,TRUE,FALSE,341.6632996,2.150909424
2182,[*]Cc1nc([*])c(SCCCCC(F)(F)F)c(C)c1O,TRUE,TRUE,FALSE,365.6087646,TRUE,TRUE,366.4382935,0.829528809
2486,[*]/C=C(/C)c1ccc(C(=O)c2ccc(OCCCCC)cc2)cc1S[*],TRUE,TRUE,FALSE,364.7980347,TRUE,TRUE,366.2544861,1.456451416
551,[*]/C=C/c1ccc([*])c(OC(=O)CCC(=O)Nc2ccc(SC)cc2)c1,TRUE,TRUE,FALSE,370.3554688,TRUE,TRUE,365.9411621,4.414306641
277,[*]CCN(CCCC)C([*])=Nc1ccc(S(=O)(=O)O)cc1,TRUE,TRUE,FALSE,363.7021179,TRUE,TRUE,365.9200134,2.217895508
350,[*]Oc1ccc(-c2ccc(CCCCCCCCCS([*])(=O)=O)cc2O)cc1-c1ccccc1,TRUE,TRUE,FALSE,370.5479736,TRUE,TRUE,365.8414612,4.706512451
4383,[*]/C=C(/[*])CCCOc1cc(C)ccc1S(=O)(=O)OCC,TRUE,TRUE,FALSE,370.7913208,TRUE,TRUE,365.4386902,5.352630615
1361,[*]CCCCCCCOC(=O)c1cccc(OCC(=O)Nc2ccc(C(=O)C[*])cc2)c1-c1ccccc1,TRUE,TRUE,FALSE,373.0006104,TRUE,TRUE,365.2698364,7.730773926
863,[*]Oc1ccc(NC(=O)CC[Si](C)(C)OC(=O)Nc2ccccc2C(=O)OC)c([*])c1Cl,TRUE,TRUE,FALSE,371.3659668,TRUE,TRUE,365.2106323,6.155334473
2599,[*]CC/C=C/c1ccc(OC(=O)c2ccc(NCCCCCC(C)CO)cc2)c([*])c1,TRUE,TRUE,FALSE,372.4497375,TRUE,TRUE,365.0973816,7.352355957
2624,[*]Oc1ccc(C(C)(C)c2ccc(OC(=O)c3cccc([*])c3)c(Br)c2C)cc1CCCC,TRUE,TRUE,FALSE,359.3383179,TRUE,TRUE,364.7832336,5.444915771
1313,[*]CCOC(=O)/C(C#N)=N/c1ccc([*])cc1COCCO,TRUE,TRUE,FALSE,368.2313538,TRUE,TRUE,364.5995483,3.63180542
1,[*]CCCCCOC(=O)c1ccc(C(=O)Nc2ccc(CCCCCCC/C=C/c3cccc(S([*])=O)c3)cc2)cc1,TRUE,TRUE,FALSE,364.911377,TRUE,TRUE,364.5832214,0.328155518
2912,[*]Cc1ccc(OCC(C)CS(=O)(=O)c2ccc([*])cc2Br)cc1,TRUE,TRUE,FALSE,364.1810303,TRUE,TRUE,364.4754944,0.294464111
690,[*]CCCCCCSCCOC(=O)CCCCCCC(=O)Nc1ccc(-c2ccc(OC(=O)c3ccc(O[*])cc3)cc2)c([N+](=O)[O-])c1,TRUE,TRUE,FALSE,363.9409485,TRUE,TRUE,363.9518433,0.010894775
2133,[*]CCCCCOc1ccc(C(=O)c2cccc(C(=O)Oc3ccc(-c4ccc([*])cc4)cc3)c2)cc1,TRUE,TRUE,FALSE,365.582489,TRUE,TRUE,363.9503479,1.632141113
2922,[*]CC(O)COCC=C([Fe])c1ccc(C(=O)O[*])cc1,TRUE,TRUE,FALSE,360.1004333,TRUE,TRUE,363.6297607,3.529327393
3467,[*]CCCCCc1ccc(OCCN(c2ccccc2)c2ccc(O[*])cc2C)cc1,TRUE,TRUE,FALSE,355.9672241,TRUE,TRUE,363.6135559,7.646331787
3979,[*]Oc1ccc(OC(=O)c2ccc(OCCCCCOc3ccc(C(=O)Oc4ccc([*])cc4)cc3)cc2)c(-c2ccccc2)c1,TRUE,TRUE,FALSE,362.5415039,TRUE,TRUE,363.5749817,1.033477783
3264,[*]/C=C(/[*])CCCc1ccc(C(=O)OC(C)=O)cc1,TRUE,TRUE,FALSE,354.9874878,TRUE,TRUE,363.37323,8.385742188
1215,[*]/C=C/c1ccc(CCCCCCOC(=O)/C=N/c2ccc(C([*])=O)cc2)cc1,TRUE,TRUE,FALSE,355.0229797,TRUE,TRUE,363.3473511,8.324371338
1247,[*]CC(=O)OCc1ccc(Cc2cccc(OC(C)OC(=O)c3ccc(O[*])cc3)c2)cc1,TRUE,TRUE,FALSE,355.5961304,TRUE,TRUE,363.005127,7.408996582
3978,[*]CC=C(CCCCNC(=O)C(C)C)C(=O)O[*],TRUE,TRUE,FALSE,368.5314941,TRUE,TRUE,362.4537048,6.077789307
3038,[*]/C=C/c1ccc(Sc2ccc(CCCCCCCc3ccc(C(=[*])c4ccccc4)c(C)c3)cc2)cc1,TRUE,TRUE,FALSE,367.9388428,TRUE,TRUE,362.4420776,5.496765137
516,[*]CCC([*])CC(=O)NCCCCCCOC(=O)COCC(F)(F)C(F)(F)C(F)(F)C(F)(F)F,TRUE,TRUE,FALSE,274.5311279,TRUE,FALSE,272.1548462,2.376281738
2073,[*]Oc1ccc(NC(=O)CCc2ccc(C(=O)OCCCCCSC([*])=O)cc2)cc1,TRUE,TRUE,FALSE,353.842804,TRUE,TRUE,362.2661438,8.423339844
2010,[*]CC(=COCCCCCC)c1ccc(-c2ccc(C(=O)c3ccc(S[*])cc3)c(Cl)c2)cc1,TRUE,TRUE,FALSE,366.1826782,TRUE,TRUE,361.8415833,4.341094971
2379,[*]CC([*])(C)C(=O)OCC(c1ccc(C#C)cc1)c1ccc(CCCC)cc1,TRUE,TRUE,FALSE,358.7609253,TRUE,TRUE,361.8339233,3.072998047
1683,[*]OC[Si](C)(C)CCCOc1ccc(N2C(=O)c3ccc(OCCS([*])=O)cc3C2=O)cc1,TRUE,TRUE,FALSE,366.984436,TRUE,TRUE,361.5276489,5.456787109
4547,[*]CC([*])c1cc(C#N)ccc1NCCCCCCC(=O)Nc1cccc(C)c1,TRUE,TRUE,FALSE,364.1616211,TRUE,TRUE,361.3489075,2.812713623
415,[*]CCC(CCCCCCCCCCl)=C(/[*])C(F)=O,TRUE,TRUE,FALSE,357.9997559,TRUE,TRUE,361.0783691,3.078613281
3564,[*]/C=C/C(=O)c1ccc([*])cc1OC(=O)CCCCC(=O)OC(C)=S,TRUE,TRUE,FALSE,368.7166138,TRUE,TRUE,361.0469666,7.669647217
2634,[*]Oc1ccc(Sc2cc(OCC)c(OCCCCCCOc3ccc(C([*])=O)cc3)cc2)cc1C(=O)OCC,TRUE,TRUE,FALSE,356.6071472,TRUE,TRUE,360.9598999,4.352752686
4026,[*]CC([*])OC(=O)c1ccc(NCCC(=O)OCc2ccc(OC(C)=O)cc2)cc1,TRUE,TRUE,FALSE,368.6581421,TRUE,TRUE,360.2621765,8.395965576
4795,[*]COc1cc(C(=O)OCCCC(C)COC([*])=O)c([N+](=O)[O-])c(-c2ccccc2)c1,TRUE,TRUE,FALSE,354.3795166,TRUE,TRUE,359.9426575,5.563140869
2222,[*]C#Cc1ccc(NC(=O)CCCCCCOc2ccccc2[*])cc1,TRUE,TRUE,FALSE,363.7621765,TRUE,TRUE,359.8277893,3.934387207
2218,[*]CC(COCCCCCC)C([*])=N[PH](=O)(=O)OCCOCCCOCCOC,TRUE,TRUE,FALSE,268.330658,TRUE,FALSE,270.8709412,2.540283203
2784,[*]CCCP(CCC)OC(=O)CCC(=O)Nc1ccc(/C=N/c2ccc(C([*])=O)cc2)cc1,TRUE,TRUE,FALSE,359.7296143,TRUE,TRUE,359.7913513,0.061737061
4765,[*]NC(=O)CCc1cccc(C(=O)NNC([*])(C)CCCOc2ccccc2)c1,TRUE,TRUE,FALSE,353.8654785,TRUE,TRUE,359.7098083,5.844329834
720,[*]Oc1ccc(NC(=O)CCCCCC(=O)Oc2ccc(C([*])=O)cc2)c(N)c1,TRUE,TRUE,FALSE,358.2427673,TRUE,TRUE,359.3072205,1.064453125
4457,[*]CSc1ccc(CCCCCCCC(=O)Nc2ccc(N=[*])cc2)cc1,TRUE,TRUE,FALSE,356.8556519,TRUE,TRUE,359.1532898,2.297637939
2412,[*]NS(=O)(=O)c1ccc(-c2ccc(C(=O)OCCCCN(C)c3ccc(O[*])cc3)c(OC)c2)cc1Br,TRUE,TRUE,FALSE,364.3478699,TRUE,TRUE,358.7551575,5.592712402
2627,[*]CC(=[*])c1ccc(NCCCCC(=O)Nc2ccc(C(F)(F)F)cc2)cc1,TRUE,TRUE,FALSE,359.2335815,TRUE,TRUE,358.6340942,0.599487305
4039,[*]OCCOc1ccc(NC(=O)c2ccc(/C=C/c3ccc(C(=O)OC(=O)c4ccc([*])cc4)cc3)cc2)cc1COCCCCCCCC,TRUE,TRUE,FALSE,358.1498718,TRUE,TRUE,358.5917969,0.441925049
1905,[*]COc1ccc(C(=C(C)C)c2ccc(OCc3ccc(OC(=O)O[*])cc3)cc2)cc1C,TRUE,TRUE,FALSE,361.8130493,TRUE,TRUE,358.5127258,3.300323486
411,[*]COc1ccc(C(CCCC)c2ccc(OC(=O)c3ccc([*])cc3)cc2)cc1,TRUE,TRUE,FALSE,358.272522,TRUE,TRUE,358.3982544,0.125732422
4031,[*]C=Cc1c([2H])cc(C)c([*])c1C(=O)OCCC(C)C,TRUE,TRUE,FALSE,358.1740723,TRUE,TRUE,358.3776245,0.203552246
4175,[*]Oc1ccc(CSC(=O)c2ccc(OC)cc2OC(=O)OCCOc2cccc(C([*])=O)c2)cc1,TRUE,TRUE,FALSE,355.5440979,TRUE,TRUE,358.2948914,2.750793457
1011,[*]NC(=O)CCCCCNS([*])=Cc1ccc(Cc2ccc(C#N)cc2)cc1,TRUE,TRUE,FALSE,354.4002075,TRUE,TRUE,358.2761536,3.875946045
284,[*]CCC([*])C#CCCCCNC(=O)c1cc(I)cc([N+](=O)[O-])c1,TRUE,TRUE,FALSE,372.4897766,TRUE,FALSE,375.1666565,2.676879883
39,[*]CCC([*])CCNC(=O)CCCCCCOCC=C,TRUE,TRUE,FALSE,267.3343506,TRUE,FALSE,264.6556396,2.678710938
3761,[*]C([*])CN(C)C(=O)Oc1ccc(C#CCCCC)cc1,TRUE,TRUE,FALSE,365.2249146,TRUE,TRUE,358.269165,6.955749512
3905,[*]ON=C(C)Oc1ccc(OCCCCC(=O)Nc2ccc([*])cc2)cc1C,TRUE,TRUE,FALSE,360.0718079,TRUE,TRUE,358.1929932,1.878814697
1348,[*]CC(F)(F)C(F)(F)COc1ccc(-c2ccc(/C=C(/[*])C(=O)Oc3ccc(C)cc3)cc2)cc1,TRUE,TRUE,FALSE,362.0556946,TRUE,TRUE,357.5993958,4.456298828
2178,[*]Oc1ccc(C(C)(C)c2ccc(OC(=O)CCCC[Si]([*])(C)C)cc2)cc1-c1ccc(-c2ccccc2)cc1,TRUE,TRUE,FALSE,356.6638489,TRUE,TRUE,357.4145508,0.750701904
4384,[*]c1ccc(OCCN2CCN([*])C2)c(C(=O)OCCCCCCC)c1,TRUE,TRUE,FALSE,349.6585388,TRUE,TRUE,357.1867065,7.528167725
4980,[*]Oc1ccc(C(=O)NNC(=O)c2ccc(OC(=O)CCCCCOc3ccc([*])cc3)cc2)o1,TRUE,TRUE,FALSE,362.23703,TRUE,TRUE,357.1384583,5.098571777
2696,[*]Oc1ccc(C(=O)NCCCCCCCNC(=O)c2ccc(C(C)(C)c3ccc([*])cc3)cc2)cc1Oc1ccccc1,TRUE,TRUE,FALSE,351.9418945,TRUE,TRUE,357.0799866,5.138092041
761,[*]c1ccc(C)c(NC(=O)OCCCCCCCOc2cccc(S([*])(=O)=O)c2)c1,TRUE,TRUE,FALSE,358.1976624,TRUE,TRUE,357.0091248,1.188537598
2015,[*]CCCCNOC(=O)c1ccc(C(=O)OCCCCNc2ccc(C([*])=O)cc2)cc1-c1ccccc1,TRUE,TRUE,FALSE,349.8656921,TRUE,TRUE,356.7369385,6.871246338
1452,[*]CCCCCC(=O)Oc1ccc(Oc2ccc(OC(=O)c3ccc(C(=O)NCCCCCCCCCCNC(=O)c4ccc([*])cc4)cc3)cc2)cc1C,TRUE,TRUE,FALSE,361.8249817,TRUE,TRUE,356.6187439,5.206237793
3147,[*]C(=O)c1ccc(OCCCCC(C)COC(=O)c2cc(C([*])=O)cc(C(=O)Oc3ccccc3C#N)c2)cc1,TRUE,TRUE,FALSE,357.4940491,TRUE,TRUE,356.1958618,1.298187256
2440,[*]CC([*])(F)C(=O)Oc1cccc(NC(=O)CCCCCC(C)(C)C#N)c1,TRUE,TRUE,FALSE,354.79776,TRUE,TRUE,355.7854309,0.987670898
3659,[*]C(=[*])CCCCN(C)C(=O)c1ccc(C(C)(C)c2ccc(C(=O)O)cc2)cc1,TRUE,TRUE,FALSE,350.824585,TRUE,TRUE,355.6642761,4.839691162
200,[*]CC(C)c1ccc(CCOCC(C)(C)CCCCCOC(=O)c2ccc(/C=C/c3ccc([*])cc3[N+](=O)[O-])cc2)cc1,TRUE,TRUE,FALSE,363.6643372,TRUE,TRUE,355.6080017,8.056335449
1157,[*]OC(=O)c1ccc(C(OC(=[*])C)c2ccc(OCCCO)cc2)nc1,TRUE,TRUE,FALSE,349.3111877,TRUE,TRUE,355.479126,6.167938232
4900,[*]OC(=S)CCCCCCCCc1ccc(CNC(=O)c2ccc(OCC([*])=O)cc2)cc1,TRUE,TRUE,FALSE,358.9830933,TRUE,TRUE,355.4405212,3.542572021
4996,[*]CC([*])CCCOc1ccc(C(=O)Oc2ccc(-c3ccccc3C#N)cc2)cc1,TRUE,TRUE,FALSE,362.608551,TRUE,TRUE,355.3128357,7.295715332
3578,[*]COC(=O)N/C=C/c1ccc(C(C)(C)c2ccc(NCCCCCNC([*])=O)cc2)cc1,TRUE,TRUE,FALSE,358.0895996,TRUE,TRUE,355.130127,2.959472656
359,[*]CCOCCCCN(C)c1ccc(/N=N/c2ccc(OC(=O)CCCCCOc3ccc(C([*])=O)cc3)cc2)cc1NC(=O)Nc1cccc(C)c1,TRUE,TRUE,FALSE,355.902832,TRUE,TRUE,355.0532532,0.849578857
4161,[*]CC(F)(F)CN([*])c1ccc(C)cc1,TRUE,TRUE,FALSE,350.2212524,TRUE,TRUE,354.9138184,4.692565918
1788,[*]CCCOS(=O)(=O)Nc1ccc(C/C=C/c2ccc(O[*])cc2)c(CCCC)c1,TRUE,TRUE,FALSE,359.4530029,TRUE,TRUE,354.8206177,4.632385254
4234,[*]CC(C#Cc1cc(C(=O)O[*])ccc1)C(=O)OC,TRUE,TRUE,FALSE,358.0379944,TRUE,TRUE,354.803772,3.234222412
4898,[*]CCCN(CCOC(=O)Oc1ccc(/C=C/c2ccc(-c3ccc(Cl)cc3)cc2)cc1)C(F)(F)C(=O)O[*],TRUE,TRUE,FALSE,346.9667969,TRUE,TRUE,354.6908264,7.724029541
1080,[*]/C=C/c1ccc(C(=O)NC(=O)CCCCCCCOc2ccc([*])cc2)cc1,TRUE,TRUE,FALSE,361.3007202,TRUE,TRUE,354.3472595,6.953460693
433,[*]OCC(CCl)COC(=O)/C=C/c1ccc(Cc2cc(O)c(N[*])cc2OCCCCC)cc1,TRUE,TRUE,FALSE,352.4332886,TRUE,TRUE,354.3006592,1.867370605
3699,[*]C(=O)NCCCCCOC(=O)c1ccc(OC(=O)c2ccc(C=CS[*])cc2)cc1,TRUE,TRUE,FALSE,349.4269409,TRUE,TRUE,354.2539368,4.82699585
4324,[*]CC(CCCCCC)P([*])(C#N)C(=O)OCCc1ccccc1,TRUE,TRUE,FALSE,298.6157532,TRUE,FALSE,295.6835327,2.932220459
3804,[*]CC(=O)COc1ccc(OC(=O)NCCCCCC(=O)Oc2ccc(-c3ccccc3O[*])cc2)cc1,TRUE,TRUE,FALSE,350.7915039,TRUE,TRUE,354.1749573,3.383453369
2558,[*]CC(CC)OCCc1ccc(NCCCCC(=O)c2ccc([*])cc2)cc1C(C)C,TRUE,TRUE,FALSE,361.2027283,TRUE,TRUE,353.9604492,7.242279053
451,[*]CC([*])(C)C(=S)OCc1ccc(C(=O)Nc2ccc(C(F)(F)C(F)(F)F)cc2)cc1Cl,TRUE,TRUE,FALSE,357.058075,TRUE,TRUE,353.8551331,3.202941895
3354,[*]CC(SS(=O)(=O)c1ccc([*])cc1OC)CC(F)(F)CN(C)c1ccc(C)cc1,TRUE,TRUE,FALSE,353.917511,TRUE,TRUE,353.7223511,0.195159912
950,[*]CCN(CC)c1ccc(OC(=O)c2cccc(C(=O)C(F)(F)C(F)(F)COc3ccc([*])cc3)c2)cc1,TRUE,TRUE,FALSE,362.0541077,TRUE,TRUE,353.7136536,8.340454102
4142,[*]/C=C/c1ccc(C(=O)COc2ccc(C#N)cc2)c(OCCCCCCCC)c1[*],TRUE,TRUE,FALSE,348.8869629,TRUE,TRUE,353.705719,4.818756104
3360,[*]CC(O)[Si](C)(C)C(=O)NCCNC(=O)c1ccc([*])cc1,TRUE,TRUE,FALSE,349.2544861,TRUE,TRUE,353.5240479,4.269561768
3327,[*]C=CC([*])(C)OCCCC,TRUE,TRUE,FALSE,247.1316071,TRUE,FALSE,250.1352997,3.003692627
2492,[*]CC(=O)Nc1ccc(CSC(=O)CCCCCCCO[*])cc1,TRUE,TRUE,FALSE,361.09198,TRUE,TRUE,353.3632202,7.728759766
4320,[*]/C=C(/CCCCCc1ccc(C)cc1)c1ccc(N([*])C(=O)CCCCC(=O)O)cc1,TRUE,TRUE,FALSE,354.6115417,TRUE,TRUE,353.2894287,1.322113037
1014,[*]CCCCSC(=O)Nc1ccc(NC(=O)CCCCCCC(=O)NCC=CC([*])CO)cc1,TRUE,TRUE,FALSE,344.5414124,TRUE,TRUE,352.5649414,8.023529053
554,[*]Oc1ccc(C(=O)NC(C)c2ccc(NC(=O)CCCCCCOC(=O)c3cccc(OC([*])=O)c3)cc2)cc1,TRUE,TRUE,FALSE,354.0621033,TRUE,TRUE,352.5151978,1.546905518
3243,[*]CCOCCCCCCOc1ccc(-c2ccc(NC(=O)CCCCC(=O)Nc3cccc(O[*])c3)cc2)cc1C,TRUE,TRUE,FALSE,360.1828918,TRUE,TRUE,352.425354,7.757537842
596,[*]CC([*])(C)C(=O)OCCOc1ccc(/C=C/c2ccc(-c3ccc(OC(=O)OCCCCCCCC)cc3C(F)(F)F)cc2)cc1,TRUE,TRUE,FALSE,352.5309753,TRUE,TRUE,352.3626404,0.168334961
3513,[*]Oc1ccc(P(=O)(OC)c2ccc(C#C)cc2)cc1C([*])OCCCCCCC,TRUE,TRUE,FALSE,352.5505371,TRUE,TRUE,351.914917,0.635620117
992,[*]COc1ccc(CCCCC([*])=O)c(-c2ccccc2)c1C(=O)OC(C)C,TRUE,TRUE,FALSE,354.7120972,TRUE,TRUE,351.3829346,3.329162598
2081,[*]OCCOCCOC(=O)c1ccc(NC(=O)OCCCCCC(=O)Nc2ccc(O[*])c(OCC)c2)cc1,TRUE,TRUE,FALSE,355.0813293,TRUE,TRUE,351.305603,3.775726318
4551,[*]CCC(CC)(C)COC(=O)Nc1ccc(NC(=O)O[*])c(-c2ccc(CCC)cc2Br)c1,TRUE,TRUE,FALSE,345.664856,TRUE,TRUE,350.9283142,5.263458252
914,[*]CCSCCOc1ccc(C(=O)NC(=O)c2ccc(OCC(F)(F)C(F)(F)COC(=O)Oc3cccc([*])c3)cc2)c(-c2ccccc2)c1,TRUE,TRUE,FALSE,350.2814941,TRUE,TRUE,350.6995544,0.418060303
3694,[*]CNC(=O)c1cc(COCCOC)c(/N=N/N=C/c2ccc(CCCCOc3ccc(S(=O)(=O)O[*])cc3)s2)cc1,TRUE,TRUE,FALSE,353.8329773,TRUE,TRUE,350.6402893,3.192687988
3583,[*]OC(CC)(c1ccc(Cc2ccc(C)c(OP(=O)(O)OC(C)C([*])=O)c2)cc1N)SN,TRUE,TRUE,FALSE,351.1557617,TRUE,TRUE,350.5960083,0.559753418
345,[*]CC([*])(C)C(=O)Oc1ccc(O[Si](C)(C)CCCCC(C)(C)C)cc1,TRUE,TRUE,FALSE,348.7180481,TRUE,TRUE,350.5887451,1.870697021
3915,[*]Nc1ccc(/N=C/c2ccc(CCCCCOC(=O)c3ccc(S[Si]([*])=O)cc3)cc2)s1,TRUE,TRUE,FALSE,344.3955078,TRUE,TRUE,350.5506897,6.155181885
2835,[*]CCCNC(=O)CCCCC(=O)Nc1ccc(C(C)c2ccc(NC([*])=O)s2)o1,TRUE,TRUE,FALSE,356.2433472,TRUE,TRUE,350.4398804,5.803466797
1343,[*]CC([*])C(=O)Nc1cc(OCCCCCC)ccc1C(=O)Oc1ccc(F)cc1,TRUE,TRUE,FALSE,348.2327881,TRUE,TRUE,350.4209595,2.188171387
3408,[*]C=C(C)C(=O)OCc1ccc(OCC(C)CNC(=O)c2cccc(S(=O)(=O)OCCCCCC)c2)cc1[*],TRUE,TRUE,FALSE,342.6395874,TRUE,TRUE,350.3295898,7.690002441
3246,[*]c1cc(C)ccc1OCCCCCCOc1cccc(S(=O)(=O)C(=O)C([*])=O)c1,TRUE,TRUE,FALSE,347.1550903,TRUE,TRUE,350.1668701,3.011779785
1013,[*]/C=C/C(=O)OCCCCC(O)c1ccc(NC([*])=O)cc1F,TRUE,TRUE,FALSE,343.0901794,TRUE,TRUE,350.1124573,7.022277832
557,[*]CC(CCCCCCOc1ccc([Si](=O)c2ccc(OC(=O)C/C=C/c3ccc(C([*])=O)cc3)cc2)cc1)c1ccccc1,TRUE,TRUE,FALSE,345.5778809,TRUE,TRUE,350.1102295,4.532348633
2535,[*]C([*])C(=O)OC(CC)(CCCCCCC(=O)O)S(=O)(=O)c1ccccc1,TRUE,TRUE,FALSE,343.2794189,TRUE,TRUE,350.0919189,6.8125
1389,[*]ON(c1ccc(C([*])=O)cc1)c1ccccc1OCCCCCC,TRUE,TRUE,FALSE,357.1946106,TRUE,TRUE,350.0655518,7.129058838
1600,[*]Oc1ccc(C=NC(=O)c2ccc(OCCCCC)cc2)cc1[*],TRUE,TRUE,FALSE,358.078186,TRUE,TRUE,349.9974365,8.080749512
1735,[*]NC(=O)NC(C)(C)c1ccc(CCCS([*])(=O)=O)cc1,TRUE,TRUE,FALSE,346.9343872,TRUE,TRUE,349.9873657,3.052978516
4687,[*]OCCCCCCOC(=O)c1ccc(OC(=O)c2ccc(CNc3ccc([*])cc3)cc2)cc1,TRUE,TRUE,FALSE,353.2318115,TRUE,TRUE,349.6099548,3.621856689
2806,[*]Oc1cccc(OC(=O)C(CCCCCC)c2ccc(C([*])=O)cc2)c1,TRUE,TRUE,FALSE,356.9885254,TRUE,TRUE,349.6062927,7.382232666
3095,[*]OCc1ccc(CCNC(=O)CCCCCCC(=O)OC(C)=O)c(OC(=O)c2ccc(C([*])=O)cc2)c1S#N,TRUE,TRUE,FALSE,347.9525757,TRUE,TRUE,349.432312,1.479736328
3964,[*]C(=O)OCCCCCCCNC(=O)c1ccc(C([*])=O)cc1OC(C)(C)C,TRUE,TRUE,FALSE,350.3138733,TRUE,TRUE,349.392334,0.921539307
1636,[*]CC(COc1cccc(C)c1C)C(=O)CC/C=C/c1ccc(O[*])cc1,TRUE,TRUE,FALSE,347.7136841,TRUE,TRUE,349.3270264,1.613342285
1430,[*]C(=O)CCc1ccc(Oc2cccc(CCCC([*])(C)C)c2)cc1,TRUE,TRUE,FALSE,350.5361023,TRUE,TRUE,349.149292,1.386810303
228,[*]CC(=O)OCCCCCCOc1ccc(CNC(=O)c2ccccc2C(=O)N([*])CC(F)(F)F)cc1,TRUE,TRUE,FALSE,350.0203857,TRUE,TRUE,349.1235352,0.896850586
4361,[*]CC(=O)N(C)c1ccc(CCOc2ccc(OC([*])=O)cc2)cc1C,TRUE,TRUE,FALSE,355.9624023,TRUE,TRUE,349.0083008,6.954101563
3043,[*]CC([*])(C)C(=O)OCCCCCCc1ccc(S(=O)(=O)c2ccccc2OC)cc1,TRUE,TRUE,FALSE,352.658783,TRUE,TRUE,349.0026245,3.656158447
4722,[*]NN(c1ccccc1)C(C)(C)CCOCCS([*])(=O)=O,TRUE,TRUE,FALSE,345.7933044,TRUE,TRUE,348.5003052,2.707000732
3373,[*]OCCOc1ccc(C(=O)c2ccc(OC(=O)c3cccc(C(=O)NCCCCC([*])=O)c3)cc2)cc1,TRUE,TRUE,FALSE,355.829071,TRUE,TRUE,348.3907776,7.438293457
942,[*]OC(COc1ccc(/C=N/c2ccc([*])cc2)cc1)OC(=O)c1ccc(C(C)(C)COCC)cc1,TRUE,TRUE,FALSE,345.1262207,TRUE,TRUE,348.2416687,3.115447998
3296,[*]CCC1CCC(COC(=O)N[*])CCCCCCCC(C)(C)C1=O,TRUE,TRUE,FALSE,344.2689209,TRUE,TRUE,347.9385986,3.669677734
1484,[*]OC=C[Si]([*])(C)c1ccc(COc2ccc(C(=O)Nc3ccccc3)cc2)cc1,TRUE,TRUE,FALSE,341.185791,TRUE,TRUE,347.6818848,6.49609375
682,[*]/C=C/c1ccc([*])n1OCCOCC(=O)Oc1ccc(C#N)cc1,TRUE,TRUE,FALSE,347.5266724,TRUE,TRUE,347.6346436,0.107971191
2875,[*]Oc1ccc(S(=O)(=O)c2ccc(Oc3cccc([*])c3)cc2OCCN(CCCCCCCC)C(F)(F)C(F)(F)F)cc1,TRUE,TRUE,FALSE,354.8395386,TRUE,TRUE,347.5928345,7.246704102
4232,[*]CC(C)COc1cccc(C(=O)OCCCCCOc2ccc(-c3ccc([*])cc3)c(S(F)(F)F)c2)c1,TRUE,TRUE,FALSE,346.1568604,TRUE,TRUE,347.5369263,1.380065918
133,[*]CC([*])COC(=O)Nc1ccc(OCCCCCNC(=O)c2ccc(OCCO)cc2)cc1,TRUE,TRUE,FALSE,344.9815063,TRUE,TRUE,347.5185242,2.537017822
1918,[*]CC(CCOC(=O)c1ccc(S(=O)(=O)c2ccc(O[*])cc2)cc1)C(=O)OCCOc1ccc([N+](=O)[O-])cc1,TRUE,TRUE,FALSE,354.4701538,TRUE,TRUE,347.4460449,7.024108887
1434,[*]CCCCCCCCCOC(=S)Nc1ccc(C(=O)C(O)c2ccc(OCCC([*])=O)cc2)cc1,TRUE,TRUE,FALSE,350.4747314,TRUE,TRUE,347.2710876,3.203643799
3209,[*]/[Si](C)=C/c1ccc(-c2ccc(OCCCCCCCC)cc2)c(C(=O)NC([*])C)c1,TRUE,TRUE,FALSE,344.8409424,TRUE,TRUE,347.240448,2.399505615
4369,[*]/C=C(\C)C(=O)OCCOC(=O)Nc1ccc(-c2ccc(OCC([*])C)cc2)cc1,TRUE,TRUE,FALSE,341.6222534,TRUE,TRUE,347.194397,5.572143555
2807,[*]CC([*])C(=O)Oc1ccc(NC(=O)OCCCCN2CCN2)cc1,TRUE,TRUE,FALSE,346.7088318,TRUE,TRUE,347.1368408,0.428009033
1577,[*]CC(C)(C)C(F)(F)C(F)(F)C(F)(F)COc1ccc(P([*])(=O)CCCC)c(F)c1F,TRUE,TRUE,FALSE,352.0281982,TRUE,TRUE,346.92276,5.105438232
2964,[*]CCCCCCCCC=C(C#N)C#CCS([*])(=O)CCCC,TRUE,TRUE,FALSE,348.08255,TRUE,TRUE,346.8648071,1.21774292
2371,[*]CCCCCCOc1ccc(C(=CC#N)SC(=O)c2ccc(OC(=O)O[*])cc2)cc1,TRUE,TRUE,FALSE,340.744873,TRUE,TRUE,346.8196411,6.074768066
3623,[*]Oc1ccc(C(=O)Oc2ccc(N=CCCOC([*])(C)CC)cc2)cc1,TRUE,TRUE,FALSE,348.3271484,TRUE,TRUE,346.7921143,1.53503418
4046,[*]C=C[Si]([*])(C)CCc1ccc(N=C(C)c2ccc(OC)cc2)cc1C,TRUE,TRUE,FALSE,337.2548523,TRUE,FALSE,340.7335205,3.478668213
541,[*]CCC(C)CCCCCCCCOC(=O)Sc1ccc(C(=O)/C=C/c2ccc(C(=O)O[*])cc2)cc1,TRUE,TRUE,FALSE,339.9594727,TRUE,TRUE,346.7883606,6.828887939
886,[*]OC(=O)c1ccc(C(=O)N[Si]([*])(C)CCCCOC(=O)c2ccccc2)c(OC)c1,TRUE,TRUE,FALSE,348.2612305,TRUE,TRUE,346.4248352,1.836395264
1480,[*]CC(O)COc1ccc(S(=O)(=O)CCOC(=O)c2ccc(C(=O)OCCOc3ccc([*])cc3)cc2)cc1,TRUE,TRUE,FALSE,347.1954346,TRUE,TRUE,346.4003906,0.795043945
4395,[*]ON(C)CCCCCC(=O)NC(=O)c1ccccc1-c1ccc([Si]([*])=O)c(C(F)(F)C(F)(F)C(F)(F)F)c1,TRUE,TRUE,FALSE,339.0152283,TRUE,TRUE,346.2745361,7.259307861
962,[*]CC([*])c1ccc(COCCCCCCC(C)CNS(=O)(=O)c2ccc(-c3ccccc3)cc2)cc1,TRUE,TRUE,FALSE,349.6437073,TRUE,TRUE,346.0911865,3.552520752
974,[*]Oc1ccc(S(=O)(=O)c2ccc(OCCCCCC#[*])cc2C)cc1,TRUE,TRUE,FALSE,350.9471741,TRUE,TRUE,345.8666077,5.080566406
3647,[*]NC(COC(=O)NC([*])CC)c1ccccc1,TRUE,TRUE,FALSE,344.5187378,TRUE,TRUE,345.7440186,1.225280762
632,[*]/C=C(\C)c1ccc(OC(=O)OCC(C)(C)Oc2ccc([*])cc2)cc1,TRUE,TRUE,FALSE,348.1533508,TRUE,TRUE,345.5614624,2.591888428
1001,[*]CC(=O)NCCCCCCCCCCCNC(=O)COc1ccc(C)c(OCC(=O)O[*])c1,TRUE,TRUE,FALSE,342.2680054,TRUE,TRUE,345.4326477,3.164642334
1806,[*]CC([*])c1cc(C(=O)OCCCCCCCS(=O)(=O)C(C)C)c(Cl)cc1F,TRUE,TRUE,FALSE,344.6097412,TRUE,TRUE,345.4038086,0.794067383
1444,[*]CCCCC[Sn](C)(C)CCOC(=O)NCCCCCCCNC(=O)C(=C=C)N[*],TRUE,TRUE,FALSE,349.8815918,TRUE,TRUE,345.3067322,4.574859619
3744,[*]CCSCCC(Cc1ccc(/C=C/c2ccc(N(C)CCC(=O)O[*])cc2)cc1)c1ccc(Cl)cc1,TRUE,TRUE,FALSE,337.6596375,TRUE,TRUE,345.2348938,7.575256348
1994,[*]CCCCOC(=O)c1ccc(NCCCCCCCCNC(=O)CN[*])cc1,TRUE,TRUE,FALSE,346.5985107,TRUE,TRUE,345.1834106,1.415100098
20,[*]CC([*])OC1CC1N(C)c1ccc(C(=O)Oc2ccc(S(=O)(=O)CCC)cc2)s1,TRUE,TRUE,FALSE,350.5275269,TRUE,TRUE,345.1742859,5.353240967
2740,[*]CC#Cc1ccc(NC(=O)CCCCCCCCOC(=O)C(=O)N[*])cc1,TRUE,TRUE,FALSE,338.4957275,TRUE,TRUE,345.1677246,6.67199707
975,[*]CC([*])OC(=O)CC(C)(C)C(=O)Nc1ccc(C(=O)OCCOC(C)=O)cc1,TRUE,TRUE,FALSE,352.4511108,TRUE,TRUE,345.1314697,7.319641113
2993,[*]CC([*])(C)C(=O)OCCCOc1ccc(C(C)(C)c2ccccc2)cc1O,TRUE,TRUE,FALSE,350.9795837,TRUE,TRUE,345.0085144,5.971069336
3252,[*]CC(COc1ccc(S(=O)(=O)CCCC(C)(C)C(=O)O[*])cc1)c1ccccc1,TRUE,TRUE,FALSE,342.5982361,TRUE,TRUE,344.9963684,2.398132324
3608,[*]Oc1ccc(C(Cc2ccccc2)OC(=O)CCCCc2ccc(C([*])=O)cc2)nc1,TRUE,TRUE,FALSE,344.1226196,TRUE,TRUE,344.9330139,0.810394287
1336,[*]C(C)C([*])CCCCCCC(=O)Nc1ccc(OC(=O)OCCCCC)cc1,TRUE,TRUE,FALSE,339.6298828,TRUE,TRUE,344.8867798,5.256896973
2771,[*]NC(C)CCCCOC(=O)c1ccc(OCCC(C)c2ccc(OCCOC)cc2)cc1-c1ccccc1O[*],TRUE,TRUE,FALSE,341.5259399,TRUE,TRUE,344.771637,3.245697021
4308,[*]/C=C/P(=O)(O)c1ccc(OC(=O)CCCCCCOc2ccc(S([*])(=O)=O)cc2)cc1,TRUE,TRUE,FALSE,337.8544006,TRUE,TRUE,344.7468262,6.892425537
1581,[*]CC#CCOc1ccc(C[Si](C)(C)CCCOC(=O)NNC(=O)c2cc(C)c(O[*])cc2C#N)cc1,TRUE,TRUE,FALSE,344.7963562,TRUE,TRUE,344.7373657,0.058990479
978,[*]CC(F)(F)C(OCCCCCC)S(=O)(=O)CCCC[N+]([*])(C)C,TRUE,TRUE,FALSE,337.6525879,TRUE,TRUE,344.5313721,6.87878418
900,[*]CC([*])CCCCOC(=O)NC(C(=O)O)C(=O)Oc1ccc(C(C)(C)c2ccc(F)cc2)cc1,TRUE,TRUE,FALSE,341.7842102,TRUE,TRUE,344.4162292,2.632019043
1919,[*]OCCCCCCCCOc1ccc(C(C)(C)c2ccc([SH]=O)cc2Oc2ccc(C(=O)Oc3ccc([*])cc3)cc2)cc1,TRUE,TRUE,FALSE,339.2328491,TRUE,TRUE,344.3236084,5.090759277
4048,[*]OC(=O)c1cccc(NCCCCCC([*])=O)c1C,TRUE,TRUE,FALSE,340.5734253,TRUE,TRUE,344.2750549,3.701629639
3369,[*]C(C#[*])C#Cc1cccc(C(=O)OCCCCCCN(C)C)c1,TRUE,TRUE,FALSE,343.366333,TRUE,TRUE,344.2285767,0.862243652
870,[*]OCCCCC(=O)Nc1ccc(OC(=O)c2ccc(OCCCCCCOC(=O)c3cccc(S([*])=O)c3)cc2)cc1,TRUE,TRUE,FALSE,337.1598206,TRUE,TRUE,344.2204895,7.060668945
1592,[*]CC(COC(=O)Oc1ccc(C(=O)OCCOCCOc2ccc(/C=N/c3ccc(O[*])cc3)cc2)cc1)c1ccccc1,TRUE,TRUE,FALSE,350.5711975,TRUE,TRUE,344.0198669,6.551330566
860,[*]C#CC(=O)OCCCCCCOc1ccc(/N=C/c2ccc(OCCCCCCNC(=O)c3ccc(C(=O)O[*])cc3)cc2)cc1,TRUE,TRUE,FALSE,348.1500854,TRUE,TRUE,343.9882813,4.161804199
423,[*]Cc1ccc(CCCCCC)cc1NS([*])=O,TRUE,TRUE,FALSE,349.2692871,TRUE,TRUE,343.7181702,5.551116943
365,[*]/C=C/c1ccc(CCOC(C)=O)c(C([*])=O)c1,TRUE,TRUE,FALSE,350.4685669,TRUE,TRUE,343.5773315,6.891235352
630,[*]CCCCCCCOc1ccccc1C(=O)N(CCCCCCC)c1ccc(/C=C(\C)c2ccc(O[*])cc2)cc1,TRUE,TRUE,FALSE,343.471283,TRUE,TRUE,343.5339661,0.062683105
4922,[*]CC(=O)c1ccc(CCCCCC[Fe](C)=O)c(OC(=O)c2ccc(C([*])=O)cc2SC)c1,TRUE,TRUE,FALSE,335.1028137,TRUE,TRUE,343.4516602,8.348846436
4792,[*]CC(C)CCCCc1ccc(C(=C=N)c2ccc(OCCCCCCOC(=O)c3ccc(-c4ccc(C([*])=O)cc4)cc3)cc2)c(-c2ccccc2)c1,TRUE,TRUE,FALSE,349.8262329,TRUE,TRUE,343.3619385,6.464294434
186,[*]C#CC=C(C)c1ccc(OCCCC)c(C(=O)O[*])c1,TRUE,TRUE,FALSE,346.7551575,TRUE,TRUE,343.1570129,3.598144531
4823,[*]Oc1ccc(C(C(=O)NCCCCCCCCCC)c2ccc([Si]([*])(C)C)cc2)cc1OC(F)(F)F,TRUE,TRUE,FALSE,346.6799316,TRUE,TRUE,343.12323,3.55670166
106,[*]CC(COc1ccc(OCCCCc2ccc(OC(=O)CO)cc2)cc1)N[*],TRUE,TRUE,FALSE,342.2935486,TRUE,FALSE,345.9941406,3.700592041
2833,[*]C=C(C#N)C(=O)OCCCCOc1ccc(C(=O)c2ccc([*])cc2)cc1,TRUE,TRUE,FALSE,347.4165039,TRUE,TRUE,343.0314941,4.385009766
599,[*]CCCOc1ccccc1OC(=O)N(CCCCCCCNc1ccc(C(=O)O[*])cc1)CC(F)(F)F,TRUE,TRUE,FALSE,351.1858521,TRUE,TRUE,342.8271484,8.358703613
1781,[*]CC(C)[Si]([*])(CCCCN(C)C)c1ccccc1O,TRUE,TRUE,FALSE,309.5221863,TRUE,FALSE,305.8116455,3.710540771
1943,[*]O[Si](C)(C)Oc1ccc(C(=O)OCCCCCCOc2ccc(OC(=O)c3ccc(O)cc3)cc2)c([*])c1-c1ccccc1,TRUE,TRUE,FALSE,342.8106384,TRUE,TRUE,342.7307739,0.079864502
4221,[*]C#CCCC(=O)NCCCCCNC(=O)C[*],TRUE,TRUE,FALSE,340.5924377,TRUE,TRUE,342.5518799,1.959442139
2859,[*]CC(C)COC(=O)Nc1ccc(CCCCCCCCNC(=O)/C=C/c2ccc(C(=O)O[*])cc2)c(O)c1,TRUE,TRUE,FALSE,349.4959717,TRUE,TRUE,342.3248901,7.171081543
2763,[*]O[Si](C)(C)Oc1cc(NCCCC)cc([*])c1C(=O)Nc1ccccc1,TRUE,TRUE,FALSE,345.7399902,TRUE,TRUE,342.1843872,3.555603027
4677,[*]CC(CO[*])CCc1ccc(NC(=O)CCCCCC(=O)NC)cc1C,TRUE,TRUE,FALSE,335.2372131,TRUE,TRUE,342.1156616,6.878448486
1071,[*]COc1ccc(NC([*])CCCCCCCOC(=O)c2ccc(S(=O)(=O)O)cc2)cc1OCc1ccccc1,TRUE,TRUE,FALSE,335.7092896,TRUE,TRUE,342.0415039,6.332214355
3788,[*]N=C(OC)c1ccc(COC=CC([*])=O)cc1Cl,TRUE,TRUE,FALSE,338.838562,TRUE,TRUE,341.9213257,3.082763672
4969,[*]/C=C/c1cc(C([*])=O)cc(OCCCCCCCCCCOc2cccc(C)c2)c1OCC,TRUE,TRUE,FALSE,341.5265808,TRUE,TRUE,341.8452759,0.318695068
910,[*]Oc1ccc(C)c(C([*])(COC(=O)c2ccc([N+](=O)[O-])cc2CCCCCCCC)c2ccccc2)c1,TRUE,TRUE,FALSE,343.6204834,TRUE,TRUE,341.7647095,1.855773926
824,[*]CC([*])C(=O)Oc1cccc(C(C)=CCCCOc2ccc(NC(=O)c3ccc(F)cc3)c(S#N)c2)c1,TRUE,TRUE,FALSE,338.4702148,TRUE,TRUE,341.2413635,2.771148682
2928,[*]CC([*])/C=C/CCCC(=O)N(C)C(C)(C)C#N,TRUE,TRUE,FALSE,343.3152466,TRUE,TRUE,341.2227173,2.092529297
435,[*]Oc1ccc(C(F)(F)COC([*])=O)cc1,TRUE,TRUE,FALSE,341.245697,TRUE,TRUE,341.1413574,0.1043396
4282,[*]OC(COc1ccc(/N=C/c2ccc(C)cc2)cc1)OC([*])(F)F,TRUE,TRUE,FALSE,337.5030518,TRUE,TRUE,341.0767822,3.573730469
2380,[*]c1ccc(COc2ccc([*])nc2)c(Cl)c1OCCCCCCC(=O)Nc1ccc(C)cc1,TRUE,TRUE,FALSE,335.6079102,TRUE,TRUE,341.0722046,5.464294434
819,[*]c1cc(C)c(NC(=O)OCCCCCCCC(C)c2ccc(OC([*])=O)cc2)cc1,TRUE,TRUE,FALSE,338.9420166,TRUE,TRUE,340.7946472,1.852630615
4241,[*]/C=C/c1ccc(C(C)(C)c2ccc(OC(=[*])CCCCCCO)c(Br)c2)cc1,TRUE,TRUE,FALSE,346.6228638,TRUE,TRUE,340.7717896,5.851074219
217,[*]CO[Si](=O)(C)CCCCC(=O)Nc1ccc(NC([*])=O)cc1,TRUE,TRUE,FALSE,341.0279541,TRUE,TRUE,340.7228394,0.305114746
4701,[*]CCCCCOc1ccc(/C=N/c2ccc(NC(=O)OCCCCCCCC)cc2)cc1C([*])=O,TRUE,TRUE,FALSE,348.0768738,TRUE,TRUE,339.9640503,8.112823486
4937,[*]CC(O)COc1ccc(C(=O)CCCCCCC(=O)NC(CC)(C[*])c2ccc([Si](C)(C)C)cc2)cc1,TRUE,TRUE,FALSE,347.5679932,TRUE,TRUE,339.835083,7.732910156
4291,[*]CC(C)(CC[*])C(=O)Oc1ccc(OC(C)CCC)cc1,TRUE,TRUE,FALSE,336.0218811,TRUE,TRUE,339.7444458,3.722564697
612,[*]CCOCC(O)C(=O)Nc1ccc(NC(=O)CCCCCCCCCC([*])=O)cc1,TRUE,TRUE,FALSE,331.7461243,TRUE,TRUE,339.621582,7.875457764
1896,[*]SCC(CO)C(=O)Nc1ccc(NC(=O)OCCCCC(=O)O[*])cc1,TRUE,TRUE,FALSE,337.995575,TRUE,TRUE,339.5198669,1.524291992
2299,[*]OS(=O)(=O)c1ccc(NCCCCOc2ccc(C(=O)OCCCCOC([*])=O)cc2)cc1-c1ccc([Si](C)(C)C)cc1,TRUE,TRUE,FALSE,339.5536804,TRUE,TRUE,339.4336243,0.120056152
846,[*]C(=O)[Si]([*])(C)CCCOc1ccc(C(=O)c2ccc(CC(C)C)cc2)cc1,TRUE,TRUE,FALSE,336.3959656,TRUE,TRUE,339.3871765,2.991210938
1442,[*]CC([*])OCCS(=O)(=O)Cc1cccc(C(C)(C)C)c1,TRUE,TRUE,FALSE,331.7388306,TRUE,TRUE,339.2767944,7.537963867
3781,[*]/C=C/c1cc(OCC)c(C([*])(C)C(=O)OCCCCCCCC)c(-c2ccccc2)c1,TRUE,TRUE,FALSE,344.3769226,TRUE,TRUE,339.2225647,5.15435791
2505,[*]C=Cc1cc(CCCCNC(=O)C(C(=O)NCC)C([*])=O)ccc1C(=O)OCCCCCCCCOCCOCC,TRUE,TRUE,FALSE,340.7021179,TRUE,TRUE,339.2147827,1.487335205
4850,[*]Oc1ccc(C/C=C/C(=O)NCCCCCNC(=O)OCCN([*])CC)cc1,TRUE,TRUE,FALSE,338.5639954,TRUE,TRUE,339.1315308,0.5675354
2945,[*]OP(=O)(O)OCCOC(=O)c1cccc(C(C)(C)c2ccc(OC(=O)c3ccc([*])cc3)cc2)c1CCC,TRUE,TRUE,FALSE,338.9320374,TRUE,TRUE,338.9467773,0.01473999
220,[*]Oc1ccc(C(=[*])/C=C/CCCOC(=O)c2ccc(C(=O)O)cc2)c(Cl)c1,TRUE,TRUE,FALSE,341.0718994,TRUE,TRUE,338.9347534,2.137145996
3493,[*]Oc1cccc(/N=C/CCCCC(=O)Oc2ccc(-c3ccc(OC([*])=O)cc3)cc2)c1,TRUE,TRUE,FALSE,344.8630981,TRUE,TRUE,338.927002,5.936096191
3165,[*]COc1ccc(C(=O)c2cccc(OC(=O)CCCCCCOC(=O)c3ccc(-c4ccc([*])cc4)cc3)c2)cc1,TRUE,TRUE,FALSE,333.5391235,TRUE,TRUE,338.9190063,5.379882813
230,[*]Oc1cccc(OCCCCCOc2ccc(/C=N/CCCCCCC)cc2)c1-c1ccc(/C=C/[Si]([*])(C)C)c(C)c1,TRUE,TRUE,FALSE,332.4801941,TRUE,TRUE,338.8048096,6.324615479
2331,[*]COc1ccc(OCCCCCCc2ccc(O[*])cc2-c2ccc(C)cc2)o1,TRUE,TRUE,FALSE,337.2719116,TRUE,TRUE,338.7003784,1.428466797
4424,[*]/C=C/c1cc(C)c(NCCCCCCCCOC(=O)N(CCCC)c2ccc(C[*])cc2)cc1CCCC,TRUE,TRUE,FALSE,332.1235962,TRUE,TRUE,338.6107788,6.487182617
1958,[*]Oc1ccc([Si](C)(C)OC(=O)Nc2ccc(C(=[*])OCCC)cc2)cc1,TRUE,TRUE,FALSE,331.4219971,TRUE,TRUE,338.4334412,7.011444092
522,[*]CCOCCOCC/C=C(\[*])c1ccc(CNC(=O)Oc2ccc(C)c(NC(=O)OC)c2)cc1,TRUE,TRUE,FALSE,332.6585083,TRUE,TRUE,338.4186401,5.760131836
34,[*]C(=O)N(CCCCCCCNC(=O)O[*])c1ccc(C)c(OCC(C)CC)c1,TRUE,TRUE,FALSE,338.9025879,TRUE,TRUE,338.3480835,0.554504395
1388,[*]CCCCCCCCNC(=O)CCCCCCCCCCCCCCC(=O)NCc1ccc(C(COc2ccc([*])cc2)C(=O)O)cc1C,TRUE,TRUE,FALSE,342.5254517,TRUE,TRUE,338.3305054,4.194946289
3405,[*]CCCC(C)OC(=O)c1ccc(-c2ccc(P(=O)(O[*])OCCCCCC)cc2)c(C(=O)OC)c1,TRUE,TRUE,FALSE,334.7508545,TRUE,TRUE,338.0029297,3.252075195
236,[*]CC(C=CCc1ccc(/N=N/c2ccc(C(=O)OC([*])=O)cc2)cc1)NCCCCCCCCNC(=O)Nc1ccccc1,TRUE,TRUE,FALSE,345.4407043,TRUE,TRUE,337.8710022,7.569702148
3544,[*]CC(C)C(=O)OCCCCCCOc1ccc(C(OC)c2ccc(OC(=O)S[*])cc2)c(C(=O)c2ccccc2)c1,TRUE,TRUE,FALSE,336.4187622,TRUE,TRUE,337.809906,1.391143799
1913,[*]CCC(CO)c1cc(OCCCCCNC(=O)Nc2ccc(O[*])cc2)cc(C)c1,TRUE,TRUE,FALSE,332.2590027,TRUE,TRUE,337.5586548,5.2996521
4254,[*]CC(O)C([*])NC(=O)CCCCCCl,TRUE,TRUE,FALSE,312.5585938,TRUE,FALSE,316.6950684,4.136474609
1081,[*]OCC(CO)COc1ccc(C(=O)NCCCCCCC(=O)c2ccc(Sc3ccc([*])cc3)cc2)cc1,TRUE,TRUE,FALSE,333.7185974,TRUE,TRUE,337.5162354,3.797637939
765,[*]CC(=O)Nc1ccc(COC(=O)CCCCCC(=O)NCCOC(=O)O[*])cc1-c1ccc(C(=O)OCCCCCC)cc1,TRUE,TRUE,FALSE,333.0001526,TRUE,TRUE,337.4796753,4.479522705
1991,[*]C[Si]([*])(C)CCNC(=O)N(CCCCNC(=O)O)c1cc(OC)ccc1Oc1ccc(C#N)cc1,TRUE,TRUE,FALSE,334.4911499,TRUE,TRUE,337.3783875,2.887237549
579,[*]CCCC(O)COc1ccc(CCCCCC(=O)O[*])cc1/C=C/c1ccc(C(=O)O[Na])cc1,TRUE,TRUE,FALSE,337.8549805,TRUE,TRUE,337.2561035,0.598876953
1216,[*]CC([*])C(=O)NSCCOC(=O)c1ccc(OCC(C)(C)C)cc1,TRUE,TRUE,FALSE,342.6683044,TRUE,TRUE,337.2100525,5.458251953
1448,[*]/C=C/c1cc(OCC(C)CCCCl)cc(OS(=O)(=O)O[*])c1,TRUE,TRUE,FALSE,333.1782837,TRUE,TRUE,337.1218567,3.943572998
2216,[*]Oc1ccc(C(F)(F)C(F)(F)F)c(NC(=O)CCCCC(=O)Oc2ccc([*])cc2)c1,TRUE,TRUE,FALSE,338.9140015,TRUE,TRUE,337.1177673,1.796234131
1241,[*]CCCCCOC(=O)CCCCCNC(=O)c1ccc(C(=O)N[*])cc1,TRUE,TRUE,FALSE,344.1508789,TRUE,TRUE,336.9472656,7.203613281
4646,[*]CC(=O)/C=C/CCCC(=O)OC(=O)C(C)(C)CCNC(=O)O[*],TRUE,TRUE,FALSE,330.5743713,TRUE,TRUE,336.9326477,6.358276367
224,[*]CC([*])(C)COc1ccc(C(=O)OCCCCC(CO)=Nc2ccc(OC(=O)c3ccccc3)cc2)cc1,TRUE,TRUE,FALSE,337.834137,TRUE,TRUE,336.9202881,0.913848877
4584,[*]CCC(CCCCO)OCC(=O)NCCc1ccc(C#COC(=O)c2ccc(O[*])cc2)cc1,TRUE,TRUE,FALSE,338.8835754,TRUE,TRUE,336.9092712,1.974304199
1758,[*]/C=N/C([*])(C)C(=O)OCCCCNC(=O)Nc1cc(Cl)c(O)cc1-c1ccccc1,TRUE,TRUE,FALSE,333.7015686,TRUE,TRUE,336.9090576,3.207489014
1051,[*]CCOc1ccc(C(=O)CCCCCCc2ccc(OC(=O)c3ccc(C([*])=O)cc3)cc2)cc1,TRUE,TRUE,FALSE,338.5353088,TRUE,TRUE,336.7715454,1.763763428
2982,[*]Cc1ccc(C(=O)OCCCCCCC/C=C/c2ccc(C(=O)OC(=O)S[*])cc2)cc1,TRUE,TRUE,FALSE,338.8710938,TRUE,TRUE,336.77005,2.101043701
107,[*]CC(C)C#COc1ccc(C(=O)OC(F)(F)F)c(O[*])c1,TRUE,TRUE,FALSE,342.5480652,TRUE,TRUE,336.7601624,5.787902832
3126,[*]CCCCCCCCOC(=O)n1ccc(C(=O)N[*])c1CCCC[N+](C)=O,TRUE,TRUE,FALSE,337.37146,TRUE,TRUE,336.6448059,0.726654053
401,[*]CCCCCCCOC(=O)Nc1ccc(CC)cc1SCCCCCCNC([*])=O,TRUE,TRUE,FALSE,331.9400635,TRUE,TRUE,336.6357422,4.695678711
2819,[*]C#CC(CCOC(=O)Nc1cccc([*])c1)SC,TRUE,TRUE,FALSE,329.4633789,TRUE,TRUE,336.2737732,6.810394287
2965,[*]CC(=O)CCCCC(=O)OCCOC(=O)c1ccc(S(=O)(=O)CC(=O)O[*])cc1,TRUE,TRUE,FALSE,330.9989319,TRUE,TRUE,336.2457886,5.246856689
956,[*]OS(=O)(=O)c1ccc(C(N)(C)C(=O)OCCOc2ccc([*])c(S(=O)(=O)OCc3ccccc3)c2)cc1,TRUE,TRUE,FALSE,344.2557983,TRUE,TRUE,336.1051025,8.150695801
2995,[*]CC(CCl)(COC(=O)N[*])c1ccc(OCCC(F)(F)C(F)(F)F)cc1,TRUE,TRUE,FALSE,337.3716125,TRUE,TRUE,336.0631104,1.308502197
4238,[*]CC([*])(C)C(=O)NCCCCCCNC(=O)C(O)S(=O)(=O)OCCOC(=O)c1ccc(C(C)=N)cc1,TRUE,TRUE,FALSE,331.2539063,TRUE,TRUE,335.9849243,4.731018066
1253,[*]CC=CC(Nc1ccc(OCCCCCC)cc1)Oc1ccc([*])cc1,TRUE,TRUE,FALSE,335.7734375,TRUE,TRUE,335.9124146,0.138977051
3329,[*]CCCCCCC(CO)C(CO)=C([*])c1ccc(C(=O)OCC)cc1,TRUE,TRUE,FALSE,343.6311951,TRUE,TRUE,335.8776855,7.753509521
1565,[*]CCC([*])COC(=O)OCCCCCCCNc1ccc(CSC)c(-c2ccccc2)c1,TRUE,TRUE,FALSE,314.216156,TRUE,FALSE,318.5252686,4.309112549
1950,[*]CC([*])(C)CCCCCc1ccc(OC)c(N(O)[Si](C)(C)C)c1O,TRUE,TRUE,FALSE,334.5419312,TRUE,TRUE,335.7700195,1.228088379
3883,[*]COC(=O)c1ccc(OCCCCCCOC(=O)c2ccc(C([*])=O)cc2)cc1-c1ccc(C)cc1,TRUE,TRUE,FALSE,328.0074463,TRUE,TRUE,335.7108765,7.703430176
580,[*]CC(C)CCOc1ccc(/C=C(\C)COC(=O)c2ccc([*])cc2)c2ccccc12,TRUE,TRUE,FALSE,335.1861572,TRUE,TRUE,335.6956177,0.509460449
2367,[*]CCOCCCCNC(=O)/C=C(/[*])CCC(=O)Oc1ccc(S(=O)(=O)N(C)C)cc1,TRUE,TRUE,FALSE,330.6622925,TRUE,TRUE,335.5943909,4.932098389
4243,[*]CC([*])COC(=O)OCCCCCOc1ccc(C(=O)Oc2ccc(OC(=O)OC(=O)c3ccc(OC)cc3)cc2)cc1,TRUE,TRUE,FALSE,332.019165,TRUE,TRUE,335.4732361,3.454071045
71,[*]/C=C/c1ccc(CC(=O)OCCCCCCCN(C)C(=O)Cc2ccc(Oc3ccc(C([*])=O)cc3)cc2C)cc1,TRUE,TRUE,FALSE,333.4246521,TRUE,TRUE,335.2896118,1.864959717
4867,[*]CC([*])(COC(=O)Oc1ccc(OC)cc1)C(=O)c1ccc(C(=O)OCCCCOc2ccccc2)cc1,TRUE,TRUE,FALSE,333.486145,TRUE,TRUE,335.2093201,1.723175049
2977,[*]Oc1ccc(C(=O)OCCCCOc2ccc(N=C([*])C)cc2)cc1,TRUE,TRUE,FALSE,339.076355,TRUE,TRUE,335.1791687,3.897186279
725,[*]/C=C/CCCCCCCOC(=O)Nc1ccc(C(=O)N[*])o1,TRUE,TRUE,FALSE,333.1702271,TRUE,TRUE,335.1199341,1.949707031
450,[*]Nc1cc(OCCCCCCCC(C)c2cccc(NCC([*])=O)c2)ccc1C,TRUE,TRUE,FALSE,333.8813782,TRUE,TRUE,334.7948914,0.913513184
1029,[*]CC(O)COC(=O)NCC(OCc1ccc(/C=C/c2ccc(OC)cc2)cc1)C(=O)C([*])=O,TRUE,TRUE,FALSE,342.5028076,TRUE,TRUE,334.7853088,7.717498779
4921,[*]N=P([*])(C)C(=O)Oc1ccc(C(C)(C)c2ccccc2)cc1OCCN(C)C#N,TRUE,TRUE,FALSE,327.1775818,TRUE,TRUE,334.7440796,7.566497803
1267,[*]/C=N/C=C/c1ccc(C(COC(=O)c2ccc(N(C)C)cc2)C(=O)OCCCCCC)cc1[*],TRUE,TRUE,FALSE,330.4306641,TRUE,TRUE,334.6520996,4.221435547
4027,[*]ON=CC(C)(CCC(F)(F)F)NS(=O)(=O)c1ccc([*])nc1,TRUE,TRUE,FALSE,330.5218506,TRUE,TRUE,334.4449158,3.923065186
3284,[*]CC(O)COC(=O)NCCCS(=O)(=O)Oc1ccc(OC(=O)Sc2ccc(C([*])=O)cc2)cc1,TRUE,TRUE,FALSE,330.5892639,TRUE,TRUE,334.4193115,3.830047607
3835,[*]Nc1ccc(COCCCCC(C)(C)COC(=O)c2ccc(-c3ccc(Cl)cc3)cc2C)c([*])c1,TRUE,TRUE,FALSE,337.3674316,TRUE,TRUE,334.407074,2.960357666
3183,[*]C(=O)c1ccc(C(=O)OCCCCOc2ccc([*])cc2)c(C)c1C,TRUE,TRUE,FALSE,333.7130737,TRUE,TRUE,334.3736877,0.660614014
3071,[*]CC([*])C(=O)OCCCCOc1ccc(C(c2ccc(OC)cc2)C=O)cc1,TRUE,TRUE,FALSE,330.9911499,TRUE,TRUE,334.3247375,3.333587646
1327,[*]/C=C(/[*])c1cc(OCCCCCC)ccc1OC(=O)C(F)(F)C(F)(F)C(F)(F)F,TRUE,TRUE,FALSE,335.512085,TRUE,TRUE,334.2839355,1.228149414
2777,[*]CC#CC(=O)Oc1ccc(C(C)(C)CCCCCCN([*])C(=O)c2ccccc2)cc1,TRUE,TRUE,FALSE,326.6508484,TRUE,TRUE,334.2836304,7.632781982
3278,[*]CCOCCOC(=O)NCC1=CC(=O)N(c2ccc(O[*])cc2)CO1,TRUE,TRUE,FALSE,328.7763062,TRUE,TRUE,334.2758789,5.499572754
2974,[*]CC(O)COc1ccc(/C(C)=N/CCCCCNCc2ccc(OCCO)cc2[*])cc1,TRUE,TRUE,FALSE,335.1692505,TRUE,TRUE,334.1906738,0.97857666
2041,[*]CC([*])CCCCNC([O-])(O)I,TRUE,TRUE,FALSE,329.9451294,TRUE,TRUE,333.6841125,3.738983154
1776,[*]COCCCCCCOC(=O)Sc1ccc(-c2ccc(N(CCCCCC)C(=O)Oc3ccc([*])cc3)cc2)cc1C,TRUE,TRUE,FALSE,339.2558594,TRUE,TRUE,333.5476685,5.708190918
2826,[*]CC([*])C(=O)OCCCCCCCCCCNc1ccc(C(=O)C(CCCC)=O)cc1,TRUE,TRUE,FALSE,330.0419312,TRUE,TRUE,333.3771667,3.335235596
1455,[*]CC([*])Oc1ccc(S(=O)(=O)C(CC)(OCC#N)OC)o1,TRUE,TRUE,FALSE,328.1476746,TRUE,TRUE,333.2296143,5.081939697
3871,[*]/C=C/CCCCCCCCOC(=O)c1ccc(-c2ccc(C(=O)OCC/N=C/c3ccc([*])cc3)cc2)cc1,TRUE,TRUE,FALSE,329.1380005,TRUE,TRUE,332.9945374,3.856536865
3909,[*]CCCCCCS(=O)(=O)c1ccc(/N=C/C(C)CCC(=O)O[*])cc1,TRUE,TRUE,FALSE,333.444519,TRUE,TRUE,332.9780273,0.466491699
4072,[*]CC([*])(C)C(=O)OCC#Cc1ccc(C(=O)OCCCCCCNC(=O)c2ccc(Cl)cc2)c(C)c1,TRUE,TRUE,FALSE,335.0091248,TRUE,TRUE,332.8883362,2.120788574
4371,[*]OCCCCCC(=O)Oc1cc(OC(=O)C=C([*])C(F)(F)F)ccc1,TRUE,TRUE,FALSE,337.5488281,TRUE,TRUE,332.8339539,4.714874268
924,[*]CC([*])CCCOC(=O)c1ccc(-c2ccc(C(=O)c3ccc(OCCCCC(=O)Oc4ccccc4)cc3)cc2)c(I)c1,TRUE,TRUE,FALSE,333.6875916,TRUE,TRUE,332.5891113,1.098480225
2788,[*]NC(C)(C)COC(=O)c1ccc(S(=O)(=O)OCCCCOc2ccc(C([*])=O)cc2)cc1,TRUE,TRUE,FALSE,325.1325989,TRUE,TRUE,332.4501343,7.3175354
4209,[*]CC(=O)CNC(=O)CCCCCCC(=O)NNC(=O)Oc1ccc(C)cc1[Si](C)(C)C,TRUE,TRUE,FALSE,339.0030823,TRUE,TRUE,332.2801514,6.722930908
3963,[*]NC(C)C(=O)OC(=O)CCCCCOc1ccc(C(=O)OC(=O)c2ccc([*])cc2)c(C(=O)O)c1,TRUE,TRUE,FALSE,334.5819702,TRUE,TRUE,332.2162476,2.365722656
1156,[*]CC(O)CCOC(=O)CCCCC(=O)OCCOc1ccc(-c2ccc(C(=O)NCC(=O)c3ccc([*])cc3)cc2)cc1,TRUE,TRUE,FALSE,330.994812,TRUE,TRUE,332.2040405,1.209228516
4028,[*]Oc1cc(OC(=O)c2ccc(OCCCCCCCC)cc2)ccc1CCCCOC([*])=O,TRUE,TRUE,FALSE,339.9872131,TRUE,TRUE,332.0072937,7.979919434
2111,[*]CC([*])(CCCCCCC)C(=O)OSOC(=O)c1ccccc1OC(=O)c1ccc(OC)cc1,TRUE,TRUE,FALSE,333.9544678,TRUE,TRUE,332.0005493,1.953918457
989,[*]CCCN(C)C(=O)Oc1ccc(C(OCCCCCCC)c2ccc(OC(=O)c3ccc(C([*])=O)cc3)cc2)cc1,TRUE,TRUE,FALSE,328.1781006,TRUE,TRUE,331.8365173,3.658416748
934,[*]/C=C/COCCOC(=O)Nc1ccc(NC(=O)Oc2ccc(S[*])o2)c(C#N)c1,TRUE,TRUE,FALSE,325.9058838,TRUE,TRUE,331.8106079,5.904724121
180,[*]Oc1ccc(OC(=O)CCCC[SH](=O)(C)NC)cc1[*],TRUE,TRUE,FALSE,332.6491089,TRUE,TRUE,331.5275269,1.121582031
90,[*]CCC(C)CCCCCOC(=O)Nc1ccc(C(=O)O[*])cc1,TRUE,TRUE,FALSE,332.6522217,TRUE,TRUE,331.4872437,1.164978027
4669,[*]Nc1cccc(CCCC([*])Oc2ccc(OC(=O)c3ccccc3)cc2)c1,TRUE,TRUE,FALSE,339.2913208,TRUE,TRUE,331.1810913,8.110229492
1471,[*]CCCN(c1ccc(Cl)cc1)C(=O)Oc1ccc(OC(=O)c2ccc(CCCCCCCCCCCOC([*])=O)cc2-c2ccc(Cl)cc2)cc1,TRUE,TRUE,FALSE,329.4436646,TRUE,TRUE,331.1698608,1.726196289
2755,[*]OC(=O)c1ccc(NC(=O)OCCOCCOS(=O)(=O)c2ccc(C([*])(F)F)cc2)cc1-c1ccccc1,TRUE,TRUE,FALSE,339.1716614,TRUE,TRUE,331.109314,8.062347412
4435,[*]CC(O)CCCCCCCS(=O)(=O)COC(C)=C([*])c1ccccc1,TRUE,TRUE,FALSE,327.4706116,TRUE,TRUE,331.1047058,3.634094238
1998,[*]Oc1ccc(C(=O)OCCCCCCCCOC(=O)c2ccc(OCCCCCC)cc2)cc1-c1ccc([*])cc1,TRUE,TRUE,FALSE,322.638855,TRUE,TRUE,331.0718689,8.433013916
2330,[*]CC#CC([*])c1ccc(C(=O)OCCCCCCCCOc2ccc(-c3cc(C)ccc3OC)cc2)cc1,TRUE,TRUE,FALSE,326.4477844,TRUE,TRUE,330.919281,4.471496582
2257,[*]CCCCCNS(=O)(=O)CCCCCOc1ccc(C(=O)NCC(C)c2ccc(CO[*])cc2)c(Cl)c1,TRUE,TRUE,FALSE,325.7120972,TRUE,TRUE,330.8225708,5.110473633
1133,[*]C(C)CCCCCC(=O)Nc1cccc(C([*])(OCCCCCC)OC(C)C)c1,TRUE,TRUE,FALSE,335.9364014,TRUE,TRUE,330.8191528,5.117248535
1771,[*]CSC(C)C(=O)NCCCCCC(=O)NC([Se]C([*])=O)C(=O)O,TRUE,TRUE,FALSE,326.1246948,TRUE,TRUE,330.7285767,4.603881836
3488,[*]C([*])C(=O)OCCCCCCSC(=N)c1cccc(/C=N/c2ccccc2C)c1,TRUE,TRUE,FALSE,323.2963562,TRUE,TRUE,330.6284485,7.332092285
4415,[*]CCOC(=O)Sc1ccc(OCCCCCCOc2ccc(OC)cc2)c(C(=O)O[*])c1,TRUE,TRUE,FALSE,322.7940063,TRUE,TRUE,330.5828247,7.788818359
193,[*]CN(CCCCOC(=O)c1ccc(C(C)(C)C)cc1)N(C)C(=[*])CCC(F)(F)F,TRUE,TRUE,FALSE,330.9267273,TRUE,TRUE,330.5214844,0.40524292
1732,[*]CCP(C)(COc1ccc(C(=O)/C=C/C(=O)NOC(=O)CCCC)cc1)C([*])=C,TRUE,TRUE,FALSE,323.1500549,TRUE,TRUE,330.4759827,7.325927734
4009,[*]CC(=O)N(C)C(=O)OCCCCCCOC(=O)c1ccc(-c2ccc(C(=O)OC([*])=O)cc2)cc1,TRUE,TRUE,FALSE,322.3786011,TRUE,TRUE,330.3665466,7.987945557
3416,[*]COC(=O)NCCCCCCCN=Cc1cc(C)c(COc2ccc(C(=O)O[*])cc2)c(S(=O)(=O)OCCC)c1O,TRUE,TRUE,FALSE,330.1800537,TRUE,TRUE,330.3023987,0.122344971
1352,[*]N/C=C/CCCC(F)(F)c1ccc(-c2ccc([*])cc2)cc1C,TRUE,TRUE,FALSE,326.0489502,TRUE,TRUE,330.2401123,4.191162109
2798,[*]Oc1ccc(C(C)(C)CNC(=O)CCCCC([*])O[Na])cc1,TRUE,TRUE,FALSE,322.7871399,TRUE,TRUE,330.1460571,7.358917236
3509,[*]Nc1ccc(C(F)(F)C(=O)OCCC([*])(F)F)cc1,TRUE,TRUE,FALSE,336.5692139,TRUE,TRUE,330.1065369,6.462677002
4896,[*]Cc1ccc(CCCCCCOc2cc(OC)c(C([*])(C)C)cc2)cc1,TRUE,TRUE,FALSE,325.6274414,TRUE,TRUE,330.1047974,4.477355957
3460,[*]Oc1ccc([*])c(OC(=O)CCCCCCCC(=O)c2ccc(-c3ccccc3)cc2)c1C(C)(C)C,TRUE,TRUE,FALSE,333.7946167,TRUE,TRUE,330.0542603,3.740356445
4976,[*]CCCC(CCCNC(=O)CCC(C)C)C(=O)NCCCNC([*])=O,TRUE,TRUE,FALSE,332.0592957,TRUE,TRUE,330.0194092,2.039886475
4708,[*]CCN(CCCCOC(=O)Oc1ccc([Si](C)(C)c2ccc(OC(=O)NNC([*])=O)cc2)cc1)NC,TRUE,TRUE,FALSE,323.2987366,TRUE,TRUE,329.9884033,6.689666748
483,[*]CC([*])=C/c1ccc(OCCCCCCc2ccc(C#N)cc2)cc1,TRUE,TRUE,FALSE,321.5244446,TRUE,TRUE,329.8275146,8.303070068
3660,[*]Cc1ccc(OC(=O)Sc2ccc(C(=O)OCCCCOC([*])=O)cc2)cc1,TRUE,TRUE,FALSE,332.0461731,TRUE,TRUE,329.7735291,2.272644043
1266,[*]CC(=[*])OCCCCCCCCCNC(=O)NC(=O)c1ccc(S(=O)(=O)OCc2ccccc2)cc1,TRUE,TRUE,FALSE,322.5273438,TRUE,TRUE,329.6915588,7.164215088
2042,[*]CCCCCCCCOc1ccc(C(=O)N/C=C/c2ccc(OCCCCOCCCCCOC(=O)S[*])cc2)cc1,TRUE,TRUE,FALSE,328.0564575,TRUE,TRUE,329.6313782,1.574920654
2973,[*]CCC(=O)OCCCCC(O)COc1ccc(/C=C/c2ccc([*])cc2)c(C(C)CC)c1,TRUE,TRUE,FALSE,332.0318604,TRUE,TRUE,329.5328674,2.49899292
3720,[*]CCOCCOCCCCCCCCNC(=O)c1ccc(CNC(=O)CCCCC(=O)N[*])cc1,TRUE,TRUE,FALSE,330.6895752,TRUE,TRUE,329.420105,1.269470215
2003,[*]Oc1ccccc1C(=O)Oc1ccc(C(C)(C)CCCCCC([*])=O)cc1,TRUE,TRUE,FALSE,335.3305054,TRUE,TRUE,329.379364,5.951141357
4220,[*]Cc1cc([*])c(C(=O)OC(=O)CCCCCCCCCCCCCC)cc1S(=O)(=O)N(C)c1ccc(O)cc1O,TRUE,TRUE,FALSE,334.7861938,TRUE,TRUE,329.3000183,5.486175537
3526,[*]CC(C)N(C)C(=O)NCCCCCCNC(=O)OCc1ccc(C(=O)O[*])cc1,TRUE,TRUE,FALSE,337.2067261,TRUE,TRUE,329.204895,8.001831055
1036,[*]CC(=[*])CN(C)C(=O)NCCCCS,TRUE,TRUE,FALSE,328.6372681,TRUE,TRUE,329.0823059,0.445037842
1671,[*]N=P([*])(OC(C)(C)c1ccc(C#N)cc1)c1ccc(C(=O)Oc2ccccc2)cc1,TRUE,TRUE,FALSE,330.6130981,TRUE,TRUE,328.9944458,1.618652344
3997,[*]CN([*])C(=O)OCCCCCCCOC(=O)N(C)c1ccc(C[n+]2ccc(NC(=O)OC)cc2)cc1,TRUE,TRUE,FALSE,329.9420776,TRUE,TRUE,328.9797974,0.962280273
2858,[*]CCC(C)COC(=O)NCCCCCCCCN1C=C(C(=O)OC)C(O[*])OC1=O,TRUE,TRUE,FALSE,326.4159546,TRUE,TRUE,328.9783936,2.562438965
172,[*]CCOCCOP(=O)(O)COc1ccc(OC(=O)c2cc(Br)ccc2)cc1OC(=O)c1cccc(C(=O)OCCCCCC([*])=O)c1,TRUE,TRUE,FALSE,332.3781433,TRUE,TRUE,328.8751221,3.50302124
1557,[*]CCOCc1ccc(/C=C/c2ccc([*])nc2OCCCCCCCCOC(=O)c2ccc([N+](=O)[O-])cc2)cc1,TRUE,TRUE,FALSE,325.4992981,TRUE,TRUE,328.6853027,3.186004639
4700,[*]OCc1ccc(COC([*])=CCCCCC)cc1-c1ccc(C#N)cc1,TRUE,TRUE,FALSE,327.2330017,TRUE,TRUE,328.6322327,1.399230957
1864,[*]c1ccc(C(=O)OCC(C)CCCCCOC(=O)c2ccc(-c3ccc([*])cc3)cc2)cc1,TRUE,TRUE,FALSE,324.2731323,TRUE,TRUE,328.6185303,4.345397949
2472,[*]CC(=O)OC(Cc1ccc(CCCC)cc1)NS([*])(=O)=O,TRUE,TRUE,FALSE,323.8565369,TRUE,TRUE,328.5870667,4.730529785
3936,[*]CC([*])(C)C(=O)OCCOc1ccc(C(=O)OC(C)CCCC(=O)O)cc1,TRUE,TRUE,FALSE,334.5057678,TRUE,TRUE,328.5844116,5.921356201
2728,[*]OC#CC([*])c1cccc(S(=O)(=O)OCCCCCOC(C)C)c1C,TRUE,TRUE,FALSE,320.4761047,TRUE,TRUE,327.9291382,7.453033447
1044,[*]CC(CCl)(NC(=O)O[*])C(=O)OCCCCOC(=O)c1cc(C)c(N(C)C)cc1,TRUE,TRUE,FALSE,326.5911865,TRUE,TRUE,327.65625,1.065063477
894,[*]Oc1ccc(C(=O)OCCCCCCc2ccc(-c3cccc([*])c3)cc2)cc1,TRUE,TRUE,FALSE,323.5099182,TRUE,TRUE,327.6025391,4.09262085
3705,[*]Cc1ccccc1NC(=O)SCCCCCC(=O)O[*],TRUE,TRUE,FALSE,325.7982178,TRUE,TRUE,327.5402222,1.742004395
4042,[*]CC=CCOCCCCCOC([*])c1ccc(/N=N/c2ccc(C#N)cc2)cc1C(C)(O)O,TRUE,TRUE,FALSE,334.2692261,TRUE,TRUE,327.2447815,7.02444458
4247,[*]NC(C)C(=O)OCCCCCCCCCC(=O)NC(=O)C([*])SC,TRUE,TRUE,FALSE,330.555542,TRUE,TRUE,327.1896973,3.365844727
181,[*]OP(=O)(CCCCCC([*])OC)c1cc(C)ccc1/N=N/c1ccc(S(=O)(=O)OC(C)C)cc1,TRUE,TRUE,FALSE,329.6480713,TRUE,TRUE,326.8596191,2.788452148
1254,[*]CCCCCCS(=O)(=O)c1ccc(Cc2ccc(N(C)CCCCCCOC(C)CO)c([*])c2)cc1,TRUE,TRUE,FALSE,325.6817627,TRUE,TRUE,326.7541199,1.072357178
1238,[*]OC(=O)c1ccc(/N=C/CC(=O)OCCCCCOC(=O)Nc2ccc(C([*])=O)cc2)cc1,TRUE,TRUE,FALSE,326.0805969,TRUE,TRUE,326.7481079,0.667510986
760,[*]CCCC[N+](C)(CCCCCCCC)C(=O)NC(O[*])C(=O)OCC(C)(C)C,TRUE,TRUE,FALSE,323.4025879,TRUE,TRUE,326.702301,3.299713135
1436,[*]CCOc1ccc(NC(=O)CCCCCC(=O)OCCS(=O)(=O)C(O)COc2ccc(O[*])cc2C)c([N+](=O)[O-])c1,TRUE,TRUE,FALSE,330.4447937,TRUE,TRUE,326.6629639,3.781829834
2050,[*]OCCCCCOC(=O)c1ccc(-c2ccc(C(=O)N[Si]([*])(CC)C)cc2)cc1,TRUE,TRUE,FALSE,322.0138245,TRUE,TRUE,326.2138977,4.200073242
3850,[*]CCN(CCCCCC)C(=O)NCCCCCCNC([*])=O,TRUE,TRUE,FALSE,323.4924927,TRUE,TRUE,326.1360168,2.64352417
2246,[*]OCC(=O)c1ccc(OCCCCCCCCOc2ccc(C(=O)OC(=O)Cc3ccc([*])cc3)cc2)cc1,TRUE,TRUE,FALSE,332.2995605,TRUE,TRUE,325.9498901,6.34967041
511,[*]CC(=O)Oc1ccc(OC(=O)NC(=O)CCCCCCCCC([*])=O)nc1,TRUE,TRUE,FALSE,328.7205811,TRUE,TRUE,325.8764648,2.844116211
1152,[*]CC(=O)/C=C(/[*])CCCCCCCCC(=O)OCCCCN1CCS(=O)(=O)CC1=O,TRUE,TRUE,FALSE,327.2975159,TRUE,TRUE,325.872345,1.425170898
1486,[*]CCCCOc1ccc(C(=O)c2ccc(-c3ccc(OCCCCOC(=O)O[*])cc3)cc2)cc1,TRUE,TRUE,FALSE,330.8133545,TRUE,TRUE,325.8033447,5.010009766
3893,[*]CC(C)CCCCNC(=O)C(C)CCC(=O)O[*],TRUE,TRUE,FALSE,328.9515991,TRUE,TRUE,325.4887085,3.462890625
3009,[*]Cc1ccc(OC(=O)CCCCCCCC(=O)Oc2cc(Br)c(O[*])cc2C(F)(F)F)cc1,TRUE,TRUE,FALSE,325.3642273,TRUE,TRUE,325.3197937,0.044433594
984,[*]CC(C)CN([*])C(=O)c1ccc(OC(=O)CCCCCCCCN(C)CC)cc1,TRUE,TRUE,FALSE,326.39505,TRUE,TRUE,325.1494751,1.245574951
2057,[*]CCC([*])C(=O)OCCC(C)C/C(=C\c1cccc(OC)c1)C(C)C,TRUE,TRUE,FALSE,325.9830017,TRUE,FALSE,320.7292175,5.25378418
2594,[*]C#CCCCCC(=O)Nc1ccc(P(=O)(O[*])C(C)OCCCCCC)cc1C,TRUE,TRUE,FALSE,320.1967773,TRUE,TRUE,325.139801,4.943023682
207,[*]O[Si]([*])(C)C(=O)c1ccc(/N=N/c2cccc(C(C)(C)CSC)c2)cc1,TRUE,TRUE,FALSE,323.5430298,TRUE,TRUE,325.0935669,1.550537109
3580,[*]C/C=C/NCCCCCOC(=O)c1ccc(C(=O)Oc2ccc(/C=N/CCCC(=O)O[*])cc2)cc1,TRUE,TRUE,FALSE,332.5606689,TRUE,TRUE,325.0888062,7.471862793
923,[*]CC([*])(COCCCC)C(=O)Oc1ccc([Si](F)(F)C(F)(F)F)cc1OCC,TRUE,TRUE,FALSE,318.8792114,TRUE,TRUE,324.9933167,6.114105225
2208,[*]OC(=O)c1ccc(CNC(=O)OCCOCCOc2ccc(NC(=O)OCCCCCCOc3ccc(C([*])=O)cc3)cc2)cc1,TRUE,TRUE,FALSE,325.3174744,TRUE,TRUE,324.9660645,0.351409912
2199,[*]CCCCCN(C)C(=O)CCCCC(=O)NC(C(=O)O[*])Cc1ccccc1,TRUE,TRUE,FALSE,329.3100586,TRUE,TRUE,324.8046875,4.505371094
621,[*]/C=C/c1ccc(OC(=O)c2ccccc2C)c(C(=O)OC(C)(C)CCCCCCCOC(=O)c2ccc(C([*])=O)cc2)c1,TRUE,TRUE,FALSE,325.3838501,TRUE,TRUE,324.7884827,0.595367432
3389,[*]C#CC(=O)OCCCCCCN1CCC(OC([*])=O)C1,TRUE,TRUE,FALSE,318.7695313,TRUE,TRUE,324.6443176,5.874786377
3396,[*]CC([*])(C)C(=O)OCCCCCCCCOC(=O)/N=C/c1ccc(S(=O)(=O)c2ccccc2)cc1,TRUE,TRUE,FALSE,325.1115112,TRUE,TRUE,324.5724487,0.5390625
2311,[*]CCCCCCOC(=O)CNCC1CC1C(=O)NC(=O)O[*],TRUE,TRUE,FALSE,320.9150696,TRUE,TRUE,324.513916,3.598846436
3906,[*]CN[PH](C)(C)CNC(=O)C1CCCC([*])C1OC(=O)c1ccccc1,TRUE,TRUE,FALSE,319.5903015,TRUE,TRUE,324.4291992,4.838897705
2270,[*]COc1ccc(C(=O)CCC(C)(C)OC(=O)c2ccc([*])cc2)cc1,TRUE,TRUE,FALSE,326.6570129,TRUE,TRUE,324.3850403,2.271972656
1218,[*]CC(O)CNCCCOC(=O)c1ccc(C(=O)OCCCc2ccc(C(=O)O[*])cc2)c(Cl)c1,TRUE,TRUE,FALSE,326.0391235,TRUE,TRUE,324.3441162,1.695007324
4685,[*]/C=C/c1ccc(SC(=O)OCCOCCOC(=O)c2ccc(O[*])cc2)cc1,TRUE,TRUE,FALSE,318.4435425,TRUE,TRUE,324.1126099,5.669067383
1492,[*]NNC(=O)CC[Si]([*])(C)C=COc1ccc(C(=O)Oc2ccc(Cl)cc2)cc1,TRUE,TRUE,FALSE,322.807251,TRUE,TRUE,324.1046448,1.297393799
4947,[*]CCOc1ccccc1[Si]([*])(C)CCCNC(=O)Oc1ccc(CC)cc1,TRUE,TRUE,FALSE,318.8629761,TRUE,TRUE,323.9792786,5.11630249
2334,[*]Cc1ccc(CCCCCNC(=O)CCC(C)CCC(=O)O[*])cc1,TRUE,TRUE,FALSE,322.0413513,TRUE,TRUE,323.8497925,1.808441162
4672,[*]CCCOS(=O)(=O)c1ccc(NC(=O)OCCCCCCOC(=O)OCCN(C)c2ccc([*])cc2)c(C)c1,TRUE,TRUE,FALSE,317.1827393,TRUE,TRUE,323.7780457,6.595306396
2339,[*]C(=[*])CCCCCCCC(C)(C)c1ccc(C(=O)Oc2ccc(C)nc2)cc1,TRUE,TRUE,FALSE,329.265686,TRUE,TRUE,323.3292236,5.936462402
2559,[*]CCCCCCCCCOC(=O)Nc1ccc(CCC([*])=O)c(C)c1,TRUE,TRUE,FALSE,324.1756592,TRUE,TRUE,323.2905579,0.885101318
4227,[*]CC1CCCC[PH](C)(C(C)CCC([*])=O)C1,TRUE,TRUE,FALSE,323.4942627,TRUE,TRUE,323.2766724,0.217590332
4978,[*]CC([*])(C)C(=O)OCCOc1ccc(OC(C)C)cc1,TRUE,TRUE,FALSE,324.8384094,TRUE,TRUE,323.090271,1.748138428
2065,[*]CC(O)COc1ccc(C(=O)OCCCCOC(=O)c2ccc([*])c(OCCC)c2)cc1,TRUE,TRUE,FALSE,324.3391724,TRUE,TRUE,323.0849304,1.254241943
3622,[*]NC(C[Si](C)(C)C)C(=O)NNC(=O)CCCCOC([*])=O,TRUE,TRUE,FALSE,319.4533997,TRUE,TRUE,323.0688477,3.615447998
1168,[*]CC(COc1ccccc1C)[SH](=O)CCC(=O)Oc1ccc(C(=O)O[*])cc1,TRUE,TRUE,FALSE,330.2026367,TRUE,TRUE,323.0046387,7.197998047
1855,[*]CC(C[*])CCCCCCOC(=O)c1cccc(O)c1C,TRUE,TRUE,FALSE,292.8098145,TRUE,FALSE,298.264801,5.454986572
2805,[*]CCCCCCOc1ccc(OC(=O)c2ccc(CCCC)cc2)c(C(=O)O[*])c1,TRUE,TRUE,FALSE,329.0532532,TRUE,TRUE,322.4408875,6.612365723
3704,[*]CC(CCCCCC)C(=O)OCCCCOC(=O)CCCOc1ccc(O[*])cc1/N=N/NO,TRUE,TRUE,FALSE,321.1317749,TRUE,TRUE,322.3700562,1.23828125
4362,[*]OC(=O)C(c1cccc([*])c1)Sc1ccc(C)cc1,TRUE,TRUE,FALSE,330.3487854,TRUE,TRUE,322.2520142,8.09677124
3103,[*]/C=C(/[*])SOc1ccc(OC(=O)c2ccc(C(=O)OCCCCCOC(F)(F)F)cc2)cc1O,TRUE,TRUE,FALSE,318.6817627,TRUE,TRUE,322.2326965,3.550933838
2543,[*]CCCCCCCCC(C)CNC(=O)CCCCCCCSC(=O)N[*],TRUE,TRUE,FALSE,316.062439,TRUE,TRUE,322.2009583,6.138519287
1924,[*]/C=C(/C)Oc1ccc(-c2ccc(OCCCCCCCC([*])=O)cc2)cc1,TRUE,TRUE,FALSE,329.3159485,TRUE,TRUE,322.1580505,7.157897949
329,[*]OCCCCCCOC(=O)c1ccc(-c2ccc(NCC(=[*])OC)cc2)cc1,TRUE,TRUE,FALSE,328.9160156,TRUE,TRUE,322.1328125,6.783203125
3579,[*]CC([*])c1ccc(OCCCCCCOc2ccc(-c3ccc(Cl)cc3)cc2)cc1,TRUE,TRUE,FALSE,317.5141907,TRUE,TRUE,322.1235352,4.609344482
4733,[*]/C=C/c1ccc(Oc2ccc(C(=O)OCCCCCS([*])=O)cc2)cc1,TRUE,TRUE,FALSE,324.6445618,TRUE,TRUE,321.8847656,2.759796143
4732,[*]OC([*])(C)C(=O)OCCCCC(=O)Oc1ccc(-c2ccc(OC(=O)CCCCCCCCC)cc2)c(C(F)(F)F)c1,TRUE,TRUE,FALSE,323.6511841,TRUE,TRUE,321.724823,1.926361084
1548,[*]Cc1ccc(S(=O)(=O)OCCCCCCCCN(C)C(=O)OCc2ccc([*])cc2C)cc1,TRUE,TRUE,FALSE,320.1536255,TRUE,TRUE,321.7112122,1.55758667
3379,[*]CCOCCOc1ccc(C(=O)OCCCCCCc2cccc(C(=O)O[*])c2)cc1SS,TRUE,TRUE,FALSE,323.0800781,TRUE,TRUE,321.6814575,1.398620605
4092,[*]O[Si]([*])(C)OCCCCCCOc1ccc(C(=O)N(c2cccc(C)c2)c2ccc(CCC)cc2)cc1,TRUE,TRUE,FALSE,327.6782837,TRUE,TRUE,321.4913025,6.186981201
3903,[*]CC([*])COc1ccc(C(=O)OCCCCCCOc2ccc(C(C)(C)c3ccc(OC)cc3)cc2)c(C)c1,TRUE,TRUE,FALSE,316.5233765,TRUE,TRUE,321.3210754,4.797698975
3005,[*]CCC(CCNC(=O)CCCCNC(=O)NCCOS(=O)(=O)O[*])c1ccccc1,TRUE,TRUE,FALSE,320.6912842,TRUE,TRUE,321.204071,0.512786865
1827,[*]CCC(CO)CCCOc1ccc(CC(=O)O[*])c(-c2ccc(O)cc2)c1,TRUE,TRUE,FALSE,324.8331604,TRUE,TRUE,321.134613,3.698547363
3831,[*]CCC(O)COc1ccc(C(CCl)(CCCCCCC)c2ccc(O[*])cc2)cc1,TRUE,TRUE,FALSE,328.583252,TRUE,TRUE,321.1086121,7.474639893
623,[*]OC(=O)CCCCCc1ccc(C(C(=O)O[*])Oc2ccc(CCC#N)cc2)cc1,TRUE,TRUE,FALSE,318.9821777,TRUE,TRUE,320.9972534,2.015075684
1686,[*]CCCCCNC(=O)NCCCCCOC(=O)NCc1ccc(CC(=O)O[*])cc1,TRUE,TRUE,FALSE,324.3188477,TRUE,TRUE,320.9059448,3.412902832
2962,[*]OC(C)CCCOC(=O)c1ccc(C(=O)NCC([*])=O)cc1,TRUE,TRUE,FALSE,326.0686646,TRUE,TRUE,320.8895264,5.179138184
1163,[*]/C=C/c1ccc(OCc2ccc(CCCCCCCCCOC(=O)c3ccc([*])cc3[Pb])cc2)cc1,TRUE,TRUE,FALSE,326.2511292,TRUE,TRUE,320.7711487,5.479980469
3478,[*]CCC(=O)NCCCOC=CCCCNC(=O)S[*],TRUE,TRUE,FALSE,319.3523254,TRUE,TRUE,320.5421753,1.189849854
2280,[*]CC(OCCCCCCOc1ccc(-c2ccc(C([*])=O)cc2)cc1)c1cccc(O)c1,TRUE,TRUE,FALSE,318.9255981,TRUE,TRUE,320.3991089,1.473510742
668,[*]CC([*])CCNC(=O)CCCCC(=O)C(C)(C)CO,TRUE,TRUE,FALSE,326.7660522,TRUE,TRUE,320.2184753,6.547576904
4060,[*]OC=Cc1ccc(C(=O)OCCCCCCN(C)c2ccc(O[*])c(C)c2)cc1C,TRUE,TRUE,FALSE,324.2460327,TRUE,TRUE,319.950592,4.295440674
4720,[*]/C=C/c1ccc(C(C)CCCCC(C=C)CN)cc1[*],TRUE,TRUE,FALSE,322.5563354,TRUE,TRUE,319.752533,2.80380249
476,[*]CC([*])C#CC(=O)OCCCCOS(C)(C)CCCO,TRUE,TRUE,FALSE,327.5274048,TRUE,TRUE,319.705719,7.821685791
3926,[*]CC([*])OCCCCCOc1ccc(OC(=O)c2ccc(C(=O)O)cc2)cc1Cl,TRUE,TRUE,FALSE,318.1961365,TRUE,TRUE,319.6537476,1.457611084
2680,[*]CCCCCCCN([*])C(=O)C1CCCC1C(=O)OCC,TRUE,TRUE,FALSE,317.0624695,TRUE,TRUE,319.4030151,2.340545654
1976,[*]CCC([*])C(=O)OCCCCCOC(=O)c1cc(C)c(NC(F)(F)F)cc1Br,TRUE,TRUE,FALSE,312.5679016,TRUE,FALSE,306.9344177,5.633483887
1202,[*]CCCCOC(=O)N(c1ccc(F)cc1)c1ccc(C(=O)OC(=O)CCCCCO[*])cc1,TRUE,TRUE,FALSE,317.0563049,TRUE,TRUE,319.3535767,2.297271729
77,[*]COC=C/COC(=O)c1ccc(C(C)(C)c2ccc(CO[*])cc2)cc1,TRUE,TRUE,FALSE,322.5565186,TRUE,TRUE,319.336731,3.219787598
167,[*]/C=C/C=C/c1ccc(OCCCCCCCCCCC(=O)O[*])cc1,TRUE,TRUE,FALSE,321.6642456,TRUE,TRUE,319.2526245,2.411621094
3355,[*]SCC([*])Oc1ccc(C(C)(C)c2ccc(OCCCNc3ccccc3)cc2)cc1,TRUE,TRUE,FALSE,336.6878967,TRUE,FALSE,330.9837036,5.704193115
1626,[*]OC(=O)C(CCCCCCC)Oc1ccc(OCC(F)(F)C(F)(F)C(=O)Nc2ccc([*])cc2)cc1,TRUE,TRUE,FALSE,326.1335449,TRUE,TRUE,319.2368164,6.896728516
762,[*]CCOCCOCCOc1ccc(NC(=O)OCCCCOc2ccc(-c3ccc(C([*])=O)cc3)cc2)cc1,TRUE,TRUE,FALSE,314.8165894,TRUE,TRUE,319.1954041,4.378814697
4312,[*]CC([*])(CC(=O)OC)Oc1ccc(C(=O)OCCCCCCCCOC(=O)c2ccc(OC(F)(F)F)cc2)cc1,TRUE,TRUE,FALSE,313.6732178,TRUE,TRUE,319.1369629,5.463745117
3227,[*]OP(=O)(N)c1ccc(NC(=O)OCCCCCOc2ccc(C([*])=O)cc2)cc1,TRUE,TRUE,FALSE,325.3239746,TRUE,TRUE,318.9511108,6.37286377
3217,[*]CCCCCCCOc1ccc(C(=O)OCCCCCCCOc2ccc(/N=C/c3ccc(O[*])c(C)c3)cc2)cc1,TRUE,TRUE,FALSE,315.4439087,TRUE,TRUE,318.9085999,3.464691162
3112,[*]CCSc1cccc(C=C(CCCCCC)OC(=O)c2ccc(C(=O)O[*])cc2)c1O,TRUE,TRUE,FALSE,324.7155457,TRUE,TRUE,318.8857422,5.829803467
4154,[*]CC([*])(CCCNS(=O)(=O)Oc1ccc(OC)cc1)OC,TRUE,TRUE,FALSE,317.652832,TRUE,TRUE,318.6622314,1.009399414
1140,[*]C/C(=C/c1ccc(CNCCCCCC)cc1)N([*])C,TRUE,TRUE,FALSE,329.0229187,TRUE,FALSE,323.2342529,5.788665771
4111,[*]CC([*])P(=O)(COc1ccccc1)Oc1ccc(C(C)(C)C)cc1,TRUE,TRUE,FALSE,318.4714355,TRUE,TRUE,318.6322327,0.160797119
2028,[*]CC=CC(C[N+](C)(C)CCCOC(=O)c1cccc(C(=O)O[*])c1)c1ccc(Cl)cc1,TRUE,TRUE,FALSE,315.9613647,TRUE,TRUE,318.580658,2.619293213
4605,[*]CC(=O)OCCCCCCCOS(=O)(=O)c1cccc(C(=O)NC(=O)CCNC([*])=O)c1,TRUE,TRUE,FALSE,324.9289551,TRUE,TRUE,318.5213623,6.407592773
145,[*]CC(C#N)C(=O)OCCCCCCN([*])P(=O)(O)C(F)(F)C(F)(F)F,TRUE,TRUE,FALSE,325.3059692,TRUE,TRUE,318.506958,6.79901123
1812,[*]/C=N/CCCCOc1ccc(OC(=O)c2ccc(OCCCCCCCCCC(=O)Oc3ccccc3[*])cc2)cc1,TRUE,TRUE,FALSE,314.1871643,TRUE,TRUE,318.5030823,4.315917969
1527,[*]COC(=O)Cc1ccc(C)cc1CCCCC(=O)N[*],TRUE,TRUE,FALSE,315.8738708,TRUE,TRUE,318.3504944,2.476623535
1932,[*]/C=C(/[*])C(=O)OCCCCOc1ccc(S(=O)(=O)c2ccc(OC)cc2)c(C)c1,TRUE,TRUE,FALSE,324.6188965,TRUE,TRUE,318.3045044,6.31439209
3949,[*]CCOCCOC(=O)c1ccc(C(=O)CCCCCCC(=O)Oc2ccc(NC([*])=O)cc2)cc1C,TRUE,TRUE,FALSE,314.5205078,TRUE,TRUE,318.2328796,3.712371826
3605,[*]Cc1ccc(CCCCCCN([*])C(=O)Cc2cc(C)ccc2C(=O)OC)cc1,TRUE,TRUE,FALSE,322.5161743,TRUE,TRUE,317.6121521,4.904022217
3394,[*]OCCOCCOC(=O)NCCCCCCNC(=O)OC(C)=Nc1ccc(CNC(=O)c2ccc(N=[*])cc2)cc1,TRUE,TRUE,FALSE,323.5682983,TRUE,TRUE,317.5505371,6.01776123
4476,[*]Cc1ccc(CCCCCCOC(=O)N(CCO)C([*])=O)cc1,TRUE,TRUE,FALSE,313.2236938,TRUE,TRUE,317.4552307,4.231536865
3645,[*]CC=CCCCCCCOc1ccc(SC=O)c(O[*])c1CCCCCCCC,TRUE,TRUE,FALSE,311.1428833,TRUE,TRUE,316.9979248,5.855041504
3551,[*]Nc1cccc(C(F)(F)C([*])(F)F)c1,TRUE,TRUE,FALSE,316.069397,TRUE,TRUE,316.8549194,0.785522461
4460,[*]NC(C)C(=O)OCCOC(=O)Nc1ccc(C(=O)SCCCCCCOC([*])=O)cc1,TRUE,TRUE,FALSE,315.6876526,TRUE,TRUE,316.7993774,1.111724854
2183,[*]CC([*])CCCCNC(=O)OCc1ccc(P(=O)(OCCOC)c2ccc([N+](=O)[O-])cc2)cc1,TRUE,TRUE,FALSE,313.5252991,TRUE,TRUE,316.625885,3.100585938
1652,[*]CCOCCOc1ccc(OC(=O)c2ccc(C(=O)OCCCCCOc3ccc(C(=O)S[*])cc3)c(C)c2)cc1,TRUE,TRUE,FALSE,320.4881592,TRUE,TRUE,316.5437927,3.944366455
1724,[*]CC([*])OCCCCOC(=O)c1ccc(C(C)(C)c2ccc(OCC)cc2)cc1,TRUE,TRUE,FALSE,320.3429565,TRUE,TRUE,316.405365,3.937591553
4285,[*]CCCCCCC[N+](C)CCCCCCOC1CC(NC(=O)O[*])CC1C,TRUE,TRUE,FALSE,311.3884277,TRUE,TRUE,316.3416748,4.95324707
2762,[*]CC(=O)OCCCCCCCCNC(=O)CNC(=O)O[*],TRUE,TRUE,FALSE,323.0534058,TRUE,TRUE,316.1391907,6.914215088
2693,[*]CC([*])C(C)COc1cc(CC)c(C)nc1,TRUE,TRUE,FALSE,320.7961426,TRUE,TRUE,315.8435974,4.952545166
3656,[*]CC([*])CCCC(=O)Oc1ccccc1,TRUE,TRUE,FALSE,311.7462769,TRUE,TRUE,315.7781372,4.031860352
2146,[*]CC([*])CCCCCCNC(=O)C(C)(C)CC(C)=S,TRUE,TRUE,FALSE,314.6419373,TRUE,TRUE,315.769104,1.127166748
2927,[*]CCN(CCOC(=O)OCCOC(=O)c1ccc(-c2ccc(S(=O)(=O)OCCCC)cc2)cc1)C([*])=O,TRUE,TRUE,FALSE,322.0979919,TRUE,TRUE,315.7553711,6.34262085
4768,[*]C(=O)OCCCCOP(=O)(N[*])Oc1ccccc1C#N,TRUE,TRUE,FALSE,316.1708984,TRUE,TRUE,315.7084351,0.462463379
4385,[*]CC(C)SS(=O)(=O)CCCCCCCC(OCCCCCC)C(C#N)C([*])=O,TRUE,TRUE,FALSE,307.7243347,TRUE,TRUE,315.6625671,7.938232422
3303,[*]CCCCC(=O)Oc1ccccc1/C=C/CC(F)(F)C(F)(F)c1ccc(O[*])cc1,TRUE,TRUE,FALSE,313.5616455,TRUE,TRUE,315.3223267,1.760681152
1627,[*]CC([*])(C)C(=O)CCCCCCCC(=O)Oc1cc(OC(CC)C(F)(F)F)cc(O)c1,TRUE,TRUE,FALSE,320.3179626,TRUE,TRUE,315.2828064,5.03515625
1694,[*]CCCC(=O)Nc1ccc(OCCN=CCCCC=N[Si]([*])CC)cc1,TRUE,TRUE,FALSE,322.3615417,TRUE,TRUE,315.2355652,7.125976563
4613,[*]CC=CCCCCCCOC(=O)c1cc(C([*])=O)ccc1CCC,TRUE,TRUE,FALSE,308.1351318,TRUE,TRUE,315.1742859,7.039154053
2044,[*]CC(CCCCOCC)CNC(=O)CCCCCCC(=O)NC(C)(C)c1ccc(C([*])C([2H])[N+](C)(C)C)c(Cl)c1,TRUE,TRUE,FALSE,315.5177002,TRUE,TRUE,315.1146851,0.403015137
661,[*]Cc1ccc(COC(=O)OCCCCCCOc2ccc(P(=O)(O[*])c3ccccc3)cc2)cc1,TRUE,TRUE,FALSE,321.5248413,TRUE,TRUE,314.8784485,6.646392822
2418,[*]OCC(CC=C)Oc1ccc(OC(=O)CCC[Se]c2ccc(C(=O)O[*])cc2)cc1,TRUE,TRUE,FALSE,314.8943481,TRUE,TRUE,314.6778564,0.216491699
3787,[*]Cc1ccc(OC(=O)CCCCCCC(=O)OCc2cc([*])c(SC)c(O)c2)cc1,TRUE,TRUE,FALSE,305.8441467,TRUE,TRUE,314.1977539,8.353607178
1696,[*]C=CCCCCOc1ccc(C(C(=O)OC)c2ccc([*])cc2)cc1,TRUE,TRUE,FALSE,318.9229431,TRUE,TRUE,314.031311,4.89163208
961,[*]C#C[Si](C)(C)COC(=O)OCCCCCCC(=O)OC(C)Oc1ccc(C(C)(C)C(C)C)cc1-c1ccc(C(=O)NC([*])F)cc1,TRUE,TRUE,FALSE,309.770874,TRUE,TRUE,313.9859924,4.215118408
3351,[*]CCCCCCCCCCCOC(=O)c1ccc(N(CC)C(=O)Oc2ccc(O[*])cc2CO)cc1,TRUE,TRUE,FALSE,321.3345337,TRUE,TRUE,313.6422424,7.69229126
2072,[*]CCC(O)COc1ccc(CC(O)CCCCCOC(=O)c2ccccc2OC(=O)CCCCCCC(=O)Nc2ccc(O[*])cc2)cc1,TRUE,TRUE,FALSE,319.7701721,TRUE,TRUE,313.5973206,6.172851563
2360,[*]/C=C/C(=O)C(C)OC(=O)CCCCCCCS([*])=O,TRUE,TRUE,FALSE,308.9920654,TRUE,TRUE,313.3548889,4.362823486
449,[*]CC([*])CCOC(=O)OCCCCCCCCCCCCS(=O)(=O)Nc1ccc(C=C)cc1,TRUE,TRUE,FALSE,307.0209351,TRUE,TRUE,313.2720947,6.251159668
1929,[*]O[Si]([*])(C)Oc1ccc(C(=O)NCCCCCOC(=O)c2ccc(OC)cc2)cc1I,TRUE,TRUE,FALSE,304.8118286,TRUE,TRUE,313.1645508,8.352722168
3384,[*]Oc1cccc(C(=O)CCCCN(C([*])=O)c2ccccc2)c1OCCCCCCCCCCOCCOC,TRUE,TRUE,FALSE,318.4077759,TRUE,TRUE,312.995575,5.412200928
2093,[*]CCC(=O)OCCCCOC(=O)/C=N/c1cc(Cl)cc(O[*])c1,TRUE,TRUE,FALSE,315.8623962,TRUE,TRUE,312.9433899,2.919006348
3989,[*]CC(C)Cc1ccc(CCCCCCC(N)(O[*])OC)cc1,TRUE,TRUE,FALSE,314.6830139,TRUE,TRUE,312.7365112,1.946502686
3525,[*]CCOCCCCCCOc1ccc(C(N[2H])OC(=O)c2ccc(NC(=O)CCCCCN([*])c3ccc(I)cc3)cc2)cc1,TRUE,TRUE,FALSE,314.5921936,TRUE,TRUE,312.5145569,2.077636719
3941,[*]CCOC(=O)CNC(=O)OCC(C)CCCOC(=O)NC(=O)O[*],TRUE,TRUE,FALSE,311.3466797,TRUE,TRUE,312.4969482,1.150268555
489,[*]CCOC(=O)NCCCCCC(=O)OCCS([*])(=O)=O,TRUE,TRUE,FALSE,309.2468262,TRUE,TRUE,312.3693237,3.122497559
1284,[*]CCOCCCCCCOC(=O)c1ccccc1NC(=O)CC(C)(CC([*])=O)C(F)(F)F,TRUE,TRUE,FALSE,314.4364624,TRUE,TRUE,312.171936,2.264526367
3272,[*]CC([*])C(=O)OCCN(CCCCC)S(=O)(=O)c1ccccc1,TRUE,TRUE,FALSE,318.8768921,TRUE,TRUE,311.8984375,6.97845459
4901,[*]OCC(CSC)CCCNC(=O)CCCCCCCCC(=O)NCC(=O)O[*],TRUE,TRUE,FALSE,305.7816467,TRUE,TRUE,311.8530884,6.07144165
877,[*]CC([*])(C)C(=O)OCC/C=C/C(=O)O[Si](C)(C)CCCCCC,TRUE,TRUE,FALSE,305.7149048,TRUE,TRUE,311.640625,5.925720215
2435,[*]CCCCCCCCOC(=O)NCc1ccc(C(O)CCCCCCc2ccc(O[*])cc2)cc1,TRUE,TRUE,FALSE,306.1856384,TRUE,TRUE,311.3340149,5.148376465
4670,[*]CC([*])(COC(=O)c1ccc(OCCCCCCCCCCCCCCC)cc1)C(=O)OC(=O)c1ccc([N+](=O)[O-])c(I)c1,TRUE,TRUE,FALSE,310.3796692,TRUE,TRUE,310.9300537,0.550384521
2453,[*]C[Se]C(=O)c1ccc(OC(=O)OCCCCOC([*])Oc2cccc(C)c2)cc1,TRUE,TRUE,FALSE,305.2178955,TRUE,TRUE,310.6868896,5.468994141
929,[*]CC=CC(=O)OCCCCCCCC(=O)OC(=O)c1ccc(N([*])CS)cc1,TRUE,TRUE,FALSE,318.6821899,TRUE,TRUE,310.539978,8.142211914
1117,[*]OC(=O)c1ccc(OC(=O)C(CCCCCCCC)S([*])(=O)=O)cc1,TRUE,TRUE,FALSE,313.6942139,TRUE,TRUE,310.5084839,3.18572998
4431,[*]CCOCC(=O)c1ccc(C(=O)O[*])c(SCCCC)c1,TRUE,TRUE,FALSE,312.184021,TRUE,TRUE,310.4829102,1.70111084
2986,[*]CC([*])OC(=O)CCCCCCCC(=O)Oc1ccc(C[Si](C)(C)C)cc1,TRUE,TRUE,FALSE,305.8879395,TRUE,TRUE,310.4178162,4.529876709
3266,[*]CC(=O)NCCCCCCNC(=O)OCc1ccc(C(C)CCCCOC(=O)c2ccc(O[*])cc2)cc1,TRUE,TRUE,FALSE,316.2043457,TRUE,TRUE,310.3570557,5.847290039
195,[*]CC([*])C(=O)OCCCCCCOc1ccc(OC(=O)c2ccc(OCCc3ccccc3C)cc2)cc1,TRUE,TRUE,FALSE,306.4241028,TRUE,TRUE,310.2971191,3.873016357
2225,[*]O[Si](C)(C)CCCCCOc1cc(C)cc(NCC(=O)OCCOc2ccc([*])cc2S(C)=O)c1,TRUE,TRUE,FALSE,301.8398438,TRUE,TRUE,310.2559204,8.41607666
1508,[*]CC(C(=O)CCCCC(=O)NO)c1cccc(C(=O)CCCC(=O)S[Si]([*])(C)C)c1,TRUE,TRUE,FALSE,305.6065063,TRUE,TRUE,310.118042,4.511535645
2662,[*]C/C(C)=C/CCCCCCCCOC(=O)c1cccc(C(=O)O[*])c1,TRUE,TRUE,FALSE,309.1397705,TRUE,TRUE,309.8914795,0.751708984
2705,[*][PH](C)(CCCCC)COC(=O)c1ccc([*])c([N+](=O)[O-])c1O,TRUE,TRUE,FALSE,305.4189148,TRUE,TRUE,309.8719788,4.453063965
488,[*]OC(C)C(C[*])(CCCCCOC(=O)CCCC)C(C)O,TRUE,TRUE,FALSE,307.7961426,TRUE,TRUE,309.7947388,1.998596191
1038,[*]CCCCC(=O)OCCCCCOc1ccc(NC(C)C(=O)OCC/C(C)=C/c2ccc([*])cc2)cc1,TRUE,TRUE,FALSE,311.1781921,TRUE,TRUE,309.7532043,1.424987793
3558,[*]CC(=O)OCCCCCCCCOc1ccc(/C=C/c2ccc(OC(=O)CCC)cc2)c(C([*])=O)c1,TRUE,TRUE,FALSE,316.0453491,TRUE,TRUE,309.6293335,6.416015625
1778,[*]/C=C/c1ccc(C(=O)OCCCCCCCCOC(=O)c2ccc(O[*])cc2)cc1,TRUE,TRUE,FALSE,308.4882813,TRUE,TRUE,309.6218872,1.133605957
4783,[*]CC([*])SCC(=O)Oc1ccc(C)c(OC(C)CC)c1,TRUE,TRUE,FALSE,303.4096985,TRUE,TRUE,309.46521,6.055511475
2234,[*]CC(=O)Cc1ccc(OCCCCCCO[Si](C)(C)c2ccc(CSC(=O)O)c([*])c2)cc1C,TRUE,TRUE,FALSE,302.6282349,TRUE,TRUE,309.3584595,6.730224609
4554,[*]CCOP(=O)(OCCC)C(=O)Oc1ccc(NC(C)(C)NC([*])=O)cc1,TRUE,TRUE,FALSE,305.0191345,TRUE,TRUE,309.2889404,4.269805908
4601,[*]CC(C)(C)C(=O)OC(C)CCCC[SH]([*])(c1ccccc1)c1ccc(C)cc1,TRUE,TRUE,FALSE,305.9970703,TRUE,TRUE,309.161499,3.164428711
3539,[*]CCCCCCOc1ccc(CC#Cc2ccc(OCCCCCCOC(=O)c3ccc(O[*])cc3)cc2)cc1,TRUE,TRUE,FALSE,311.4154663,TRUE,TRUE,308.6307678,2.784698486
3490,[*]CCCCOc1ccc(C(=O)CCCCCCC(=O)NCCOCC(C)C)cc1[*],TRUE,TRUE,FALSE,314.1033325,TRUE,TRUE,308.6065063,5.496826172
4660,[*]CC=C(OC)OCCOCCOC(=O)c1ccc(CCCCCCS(=O)(=O)c2ccc(O[*])cc2)cc1,TRUE,TRUE,FALSE,308.3475342,TRUE,TRUE,308.4916992,0.144165039
2593,[*]CCCC(=O)OCCOc1ccc(C(=O)OCC[Si]([*])(C)NC(=O)c2ccc(OC)cc2)cc1,TRUE,TRUE,FALSE,300.4099426,TRUE,TRUE,307.9901123,7.580169678
4408,[*]C#Cc1ccc(OC(=O)CCCCCCCN([*])CC)c(Cl)c1,TRUE,TRUE,FALSE,303.7956543,TRUE,TRUE,307.9069824,4.111328125
2642,[*]COC(=O)c1ccc(CNC(=O)CCCCCCCC(=O)N([*])CC)cc1,TRUE,TRUE,FALSE,314.4246216,TRUE,TRUE,307.7984009,6.626220703
1777,[*]CC#CC(=O)Oc1ccc(OCCCCCCCCOC(=O)c2ccc(C(=O)OC(C)(C)C([*])=O)cc2)cc1,TRUE,TRUE,FALSE,315.29245,TRUE,TRUE,307.6443481,7.648101807
4344,[*]C(=O)NCCCCCCCOC(=O)c1ccc(O[*])cc1C,TRUE,TRUE,FALSE,299.3594055,TRUE,TRUE,307.5704346,8.211029053
1196,[*]CC(C/C=C/c1ccccc1)C([*])OC(=O)c1ccc(C(C)C)cc1,TRUE,TRUE,FALSE,353.5210571,TRUE,FALSE,347.0413513,6.479705811
3402,[*]OC(CBr)C(=O)CCCCC(=O)NCCOC(=O)c1ccc([*])cc1,TRUE,TRUE,FALSE,311.458374,TRUE,TRUE,307.3952637,4.063110352
3793,[*]CCOCCOC(=O)NCCCC(=O)OCc1ccc(CNC(=O)O[*])cc1,TRUE,TRUE,FALSE,304.3933105,TRUE,TRUE,307.3628845,2.969573975
1338,[*]Oc1ccc(C(=O)NC(C)OCCCCCCCCOC(=O)c2ccc(OC([*])=O)cc2)cc1,TRUE,TRUE,FALSE,313.9474792,TRUE,TRUE,307.0857544,6.861724854
3547,[*]CCOc1ccc(C(=O)OCCCCCCOC(=O)c2ccc(OC(=O)CC([*])=O)cc2)cc1,TRUE,TRUE,FALSE,301.4822388,TRUE,TRUE,306.9925537,5.510314941
4563,[*]O[Si]([*])(C)CCCOC(=O)Nc1ccc(OC(=O)c2cccc(C(F)(F)C(F)(F)F)c2)cc1,TRUE,TRUE,FALSE,315.0564575,TRUE,TRUE,306.9511108,8.10534668
2424,[*]CCN([*])C(=O)Oc1ccc(-c2ccc(SCc3ccc(C#N)cc3)cc2O)cc1,TRUE,TRUE,FALSE,372.3074341,TRUE,FALSE,365.7404785,6.566955566
3948,[*]CCCCCCCCOC(=O)NC(=O)CCCCCOC(=O)c1ccc(O[*])cc1[N+](=O)[O-],TRUE,TRUE,FALSE,312.8791199,TRUE,TRUE,306.8119812,6.067138672
2845,[*]CC(Cl)C(=O)OCCCCCCN(C)c1ccc(C([*])=O)cc1,TRUE,TRUE,FALSE,308.9042969,TRUE,TRUE,306.5049438,2.399353027
1065,[*]CC(O)CP(=O)(CCCCCCO[*])c1ccc(CC[Si](C)(C)C)cc1,TRUE,TRUE,FALSE,310.7091675,TRUE,TRUE,306.3023682,4.406799316
698,[*]COCCCCCCN(C)SOC(=O)c1ccccc1C(=O)OC([*])=O,TRUE,TRUE,FALSE,304.7582703,TRUE,TRUE,306.2606812,1.502410889
1244,[*]Cc1nc([*])c(OCCCC)cc1C(=O)O[Si](C)(C)OC(F)(F)F,TRUE,TRUE,FALSE,313.6401672,TRUE,TRUE,306.0140076,7.626159668
1206,[*]CC(C)CNc1cccc(P(=O)(NCCCCC)SC(=O)O[*])c1,TRUE,TRUE,FALSE,304.8457031,TRUE,TRUE,305.6629333,0.817230225
676,[*]NC(CCCCCCCCC[SiH](=O)c1ccc([*])cc1)C(=O)OC1CC(O)CN(C)C1=O,TRUE,TRUE,FALSE,299.9290771,TRUE,TRUE,305.6242981,5.695220947
3758,[*]OC(=O)Cc1cccc(C(=O)OCCCCCCCC)c1C([*])=O,TRUE,TRUE,FALSE,306.2789917,TRUE,TRUE,305.3046875,0.974304199
3255,[*]COC(=O)CCCCCCC(=O)Oc1ccc([N+](=O)[O-])c(NC(=O)OCCCCCO[*])c1,TRUE,TRUE,FALSE,302.7065735,TRUE,TRUE,305.2606201,2.554046631
3324,[*]CC(C)COC(=O)c1ccc(OCCCCS(=O)(=O)O[*])cc1,TRUE,TRUE,FALSE,312.4683228,TRUE,TRUE,304.8522949,7.616027832
2582,[*]CCC(=CCCC)C(=O)C([*])COC(=O)N(C)C,TRUE,TRUE,FALSE,304.5539856,TRUE,TRUE,304.6680908,0.114105225
997,[*]CCC(C)CCCCCOc1ccc(C(=O)SCCCCOc2ccc([*])cc2)cc1,TRUE,TRUE,FALSE,307.1707153,TRUE,TRUE,304.6035461,2.567169189
4840,[*]CC=CCCCCOC(=O)c1ccc(CCCCS[*])cc1Cc1cccc(OC)c1,TRUE,TRUE,FALSE,305.6607056,TRUE,TRUE,304.4352417,1.225463867
1830,[*]CC=C(C[*])CCCOCCN(CC)c1cc(OC)ccc1C,TRUE,TRUE,FALSE,307.6944885,TRUE,TRUE,304.4263611,3.268127441
3938,[*]c1ccc([*])c(CC[Si](C)(=O)CCCCCC)c1,TRUE,TRUE,FALSE,309.8820496,TRUE,TRUE,304.3765869,5.505462646
4022,[*]CC(=O)OCCCCCCC(=O)NC(=O)S[*],TRUE,TRUE,FALSE,312.2103577,TRUE,TRUE,304.355896,7.85446167
3417,[*]N=P([*])(OC)c1ccc(C(F)(F)Oc2ccc(C#CC=C)cc2)cc1,TRUE,TRUE,FALSE,303.7981262,TRUE,TRUE,304.0176086,0.219482422
2444,[*]CC(CSC)C(C=C)CCCCCCOC(=O)[N+](C)(CCCCC(=O)O[*])C(F)(F)F,TRUE,TRUE,FALSE,309.0598755,TRUE,TRUE,304.0162354,5.043640137
4144,[*]OC(COC(C)=O)c1ccc([*])c(NCCCCCC)c1,TRUE,TRUE,FALSE,298.7088928,TRUE,TRUE,303.9726563,5.263763428
4117,[*]CCOCc1ccc(C(=S)NCCCCCCC(C)C)c(O[Si]([*])(C)C)c1,TRUE,TRUE,FALSE,305.4435425,TRUE,TRUE,303.8355408,1.608001709
2285,[*]OCCOC(=O)Cc1ccc([Si]([*])(C)Oc2ccc(C(C)(C)OCCCCCC)cc2)cc1,TRUE,TRUE,FALSE,300.7236938,TRUE,TRUE,303.7525635,3.028869629
2349,[*]CC([*])C(=O)OCC(C)(C)CCCCCCOc1cccc(S(=O)(=O)c2ccc(OC)cc2)c1,TRUE,TRUE,FALSE,303.2818604,TRUE,TRUE,303.7001953,0.418334961
2938,[*]OP(=O)(SCCOC(=O)OCCCCCC(C)C)C(=O)Oc1ccc(CC2CC(=O)C([*])C2)cc1,TRUE,TRUE,FALSE,305.0617676,TRUE,TRUE,303.4248657,1.636901855
48,[*]CC([*])CCCCCCCOC(=O)c1cccc(S(=O)(=O)CCCCCOc2ccccc2)c1,TRUE,TRUE,FALSE,298.7070618,TRUE,TRUE,302.9957581,4.288696289
3109,[*]CCCCCCCCCOC(=O)CCc1ccc(C(=O)NCCCCCCCOC(=O)O[*])cc1,TRUE,TRUE,FALSE,301.6628418,TRUE,TRUE,302.8337708,1.170928955
4915,[*]CCOc1cc(OCCCCCCCSC(=O)O[*])cc(OCC(F)(F)C(F)F)c1,TRUE,TRUE,FALSE,298.7236633,TRUE,TRUE,302.6645203,3.940856934
2976,[*]CC([*])OCCOc1ccccc1CCCCCCOCc1ccc(-c2ccccc2)cc1,TRUE,TRUE,FALSE,297.8607178,TRUE,TRUE,302.614624,4.75390625
967,[*]CCN(CCCC([*])(C#N)CSC(=O)OCCCC)NC,TRUE,TRUE,FALSE,302.840271,TRUE,TRUE,302.4169922,0.423278809
134,[*]CC([*])(C)C(=O)OCCCCCCOc1ccc(OC(=O)C(C)(C)O)cc1,TRUE,TRUE,FALSE,308.7411499,TRUE,TRUE,302.3560181,6.385131836
3801,[*]CC(C)OCCCCOC(=O)Oc1ccc(C)cc1CC(F)(F)C(F)(F)C(=O)O[*],TRUE,TRUE,FALSE,303.0418701,TRUE,TRUE,302.3417969,0.700073242
2328,[*]CC([*])OCCOC(=O)c1ccc(C(C)(C)C=CC)cc1,TRUE,TRUE,FALSE,307.2041931,TRUE,TRUE,302.2127991,4.991394043
4116,[*]CC(COC(=O)OCCCC)c1ccc(Cc2ccc([*])cc2)cc1,TRUE,TRUE,FALSE,303.6020508,TRUE,TRUE,302.1780396,1.42401123
174,[*]/[SH]=C/c1ccc(OCC(CCCCCCC)CCOc2ccc([*])cc2C(F)(F)F)cc1,TRUE,TRUE,FALSE,296.5426636,TRUE,TRUE,302.0634766,5.520812988
2606,[*]COc1ccc(COC(=O)NCCCCCCCC([*])(CC)CO)cc1,TRUE,TRUE,FALSE,302.943512,TRUE,TRUE,301.8188171,1.124694824
602,[*]CCOCCOC(=O)CCCCCCC(=O)N([*])C(=O)Oc1ccc(C(=O)NCC)cc1,TRUE,TRUE,FALSE,307.0263672,TRUE,TRUE,301.6259155,5.40045166
4782,[*]CC(=O)CCCCCOCC=C(C)c1ccc([*])c([N+](=O)[O-])c1,TRUE,TRUE,FALSE,303.6557922,TRUE,TRUE,301.5384216,2.117370605
19,[*]CC([*])C(=O)OCC(=O)OC(C)C[N+](C)(C)C,TRUE,TRUE,FALSE,294.4715576,TRUE,TRUE,301.3175049,6.845947266
2202,[*]CC([*])(CC)C(=O)OCCCCCOC(=O)c1ccc(OCC#N)cc1,TRUE,TRUE,FALSE,302.7496033,TRUE,TRUE,301.2453613,1.504241943
2439,[*]CC(C)NCC(C)(C)Oc1ccc(C(COC(=O)CCCCCC)C(=O)O[*])cc1,TRUE,TRUE,FALSE,301.3357849,TRUE,TRUE,301.0569458,0.278839111
1650,[*]CC([*])CCCCCCOP(=O)(O)c1ccc(N=C(F)C(F)(F)C(F)(F)C(F)(F)CCCCC)cc1-c1ccccc1,TRUE,TRUE,FALSE,304.6821289,TRUE,TRUE,300.9738159,3.708312988
3067,[*]C(OC[Si]([*])(C)C)C(=O)OCCc1ccc(C(C)(C)C)cc1,TRUE,TRUE,FALSE,308.4915771,TRUE,TRUE,300.7224121,7.769165039
3710,[*]NC1CCC(C)(C)C(C(=O)OCCCCCCCC(=O)N([*])C)C1,TRUE,TRUE,FALSE,296.1074829,TRUE,TRUE,300.6500854,4.542602539
68,[*]CC([*])(C)CCCCCCCCOC(=O)c1ccc(CC(C)C)cc1,TRUE,TRUE,FALSE,298.3975525,TRUE,TRUE,300.1977539,1.800201416
780,[*]CC([*])C(=O)OCC(C)(C)C([2H])(F)OC(F)(F)F,TRUE,TRUE,FALSE,296.4194031,TRUE,TRUE,299.9802856,3.560882568
503,[*]C([*])C(=O)OCC(Cl)(CCC)C=C,TRUE,TRUE,FALSE,302.3242798,TRUE,TRUE,299.6436157,2.680664063
1872,[*]CCC(COC(=O)CCCCCC)C(=O)OCCCOCCOC(=O)/C(C#N)=N/c1ccc(C([*])=O)cc1,TRUE,TRUE,FALSE,307.6956482,TRUE,TRUE,299.6098328,8.08581543
336,[*]C=C[Si]([*])(C)c1ccc(/N=C/c2ccc(OCCCCCC)c(C)c2)cc1Cl,TRUE,TRUE,FALSE,320.5812683,TRUE,FALSE,327.527832,6.946563721
2130,[*]CC([*])C(=O)OCCCCCCCC(=O)N(Br)c1ccc([SiH](C#N)C(F)(F)C(F)(F)F)cc1,TRUE,TRUE,FALSE,304.1006165,TRUE,TRUE,299.5870972,4.513519287
743,[*]C([*])CCCCCCCOc1ccc([Si](=O)(c2ccc(C)cc2)C(O)C(F)(F)C(F)(F)C(F)(F)F)cc1,TRUE,TRUE,FALSE,307.9293213,TRUE,TRUE,299.5335388,8.395782471
4557,[*]CC([*])C(=O)OCCOCCOC(=O)c1ccc(OC)c(-c2ccccc2)c1,TRUE,TRUE,FALSE,297.5865479,TRUE,TRUE,299.2203369,1.633789063
2910,[*]C([*])C(=O)NCCCCCCCCN(C)C(C)(C)CC,TRUE,TRUE,FALSE,303.9790649,TRUE,TRUE,299.1082458,4.870819092
3945,[*]CCCCCC(CCC)COC(=O)CCCCCCCC(=O)OP([*])(=O)=O,TRUE,TRUE,FALSE,303.2780762,TRUE,TRUE,299.0713196,4.206756592
1745,[*]CCCOC(=O)Nc1ccc(OC(=O)CCCCC(=O)OCCOC([*])=O)cc1,TRUE,TRUE,FALSE,302.085083,TRUE,TRUE,298.8556519,3.229431152
4836,[*]CCOCCOC(F)(F)C(F)(F)C(=O)OCCCCCCOc1ccc(-c2ccc(C(=O)O[*])cc2)cc1,TRUE,TRUE,FALSE,290.1998901,TRUE,TRUE,298.6285706,8.42868042
4659,[*]CC(=C/C=N/CCCCCCCOC(=O)O[*])CCC,TRUE,TRUE,FALSE,295.6402893,TRUE,TRUE,298.4876709,2.847381592
3323,[*]CCC(C)CCOC(=O)c1ccc(C(C)(C)OCCCOc2ccc([*])cc2)cc1,TRUE,TRUE,FALSE,306.2528687,TRUE,TRUE,298.4556274,7.797241211
325,[*]CCCCCCCCCC(=O)OCCSSCCNC(=O)c1ccc(OCCCCCCO[*])cc1Cl,TRUE,TRUE,FALSE,304.7717896,TRUE,TRUE,298.4475708,6.32421875
1678,[*]OP(=O)(CSC(C)C)Oc1ccc(CC(=O)Nc2ccc([*])cc2)cc1,TRUE,TRUE,FALSE,301.473999,TRUE,TRUE,298.442627,3.03137207
2890,[*]OCCCCCCCC1CCC(O)(OC(=O)Oc2ccc(OCC(C)(C)CCCSC([*])=O)cc2)cc1,TRUE,TRUE,FALSE,306.6082764,TRUE,TRUE,298.3830566,8.225219727
3352,[*]CCCNC(=O)/C=C/[Si](C)(C)c1ccc(C(=O)OCCCCCCCCCOC(=O)NCC)cc1[*],TRUE,TRUE,FALSE,304.0150146,TRUE,TRUE,298.2305908,5.784423828
3277,[*]CCCCCOc1cccc(C(=O)OC(CCCCCC)c2ccc([*])cc2Cl)c1,TRUE,TRUE,FALSE,301.1181641,TRUE,TRUE,298.2006836,2.917480469
2618,[*]CCSCCCCCCOC(=O)CCCCC(=O)OCCCCCCS([*])(=O)=O,TRUE,TRUE,FALSE,295.9654541,TRUE,TRUE,298.0720215,2.106567383
3650,[*]C/C=C/C(=[*])OCCCCCOc1ccc(N(C)CC)cc1,TRUE,TRUE,FALSE,292.1623535,TRUE,TRUE,298.0004578,5.838104248
4445,[*]CC(C(=O)NCCCCCCCCC[Si](N)(C=O)C=[*])C(F)(F)F,TRUE,TRUE,FALSE,300.7245789,TRUE,TRUE,297.8339539,2.890625
187,[*]CCOC(=O)NC(=O)CCSCC(=O)OC([*])=O,TRUE,TRUE,FALSE,301.694458,TRUE,TRUE,297.7708435,3.923614502
3763,[*]C/C=C/CCCCCOC(=O)NCCCCOC(=O)c1ccc(C(=O)O[*])cc1,TRUE,TRUE,FALSE,299.8124695,TRUE,TRUE,297.250824,2.561645508
1822,[*]C[Si]([*])(C)c1c(C)cc(CCCCC(C)(C)C)cc1OC,TRUE,TRUE,FALSE,291.3275146,TRUE,TRUE,297.1043396,5.776824951
3954,[*]CC(OCC)OC(=O)CCc1ccc(CS(=O)(=O)OCCCS[*])c(C)c1,TRUE,TRUE,FALSE,305.2646484,TRUE,TRUE,296.881134,8.383514404
4134,[*]N=P([*])(Oc1ccc(C)cc1)c1ccc(C(=O)OC(Cl)c2ccccc2)cc1,TRUE,TRUE,FALSE,294.1131592,TRUE,TRUE,296.8732605,2.760101318
564,[*]C/C=C/CCCCCCCCOC(=O)NCC(F)(F)C([*])=O,TRUE,TRUE,FALSE,290.8577271,TRUE,TRUE,296.8566589,5.998931885
2193,[*]CCCCCC([*])COCCCCCCCNC(=O)NCc1ccc(C)cc1,TRUE,TRUE,FALSE,299.3983154,TRUE,TRUE,296.4476624,2.950653076
3592,[*]OC(CC)CCCO[Si](C)(C)c1ccc(Nc2ccc([*])cc2)cc1,TRUE,TRUE,FALSE,298.1901245,TRUE,TRUE,296.333252,1.856872559
343,[*]CCOCCCCCCCOC(=O)c1ccc(CCc2ccc([*])cc2)cc1,TRUE,TRUE,FALSE,295.3540649,TRUE,TRUE,296.2658386,0.911773682
4174,[*]CCCCCOC(=O)C(C)=CCCCCCCOCC(=O)N[*],TRUE,TRUE,FALSE,302.5144043,TRUE,TRUE,296.1813354,6.333068848
3140,[*]OC([*])C(=O)NCCCCC(C)=C(C)CN,TRUE,TRUE,FALSE,294.0042725,TRUE,TRUE,296.1206665,2.116394043
4812,[*]OS(=O)(=O)CC(C=[*])COCCCCCCCC,TRUE,TRUE,FALSE,293.9543457,TRUE,TRUE,296.0106506,2.056304932
1386,[*]CC(N)C(=O)C(C)(C)[Si](CCCC(F)(F)F)C(F)(F)C=[*],TRUE,TRUE,FALSE,288.5505981,TRUE,TRUE,294.9853821,6.434783936
267,[*]CCCCCCCOC(=O)c1cc(O[*])c(C)c(C)c1OCCOCCCN,TRUE,TRUE,FALSE,294.038269,TRUE,TRUE,294.9036255,0.865356445
4562,[*]CCCCCCCC(C)NC(=O)CCCCCOC(=O)NCCCCCCCC(=O)O[*],TRUE,TRUE,FALSE,302.7504883,TRUE,TRUE,294.8850708,7.86541748
1174,[*]CCC(C)OC(=O)NCC[N+]([*])=O,TRUE,TRUE,FALSE,301.5894165,TRUE,TRUE,294.6109009,6.978515625
592,[*]CCOCCOC(=O)C(C)N(C)C(=O)Oc1ccc(O[*])c(C)c1,TRUE,TRUE,FALSE,296.4852295,TRUE,TRUE,294.590332,1.894897461
2641,[*][Si]([*])(C)OCC(C)(C)C,TRUE,TRUE,FALSE,297.672699,TRUE,TRUE,294.5175171,3.155181885
3325,[*]CCCCCCC(OCCc1ccc(C(F)(F)C(F)(F)C(F)(F)C(F)(F)C([*])=O)cc1)c1ccccc1C,TRUE,TRUE,FALSE,298.7670898,TRUE,TRUE,294.1463623,4.620727539
456,[*]OCCCC(=O)Oc1ccc(CCc2ccccc2OC(=O)C(CCCCCOC([*])=O)OC)cc1,TRUE,TRUE,FALSE,287.4147034,TRUE,TRUE,293.8268738,6.41217041
2333,[*]c1cc([*])c(C(=O)OCCCCCCCC)c(C)n1,TRUE,TRUE,FALSE,293.8205566,TRUE,TRUE,293.7589111,0.061645508
939,[*]CC([*])OCCCCCCOC(=O)NC=CC(C)=O,TRUE,TRUE,FALSE,301.6930542,TRUE,TRUE,293.635376,8.057678223
1169,[*]CCc1ccc(SC(=O)OCCCCC([*])=O)cc1,TRUE,TRUE,FALSE,295.2156982,TRUE,TRUE,292.9822998,2.233398438
2143,[*]CCN(CC)OCCOC(=O)S([*])(=O)=O,TRUE,TRUE,FALSE,296.6234741,TRUE,TRUE,292.9760132,3.647460938
4469,[*]CC(C(=O)NCCCCC)N[Si]([*])(C)CO,TRUE,TRUE,FALSE,298.4041138,TRUE,TRUE,292.8180237,5.586090088
3445,[*]/C=C(/[*])CCCCOC(=O)c1ccc(OCCCCCCc2ccccc2)cc1,TRUE,TRUE,FALSE,287.3009949,TRUE,TRUE,292.6257935,5.324798584
4835,[*]CC(=O)OCCCCCCNC(=O)C(O)OC(C)CCC([*])=O,TRUE,TRUE,FALSE,298.1380615,TRUE,TRUE,292.5217896,5.616271973
1520,[*]CC(CBr)CCCCOC(=O)S[*],TRUE,TRUE,FALSE,286.4543457,TRUE,TRUE,292.4356079,5.981262207
3288,[*]C#CC(OCCCCCC)[Si]([*])(C)c1ccc(C=O)cc1,TRUE,TRUE,FALSE,291.401062,TRUE,TRUE,292.0140076,0.612945557
1240,[*]/C=C/CCOC(=O)OCCCCCCCOc1ccc(C(C)(C)c2ccc(O[*])cc2)cc1,TRUE,TRUE,FALSE,288.2619629,TRUE,TRUE,291.9129028,3.650939941
1867,[*]CC/C=[PH](/[*])c1ccc(OCC(C)C)cc1,TRUE,TRUE,FALSE,283.7113037,TRUE,TRUE,291.8633118,8.152008057
351,[*]CCCCOC(=O)NCCSCCCCC(=O)OC(=O)C(C)(C)C([*])=O,TRUE,TRUE,FALSE,295.5505371,TRUE,TRUE,291.5206299,4.029907227
3356,[*]O[Si]([*])(C)C(C)CCCCCCCC(=O)Oc1ccc(/C=C/c2ccccc2)c(Br)c1,TRUE,TRUE,FALSE,297.0155945,TRUE,TRUE,291.357605,5.657989502
3381,[*]CCOCCCc1cc(COC(=O)CCc2ccccc2C([*])=O)ccc1,TRUE,TRUE,FALSE,298.7801819,TRUE,TRUE,291.225708,7.554473877
2356,[*]N=P([*])(C#N)CCCc1ccc(OC(=O)CCCC(C)C)cc1,TRUE,TRUE,FALSE,295.7023926,TRUE,TRUE,290.8657532,4.836639404
3134,[*]CC([*])CC(=O)OCCCCCCSC(=O)c1ccc(-c2ccccc2)cc1,TRUE,TRUE,FALSE,294.5250854,TRUE,TRUE,290.7427368,3.782348633
4663,[*]CCOCCOC(=O)C(CCCCSOc1ccc(C(=O)O[*])cc1)OCCCC,TRUE,TRUE,FALSE,285.3716431,TRUE,TRUE,290.7028809,5.331237793
3170,[*]CCCCc1cc(OCCCCCCCCCCC)cc(C(=O)OCCCCCCOCCO[*])c1,TRUE,TRUE,FALSE,290.2269287,TRUE,TRUE,290.5452271,0.31829834
2346,[*]CC(CO[*])C(CO)OCCSC,TRUE,TRUE,FALSE,287.2947388,TRUE,TRUE,290.18927,2.89453125
841,[*]CC([*])CSCC(=O)OCCCCCCCCCCOc1ccc(C(C)(C)c2ccc(Cl)cc2OC)cc1,TRUE,TRUE,FALSE,289.0401611,TRUE,TRUE,290.1452332,1.105072021
1768,[*]CC([*])C(=O)OCCCCCCOc1ccccc1C(=O)OCC(C)=O,TRUE,TRUE,FALSE,295.41745,TRUE,TRUE,290.0936279,5.323822021
1277,[*]CC([*])C(=O)c1ccc(COCCCCOCC(C)(C)c2ccccc2)cc1,TRUE,TRUE,FALSE,283.343689,TRUE,TRUE,290.0823364,6.738647461
1233,[*]COc1ccc([Si](C)(CCCCCCCC)C(=O)O[*])cc1OC,TRUE,TRUE,FALSE,295.0975647,TRUE,TRUE,290.0449829,5.052581787
1073,[*]CC(CCCCc1ccc([*])c(C)c1)CCCCCCCCCCC,TRUE,TRUE,FALSE,283.7355957,TRUE,TRUE,289.9170227,6.181427002
882,[*]COC(=O)C([*])OCCCCCC(=O)Oc1ccc(OC(=O)CCC(C)(C)C)cc1,TRUE,TRUE,FALSE,294.8138123,TRUE,TRUE,289.6340942,5.179718018
3910,[*]CCCCCCCCCCOC(=O)NCCCC([*])=O,TRUE,TRUE,FALSE,295.9481812,TRUE,TRUE,289.6068115,6.341369629
4201,[*]CC([*])CCCCOc1ccc(C#S)cc1,TRUE,TRUE,FALSE,291.2954102,TRUE,TRUE,289.1983643,2.097045898
4741,[*]CC(COCC)COC(=O)NCCCCCCOC(=O)O[*],TRUE,TRUE,FALSE,282.131897,TRUE,TRUE,288.9486694,6.816772461
4287,[*]CC([*])(C)C(=O)OCCCCCCOc1ccccc1CSCCO,TRUE,TRUE,FALSE,290.9185791,TRUE,TRUE,288.6179504,2.300628662
498,[*]CCOCCOCCCCCCCOC(=O)c1ccc(/C(C)=N/c2ccc(CC(=O)OCCCCC([*])=O)cc2)cc1,TRUE,TRUE,FALSE,285.6825867,TRUE,TRUE,288.2949524,2.612365723
2018,[*]OC(COC(=O)Nc1ccc([*])cc1)SCCCCC(F)(F)F,TRUE,TRUE,FALSE,296.5474548,TRUE,TRUE,288.2672729,8.280181885
4103,[*]CCP([*])(COCCCCCC)COC(=O)N(C)C(F)(F)F,TRUE,TRUE,FALSE,259.0673523,TRUE,FALSE,251.4905853,7.576766968
87,[*]NC(CC)COC(=O)OCCS([*])(C)COC(=O)c1ccccc1,TRUE,TRUE,FALSE,292.3121033,TRUE,TRUE,288.1998291,4.11227417
3283,[*]CC([*])P(=O)(CCc1ccccc1)OC(C)=C(O)CCCCCCCCCCCCC,TRUE,TRUE,FALSE,293.65448,TRUE,TRUE,288.1486206,5.505859375
3090,[*]CC(=O)P(CCOCCOCCCCOC(=O)c1ccc(C([*])=O)cc1)Oc1ccccc1,TRUE,TRUE,FALSE,280.9677124,TRUE,TRUE,287.1464844,6.178771973
3596,[*]CC(=O)OCCCCCCOCCCCCNC(=O)COC(=O)N[*],TRUE,TRUE,FALSE,289.4016724,TRUE,TRUE,286.111145,3.290527344
3383,[*]CC([*])P(=O)(OCCCC)NC(=O)Oc1ccc(C(C)O[Si](C)(C)CCCC)cc1,TRUE,TRUE,FALSE,286.4749756,TRUE,TRUE,286.02005,0.454925537
1853,[*]c1cc(C)ccc1OP(=O)(CCCCCCC)CC(=O)OCCOCCNC([*])=S,TRUE,TRUE,FALSE,284.7329712,TRUE,TRUE,285.869873,1.136901855
2864,[*]C(=O)Sc1cccc(OCCCCCC(=O)OC(C)(C)c2ccc([*])cc2)c1,TRUE,TRUE,FALSE,279.7565308,TRUE,TRUE,285.265625,5.509094238
3649,[*]O[Si](O)(C)c1ccc(C(C(C)C)C(=O)O[*])c(Cl)c1,TRUE,TRUE,FALSE,289.2216492,TRUE,TRUE,284.8944397,4.327209473
1135,[*]CC=CCc1ccc(OC(C[*])=O)c(CCCCCCCCCCC)c1,TRUE,TRUE,FALSE,284.3568726,TRUE,TRUE,284.8261719,0.469299316
4940,[*]CC([*])/C=C/OCCOCCOCCOc1ccc(C(=O)O[Na])cc1,TRUE,TRUE,FALSE,284.3134766,TRUE,TRUE,284.4841919,0.170715332
4122,[*]CC([*])[Si](C)(C)CCCCC(F)(F)C(=O)OCCO,TRUE,TRUE,FALSE,292.3770752,TRUE,TRUE,284.3504028,8.026672363
1863,[*]CC([*])CSC(=O)OCCCCCCOc1ccc(C=CCCN)cc1,TRUE,TRUE,FALSE,280.5319519,TRUE,TRUE,284.2820435,3.750091553
1468,[*]O[Si]([*])(C)C(=O)OCCCCCCCOc1c(C)cc(OC(=O)c2cccc(Cl)c2)cc1SC(C)=O,TRUE,TRUE,FALSE,278.0200806,TRUE,TRUE,284.2791138,6.259033203
3159,[*]CCC(CCCC)COC(=O)N[*],TRUE,TRUE,FALSE,292.1276855,TRUE,TRUE,284.125,8.002685547
3882,[*]COCCCCOC(=O)c1cccc(C(C)(C)S[*])c1,TRUE,TRUE,FALSE,285.1393433,TRUE,TRUE,283.1783447,1.960998535
3983,[*]CCC(=O)OCCCCCCCCOC(=O)c1ccc(C(=O)O[*])cc1,TRUE,TRUE,FALSE,287.960083,TRUE,TRUE,283.1063843,4.85369873
3198,[*]CCN[Si]([*])(C)CCNC(=O)/C=C/CCCCCC(=O)O,TRUE,TRUE,FALSE,286.4753418,TRUE,TRUE,282.8754272,3.599914551
2830,[*]CC(F)C(=O)SCCCCCOC(=O)c1ccc([*])cc1,TRUE,TRUE,FALSE,282.6494141,TRUE,TRUE,282.2006836,0.448730469
418,[*]OC(=[*])CCN(C)c1ccc(OCCCCCC)cc1S(F)(F)C(F)(F)F,TRUE,TRUE,FALSE,281.8710327,TRUE,TRUE,281.8422852,0.028747559
1754,[*]CC([*])(C)C(=O)OCCCCCCC(F)(F)C(F)(Cl)/C=C/CCC,TRUE,TRUE,FALSE,283.8673096,TRUE,TRUE,281.5784302,2.288879395
1572,[*]CCC(=O)CCc1ccc(COC(=O)SCCCCCCCC(=O)O[*])cc1,TRUE,TRUE,FALSE,287.4797058,TRUE,TRUE,280.4440308,7.035675049
3423,[*]CC(=O)OCCCCCCCCNC(=O)CC(CC(C)C(=O)OCCCCC)C([*])=O,TRUE,TRUE,FALSE,286.6906738,TRUE,TRUE,279.9005737,6.790100098
2787,[*]CC([*])C(=O)Oc1ccc(COCCCCCCSC=C(C)CC)cc1,TRUE,TRUE,FALSE,276.1864319,TRUE,TRUE,279.3607788,3.174346924
1058,[*]CC(c1ccccc1)C(=O)CCCCCCC(=O)OC(CC)C[*],TRUE,TRUE,FALSE,278.2646179,TRUE,TRUE,279.2923584,1.027740479
2245,[*]CC([*])OC([2H])C(=O)OCCC(C=O)C(OC)C(C)CCC,TRUE,TRUE,FALSE,278.1844177,TRUE,TRUE,278.9849854,0.800567627
4180,[*]CC([*])C(=O)OCCOC(=O)OCCCCCCS(C)(C)c1ccccc1,TRUE,TRUE,FALSE,271.1422119,TRUE,TRUE,277.4658813,6.323669434
4710,[*]/C=C/C([*])(C)C(=O)OCCCCCCCCSCC(=O)NCC,TRUE,TRUE,FALSE,273.3270264,TRUE,TRUE,276.8983459,3.57131958
4648,[*]CCC(=O)OCCOCCOCCOC(=O)CCCO[PH](=O)(C)c1cc(C(=O)O[*])cc(C)c1,TRUE,TRUE,FALSE,274.3983154,TRUE,TRUE,276.8475952,2.449279785
2831,[*]CC(C#N)(C[*])CCC[Si](C)(C)OC(F)(F)F,TRUE,TRUE,FALSE,292.586731,TRUE,FALSE,284.7658691,7.820861816
1935,[*]COC(=O)C(Cc1ccccc1)OCCCCCCOC([*])=O,TRUE,TRUE,FALSE,269.1103516,TRUE,TRUE,276.4812012,7.370849609
2664,[*]CC=CCC(CC)OCCCCOc1cccc(C(=O)O[*])c1,TRUE,TRUE,FALSE,270.0778198,TRUE,TRUE,276.0119934,5.934173584
3171,[*]CC(C)(C)COC(=O)NCCCCCCCC(=O)OCCOC(C(C(=O)O)C(F)(F)F)C(=O)O[*],TRUE,TRUE,FALSE,282.6332397,TRUE,TRUE,275.077301,7.555938721
2284,[*]CC([*])(C)C(=O)OCCCNC(=O)OCCCCCCC,TRUE,TRUE,FALSE,276.7720337,TRUE,TRUE,275.0578613,1.714172363
2476,[*]C#CC(CC)(CO[*])OC(=O)CCC,TRUE,TRUE,FALSE,279.7539063,TRUE,TRUE,275.0247192,4.729187012
3902,[*]CCCCCCCCCCOP(=O)(CSC)C(=O)OCC(C)(C)CCCCCOC([*])(C)C,TRUE,TRUE,FALSE,268.2385254,TRUE,TRUE,274.4906006,6.252075195
1714,[*]CC([*])CCSC(=O)CCCCCCCC(=O)NC1CCCCCCC1,TRUE,TRUE,FALSE,279.7785339,TRUE,TRUE,273.2020874,6.576446533
2952,[*]CC/C=N/CC([*])(O)C(=O)OC(C)CCCCCC,TRUE,TRUE,FALSE,269.1152649,TRUE,TRUE,272.6296997,3.514434814
3669,[*]N[Si]([*])(C)OCCOC(=O)c1ccc(C(C)(C)CCCCCCC)cc1,TRUE,TRUE,FALSE,268.0023804,TRUE,TRUE,272.6216736,4.619293213
1835,[*]OC([*])CCCCCC(=O)OC(C)(C)Oc1ccccc1,TRUE,TRUE,FALSE,272.6548462,TRUE,TRUE,272.1611633,0.493682861
4374,[*]CC([*])OCCCc1cc(C)nc(C)c1,TRUE,TRUE,FALSE,269.9575195,TRUE,TRUE,271.4728394,1.515319824
2537,[*]/C=C/CC(F)(F)C(CCCC)C(=O)O[*],TRUE,TRUE,FALSE,263.9945679,TRUE,TRUE,271.4476318,7.453063965
3527,[*]NC(CCCCCC)C(=O)OCCc1cccc(OC(=O)CCCCC([*])(C)C)c1,TRUE,TRUE,FALSE,274.9233093,TRUE,TRUE,271.4187317,3.504577637
2281,[*]O[Si]([*])(C)Cc1ccc(F)c(OC(F)(F)C#N)c1,TRUE,TRUE,FALSE,267.8267822,TRUE,TRUE,271.3599854,3.533203125
987,[*]CC#CC(F)(F)C(F)(F)Oc1ccc(OCC(O[*])OCCCCCC)cc1,TRUE,TRUE,FALSE,277.708252,TRUE,TRUE,270.5299072,7.178344727
2397,[*]CC(C#N)C(=O)OCCCCCCCCOC(=O)OCC([*])=O,TRUE,TRUE,FALSE,268.0302429,TRUE,TRUE,270.3139038,2.283660889
1481,[*]CCOCCCCCCCOC(=O)C(C)(C)c1ccc(OC(=O)CCCCCCC(=O)OCCCO[*])cc1,TRUE,TRUE,FALSE,268.4805298,TRUE,TRUE,270.2716675,1.791137695
2896,[*]CC/C=C/CCCC([*])OC(=O)OCCC[Si](C)(C)c1ccc(CI)cc1,TRUE,TRUE,FALSE,267.4107971,TRUE,TRUE,269.0249023,1.614105225
4600,[*]CC([*])[Si](C)(CCOC(=O)OCCCCC)N(C)CO,TRUE,TRUE,FALSE,276.4832153,TRUE,TRUE,268.4993896,7.983825684
3031,[*]CC([*])C(=O)OCCCCCCc1ccc(OC(F)(F)C(C)(C)CC)cc1,TRUE,TRUE,FALSE,275.6245728,TRUE,TRUE,267.9649353,7.659637451
3722,[*]CCCCC(C)=[SH](=C=[*])c1ccc(C)c(SCCCCCCC)c1,TRUE,TRUE,FALSE,268.5304565,TRUE,TRUE,267.4827576,1.047698975
3687,[*]O[Si]([*])(C)C(=O)NCCCCCCCCc1cc(C)ccc1SCCCC,TRUE,TRUE,FALSE,267.2966919,TRUE,TRUE,266.8664551,0.430236816
2291,[*]CCOCC(=O)OC(=O)CCCCCCC(=O)N[*],TRUE,TRUE,FALSE,274.0179443,TRUE,TRUE,266.7381592,7.279785156
4382,[*]CCN(CCC)CC(=O)OCC([*])CCCCCCCCC,TRUE,TRUE,FALSE,259.6676636,TRUE,TRUE,266.4397278,6.772064209
1590,[*]CC([*])c1ccc(COCCCCOC)cc1C,TRUE,TRUE,FALSE,263.991333,TRUE,TRUE,266.309021,2.317687988
4565,[*]CCCCOC(=O)CCCC(=O)OC1CCC(S[*])OC1,TRUE,TRUE,FALSE,272.6940918,TRUE,TRUE,265.8954773,6.798614502
4397,[*]CC/C=C(/[*])CCCCCCOC(=O)c1ccc(SNCCCCCCC)cc1,TRUE,TRUE,FALSE,270.4651489,TRUE,TRUE,265.6786804,4.786468506
1567,[*]N=P(C)(COCCCCO)c1ccc(C(C)C(=O)O[Si](C)(C)O[*])cc1,TRUE,TRUE,FALSE,264.96521,TRUE,TRUE,265.4089661,0.443756104
2184,[*]CC(CC([*])=O)c1ccc(COCCCCCCCCC)cc1,TRUE,TRUE,FALSE,261.5224609,TRUE,TRUE,265.1965942,3.674133301
3321,[*]CC(=O)CCCCCOC(=O)CCCCCN[*],TRUE,TRUE,FALSE,266.5223999,TRUE,TRUE,264.8419495,1.680450439
294,[*]/C=C(/[*])CCCCOC(=O)OCCCCCCC,TRUE,TRUE,FALSE,264.67453,TRUE,TRUE,263.736969,0.937561035
1897,[*]CCOCCCCCO[Si]([*])(C)C(=O)c1ccc(OCCCOC)cc1,TRUE,TRUE,FALSE,259.1253662,TRUE,TRUE,263.3963318,4.270965576
816,[*]OCC(C)(C)COC(=O)CCCCCOC(=O)C([*])=O,TRUE,TRUE,FALSE,269.1445313,TRUE,TRUE,262.8775635,6.266967773
2611,[*]CC([*])C=CCCCCC,TRUE,TRUE,FALSE,263.1979675,TRUE,TRUE,262.7837524,0.414215088
1110,[*]O[Si]([*])(C)CCCCCCC(=O)OCCCCCCCCOC(=O)NCCC[Si](C)(C)C,TRUE,TRUE,FALSE,258.5394897,TRUE,TRUE,262.3345947,3.79510498
3741,[*]CC(=O)OCCCCCN([*])CBr,TRUE,TRUE,FALSE,255.7989655,TRUE,TRUE,262.1152344,6.316268921
1613,[*]CCCCCOC(=O)CCCCCSC(=O)O[*],TRUE,TRUE,FALSE,253.8480072,TRUE,TRUE,261.8795166,8.031509399
1870,[*]OC([*])C(=O)OC(C)CCCCOC(=O)OC,TRUE,TRUE,FALSE,256.0870056,TRUE,TRUE,258.4197998,2.332794189
4040,[*]CC(=O)CCCCOC(=O)CS[*],TRUE,TRUE,FALSE,263.7722473,TRUE,TRUE,256.6171265,7.15512085
4519,[*]CC([*])CCSC(=O)OCCCCC,TRUE,TRUE,FALSE,247.3884125,TRUE,TRUE,255.295166,7.90675354
1173,[*]O[Si](C)(C)CCCCCOc1ccc(C([*])CN)cc1,TRUE,TRUE,FALSE,252.9093628,TRUE,TRUE,255.0122681,2.102905273
3414,[*]CCCP(=O)(CCCCCCOC(=O)NCCCCCCO)COC(=O)CC(C)O[*],TRUE,TRUE,FALSE,257.2686157,TRUE,TRUE,253.0619354,4.206680298
4185,[*]CCC(C)(C)COC(=O)CCCCCC(=O)O[*],TRUE,TRUE,FALSE,259.2802124,TRUE,TRUE,252.9252014,6.355010986
495,[*]CCP(COC(=O)OC)C([*])C(=O)OCCCCC,TRUE,TRUE,FALSE,249.6939545,TRUE,TRUE,252.6692047,2.975250244
4025,[*]CCCCN(CC(=O)CCCCC)CS[*],TRUE,TRUE,FALSE,256.4862671,TRUE,TRUE,249.8912811,6.594985962
1030,[*]CCC(=O)OC(=O)CCCCCCC[Si](O)(Cl)NC([*])=O,TRUE,TRUE,FALSE,252.8638763,TRUE,TRUE,249.3759308,3.487945557
202,[*]CCC(C)(C)CCCOC(=O)CCCCCCCOC(=O)C(CCC)[N+]([*])C,TRUE,TRUE,FALSE,253.8558197,TRUE,TRUE,248.9732513,4.882568359
3403,[*]/C=C/C(C#N)CSCCCCCCCC(=O)OCCCC([*])=O,TRUE,TRUE,FALSE,253.2269592,TRUE,TRUE,248.1942444,5.032714844
1186,[*]CC=C(CC)CCCS[*],TRUE,TRUE,FALSE,251.3375397,TRUE,TRUE,247.7719421,3.565597534
2689,[*]CCN(C)C(=O)OCCOC(=O)CCCCCCC(=O)O[*],TRUE,TRUE,FALSE,251.2266846,TRUE,TRUE,247.0439301,4.182754517
2106,[*]CC(CCCCCOC(=O)CCCCC(=O)OCCCCCCN)CCO[*],TRUE,TRUE,FALSE,237.7811432,TRUE,TRUE,243.1934357,5.41229248
1586,[*]CCN=CCCCCCC(=O)OCS[Si](C)=O,TRUE,TRUE,FALSE,246.0686493,TRUE,TRUE,240.2680969,5.800552368
248,[*]CCC/C=C/CCC([*])SC,TRUE,TRUE,FALSE,236.8545227,TRUE,TRUE,239.7566223,2.902099609
4572,[*]CCCCCCOC(=O)CCCCCCCSSCC([*])=O,TRUE,TRUE,FALSE,235.000946,TRUE,TRUE,238.4984131,3.497467041
1903,[*]COC(CCCC)C(=O)OCCCCC(=O)O[*],TRUE,TRUE,FALSE,240.0103607,TRUE,TRUE,237.703949,2.306411743
3050,[*]CCCCCCN[Si]([*])(C)C,TRUE,TRUE,FALSE,223.1886139,TRUE,TRUE,226.5461273,3.357513428
1785,[*]CC(C)(C)OCCCC[Si]([*])(C)C,TRUE,TRUE,FALSE,210.3832245,TRUE,TRUE,215.4127808,5.029556274
4372,[*]CC(CO[*])SCCCCCC,TRUE,TRUE,FALSE,219.0356445,TRUE,TRUE,214.9981537,4.037490845
1154,[*]CCCCCCCOCCOCCCCC,TRUE,TRUE,FALSE,213.0951996,TRUE,TRUE,204.755188,8.340011597
,,,,,,,,,
,,,,,,,,,
,,,,,,,,,
,,,,,,,,,
,,,,,,,,,
,,,,,,,,,
,,,,,,,,,
,,,,,,,,,
,,,,,,,,,
,,,,,,,,,
,,,,,,,,,
,,,,,,,,,
,,,,,,,,,
,,,,,,,,,
,,,,,,,,,
,,,,,,,,,
,,,,,,,,,
,,,,,,,,,
,,,,,,,,,
,,,,,,,,,
,,,,,,,,,
,,,,,,,,,
,,,,,,,,,
,,,,,,,,,
,,,,,,,,,
825,[*]CC[Si]([*])OCCCCCCCCOC(=O)NCC(C)(C)SCc1cccc(OC)c1,TRUE,TRUE,FALSE,260.4171448,TRUE,FALSE,269.0737305,8.656585693
,,,,,,,,,
,,,,,,,,,
,,,,,,,,,
,,,,,,,,,
,,,,,,,,,
,,,,,,,,,
,,,,,,,,,
,,,,,,,,,
,,,,,,,,,
,,,,,,,,,
,,,,,,,,,
,,,,,,,,,
,,,,,,,,,
,,,,,,,,,
,,,,,,,,,
,,,,,,,,,
,,,,,,,,,
,,,,,,,,,
,,,,,,,,,
,,,,,,,,,
,,,,,,,,,
,,,,,,,,,
,,,,,,,,,
,,,,,,,,,
,,,,,,,,,
,,,,,,,,,
,,,,,,,,,
,,,,,,,,,
,,,,,,,,,
,,,,,,,,,
,,,,,,,,,
,,,,,,,,,
,,,,,,,,,
,,,,,,,,,
,,,,,,,,,
,,,,,,,,,
,,,,,,,,,
,,,,,,,,,
,,,,,,,,,
408,[*]CC(c1ccccc1)C([*])(OC)Oc1ccc(OCCCCCC)c(OC)c1,TRUE,TRUE,FALSE,313.1791687,TRUE,FALSE,322.2257385,9.046569824
,,,,,,,,,
,,,,,,,,,
,,,,,,,,,
,,,,,,,,,
,,,,,,,,,
,,,,,,,,,
,,,,,,,,,
,,,,,,,,,
,,,,,,,,,
,,,,,,,,,
,,,,,,,,,
,,,,,,,,,
,,,,,,,,,
,,,,,,,,,
,,,,,,,,,
3240,[*]CC(C=C)(OCCOc1ccc(/C=N/c2ccc(OC)cc2)cc1)S[*],TRUE,TRUE,FALSE,335.3701477,TRUE,FALSE,326.2098999,9.160247803
3667,[*]C#CC([*])C(=O)OCCCCCCS(=O)(=O)c1ccc(CO)cc1,TRUE,TRUE,FALSE,330.0664673,TRUE,FALSE,320.9057617,9.160705566
,,,,,,,,,
,,,,,,,,,
,,,,,,,,,
,,,,,,,,,
,,,,,,,,,
,,,,,,,,,
,,,,,,,,,
,,,,,,,,,
,,,,,,,,,
,,,,,,,,,
,,,,,,,,,
,,,,,,,,,
,,,,,,,,,
,,,,,,,,,
,,,,,,,,,
,,,,,,,,,
,,,,,,,,,
,,,,,,,,,
,,,,,,,,,
,,,,,,,,,
,,,,,,,,,
,,,,,,,,,
,,,,,,,,,
,,,,,,,,,
,,,,,,,,,
,,,,,,,,,
,,,,,,,,,
784,[*]CC(C[*])C(=O)C(C)CCCCCN,TRUE,TRUE,FALSE,318.3492126,TRUE,FALSE,308.9075623,9.441650391
,,,,,,,,,
,,,,,,,,,
,,,,,,,,,
,,,,,,,,,
,,,,,,,,,
,,,,,,,,,
,,,,,,,,,
,,,,,,,,,
,,,,,,,,,
,,,,,,,,,
,,,,,,,,,
,,,,,,,,,
,,,,,,,,,
,,,,,,,,,
,,,,,,,,,
,,,,,,,,,
,,,,,,,,,
,,,,,,,,,
,,,,,,,,,
,,,,,,,,,
,,,,,,,,,
,,,,,,,,,
,,,,,,,,,
,,,,,,,,,
,,,,,,,,,
,,,,,,,,,
,,,,,,,,,
,,,,,,,,,
,,,,,,,,,
,,,,,,,,,
,,,,,,,,,
,,,,,,,,,
,,,,,,,,,
,,,,,,,,,
,,,,,,,,,
,,,,,,,,,
,,,,,,,,,
,,,,,,,,,
,,,,,,,,,
,,,,,,,,,
,,,,,,,,,
,,,,,,,,,
,,,,,,,,,
,,,,,,,,,
,,,,,,,,,
,,,,,,,,,
,,,,,,,,,
,,,,,,,,,
,,,,,,,,,
,,,,,,,,,
,,,,,,,,,
,,,,,,,,,
2914,[*]CCC([*])COc1ccc(OCCCCCCCOC(=O)c2cccc([N+](=O)[O-])c2)cc1,TRUE,TRUE,FALSE,305.0379028,TRUE,FALSE,295.1836853,9.854217529
,,,,,,,,,
,,,,,,,,,
,,,,,,,,,
,,,,,,,,,
,,,,,,,,,
,,,,,,,,,
,,,,,,,,,
,,,,,,,,,
,,,,,,,,,
,,,,,,,,,
,,,,,,,,,
,,,,,,,,,
,,,,,,,,,
,,,,,,,,,
,,,,,,,,,
,,,,,,,,,
,,,,,,,,,
,,,,,,,,,
,,,,,,,,,
,,,,,,,,,
,,,,,,,,,
,,,,,,,,,
,,,,,,,,,
,,,,,,,,,
,,,,,,,,,
,,,,,,,,,
,,,,,,,,,
,,,,,,,,,
,,,,,,,,,
,,,,,,,,,
,,,,,,,,,
,,,,,,,,,
,,,,,,,,,
,,,,,,,,,
,,,,,,,,,
,,,,,,,,,
1906,[*]NC(C[*])CCOC(=O)c1ccc(C(=O)OC[Si](C)(C)C)cc1,TRUE,TRUE,FALSE,332.3396912,TRUE,FALSE,342.5118408,10.17214966
,,,,,,,,,
,,,,,,,,,
,,,,,,,,,
,,,,,,,,,
,,,,,,,,,
,,,,,,,,,
,,,,,,,,,
,,,,,,,,,
,,,,,,,,,
,,,,,,,,,
,,,,,,,,,
,,,,,,,,,
,,,,,,,,,
,,,,,,,,,
,,,,,,,,,
,,,,,,,,,
,,,,,,,,,
,,,,,,,,,
,,,,,,,,,
,,,,,,,,,
,,,,,,,,,
,,,,,,,,,
,,,,,,,,,
,,,,,,,,,
,,,,,,,,,
,,,,,,,,,
734,[*]CC[Fe]([*])OCCCCCCC(CO)SCC,TRUE,TRUE,FALSE,213.9535522,TRUE,FALSE,224.2944794,10.34092712
,,,,,,,,,
,,,,,,,,,
,,,,,,,,,
,,,,,,,,,
,,,,,,,,,
,,,,,,,,,
,,,,,,,,,
,,,,,,,,,
,,,,,,,,,
,,,,,,,,,
,,,,,,,,,
,,,,,,,,,
,,,,,,,,,
,,,,,,,,,
,,,,,,,,,
,,,,,,,,,
,,,,,,,,,
,,,,,,,,,
,,,,,,,,,
,,,,,,,,,
,,,,,,,,,
,,,,,,,,,
,,,,,,,,,
,,,,,,,,,
,,,,,,,,,
,,,,,,,,,
,,,,,,,,,
,,,,,,,,,
,,,,,,,,,
,,,,,,,,,
,,,,,,,,,
,,,,,,,,,
4506,[*]CC(C[*])c1ccc(Cc2ccccc2)cc1,TRUE,TRUE,FALSE,377.4111633,TRUE,FALSE,388.0907898,10.67962646
,,,,,,,,,
,,,,,,,,,
,,,,,,,,,
,,,,,,,,,
,,,,,,,,,
,,,,,,,,,
,,,,,,,,,
,,,,,,,,,
,,,,,,,,,
,,,,,,,,,
,,,,,,,,,
4975,[*]CC(CC(=O)OCCCCCSC(=O)O)=C([*])CCl,TRUE,TRUE,FALSE,293.2299805,TRUE,FALSE,304.069519,10.83953857
,,,,,,,,,
,,,,,,,,,
,,,,,,,,,
,,,,,,,,,
,,,,,,,,,
,,,,,,,,,
,,,,,,,,,
,,,,,,,,,
,,,,,,,,,
,,,,,,,,,
,,,,,,,,,
,,,,,,,,,
,,,,,,,,,
,,,,,,,,,
,,,,,,,,,
,,,,,,,,,
,,,,,,,,,
,,,,,,,,,
,,,,,,,,,
,,,,,,,,,
,,,,,,,,,
,,,,,,,,,
,,,,,,,,,
,,,,,,,,,
,,,,,,,,,
,,,,,,,,,
,,,,,,,,,
,,,,,,,,,
,,,,,,,,,
,,,,,,,,,
,,,,,,,,,
2552,[*]OC(F)(F)C([*])(F)C(=O)NCCCCCNC(=O)c1ccccc1C(F)(F)C(F)(F)C(F)(F)F,TRUE,TRUE,FALSE,337.4863892,TRUE,FALSE,326.2678223,11.21856689
,,,,,,,,,
,,,,,,,,,
,,,,,,,,,
,,,,,,,,,
,,,,,,,,,
,,,,,,,,,
,,,,,,,,,
,,,,,,,,,
,,,,,,,,,
,,,,,,,,,
,,,,,,,,,
,,,,,,,,,
,,,,,,,,,
,,,,,,,,,
,,,,,,,,,
,,,,,,,,,
,,,,,,,,,
,,,,,,,,,
,,,,,,,,,
,,,,,,,,,
,,,,,,,,,
,,,,,,,,,
,,,,,,,,,
,,,,,,,,,
,,,,,,,,,
,,,,,,,,,
,,,,,,,,,
,,,,,,,,,
,,,,,,,,,
,,,,,,,,,
,,,,,,,,,
,,,,,,,,,
,,,,,,,,,
,,,,,,,,,
,,,,,,,,,
,,,,,,,,,
,,,,,,,,,
,,,,,,,,,
,,,,,,,,,
,,,,,,,,,
,,,,,,,,,
,,,,,,,,,
1588,[*]NC(CCCC)C([*])(C)NC(=O)CCCC,TRUE,TRUE,FALSE,314.0667725,TRUE,FALSE,302.423584,11.64318848
,,,,,,,,,
,,,,,,,,,
,,,,,,,,,
,,,,,,,,,
,,,,,,,,,
,,,,,,,,,
,,,,,,,,,
,,,,,,,,,
,,,,,,,,,
,,,,,,,,,
,,,,,,,,,
,,,,,,,,,
,,,,,,,,,
,,,,,,,,,
,,,,,,,,,
,,,,,,,,,
,,,,,,,,,
,,,,,,,,,
,,,,,,,,,
,,,,,,,,,
,,,,,,,,,
4737,[*]OC=C([*])COC(=O)c1ccc(NC(=O)OC)cc1,TRUE,TRUE,FALSE,326.8298035,TRUE,FALSE,314.9989624,11.83084106
,,,,,,,,,
,,,,,,,,,
,,,,,,,,,
,,,,,,,,,
,,,,,,,,,
,,,,,,,,,
,,,,,,,,,
,,,,,,,,,
,,,,,,,,,
,,,,,,,,,
,,,,,,,,,
,,,,,,,,,
,,,,,,,,,
,,,,,,,,,
,,,,,,,,,
,,,,,,,,,
,,,,,,,,,
,,,,,,,,,
,,,,,,,,,
,,,,,,,,,
,,,,,,,,,
,,,,,,,,,
,,,,,,,,,
,,,,,,,,,
,,,,,,,,,
,,,,,,,,,
,,,,,,,,,
,,,,,,,,,
,,,,,,,,,
670,[*]CCC([*])CCCNC(=O)c1ccc(C(=O)N(CCCCCCC)N=C[Si](C)(C)O)cc1,TRUE,TRUE,FALSE,365.3392029,TRUE,FALSE,353.2643433,12.07485962
,,,,,,,,,
,,,,,,,,,
,,,,,,,,,
,,,,,,,,,
,,,,,,,,,
,,,,,,,,,
,,,,,,,,,
,,,,,,,,,
,,,,,,,,,
,,,,,,,,,
,,,,,,,,,
917,[*]NC(C)(CSC)C([*])(C#N)CSCCC/N=N/c1ccc(S(F)(F)F)cc1,TRUE,TRUE,FALSE,333.1126709,TRUE,FALSE,320.93396,12.17871094
,,,,,,,,,
,,,,,,,,,
,,,,,,,,,
,,,,,,,,,
,,,,,,,,,
,,,,,,,,,
,,,,,,,,,
,,,,,,,,,
,,,,,,,,,
,,,,,,,,,
,,,,,,,,,
,,,,,,,,,
,,,,,,,,,
,,,,,,,,,
,,,,,,,,,
,,,,,,,,,
,,,,,,,,,
,,,,,,,,,
,,,,,,,,,
,,,,,,,,,
,,,,,,,,,
,,,,,,,,,
,,,,,,,,,
,,,,,,,,,
,,,,,,,,,
,,,,,,,,,
,,,,,,,,,
,,,,,,,,,
,,,,,,,,,
,,,,,,,,,
,,,,,,,,,
,,,,,,,,,
,,,,,,,,,
,,,,,,,,,
,,,,,,,,,
,,,,,,,,,
,,,,,,,,,
,,,,,,,,,
,,,,,,,,,
,,,,,,,,,
,,,,,,,,,
,,,,,,,,,
,,,,,,,,,
,,,,,,,,,
,,,,,,,,,
,,,,,,,,,
,,,,,,,,,
,,,,,,,,,
,,,,,,,,,
,,,,,,,,,
,,,,,,,,,
,,,,,,,,,
,,,,,,,,,
4507,[*]C#CC([*])Oc1ccc(OC(=O)c2ccc(-c3ccc(CCCCCO)cc3)cc2)cc1,TRUE,TRUE,FALSE,348.2097473,TRUE,FALSE,360.838562,12.6288147
,,,,,,,,,
,,,,,,,,,
,,,,,,,,,
,,,,,,,,,
,,,,,,,,,
,,,,,,,,,
,,,,,,,,,
,,,,,,,,,
,,,,,,,,,
,,,,,,,,,
,,,,,,,,,
,,,,,,,,,
,,,,,,,,,
,,,,,,,,,
,,,,,,,,,
,,,,,,,,,
,,,,,,,,,
,,,,,,,,,
4403,[*]O[Si](C)(C)C([*])c1ccc(C)c(OC(=O)Cc2ccc(C)cc2)c1Cl,TRUE,TRUE,FALSE,284.3344421,TRUE,FALSE,297.2204285,12.88598633
,,,,,,,,,
4682,[*]N=CC([*])(C)[SH](=O)(O)CC,TRUE,TRUE,FALSE,360.8657837,TRUE,FALSE,373.767334,12.90155029
,,,,,,,,,
,,,,,,,,,
,,,,,,,,,
,,,,,,,,,
,,,,,,,,,
,,,,,,,,,
,,,,,,,,,
,,,,,,,,,
,,,,,,,,,
,,,,,,,,,
,,,,,,,,,
,,,,,,,,,
,,,,,,,,,
,,,,,,,,,
,,,,,,,,,
,,,,,,,,,
,,,,,,,,,
,,,,,,,,,
,,,,,,,,,
,,,,,,,,,
,,,,,,,,,
,,,,,,,,,
,,,,,,,,,
,,,,,,,,,
,,,,,,,,,
,,,,,,,,,
,,,,,,,,,
,,,,,,,,,
,,,,,,,,,
,,,,,,,,,
,,,,,,,,,
,,,,,,,,,
,,,,,,,,,
,,,,,,,,,
,,,,,,,,,
,,,,,,,,,
,,,,,,,,,
,,,,,,,,,
,,,,,,,,,
,,,,,,,,,
,,,,,,,,,
,,,,,,,,,
463,[*]CCC([*])(CCCCC)C(=O)OCCOc1cccc(-c2ccc(C#N)c(C)c2)c1,TRUE,TRUE,FALSE,326.8519592,TRUE,FALSE,313.6414795,13.21047974
,,,,,,,,,
,,,,,,,,,
,,,,,,,,,
3757,[*]OCC([*])(C)C(=O)OCCCCCOc1ccc(/[SH]=N/c2ccc(OCC(C)C)cc2)cc1,TRUE,TRUE,FALSE,319.9112549,TRUE,FALSE,333.2099304,13.29867554
,,,,,,,,,
,,,,,,,,,
,,,,,,,,,
,,,,,,,,,
,,,,,,,,,
,,,,,,,,,
,,,,,,,,,
,,,,,,,,,
,,,,,,,,,
,,,,,,,,,
,,,,,,,,,
,,,,,,,,,
,,,,,,,,,
,,,,,,,,,
,,,,,,,,,
,,,,,,,,,
,,,,,,,,,
,,,,,,,,,
,,,,,,,,,
,,,,,,,,,
,,,,,,,,,
,,,,,,,,,
,,,,,,,,,
4721,[*]CC[N+]([*])(C)CCCCOc1ccc(-c2ccccc2)cc1,TRUE,TRUE,FALSE,307.5769043,TRUE,FALSE,321.0636597,13.48675537
,,,,,,,,,
,,,,,,,,,
,,,,,,,,,
,,,,,,,,,
,,,,,,,,,
,,,,,,,,,
,,,,,,,,,
,,,,,,,,,
,,,,,,,,,
,,,,,,,,,
,,,,,,,,,
,,,,,,,,,
,,,,,,,,,
,,,,,,,,,
,,,,,,,,,
,,,,,,,,,
,,,,,,,,,
,,,,,,,,,
,,,,,,,,,
94,[*]CCC([*])CNC(=O)c1cc(C)ccc1COC(=O)NCCCCCC,TRUE,TRUE,FALSE,306.8478394,TRUE,FALSE,320.5428467,13.69500732
,,,,,,,,,
,,,,,,,,,
,,,,,,,,,
,,,,,,,,,
,,,,,,,,,
,,,,,,,,,
,,,,,,,,,
,,,,,,,,,
,,,,,,,,,
,,,,,,,,,
,,,,,,,,,
,,,,,,,,,
,,,,,,,,,
,,,,,,,,,
,,,,,,,,,
,,,,,,,,,
,,,,,,,,,
,,,,,,,,,
,,,,,,,,,
,,,,,,,,,
,,,,,,,,,
,,,,,,,,,
,,,,,,,,,
,,,,,,,,,
,,,,,,,,,
,,,,,,,,,
,,,,,,,,,
,,,,,,,,,
,,,,,,,,,
,,,,,,,,,
,,,,,,,,,
,,,,,,,,,
,,,,,,,,,
,,,,,,,,,
,,,,,,,,,
,,,,,,,,,
,,,,,,,,,
,,,,,,,,,
,,,,,,,,,
,,,,,,,,,
,,,,,,,,,
,,,,,,,,,
1773,[*][Sn]C(CCCOC(C)=O)=C([*])C#N,TRUE,TRUE,FALSE,378.7546692,TRUE,FALSE,392.9029846,14.14831543
,,,,,,,,,
,,,,,,,,,
,,,,,,,,,
,,,,,,,,,
3239,[*]OCC([*])COC(=O)c1cc(S(=O)(=O)OCCCCCCC)c(C#N)cc1OCc1ccc(Cl)cc1,TRUE,TRUE,FALSE,313.6454468,TRUE,FALSE,327.8336487,14.1882019
,,,,,,,,,
,,,,,,,,,
,,,,,,,,,
,,,,,,,,,
,,,,,,,,,
,,,,,,,,,
,,,,,,,,,
,,,,,,,,,
,,,,,,,,,
,,,,,,,,,
,,,,,,,,,
,,,,,,,,,
,,,,,,,,,
,,,,,,,,,
,,,,,,,,,
,,,,,,,,,
,,,,,,,,,
,,,,,,,,,
,,,,,,,,,
,,,,,,,,,
,,,,,,,,,
,,,,,,,,,
,,,,,,,,,
,,,,,,,,,
,,,,,,,,,
,,,,,,,,,
,,,,,,,,,
,,,,,,,,,
,,,,,,,,,
,,,,,,,,,
,,,,,,,,,
,,,,,,,,,
,,,,,,,,,
,,,,,,,,,
,,,,,,,,,
,,,,,,,,,
,,,,,,,,,
,,,,,,,,,
,,,,,,,,,
,,,,,,,,,
,,,,,,,,,
,,,,,,,,,
,,,,,,,,,
,,,,,,,,,
,,,,,,,,,
,,,,,,,,,
,,,,,,,,,
,,,,,,,,,
,,,,,,,,,
,,,,,,,,,
,,,,,,,,,
,,,,,,,,,
,,,,,,,,,
,,,,,,,,,
,,,,,,,,,
,,,,,,,,,
,,,,,,,,,
,,,,,,,,,
,,,,,,,,,
,,,,,,,,,
,,,,,,,,,
,,,,,,,,,
,,,,,,,,,
2215,[*]CC(O[*])C(C)OCCCCS(=O)(=O)c1ccc(C(C)(C)O)cc1,TRUE,TRUE,FALSE,340.269928,TRUE,FALSE,325.3311768,14.93875122
,,,,,,,,,
,,,,,,,,,
,,,,,,,,,
,,,,,,,,,
,,,,,,,,,
,,,,,,,,,
2843,[*]CC(CCCN(C)C(=O)c1ccc(C(=O)OC)cc1)C([*])COC(=O)c1ccc(C#C)cc1,TRUE,TRUE,FALSE,339.2636414,TRUE,FALSE,354.2548828,14.99124146
,,,,,,,,,
,,,,,,,,,
,,,,,,,,,
,,,,,,,,,
,,,,,,,,,
833,[*]CCC([*])COc1ccc(S(=O)(=O)CCCCCCOC(C)=O)cc1,TRUE,TRUE,FALSE,308.614563,TRUE,FALSE,293.5521545,15.06240845
,,,,,,,,,
,,,,,,,,,
,,,,,,,,,
,,,,,,,,,
,,,,,,,,,
,,,,,,,,,
,,,,,,,,,
,,,,,,,,,
1797,[*]CCC([*])COC(=O)NCCCCCCS(=O)(=O)c1ccc(C=COC(C)=O)cc1,TRUE,TRUE,FALSE,323.4258423,TRUE,FALSE,308.2780762,15.14776611
,,,,,,,,,
,,,,,,,,,
,,,,,,,,,
,,,,,,,,,
,,,,,,,,,
,,,,,,,,,
,,,,,,,,,
,,,,,,,,,
430,[*]CCC([*])c1ccc(C(=O)OCCCCCCCCCOC)c(C(C)=O)c1,TRUE,TRUE,FALSE,318.1983948,TRUE,FALSE,302.9578247,15.24057007
,,,,,,,,,
,,,,,,,,,
,,,,,,,,,
,,,,,,,,,
,,,,,,,,,
,,,,,,,,,
,,,,,,,,,
,,,,,,,,,
,,,,,,,,,
,,,,,,,,,
,,,,,,,,,
,,,,,,,,,
,,,,,,,,,
,,,,,,,,,
,,,,,,,,,
,,,,,,,,,
,,,,,,,,,
,,,,,,,,,
,,,,,,,,,
,,,,,,,,,
,,,,,,,,,
,,,,,,,,,
,,,,,,,,,
,,,,,,,,,
,,,,,,,,,
,,,,,,,,,
,,,,,,,,,
,,,,,,,,,
,,,,,,,,,
,,,,,,,,,
,,,,,,,,,
,,,,,,,,,
,,,,,,,,,
,,,,,,,,,
,,,,,,,,,
,,,,,,,,,
731,[*]OC(CCCCCCCC)C([*])c1ccc(/N=N/C(C)CC)cc1,TRUE,TRUE,FALSE,297.1875305,TRUE,FALSE,312.889679,15.70214844
,,,,,,,,,
,,,,,,,,,
,,,,,,,,,
,,,,,,,,,
,,,,,,,,,
,,,,,,,,,
,,,,,,,,,
,,,,,,,,,
,,,,,,,,,
,,,,,,,,,
,,,,,,,,,
,,,,,,,,,
,,,,,,,,,
,,,,,,,,,
,,,,,,,,,
,,,,,,,,,
,,,,,,,,,
,,,,,,,,,
,,,,,,,,,
,,,,,,,,,
,,,,,,,,,
,,,,,,,,,
,,,,,,,,,
,,,,,,,,,
,,,,,,,,,
4164,[*]CC(C)(OC)C([*])OCCCCCC,TRUE,TRUE,FALSE,244.0211487,TRUE,FALSE,260.0042114,15.98306274
,,,,,,,,,
,,,,,,,,,
,,,,,,,,,
,,,,,,,,,
,,,,,,,,,
,,,,,,,,,
,,,,,,,,,
,,,,,,,,,
,,,,,,,,,
,,,,,,,,,
,,,,,,,,,
,,,,,,,,,
,,,,,,,,,
,,,,,,,,,
,,,,,,,,,
,,,,,,,,,
,,,,,,,,,
,,,,,,,,,
,,,,,,,,,
,,,,,,,,,
,,,,,,,,,
,,,,,,,,,
,,,,,,,,,
4545,[*]CC[PH]([*])(CCCCC(F)(F)F)C(F)OC(C)C,TRUE,TRUE,FALSE,245.1193848,TRUE,FALSE,261.2980957,16.17871094
,,,,,,,,,
,,,,,,,,,
,,,,,,,,,
,,,,,,,,,
,,,,,,,,,
,,,,,,,,,
,,,,,,,,,
,,,,,,,,,
,,,,,,,,,
,,,,,,,,,
,,,,,,,,,
,,,,,,,,,
,,,,,,,,,
,,,,,,,,,
,,,,,,,,,
,,,,,,,,,
,,,,,,,,,
,,,,,,,,,
,,,,,,,,,
,,,,,,,,,
,,,,,,,,,
,,,,,,,,,
,,,,,,,,,
,,,,,,,,,
,,,,,,,,,
,,,,,,,,,
,,,,,,,,,
,,,,,,,,,
,,,,,,,,,
,,,,,,,,,
,,,,,,,,,
,,,,,,,,,
,,,,,,,,,
,,,,,,,,,
381,[*]CC[Si]([*])(C)CCCCOc1ccc(C(=O)N/N=C/N(C)C(F)(F)F)cc1C,TRUE,TRUE,FALSE,317.8565063,TRUE,FALSE,334.4989929,16.64248657
,,,,,,,,,
582,[*]CC(C[*])OCCCCSCCOC(=O)c1cc(OCCN(C)c2ccc(C#N)cc2)ccc1Br,TRUE,TRUE,FALSE,304.3128967,TRUE,FALSE,320.9572144,16.64431763
,,,,,,,,,
,,,,,,,,,
,,,,,,,,,
,,,,,,,,,
,,,,,,,,,
,,,,,,,,,
,,,,,,,,,
,,,,,,,,,
,,,,,,,,,
4645,[*]CCN([*])OCCCCCCOC(=O)c1ccc(-c2cc(OC)c(C(C)(C)C)cc2)cc1Cl,TRUE,TRUE,FALSE,295.8417358,TRUE,FALSE,312.5672913,16.72555542
,,,,,,,,,
,,,,,,,,,
,,,,,,,,,
,,,,,,,,,
,,,,,,,,,
,,,,,,,,,
,,,,,,,,,
,,,,,,,,,
,,,,,,,,,
,,,,,,,,,
,,,,,,,,,
,,,,,,,,,
,,,,,,,,,
,,,,,,,,,
,,,,,,,,,
,,,,,,,,,
,,,,,,,,,
,,,,,,,,,
,,,,,,,,,
,,,,,,,,,
,,,,,,,,,
,,,,,,,,,
,,,,,,,,,
,,,,,,,,,
,,,,,,,,,
,,,,,,,,,
,,,,,,,,,
,,,,,,,,,
,,,,,,,,,
,,,,,,,,,
,,,,,,,,,
,,,,,,,,,
,,,,,,,,,
,,,,,,,,,
,,,,,,,,,
,,,,,,,,,
,,,,,,,,,
,,,,,,,,,
,,,,,,,,,
,,,,,,,,,
,,,,,,,,,
,,,,,,,,,
,,,,,,,,,
,,,,,,,,,
,,,,,,,,,
,,,,,,,,,
,,,,,,,,,
,,,,,,,,,
,,,,,,,,,
,,,,,,,,,
,,,,,,,,,
,,,,,,,,,
,,,,,,,,,
,,,,,,,,,
,,,,,,,,,
,,,,,,,,,
,,,,,,,,,
,,,,,,,,,
,,,,,,,,,
,,,,,,,,,
,,,,,,,,,
,,,,,,,,,
,,,,,,,,,
,,,,,,,,,
,,,,,,,,,
,,,,,,,,,
,,,,,,,,,
,,,,,,,,,
,,,,,,,,,
,,,,,,,,,
,,,,,,,,,
,,,,,,,,,
,,,,,,,,,
,,,,,,,,,
,,,,,,,,,
,,,,,,,,,
,,,,,,,,,
,,,,,,,,,
,,,,,,,,,
,,,,,,,,,
,,,,,,,,,
,,,,,,,,,
,,,,,,,,,
,,,,,,,,,
,,,,,,,,,
,,,,,,,,,
,,,,,,,,,
,,,,,,,,,
,,,,,,,,,
,,,,,,,,,
,,,,,,,,,
,,,,,,,,,
,,,,,,,,,
,,,,,,,,,
,,,,,,,,,
,,,,,,,,,
,,,,,,,,,
,,,,,,,,,
,,,,,,,,,
,,,,,,,,,
1048,[*]CCC([*])(C)C#CC(=O)NCCCCCCOC(C)=O,TRUE,TRUE,FALSE,340.28125,TRUE,FALSE,322.693512,17.58773804
92,[*]N=P(CCCCC)C([*])(C)Nc1ccc(C#C)cc1,TRUE,TRUE,FALSE,300.9515991,TRUE,FALSE,318.5447998,17.59320068
,,,,,,,,,
,,,,,,,,,
,,,,,,,,,
,,,,,,,,,
,,,,,,,,,
,,,,,,,,,
,,,,,,,,,
4639,[*]CCC([*])(C)C(=O)OCc1ccc(/N=C(\C)c2ccc(C(=O)OCCCC)cc2)cc1Br,TRUE,TRUE,FALSE,331.1190796,TRUE,FALSE,348.7565613,17.63748169
,,,,,,,,,
,,,,,,,,,
,,,,,,,,,
,,,,,,,,,
,,,,,,,,,
,,,,,,,,,
,,,,,,,,,
,,,,,,,,,
,,,,,,,,,
,,,,,,,,,
,,,,,,,,,
,,,,,,,,,
,,,,,,,,,
,,,,,,,,,
,,,,,,,,,
,,,,,,,,,
,,,,,,,,,
,,,,,,,,,
,,,,,,,,,
,,,,,,,,,
,,,,,,,,,
,,,,,,,,,
,,,,,,,,,
,,,,,,,,,
,,,,,,,,,
,,,,,,,,,
,,,,,,,,,
,,,,,,,,,
,,,,,,,,,
,,,,,,,,,
,,,,,,,,,
,,,,,,,,,
,,,,,,,,,
,,,,,,,,,
,,,,,,,,,
,,,,,,,,,
,,,,,,,,,
,,,,,,,,,
,,,,,,,,,
,,,,,,,,,
,,,,,,,,,
,,,,,,,,,
,,,,,,,,,
,,,,,,,,,
,,,,,,,,,
,,,,,,,,,
,,,,,,,,,
,,,,,,,,,
,,,,,,,,,
,,,,,,,,,
2471,[*][Se]C(CCCC)(C([*])=O)CS(=O)(=O)NC(C)C,TRUE,TRUE,FALSE,373.4043579,TRUE,FALSE,355.2642822,18.14007568
,,,,,,,,,
,,,,,,,,,
,,,,,,,,,
,,,,,,,,,
,,,,,,,,,
,,,,,,,,,
,,,,,,,,,
,,,,,,,,,
,,,,,,,,,
,,,,,,,,,
,,,,,,,,,
,,,,,,,,,
,,,,,,,,,
,,,,,,,,,
,,,,,,,,,
,,,,,,,,,
,,,,,,,,,
,,,,,,,,,
,,,,,,,,,
,,,,,,,,,
,,,,,,,,,
,,,,,,,,,
,,,,,,,,,
,,,,,,,,,
,,,,,,,,,
,,,,,,,,,
,,,,,,,,,
,,,,,,,,,
,,,,,,,,,
,,,,,,,,,
,,,,,,,,,
,,,,,,,,,
,,,,,,,,,
,,,,,,,,,
,,,,,,,,,
,,,,,,,,,
,,,,,,,,,
,,,,,,,,,
,,,,,,,,,
,,,,,,,,,
,,,,,,,,,
,,,,,,,,,
,,,,,,,,,
,,,,,,,,,
,,,,,,,,,
,,,,,,,,,
,,,,,,,,,
,,,,,,,,,
,,,,,,,,,
,,,,,,,,,
,,,,,,,,,
,,,,,,,,,
,,,,,,,,,
3587,[*]CCN([*])c1ccc(C(=O)OCCCCOC=C)cc1C,TRUE,TRUE,FALSE,305.0258789,TRUE,FALSE,286.1947937,18.83108521
,,,,,,,,,
,,,,,,,,,
,,,,,,,,,
,,,,,,,,,
,,,,,,,,,
,,,,,,,,,
,,,,,,,,,
,,,,,,,,,
,,,,,,,,,
,,,,,,,,,
,,,,,,,,,
,,,,,,,,,
,,,,,,,,,
,,,,,,,,,
,,,,,,,,,
,,,,,,,,,
,,,,,,,,,
,,,,,,,,,
,,,,,,,,,
,,,,,,,,,
,,,,,,,,,
,,,,,,,,,
,,,,,,,,,
,,,,,,,,,
,,,,,,,,,
,,,,,,,,,
,,,,,,,,,
,,,,,,,,,
,,,,,,,,,
,,,,,,,,,
,,,,,,,,,
,,,,,,,,,
,,,,,,,,,
,,,,,,,,,
,,,,,,,,,
,,,,,,,,,
,,,,,,,,,
,,,,,,,,,
,,,,,,,,,
,,,,,,,,,
,,,,,,,,,
,,,,,,,,,
,,,,,,,,,
,,,,,,,,,
,,,,,,,,,
,,,,,,,,,
,,,,,,,,,
,,,,,,,,,
,,,,,,,,,
,,,,,,,,,
,,,,,,,,,
,,,,,,,,,
,,,,,,,,,
,,,,,,,,,
,,,,,,,,,
,,,,,,,,,
,,,,,,,,,
,,,,,,,,,
,,,,,,,,,
,,,,,,,,,
,,,,,,,,,
,,,,,,,,,
,,,,,,,,,
,,,,,,,,,
,,,,,,,,,
,,,,,,,,,
,,,,,,,,,
,,,,,,,,,
,,,,,,,,,
,,,,,,,,,
,,,,,,,,,
,,,,,,,,,
,,,,,,,,,
,,,,,,,,,
,,,,,,,,,
,,,,,,,,,
,,,,,,,,,
,,,,,,,,,
,,,,,,,,,
,,,,,,,,,
3152,[*]CCC([*])C(=O)OCCCCCCNC(=O)c1ccc(OC(C)(C)COc2ccccc2)cc1,TRUE,TRUE,FALSE,320.3817139,TRUE,FALSE,340.0848999,19.70318604
,,,,,,,,,
,,,,,,,,,
,,,,,,,,,
,,,,,,,,,
,,,,,,,,,
404,[*]CCC(=[*])COC(=O)NCCCCCCCCCCOC(C)(C)CC(F)(F)C(F)(F)C(F)(F)F,TRUE,TRUE,FALSE,258.072876,TRUE,FALSE,277.8381348,19.76525879
,,,,,,,,,
,,,,,,,,,
,,,,,,,,,
,,,,,,,,,
,,,,,,,,,
,,,,,,,,,
,,,,,,,,,
,,,,,,,,,
,,,,,,,,,
,,,,,,,,,
,,,,,,,,,
,,,,,,,,,
,,,,,,,,,
,,,,,,,,,
,,,,,,,,,
,,,,,,,,,
,,,,,,,,,
,,,,,,,,,
,,,,,,,,,
,,,,,,,,,
,,,,,,,,,
,,,,,,,,,
,,,,,,,,,
,,,,,,,,,
,,,,,,,,,
,,,,,,,,,
,,,,,,,,,
,,,,,,,,,
,,,,,,,,,
,,,,,,,,,
,,,,,,,,,
,,,,,,,,,
,,,,,,,,,
,,,,,,,,,
,,,,,,,,,
,,,,,,,,,
,,,,,,,,,
,,,,,,,,,
,,,,,,,,,
,,,,,,,,,
,,,,,,,,,
,,,,,,,,,
,,,,,,,,,
,,,,,,,,,
,,,,,,,,,
,,,,,,,,,
,,,,,,,,,
2352,[*]CO[Si]([*])(C)Oc1ccc(C(=O)CCCC)cc1,TRUE,TRUE,FALSE,268.9010925,TRUE,FALSE,248.5680695,20.33302307
,,,,,,,,,
,,,,,,,,,
396,[*]O[Si](C)(C=[*])OCCC(C)CC(=O)N(C)OC,TRUE,TRUE,FALSE,243.0818787,TRUE,FALSE,222.7276764,20.35420227
,,,,,,,,,
,,,,,,,,,
,,,,,,,,,
,,,,,,,,,
,,,,,,,,,
,,,,,,,,,
,,,,,,,,,
,,,,,,,,,
,,,,,,,,,
,,,,,,,,,
,,,,,,,,,
,,,,,,,,,
,,,,,,,,,
,,,,,,,,,
,,,,,,,,,
,,,,,,,,,
,,,,,,,,,
,,,,,,,,,
,,,,,,,,,
,,,,,,,,,
,,,,,,,,,
,,,,,,,,,
,,,,,,,,,
,,,,,,,,,
,,,,,,,,,
,,,,,,,,,
,,,,,,,,,
,,,,,,,,,
,,,,,,,,,
,,,,,,,,,
,,,,,,,,,
,,,,,,,,,
,,,,,,,,,
,,,,,,,,,
,,,,,,,,,
,,,,,,,,,
,,,,,,,,,
,,,,,,,,,
,,,,,,,,,
,,,,,,,,,
,,,,,,,,,
,,,,,,,,,
,,,,,,,,,
,,,,,,,,,
,,,,,,,,,
,,,,,,,,,
,,,,,,,,,
,,,,,,,,,
,,,,,,,,,
,,,,,,,,,
,,,,,,,,,
,,,,,,,,,
,,,,,,,,,
,,,,,,,,,
,,,,,,,,,
,,,,,,,,,
,,,,,,,,,
,,,,,,,,,
,,,,,,,,,
,,,,,,,,,
,,,,,,,,,
,,,,,,,,,
,,,,,,,,,
,,,,,,,,,
,,,,,,,,,
,,,,,,,,,
,,,,,,,,,
,,,,,,,,,
,,,,,,,,,
,,,,,,,,,
,,,,,,,,,
,,,,,,,,,
,,,,,,,,,
,,,,,,,,,
,,,,,,,,,
,,,,,,,,,
,,,,,,,,,
,,,,,,,,,
,,,,,,,,,
,,,,,,,,,
,,,,,,,,,
,,,,,,,,,
,,,,,,,,,
,,,,,,,,,
,,,,,,,,,
,,,,,,,,,
,,,,,,,,,
,,,,,,,,,
,,,,,,,,,
,,,,,,,,,
,,,,,,,,,
,,,,,,,,,
,,,,,,,,,
,,,,,,,,,
,,,,,,,,,
,,,,,,,,,
,,,,,,,,,
,,,,,,,,,
,,,,,,,,,
,,,,,,,,,
,,,,,,,,,
,,,,,,,,,
,,,,,,,,,
,,,,,,,,,
,,,,,,,,,
,,,,,,,,,
,,,,,,,,,
,,,,,,,,,
,,,,,,,,,
,,,,,,,,,
,,,,,,,,,
,,,,,,,,,
,,,,,,,,,
,,,,,,,,,
,,,,,,,,,
,,,,,,,,,
,,,,,,,,,
,,,,,,,,,
,,,,,,,,,
,,,,,,,,,
,,,,,,,,,
,,,,,,,,,
,,,,,,,,,
,,,,,,,,,
,,,,,,,,,
,,,,,,,,,
,,,,,,,,,
,,,,,,,,,
,,,,,,,,,
,,,,,,,,,
,,,,,,,,,
,,,,,,,,,
,,,,,,,,,
,,,,,,,,,
,,,,,,,,,
,,,,,,,,,
,,,,,,,,,
,,,,,,,,,
,,,,,,,,,
,,,,,,,,,
,,,,,,,,,
,,,,,,,,,
4948,[*]CC(COCCO[PH](=O)(=O)c1ccc(OCCCCOC(=O)c2ccc(C)cc2)cc1)O[*],TRUE,TRUE,FALSE,309.6975403,TRUE,FALSE,287.7973633,21.900177
,,,,,,,,,
,,,,,,,,,
,,,,,,,,,
,,,,,,,,,
,,,,,,,,,
,,,,,,,,,
,,,,,,,,,
,,,,,,,,,
,,,,,,,,,
,,,,,,,,,
,,,,,,,,,
,,,,,,,,,
,,,,,,,,,
2493,[*]CCC([*])OC(=O)c1ccc(CCSCCCCCCCOC=C)cc1,TRUE,TRUE,FALSE,283.1746826,TRUE,FALSE,261.1057739,22.06890869
,,,,,,,,,
,,,,,,,,,
,,,,,,,,,
,,,,,,,,,
,,,,,,,,,
,,,,,,,,,
,,,,,,,,,
,,,,,,,,,
,,,,,,,,,
,,,,,,,,,
,,,,,,,,,
,,,,,,,,,
,,,,,,,,,
,,,,,,,,,
,,,,,,,,,
,,,,,,,,,
,,,,,,,,,
,,,,,,,,,
,,,,,,,,,
,,,,,,,,,
,,,,,,,,,
,,,,,,,,,
,,,,,,,,,
,,,,,,,,,
,,,,,,,,,
,,,,,,,,,
,,,,,,,,,
3497,[*]O[Si](C(=O)NCCCCCCCCCCSCc1ccccc1)C([*])(C)c1ccc(C)cc1,TRUE,TRUE,FALSE,279.7844238,TRUE,FALSE,257.1706543,22.61376953
,,,,,,,,,
,,,,,,,,,
,,,,,,,,,
,,,,,,,,,
,,,,,,,,,
,,,,,,,,,
,,,,,,,,,
,,,,,,,,,
,,,,,,,,,
,,,,,,,,,
,,,,,,,,,
,,,,,,,,,
,,,,,,,,,
,,,,,,,,,
,,,,,,,,,
,,,,,,,,,
,,,,,,,,,
,,,,,,,,,
,,,,,,,,,
,,,,,,,,,
,,,,,,,,,
,,,,,,,,,
,,,,,,,,,
,,,,,,,,,
,,,,,,,,,
,,,,,,,,,
,,,,,,,,,
,,,,,,,,,
,,,,,,,,,
,,,,,,,,,
,,,,,,,,,
,,,,,,,,,
,,,,,,,,,
,,,,,,,,,
,,,,,,,,,
,,,,,,,,,
,,,,,,,,,
,,,,,,,,,
,,,,,,,,,
,,,,,,,,,
,,,,,,,,,
,,,,,,,,,
,,,,,,,,,
,,,,,,,,,
,,,,,,,,,
,,,,,,,,,
,,,,,,,,,
,,,,,,,,,
,,,,,,,,,
,,,,,,,,,
,,,,,,,,,
,,,,,,,,,
,,,,,,,,,
,,,,,,,,,
,,,,,,,,,
,,,,,,,,,
,,,,,,,,,
,,,,,,,,,
,,,,,,,,,
,,,,,,,,,
,,,,,,,,,
,,,,,,,,,
,,,,,,,,,
,,,,,,,,,
,,,,,,,,,
1579,[*]C(C[Si]([*])(C)C)C(=O)NCCCCCc1ccccc1,TRUE,TRUE,FALSE,293.0553589,TRUE,FALSE,269.6055298,23.4498291
,,,,,,,,,
,,,,,,,,,
,,,,,,,,,
,,,,,,,,,
,,,,,,,,,
,,,,,,,,,
,,,,,,,,,
,,,,,,,,,
,,,,,,,,,
,,,,,,,,,
,,,,,,,,,
,,,,,,,,,
,,,,,,,,,
,,,,,,,,,
,,,,,,,,,
,,,,,,,,,
,,,,,,,,,
,,,,,,,,,
,,,,,,,,,
,,,,,,,,,
,,,,,,,,,
,,,,,,,,,
,,,,,,,,,
,,,,,,,,,
,,,,,,,,,
,,,,,,,,,
,,,,,,,,,
,,,,,,,,,
,,,,,,,,,
,,,,,,,,,
,,,,,,,,,
,,,,,,,,,
,,,,,,,,,
,,,,,,,,,
,,,,,,,,,
,,,,,,,,,
,,,,,,,,,
,,,,,,,,,
,,,,,,,,,
4021,[*]CC(F)(C([*])=O)P(=O)(OCCCCNC(=O)O)c1ccc(-c2cccc(I)c2)cc1,TRUE,TRUE,FALSE,336.1250916,TRUE,FALSE,360.022583,23.89749146
2247,[*]CCC([*])(C)NC(=O)CCCCCCCCCCCC(=O)CC=C,TRUE,TRUE,FALSE,289.8734131,TRUE,FALSE,265.970459,23.9029541
,,,,,,,,,
,,,,,,,,,
,,,,,,,,,
,,,,,,,,,
,,,,,,,,,
,,,,,,,,,
,,,,,,,,,
,,,,,,,,,
4907,[*]C#CN([*])c1ccc(CCCCCCOC(=O)CC(F)(F)C(F)(F)F)cc1,TRUE,TRUE,FALSE,320.749176,TRUE,FALSE,344.7207642,23.97158813
,,,,,,,,,
,,,,,,,,,
,,,,,,,,,
,,,,,,,,,
,,,,,,,,,
,,,,,,,,,
,,,,,,,,,
,,,,,,,,,
,,,,,,,,,
,,,,,,,,,
,,,,,,,,,
,,,,,,,,,
,,,,,,,,,
,,,,,,,,,
,,,,,,,,,
,,,,,,,,,
,,,,,,,,,
,,,,,,,,,
,,,,,,,,,
,,,,,,,,,
,,,,,,,,,
,,,,,,,,,
,,,,,,,,,
,,,,,,,,,
,,,,,,,,,
,,,,,,,,,
,,,,,,,,,
,,,,,,,,,
,,,,,,,,,
,,,,,,,,,
,,,,,,,,,
,,,,,,,,,
,,,,,,,,,
,,,,,,,,,
,,,,,,,,,
,,,,,,,,,
,,,,,,,,,
,,,,,,,,,
,,,,,,,,,
,,,,,,,,,
,,,,,,,,,
,,,,,,,,,
,,,,,,,,,
,,,,,,,,,
,,,,,,,,,
,,,,,,,,,
,,,,,,,,,
,,,,,,,,,
,,,,,,,,,
,,,,,,,,,
3494,[*]C=C(CO[Si](C)(C)C)N([*])CCCC,TRUE,TRUE,FALSE,270.8830261,TRUE,FALSE,295.4646606,24.58163452
,,,,,,,,,
,,,,,,,,,
,,,,,,,,,
,,,,,,,,,
,,,,,,,,,
,,,,,,,,,
,,,,,,,,,
,,,,,,,,,
,,,,,,,,,
,,,,,,,,,
,,,,,,,,,
,,,,,,,,,
,,,,,,,,,
,,,,,,,,,
,,,,,,,,,
,,,,,,,,,
,,,,,,,,,
,,,,,,,,,
,,,,,,,,,
,,,,,,,,,
,,,,,,,,,
,,,,,,,,,
,,,,,,,,,
,,,,,,,,,
,,,,,,,,,
,,,,,,,,,
,,,,,,,,,
,,,,,,,,,
,,,,,,,,,
,,,,,,,,,
,,,,,,,,,
,,,,,,,,,
,,,,,,,,,
,,,,,,,,,
,,,,,,,,,
,,,,,,,,,
,,,,,,,,,
,,,,,,,,,
,,,,,,,,,
,,,,,,,,,
,,,,,,,,,
,,,,,,,,,
,,,,,,,,,
,,,,,,,,,
,,,,,,,,,
,,,,,,,,,
,,,,,,,,,
,,,,,,,,,
,,,,,,,,,
,,,,,,,,,
,,,,,,,,,
,,,,,,,,,
,,,,,,,,,
,,,,,,,,,
,,,,,,,,,
,,,,,,,,,
,,,,,,,,,
,,,,,,,,,
547,[*]OC(C)C([*])COc1ccccc1C(=O)OCC,TRUE,TRUE,FALSE,303.9233398,TRUE,FALSE,329.206604,25.28326416
,,,,,,,,,
,,,,,,,,,
,,,,,,,,,
,,,,,,,,,
,,,,,,,,,
,,,,,,,,,
,,,,,,,,,
,,,,,,,,,
,,,,,,,,,
,,,,,,,,,
,,,,,,,,,
,,,,,,,,,
,,,,,,,,,
,,,,,,,,,
,,,,,,,,,
,,,,,,,,,
,,,,,,,,,
,,,,,,,,,
,,,,,,,,,
,,,,,,,,,
,,,,,,,,,
,,,,,,,,,
,,,,,,,,,
,,,,,,,,,
,,,,,,,,,
,,,,,,,,,
,,,,,,,,,
,,,,,,,,,
,,,,,,,,,
,,,,,,,,,
,,,,,,,,,
,,,,,,,,,
,,,,,,,,,
,,,,,,,,,
,,,,,,,,,
,,,,,,,,,
,,,,,,,,,
,,,,,,,,,
,,,,,,,,,
,,,,,,,,,
,,,,,,,,,
4418,[*]CC(=CCCCCSC(F)(F)F)C([*])F,TRUE,TRUE,FALSE,269.8122559,TRUE,FALSE,243.8470001,25.96525574
,,,,,,,,,
,,,,,,,,,
,,,,,,,,,
,,,,,,,,,
,,,,,,,,,
,,,,,,,,,
,,,,,,,,,
,,,,,,,,,
,,,,,,,,,
,,,,,,,,,
,,,,,,,,,
,,,,,,,,,
,,,,,,,,,
,,,,,,,,,
,,,,,,,,,
,,,,,,,,,
,,,,,,,,,
,,,,,,,,,
,,,,,,,,,
,,,,,,,,,
,,,,,,,,,
,,,,,,,,,
,,,,,,,,,
,,,,,,,,,
,,,,,,,,,
,,,,,,,,,
,,,,,,,,,
,,,,,,,,,
,,,,,,,,,
,,,,,,,,,
,,,,,,,,,
,,,,,,,,,
,,,,,,,,,
,,,,,,,,,
,,,,,,,,,
,,,,,,,,,
,,,,,,,,,
,,,,,,,,,
,,,,,,,,,
,,,,,,,,,
,,,,,,,,,
,,,,,,,,,
,,,,,,,,,
,,,,,,,,,
,,,,,,,,,
,,,,,,,,,
,,,,,,,,,
,,,,,,,,,
,,,,,,,,,
,,,,,,,,,
,,,,,,,,,
,,,,,,,,,
,,,,,,,,,
,,,,,,,,,
,,,,,,,,,
,,,,,,,,,
,,,,,,,,,
,,,,,,,,,
,,,,,,,,,
,,,,,,,,,
,,,,,,,,,
,,,,,,,,,
,,,,,,,,,
41,[*]CCC([*])(CCCCCC)C(=O)OCCNOC(=O)N[*],TRUE,TRUE,FALSE,303.2576294,TRUE,FALSE,329.9802856,26.72265625
,,,,,,,,,
,,,,,,,,,
,,,,,,,,,
,,,,,,,,,
,,,,,,,,,
3812,[*]CC(C)C(=[*])CCC#CCN1CC(=O)C1,TRUE,TRUE,FALSE,294.9830322,TRUE,FALSE,321.7796021,26.79656982
,,,,,,,,,
,,,,,,,,,
,,,,,,,,,
,,,,,,,,,
3851,[*]CC[Sn]([*])(C)c1ccc(OCCCCCCOc2ccc(C)cc2C)cc1,TRUE,TRUE,FALSE,311.6082458,TRUE,FALSE,338.4995422,26.89129639
,,,,,,,,,
,,,,,,,,,
,,,,,,,,,
,,,,,,,,,
,,,,,,,,,
,,,,,,,,,
,,,,,,,,,
,,,,,,,,,
,,,,,,,,,
,,,,,,,,,
,,,,,,,,,
,,,,,,,,,
,,,,,,,,,
,,,,,,,,,
,,,,,,,,,
,,,,,,,,,
,,,,,,,,,
,,,,,,,,,
,,,,,,,,,
,,,,,,,,,
,,,,,,,,,
,,,,,,,,,
,,,,,,,,,
,,,,,,,,,
,,,,,,,,,
,,,,,,,,,
,,,,,,,,,
,,,,,,,,,
,,,,,,,,,
,,,,,,,,,
,,,,,,,,,
,,,,,,,,,
,,,,,,,,,
,,,,,,,,,
,,,,,,,,,
2385,[*]N=CC([*])(C)COC(=O)NCCCCCCCCOC(C)=O,TRUE,TRUE,FALSE,278.2426147,TRUE,FALSE,305.5574646,27.31484985
,,,,,,,,,
,,,,,,,,,
,,,,,,,,,
,,,,,,,,,
,,,,,,,,,
,,,,,,,,,
,,,,,,,,,
,,,,,,,,,
,,,,,,,,,
,,,,,,,,,
,,,,,,,,,
,,,,,,,,,
,,,,,,,,,
,,,,,,,,,
,,,,,,,,,
,,,,,,,,,
,,,,,,,,,
,,,,,,,,,
,,,,,,,,,
,,,,,,,,,
,,,,,,,,,
,,,,,,,,,
,,,,,,,,,
,,,,,,,,,
,,,,,,,,,
,,,,,,,,,
,,,,,,,,,
,,,,,,,,,
,,,,,,,,,
,,,,,,,,,
1264,[*]CC(C)N([*])CCCCCC(=O)O,TRUE,TRUE,FALSE,362.3069458,TRUE,FALSE,334.5975952,27.70935059
,,,,,,,,,
2785,[*]C(=O)N(C([*])=O)c1ccc(C(=O)NC(CCC)C)cc1,TRUE,TRUE,FALSE,403.1555786,TRUE,FALSE,430.8956604,27.74008179
,,,,,,,,,
,,,,,,,,,
,,,,,,,,,
,,,,,,,,,
,,,,,,,,,
,,,,,,,,,
,,,,,,,,,
,,,,,,,,,
,,,,,,,,,
,,,,,,,,,
,,,,,,,,,
,,,,,,,,,
3000,[*]CC(C[*])C=Cc1ccc(OC(=O)c2ccc(OCCC)cc2)cc1CO,TRUE,TRUE,FALSE,402.5804138,TRUE,FALSE,374.7068481,27.87356567
,,,,,,,,,
,,,,,,,,,
,,,,,,,,,
1782,[*]OCC([*])=Nc1ccc(NC(=O)CCCCCS(=O)(=O)N[Si](C)(C)c2ccccc2)cc1,TRUE,TRUE,FALSE,333.7696533,TRUE,FALSE,305.8563843,27.91326904
,,,,,,,,,
,,,,,,,,,
,,,,,,,,,
,,,,,,,,,
,,,,,,,,,
,,,,,,,,,
,,,,,,,,,
732,[*]OC(CCl)=C([*])COc1cc(C)cc(C)c1,TRUE,TRUE,FALSE,397.9909363,TRUE,FALSE,370.0088501,27.98208618
,,,,,,,,,
,,,,,,,,,
,,,,,,,,,
,,,,,,,,,
,,,,,,,,,
,,,,,,,,,
,,,,,,,,,
,,,,,,,,,
,,,,,,,,,
,,,,,,,,,
,,,,,,,,,
,,,,,,,,,
,,,,,,,,,
,,,,,,,,,
,,,,,,,,,
,,,,,,,,,
,,,,,,,,,
,,,,,,,,,
,,,,,,,,,
,,,,,,,,,
,,,,,,,,,
,,,,,,,,,
,,,,,,,,,
,,,,,,,,,
,,,,,,,,,
,,,,,,,,,
,,,,,,,,,
,,,,,,,,,
,,,,,,,,,
,,,,,,,,,
,,,,,,,,,
,,,,,,,,,
,,,,,,,,,
,,,,,,,,,
,,,,,,,,,
,,,,,,,,,
,,,,,,,,,
,,,,,,,,,
,,,,,,,,,
,,,,,,,,,
,,,,,,,,,
,,,,,,,,,
,,,,,,,,,
,,,,,,,,,
,,,,,,,,,
,,,,,,,,,
,,,,,,,,,
,,,,,,,,,
,,,,,,,,,
,,,,,,,,,
,,,,,,,,,
,,,,,,,,,
,,,,,,,,,
,,,,,,,,,
,,,,,,,,,
,,,,,,,,,
,,,,,,,,,
,,,,,,,,,
,,,,,,,,,
,,,,,,,,,
,,,,,,,,,
,,,,,,,,,
,,,,,,,,,
,,,,,,,,,
,,,,,,,,,
,,,,,,,,,
,,,,,,,,,
,,,,,,,,,
,,,,,,,,,
,,,,,,,,,
,,,,,,,,,
,,,,,,,,,
,,,,,,,,,
,,,,,,,,,
,,,,,,,,,
,,,,,,,,,
,,,,,,,,,
,,,,,,,,,
,,,,,,,,,
,,,,,,,,,
,,,,,,,,,
,,,,,,,,,
,,,,,,,,,
,,,,,,,,,
,,,,,,,,,
,,,,,,,,,
,,,,,,,,,
,,,,,,,,,
,,,,,,,,,
,,,,,,,,,
,,,,,,,,,
,,,,,,,,,
,,,,,,,,,
,,,,,,,,,
,,,,,,,,,
,,,,,,,,,
,,,,,,,,,
,,,,,,,,,
,,,,,,,,,
,,,,,,,,,
,,,,,,,,,
,,,,,,,,,
,,,,,,,,,
,,,,,,,,,
,,,,,,,,,
,,,,,,,,,
,,,,,,,,,
,,,,,,,,,
,,,,,,,,,
,,,,,,,,,
,,,,,,,,,
,,,,,,,,,
,,,,,,,,,
,,,,,,,,,
,,,,,,,,,
,,,,,,,,,
,,,,,,,,,
,,,,,,,,,
,,,,,,,,,
,,,,,,,,,
,,,,,,,,,
,,,,,,,,,
,,,,,,,,,
,,,,,,,,,
,,,,,,,,,
,,,,,,,,,
,,,,,,,,,
,,,,,,,,,
,,,,,,,,,
,,,,,,,,,
,,,,,,,,,
,,,,,,,,,
,,,,,,,,,
,,,,,,,,,
,,,,,,,,,
,,,,,,,,,
,,,,,,,,,
,,,,,,,,,
,,,,,,,,,
,,,,,,,,,
,,,,,,,,,
,,,,,,,,,
,,,,,,,,,
,,,,,,,,,
,,,,,,,,,
,,,,,,,,,
,,,,,,,,,
,,,,,,,,,
,,,,,,,,,
,,,,,,,,,
,,,,,,,,,
4425,[*]CC(C)[Si]([*])(C)COc1ccc(C(C)c2ccc(OCCCCCCCCCC)cc2)cc1,TRUE,TRUE,FALSE,323.2495728,TRUE,FALSE,292.9952393,30.2543335
,,,,,,,,,
,,,,,,,,,
,,,,,,,,,
,,,,,,,,,
,,,,,,,,,
4899,[*]CC(C[*])CCCOc1ccc(S(=O)(=O)CCCCCCCCCC)c(NC)c1,TRUE,TRUE,FALSE,306.4972839,TRUE,FALSE,336.8311768,30.33389282
,,,,,,,,,
,,,,,,,,,
,,,,,,,,,
,,,,,,,,,
,,,,,,,,,
,,,,,,,,,
,,,,,,,,,
298,[*]C(CCc1ccc(O)cc1)C([2H])(C([*])(F)F)C(F)(F)F,TRUE,TRUE,FALSE,387.8500366,TRUE,FALSE,418.37146,30.52142334
,,,,,,,,,
,,,,,,,,,
,,,,,,,,,
,,,,,,,,,
,,,,,,,,,
,,,,,,,,,
,,,,,,,,,
,,,,,,,,,
,,,,,,,,,
,,,,,,,,,
,,,,,,,,,
,,,,,,,,,
,,,,,,,,,
,,,,,,,,,
,,,,,,,,,
,,,,,,,,,
,,,,,,,,,
,,,,,,,,,
,,,,,,,,,
,,,,,,,,,
,,,,,,,,,
,,,,,,,,,
,,,,,,,,,
,,,,,,,,,
2479,[*]OCC([*])(C)C(=O)CCCCS(=O)(=O)O,TRUE,TRUE,FALSE,419.425293,TRUE,FALSE,388.5489197,30.87637329
,,,,,,,,,
,,,,,,,,,
,,,,,,,,,
,,,,,,,,,
,,,,,,,,,
,,,,,,,,,
,,,,,,,,,
,,,,,,,,,
,,,,,,,,,
,,,,,,,,,
,,,,,,,,,
,,,,,,,,,
,,,,,,,,,
,,,,,,,,,
,,,,,,,,,
,,,,,,,,,
,,,,,,,,,
,,,,,,,,,
,,,,,,,,,
,,,,,,,,,
,,,,,,,,,
,,,,,,,,,
,,,,,,,,,
,,,,,,,,,
,,,,,,,,,
,,,,,,,,,
,,,,,,,,,
,,,,,,,,,
2490,[*]CCC([*])C(=O)OCc1cccc(C(=O)OCCCCCCCC)c1,TRUE,TRUE,FALSE,271.0206909,TRUE,FALSE,239.7293549,31.29133606
,,,,,,,,,
,,,,,,,,,
,,,,,,,,,
,,,,,,,,,
,,,,,,,,,
,,,,,,,,,
,,,,,,,,,
,,,,,,,,,
,,,,,,,,,
3879,[*]CC(O[*])C(=O)c1cc(CCCCCC)c(OCC)cc1Br,TRUE,TRUE,FALSE,304.160614,TRUE,FALSE,335.6374817,31.47686768
,,,,,,,,,
,,,,,,,,,
,,,,,,,,,
,,,,,,,,,
,,,,,,,,,
,,,,,,,,,
,,,,,,,,,
,,,,,,,,,
,,,,,,,,,
,,,,,,,,,
,,,,,,,,,
,,,,,,,,,
,,,,,,,,,
,,,,,,,,,
,,,,,,,,,
,,,,,,,,,
,,,,,,,,,
,,,,,,,,,
,,,,,,,,,
,,,,,,,,,
,,,,,,,,,
1746,[*]CCN([*])C(=O)Oc1ccc(-c2ccc(OCCCCCC)cc2)cc1,TRUE,TRUE,FALSE,348.592926,TRUE,FALSE,316.8199158,31.77301025
,,,,,,,,,
,,,,,,,,,
,,,,,,,,,
,,,,,,,,,
,,,,,,,,,
,,,,,,,,,
,,,,,,,,,
,,,,,,,,,
,,,,,,,,,
,,,,,,,,,
,,,,,,,,,
,,,,,,,,,
,,,,,,,,,
,,,,,,,,,
,,,,,,,,,
,,,,,,,,,
,,,,,,,,,
,,,,,,,,,
,,,,,,,,,
,,,,,,,,,
,,,,,,,,,
,,,,,,,,,
,,,,,,,,,
,,,,,,,,,
,,,,,,,,,
,,,,,,,,,
,,,,,,,,,
,,,,,,,,,
,,,,,,,,,
,,,,,,,,,
,,,,,,,,,
,,,,,,,,,
,,,,,,,,,
,,,,,,,,,
,,,,,,,,,
,,,,,,,,,
,,,,,,,,,
,,,,,,,,,
,,,,,,,,,
,,,,,,,,,
3145,[*]CCC([*])CCCCOC(=O)c1ccc(/C=N/c2ccc(C(F)(F)C(F)(F)Oc3ccc(Cl)cc3)cc2)cc1,TRUE,TRUE,FALSE,325.334137,TRUE,FALSE,357.6598511,32.32571411
,,,,,,,,,
,,,,,,,,,
,,,,,,,,,
,,,,,,,,,
,,,,,,,,,
,,,,,,,,,
,,,,,,,,,
,,,,,,,,,
,,,,,,,,,
1371,[*]NC(C[*])CCCOC(=O)c1ccc(Cl)c(Br)c1,TRUE,TRUE,FALSE,313.817749,TRUE,FALSE,346.24646,32.42871094
,,,,,,,,,
,,,,,,,,,
,,,,,,,,,
,,,,,,,,,
,,,,,,,,,
,,,,,,,,,
,,,,,,,,,
,,,,,,,,,
,,,,,,,,,
,,,,,,,,,
,,,,,,,,,
,,,,,,,,,
,,,,,,,,,
,,,,,,,,,
,,,,,,,,,
,,,,,,,,,
,,,,,,,,,
,,,,,,,,,
,,,,,,,,,
,,,,,,,,,
,,,,,,,,,
,,,,,,,,,
,,,,,,,,,
,,,,,,,,,
,,,,,,,,,
,,,,,,,,,
,,,,,,,,,
,,,,,,,,,
,,,,,,,,,
,,,,,,,,,
,,,,,,,,,
324,[*]CC(C#C)(C([*])OCCO)c1ccc(C(=O)O[Si](C(=O)c2ccccc2)C(F)(F)F)cc1,TRUE,TRUE,FALSE,336.0172729,TRUE,FALSE,369.0159607,32.99868774
,,,,,,,,,
,,,,,,,,,
,,,,,,,,,
1317,[*]CCN([*])C(C)C(=O)OCCCCCCCCOc1ccc(C(C)CC)cc1,TRUE,TRUE,FALSE,260.1169434,TRUE,FALSE,293.1664124,33.04946899
,,,,,,,,,
,,,,,,,,,
,,,,,,,,,
,,,,,,,,,
,,,,,,,,,
14,[*]CCN([*])CCS(=O)(=O)c1ccc(NC(=O)c2cc(OC)ccc2-c2ccc(C)cc2)cc1,TRUE,TRUE,FALSE,431.3855286,TRUE,FALSE,398.2850342,33.10049438
,,,,,,,,,
,,,,,,,,,
,,,,,,,,,
,,,,,,,,,
,,,,,,,,,
,,,,,,,,,
,,,,,,,,,
,,,,,,,,,
,,,,,,,,,
,,,,,,,,,
,,,,,,,,,
,,,,,,,,,
,,,,,,,,,
,,,,,,,,,
,,,,,,,,,
,,,,,,,,,
3670,[*]SCC([*])C(=O)Oc1ccc([Si](c2ccc(C(C)(C)C)cc2)C(F)(F)F)cc1,TRUE,TRUE,FALSE,360.0844727,TRUE,FALSE,326.7253418,33.35913086
,,,,,,,,,
,,,,,,,,,
,,,,,,,,,
,,,,,,,,,
,,,,,,,,,
,,,,,,,,,
,,,,,,,,,
,,,,,,,,,
,,,,,,,,,
,,,,,,,,,
,,,,,,,,,
,,,,,,,,,
,,,,,,,,,
,,,,,,,,,
,,,,,,,,,
,,,,,,,,,
,,,,,,,,,
,,,,,,,,,
,,,,,,,,,
,,,,,,,,,
,,,,,,,,,
,,,,,,,,,
2649,[*]CC(C[*])CC(=O)Oc1ccc(OC(F)CCCCCC)cc1,TRUE,TRUE,FALSE,318.2349548,TRUE,FALSE,284.5841064,33.65084839
,,,,,,,,,
,,,,,,,,,
,,,,,,,,,
,,,,,,,,,
,,,,,,,,,
,,,,,,,,,
,,,,,,,,,
,,,,,,,,,
,,,,,,,,,
,,,,,,,,,
,,,,,,,,,
,,,,,,,,,
,,,,,,,,,
,,,,,,,,,
,,,,,,,,,
,,,,,,,,,
,,,,,,,,,
,,,,,,,,,
,,,,,,,,,
,,,,,,,,,
892,[*]C(F)(CO[Si](C)(C)c1ccccc1)N(COc1ccc(N)cc1)C([*])(F)F,TRUE,TRUE,FALSE,303.1109924,TRUE,FALSE,337.0362854,33.92529297
,,,,,,,,,
,,,,,,,,,
,,,,,,,,,
,,,,,,,,,
,,,,,,,,,
,,,,,,,,,
,,,,,,,,,
213,[*]OC(C([*])(F)F)C(=O)Nc1ccccc1Cl,TRUE,TRUE,FALSE,401.7913818,TRUE,FALSE,367.7532349,34.03814697
,,,,,,,,,
,,,,,,,,,
,,,,,,,,,
,,,,,,,,,
,,,,,,,,,
3870,[*]SCC([*])C(=O)NCC[Se]COC(=O)CCCCCCCCC,TRUE,TRUE,FALSE,238.9399261,TRUE,FALSE,273.0703125,34.13038635
,,,,,,,,,
,,,,,,,,,
,,,,,,,,,
,,,,,,,,,
,,,,,,,,,
,,,,,,,,,
,,,,,,,,,
,,,,,,,,,
,,,,,,,,,
,,,,,,,,,
,,,,,,,,,
,,,,,,,,,
,,,,,,,,,
,,,,,,,,,
,,,,,,,,,
,,,,,,,,,
,,,,,,,,,
,,,,,,,,,
,,,,,,,,,
,,,,,,,,,
,,,,,,,,,
,,,,,,,,,
,,,,,,,,,
,,,,,,,,,
,,,,,,,,,
,,,,,,,,,
,,,,,,,,,
,,,,,,,,,
,,,,,,,,,
,,,,,,,,,
,,,,,,,,,
,,,,,,,,,
,,,,,,,,,
,,,,,,,,,
,,,,,,,,,
,,,,,,,,,
,,,,,,,,,
,,,,,,,,,
,,,,,,,,,
,,,,,,,,,
,,,,,,,,,
,,,,,,,,,
,,,,,,,,,
,,,,,,,,,
,,,,,,,,,
,,,,,,,,,
,,,,,,,,,
,,,,,,,,,
,,,,,,,,,
,,,,,,,,,
,,,,,,,,,
,,,,,,,,,
,,,,,,,,,
,,,,,,,,,
,,,,,,,,,
,,,,,,,,,
,,,,,,,,,
,,,,,,,,,
1920,[*]NCC([*])C(=O)OCCCCCCCOc1ccc(S(=O)(=O)c2ccc(OCCC)cc2)cc1,TRUE,TRUE,FALSE,316.9222717,TRUE,FALSE,281.8374023,35.08486938
,,,,,,,,,
,,,,,,,,,
,,,,,,,,,
,,,,,,,,,
,,,,,,,,,
,,,,,,,,,
,,,,,,,,,
,,,,,,,,,
,,,,,,,,,
,,,,,,,,,
,,,,,,,,,
,,,,,,,,,
,,,,,,,,,
,,,,,,,,,
,,,,,,,,,
,,,,,,,,,
1578,[*]OP(=O)(OC)C([*])CCCCCOC(=O)Nc1ccc(C)cc1,TRUE,TRUE,FALSE,301.3031616,TRUE,FALSE,266.036438,35.26672363
2709,[*]C#C[Si]([*])(C)COc1ccc(OCCCCCCCCCC)c(-c2ccccc2)c1,TRUE,TRUE,FALSE,323.1244202,TRUE,FALSE,287.8424377,35.28198242
,,,,,,,,,
,,,,,,,,,
,,,,,,,,,
4776,[*]CC(CC(=O)OCC1CCCNC(=O)C1)C([*])Nc1ccccc1,TRUE,TRUE,FALSE,367.8234253,TRUE,FALSE,403.262207,35.43878174
,,,,,,,,,
,,,,,,,,,
,,,,,,,,,
,,,,,,,,,
,,,,,,,,,
,,,,,,,,,
,,,,,,,,,
,,,,,,,,,
,,,,,,,,,
,,,,,,,,,
,,,,,,,,,
,,,,,,,,,
,,,,,,,,,
,,,,,,,,,
,,,,,,,,,
,,,,,,,,,
,,,,,,,,,
,,,,,,,,,
,,,,,,,,,
,,,,,,,,,
,,,,,,,,,
,,,,,,,,,
,,,,,,,,,
,,,,,,,,,
,,,,,,,,,
,,,,,,,,,
,,,,,,,,,
,,,,,,,,,
,,,,,,,,,
,,,,,,,,,
,,,,,,,,,
,,,,,,,,,
,,,,,,,,,
,,,,,,,,,
,,,,,,,,,
,,,,,,,,,
,,,,,,,,,
,,,,,,,,,
,,,,,,,,,
,,,,,,,,,
,,,,,,,,,
,,,,,,,,,
,,,,,,,,,
,,,,,,,,,
,,,,,,,,,
,,,,,,,,,
,,,,,,,,,
,,,,,,,,,
,,,,,,,,,
,,,,,,,,,
,,,,,,,,,
,,,,,,,,,
,,,,,,,,,
,,,,,,,,,
,,,,,,,,,
,,,,,,,,,
,,,,,,,,,
,,,,,,,,,
,,,,,,,,,
,,,,,,,,,
3707,[*]CCC([*])n1cccc1OC(=O)C(C)(CCCCCCCCCC)OC=C,TRUE,TRUE,FALSE,302.6263428,TRUE,FALSE,339.2935486,36.66720581
,,,,,,,,,
3368,[*]O[Si](C)(C=C)N([*])CCCC,TRUE,TRUE,FALSE,201.3285828,TRUE,FALSE,238.0941925,36.76560974
,,,,,,,,,
,,,,,,,,,
,,,,,,,,,
,,,,,,,,,
,,,,,,,,,
,,,,,,,,,
,,,,,,,,,
,,,,,,,,,
,,,,,,,,,
,,,,,,,,,
,,,,,,,,,
,,,,,,,,,
,,,,,,,,,
,,,,,,,,,
,,,,,,,,,
,,,,,,,,,
,,,,,,,,,
,,,,,,,,,
,,,,,,,,,
,,,,,,,,,
,,,,,,,,,
,,,,,,,,,
,,,,,,,,,
627,[*]C#C[Si]([*])(CCCCOc1ccc(C(C)(C)C)cc1NC=C)c1ccccc1-c1ccccc1,TRUE,TRUE,FALSE,373.8274841,TRUE,FALSE,336.5476685,37.27981567
,,,,,,,,,
,,,,,,,,,
,,,,,,,,,
,,,,,,,,,
,,,,,,,,,
,,,,,,,,,
,,,,,,,,,
,,,,,,,,,
,,,,,,,,,
,,,,,,,,,
,,,,,,,,,
,,,,,,,,,
,,,,,,,,,
,,,,,,,,,
,,,,,,,,,
,,,,,,,,,
,,,,,,,,,
,,,,,,,,,
,,,,,,,,,
,,,,,,,,,
,,,,,,,,,
,,,,,,,,,
,,,,,,,,,
,,,,,,,,,
,,,,,,,,,
,,,,,,,,,
,,,,,,,,,
,,,,,,,,,
,,,,,,,,,
,,,,,,,,,
,,,,,,,,,
,,,,,,,,,
,,,,,,,,,
,,,,,,,,,
,,,,,,,,,
,,,,,,,,,
,,,,,,,,,
,,,,,,,,,
,,,,,,,,,
,,,,,,,,,
,,,,,,,,,
,,,,,,,,,
,,,,,,,,,
,,,,,,,,,
,,,,,,,,,
,,,,,,,,,
,,,,,,,,,
,,,,,,,,,
,,,,,,,,,
,,,,,,,,,
,,,,,,,,,
,,,,,,,,,
,,,,,,,,,
,,,,,,,,,
,,,,,,,,,
,,,,,,,,,
,,,,,,,,,
,,,,,,,,,
,,,,,,,,,
,,,,,,,,,
,,,,,,,,,
,,,,,,,,,
,,,,,,,,,
,,,,,,,,,
,,,,,,,,,
,,,,,,,,,
,,,,,,,,,
,,,,,,,,,
1865,[*]CCN([*])C(=O)c1ccc(-c2ccc(CCCCCCCCC)cc2)cc1,TRUE,TRUE,FALSE,345.5797729,TRUE,FALSE,306.597168,38.98260498
,,,,,,,,,
,,,,,,,,,
,,,,,,,,,
,,,,,,,,,
,,,,,,,,,
,,,,,,,,,
,,,,,,,,,
,,,,,,,,,
,,,,,,,,,
,,,,,,,,,
,,,,,,,,,
1473,[*]CC=C([*])COc1ccc(C(=O)NCCCCCNC(=O)c2ccc(/N=C/c3ccc(OC)cc3)cc2)cc1,TRUE,TRUE,FALSE,343.5878601,TRUE,FALSE,382.8852539,39.2973938
,,,,,,,,,
,,,,,,,,,
,,,,,,,,,
,,,,,,,,,
,,,,,,,,,
,,,,,,,,,
,,,,,,,,,
,,,,,,,,,
,,,,,,,,,
,,,,,,,,,
,,,,,,,,,
,,,,,,,,,
,,,,,,,,,
,,,,,,,,,
,,,,,,,,,
,,,,,,,,,
,,,,,,,,,
,,,,,,,,,
,,,,,,,,,
,,,,,,,,,
,,,,,,,,,
,,,,,,,,,
,,,,,,,,,
,,,,,,,,,
,,,,,,,,,
,,,,,,,,,
,,,,,,,,,
,,,,,,,,,
,,,,,,,,,
,,,,,,,,,
,,,,,,,,,
,,,,,,,,,
,,,,,,,,,
3128,[*]C(=O)N(CCCCCCCC)C([*])=O,TRUE,TRUE,FALSE,325.7484741,TRUE,FALSE,285.7625732,39.98590088
,,,,,,,,,
,,,,,,,,,
,,,,,,,,,
,,,,,,,,,
,,,,,,,,,
,,,,,,,,,
,,,,,,,,,
,,,,,,,,,
,,,,,,,,,
,,,,,,,,,
,,,,,,,,,
,,,,,,,,,
,,,,,,,,,
,,,,,,,,,
2679,[*]OC(C=[*])c1ccc(OCC(F)(F)C(F)(F)C(F)(F)F)cc1,TRUE,TRUE,FALSE,301.491333,TRUE,FALSE,261.1615601,40.32977295
,,,,,,,,,
,,,,,,,,,
2401,[*]CC(COC)C([*])=CCCC#C[Si](C)(C)C,TRUE,TRUE,FALSE,315.427948,TRUE,FALSE,275.0217896,40.40615845
,,,,,,,,,
,,,,,,,,,
,,,,,,,,,
,,,,,,,,,
,,,,,,,,,
,,,,,,,,,
,,,,,,,,,
,,,,,,,,,
,,,,,,,,,
,,,,,,,,,
,,,,,,,,,
,,,,,,,,,
,,,,,,,,,
,,,,,,,,,
,,,,,,,,,
,,,,,,,,,
,,,,,,,,,
,,,,,,,,,
,,,,,,,,,
,,,,,,,,,
,,,,,,,,,
,,,,,,,,,
,,,,,,,,,
,,,,,,,,,
,,,,,,,,,
,,,,,,,,,
,,,,,,,,,
,,,,,,,,,
,,,,,,,,,
,,,,,,,,,
,,,,,,,,,
,,,,,,,,,
,,,,,,,,,
,,,,,,,,,
,,,,,,,,,
,,,,,,,,,
,,,,,,,,,
,,,,,,,,,
,,,,,,,,,
,,,,,,,,,
,,,,,,,,,
,,,,,,,,,
,,,,,,,,,
,,,,,,,,,
,,,,,,,,,
,,,,,,,,,
,,,,,,,,,
,,,,,,,,,
,,,,,,,,,
,,,,,,,,,
,,,,,,,,,
,,,,,,,,,
,,,,,,,,,
,,,,,,,,,
,,,,,,,,,
,,,,,,,,,
,,,,,,,,,
,,,,,,,,,
,,,,,,,,,
,,,,,,,,,
,,,,,,,,,
,,,,,,,,,
,,,,,,,,,
,,,,,,,,,
,,,,,,,,,
,,,,,,,,,
,,,,,,,,,
,,,,,,,,,
,,,,,,,,,
,,,,,,,,,
,,,,,,,,,
,,,,,,,,,
,,,,,,,,,
,,,,,,,,,
,,,,,,,,,
,,,,,,,,,
,,,,,,,,,
,,,,,,,,,
,,,,,,,,,
,,,,,,,,,
,,,,,,,,,
,,,,,,,,,
,,,,,,,,,
,,,,,,,,,
,,,,,,,,,
,,,,,,,,,
,,,,,,,,,
,,,,,,,,,
,,,,,,,,,
,,,,,,,,,
,,,,,,,,,
,,,,,,,,,
,,,,,,,,,
,,,,,,,,,
,,,,,,,,,
,,,,,,,,,
,,,,,,,,,
,,,,,,,,,
,,,,,,,,,
,,,,,,,,,
,,,,,,,,,
,,,,,,,,,
,,,,,,,,,
,,,,,,,,,
,,,,,,,,,
,,,,,,,,,
,,,,,,,,,
,,,,,,,,,
,,,,,,,,,
,,,,,,,,,
,,,,,,,,,
,,,,,,,,,
,,,,,,,,,
,,,,,,,,,
,,,,,,,,,
,,,,,,,,,
,,,,,,,,,
,,,,,,,,,
,,,,,,,,,
,,,,,,,,,
,,,,,,,,,
,,,,,,,,,
,,,,,,,,,
,,,,,,,,,
,,,,,,,,,
,,,,,,,,,
,,,,,,,,,
,,,,,,,,,
,,,,,,,,,
,,,,,,,,,
,,,,,,,,,
,,,,,,,,,
,,,,,,,,,
,,,,,,,,,
,,,,,,,,,
,,,,,,,,,
,,,,,,,,,
,,,,,,,,,
,,,,,,,,,
,,,,,,,,,
,,,,,,,,,
,,,,,,,,,
,,,,,,,,,
,,,,,,,,,
,,,,,,,,,
,,,,,,,,,
,,,,,,,,,
,,,,,,,,,
,,,,,,,,,
,,,,,,,,,
,,,,,,,,,
,,,,,,,,,
,,,,,,,,,
,,,,,,,,,
,,,,,,,,,
,,,,,,,,,
,,,,,,,,,
,,,,,,,,,
,,,,,,,,,
,,,,,,,,,
,,,,,,,,,
,,,,,,,,,
,,,,,,,,,
,,,,,,,,,
,,,,,,,,,
,,,,,,,,,
,,,,,,,,,
,,,,,,,,,
,,,,,,,,,
,,,,,,,,,
,,,,,,,,,
,,,,,,,,,
,,,,,,,,,
,,,,,,,,,
,,,,,,,,,
,,,,,,,,,
,,,,,,,,,
,,,,,,,,,
,,,,,,,,,
,,,,,,,,,
4016,[*]OCC([*])(C)C(=O)OCCCCCCCCCCN(C)c1ccc(/C=N/c2ccc(N3C(=O)c4ccc(F)cc4C3=O)cc2)cc1,TRUE,TRUE,FALSE,371.6264343,TRUE,FALSE,326.7713928,44.8550415
,,,,,,,,,
,,,,,,,,,
,,,,,,,,,
,,,,,,,,,
,,,,,,,,,
,,,,,,,,,
,,,,,,,,,
4528,[*]CCC([*])C(=O)OCCCCCCC(C)OCC,TRUE,TRUE,FALSE,244.365036,TRUE,FALSE,199.2158966,45.1491394
,,,,,,,,,
,,,,,,,,,
,,,,,,,,,
,,,,,,,,,
,,,,,,,,,
,,,,,,,,,
,,,,,,,,,
,,,,,,,,,
,,,,,,,,,
,,,,,,,,,
,,,,,,,,,
,,,,,,,,,
,,,,,,,,,
,,,,,,,,,
,,,,,,,,,
,,,,,,,,,
,,,,,,,,,
,,,,,,,,,
2751,[*]CC(O[*])NC(=O)NCCCCCc1ccc(-c2ccccc2)cc1,TRUE,TRUE,FALSE,391.5127869,TRUE,FALSE,345.7122192,45.80056763
,,,,,,,,,
,,,,,,,,,
,,,,,,,,,
,,,,,,,,,
,,,,,,,,,
,,,,,,,,,
,,,,,,,,,
,,,,,,,,,
,,,,,,,,,
,,,,,,,,,
,,,,,,,,,
,,,,,,,,,
,,,,,,,,,
,,,,,,,,,
,,,,,,,,,
,,,,,,,,,
,,,,,,,,,
,,,,,,,,,
,,,,,,,,,
,,,,,,,,,
,,,,,,,,,
4560,[*]CCC([*])OCCCCCOc1ccc(S(=O)(=O)c2ccc([2H])cc2)cc1,TRUE,TRUE,FALSE,326.9407349,TRUE,FALSE,280.4822998,46.45843506
,,,,,,,,,
,,,,,,,,,
,,,,,,,,,
,,,,,,,,,
,,,,,,,,,
1106,[*]C(=C)OC([*])(F)c1cccc(F)c1,TRUE,TRUE,FALSE,354.1612549,TRUE,FALSE,400.7915039,46.63024902
,,,,,,,,,
,,,,,,,,,
,,,,,,,,,
,,,,,,,,,
,,,,,,,,,
,,,,,,,,,
,,,,,,,,,
,,,,,,,,,
,,,,,,,,,
,,,,,,,,,
,,,,,,,,,
,,,,,,,,,
,,,,,,,,,
,,,,,,,,,
,,,,,,,,,
,,,,,,,,,
,,,,,,,,,
,,,,,,,,,
,,,,,,,,,
,,,,,,,,,
,,,,,,,,,
,,,,,,,,,
,,,,,,,,,
,,,,,,,,,
,,,,,,,,,
,,,,,,,,,
,,,,,,,,,
,,,,,,,,,
,,,,,,,,,
,,,,,,,,,
,,,,,,,,,
,,,,,,,,,
,,,,,,,,,
,,,,,,,,,
,,,,,,,,,
,,,,,,,,,
,,,,,,,,,
,,,,,,,,,
,,,,,,,,,
,,,,,,,,,
,,,,,,,,,
,,,,,,,,,
,,,,,,,,,
,,,,,,,,,
,,,,,,,,,
,,,,,,,,,
,,,,,,,,,
,,,,,,,,,
,,,,,,,,,
,,,,,,,,,
,,,,,,,,,
,,,,,,,,,
,,,,,,,,,
,,,,,,,,,
,,,,,,,,,
,,,,,,,,,
,,,,,,,,,
,,,,,,,,,
,,,,,,,,,
,,,,,,,,,
,,,,,,,,,
2370,[*]C(=C=Cc1ccc(OCCCCCCCCCc2ccc(-c3ccccc3)cc2)cc1)C(=O)C=[*],TRUE,TRUE,FALSE,353.1430664,TRUE,FALSE,304.819397,48.32366943
,,,,,,,,,
,,,,,,,,,
,,,,,,,,,
,,,,,,,,,
,,,,,,,,,
,,,,,,,,,
,,,,,,,,,
,,,,,,,,,
,,,,,,,,,
,,,,,,,,,
,,,,,,,,,
,,,,,,,,,
,,,,,,,,,
,,,,,,,,,
,,,,,,,,,
,,,,,,,,,
,,,,,,,,,
,,,,,,,,,
,,,,,,,,,
,,,,,,,,,
,,,,,,,,,
,,,,,,,,,
,,,,,,,,,
,,,,,,,,,
,,,,,,,,,
,,,,,,,,,
,,,,,,,,,
,,,,,,,,,
,,,,,,,,,
,,,,,,,,,
,,,,,,,,,
,,,,,,,,,
,,,,,,,,,
,,,,,,,,,
,,,,,,,,,
,,,,,,,,,
,,,,,,,,,
,,,,,,,,,
,,,,,,,,,
,,,,,,,,,
,,,,,,,,,
,,,,,,,,,
,,,,,,,,,
,,,,,,,,,
,,,,,,,,,
,,,,,,,,,
,,,,,,,,,
,,,,,,,,,
,,,,,,,,,
,,,,,,,,,
,,,,,,,,,
,,,,,,,,,
,,,,,,,,,
,,,,,,,,,
,,,,,,,,,
,,,,,,,,,
,,,,,,,,,
,,,,,,,,,
,,,,,,,,,
,,,,,,,,,
,,,,,,,,,
,,,,,,,,,
,,,,,,,,,
3449,[*]CC1CCC(CC)N(C)C(=O)CC1[*],TRUE,TRUE,FALSE,388.4915771,TRUE,FALSE,439.0389709,50.5473938
,,,,,,,,,
,,,,,,,,,
,,,,,,,,,
,,,,,,,,,
,,,,,,,,,
,,,,,,,,,
,,,,,,,,,
,,,,,,,,,
,,,,,,,,,
,,,,,,,,,
,,,,,,,,,
,,,,,,,,,
,,,,,,,,,
,,,,,,,,,
,,,,,,,,,
,,,,,,,,,
,,,,,,,,,
,,,,,,,,,
,,,,,,,,,
,,,,,,,,,
,,,,,,,,,
3215,[*]CC(C[*])(CCCCCCCOC(C)C)C(=O)OC(C)C(=O)OC(C)(Cl)C#N,TRUE,TRUE,FALSE,296.96875,TRUE,FALSE,348.4631958,51.4944458
,,,,,,,,,
,,,,,,,,,
,,,,,,,,,
,,,,,,,,,
,,,,,,,,,
,,,,,,,,,
,,,,,,,,,
,,,,,,,,,
,,,,,,,,,
,,,,,,,,,
,,,,,,,,,
,,,,,,,,,
,,,,,,,,,
,,,,,,,,,
,,,,,,,,,
,,,,,,,,,
,,,,,,,,,
,,,,,,,,,
,,,,,,,,,
,,,,,,,,,
2531,[*]NC[Se]([*])(=O)OCCCCOCCC,TRUE,TRUE,FALSE,285.6331787,TRUE,FALSE,233.489975,52.14320374
,,,,,,,,,
3125,[*]NCC([*])c1ccc(OCCCCCP(=O)(O)C(F)(F)COC(F)(F)NC(F)(F)F)cc1,TRUE,TRUE,FALSE,332.7275391,TRUE,FALSE,280.5369263,52.19061279
,,,,,,,,,
,,,,,,,,,
,,,,,,,,,
,,,,,,,,,
,,,,,,,,,
,,,,,,,,,
,,,,,,,,,
,,,,,,,,,
,,,,,,,,,
3980,[*]CCN([*])CCCCCCCOC(C)=O,TRUE,TRUE,FALSE,237.5348663,TRUE,FALSE,290.0835266,52.54866028
,,,,,,,,,
,,,,,,,,,
,,,,,,,,,
,,,,,,,,,
,,,,,,,,,
,,,,,,,,,
,,,,,,,,,
,,,,,,,,,
,,,,,,,,,
,,,,,,,,,
,,,,,,,,,
,,,,,,,,,
,,,,,,,,,
,,,,,,,,,
,,,,,,,,,
,,,,,,,,,
,,,,,,,,,
,,,,,,,,,
,,,,,,,,,
,,,,,,,,,
,,,,,,,,,
,,,,,,,,,
,,,,,,,,,
,,,,,,,,,
,,,,,,,,,
,,,,,,,,,
,,,,,,,,,
,,,,,,,,,
,,,,,,,,,
,,,,,,,,,
152,[*]OC(C)=C(/[*])C(=O)OCc1ccc(NC(=O)C(C)CC(F)(F)F)cc1,TRUE,TRUE,FALSE,340.5236816,TRUE,FALSE,394.2805176,53.75683594
,,,,,,,,,
,,,,,,,,,
,,,,,,,,,
,,,,,,,,,
,,,,,,,,,
,,,,,,,,,
,,,,,,,,,
,,,,,,,,,
,,,,,,,,,
,,,,,,,,,
,,,,,,,,,
,,,,,,,,,
,,,,,,,,,
,,,,,,,,,
,,,,,,,,,
,,,,,,,,,
,,,,,,,,,
,,,,,,,,,
,,,,,,,,,
,,,,,,,,,
,,,,,,,,,
,,,,,,,,,
,,,,,,,,,
,,,,,,,,,
,,,,,,,,,
,,,,,,,,,
,,,,,,,,,
,,,,,,,,,
,,,,,,,,,
,,,,,,,,,
,,,,,,,,,
,,,,,,,,,
,,,,,,,,,
,,,,,,,,,
,,,,,,,,,
,,,,,,,,,
,,,,,,,,,
,,,,,,,,,
,,,,,,,,,
,,,,,,,,,
,,,,,,,,,
,,,,,,,,,
,,,,,,,,,
,,,,,,,,,
,,,,,,,,,
,,,,,,,,,
,,,,,,,,,
,,,,,,,,,
,,,,,,,,,
,,,,,,,,,
,,,,,,,,,
,,,,,,,,,
,,,,,,,,,
,,,,,,,,,
,,,,,,,,,
,,,,,,,,,
,,,,,,,,,
,,,,,,,,,
,,,,,,,,,
,,,,,,,,,
,,,,,,,,,
,,,,,,,,,
,,,,,,,,,
,,,,,,,,,
,,,,,,,,,
,,,,,,,,,
,,,,,,,,,
,,,,,,,,,
,,,,,,,,,
,,,,,,,,,
,,,,,,,,,
,,,,,,,,,
,,,,,,,,,
,,,,,,,,,
,,,,,,,,,
,,,,,,,,,
,,,,,,,,,
,,,,,,,,,
,,,,,,,,,
,,,,,,,,,
,,,,,,,,,
,,,,,,,,,
,,,,,,,,,
,,,,,,,,,
,,,,,,,,,
,,,,,,,,,
,,,,,,,,,
,,,,,,,,,
,,,,,,,,,
,,,,,,,,,
,,,,,,,,,
,,,,,,,,,
,,,,,,,,,
3864,[*]OC(F)(F)C([*])(F)C(=O)NC(=O)c1ccc(C(F)(F)CCC(F)(F)F)cc1,TRUE,TRUE,FALSE,319.0396118,TRUE,FALSE,376.8442078,57.80459595
,,,,,,,,,
,,,,,,,,,
,,,,,,,,,
,,,,,,,,,
,,,,,,,,,
,,,,,,,,,
,,,,,,,,,
,,,,,,,,,
3470,[*]ON(C(=O)c1ccc(NC(=O)CCCCCC)cc1)C([*])=O,TRUE,TRUE,FALSE,361.6926575,TRUE,FALSE,419.7772522,58.08459473
,,,,,,,,,
,,,,,,,,,
,,,,,,,,,
,,,,,,,,,
,,,,,,,,,
,,,,,,,,,
,,,,,,,,,
,,,,,,,,,
,,,,,,,,,
,,,,,,,,,
,,,,,,,,,
,,,,,,,,,
,,,,,,,,,
,,,,,,,,,
,,,,,,,,,
,,,,,,,,,
,,,,,,,,,
,,,,,,,,,
,,,,,,,,,
,,,,,,,,,
,,,,,,,,,
,,,,,,,,,
,,,,,,,,,
,,,,,,,,,
,,,,,,,,,
,,,,,,,,,
,,,,,,,,,
,,,,,,,,,
,,,,,,,,,
,,,,,,,,,
,,,,,,,,,
,,,,,,,,,
,,,,,,,,,
,,,,,,,,,
,,,,,,,,,
,,,,,,,,,
,,,,,,,,,
,,,,,,,,,
,,,,,,,,,
,,,,,,,,,
,,,,,,,,,
,,,,,,,,,
,,,,,,,,,
,,,,,,,,,
866,[*]CC(C[*])CCCCCCOC(=O)NC(C)(C)CC[Fe]C(=O)O,TRUE,TRUE,FALSE,282.086792,TRUE,FALSE,342.1365967,60.04980469
,,,,,,,,,
,,,,,,,,,
,,,,,,,,,
,,,,,,,,,
,,,,,,,,,
,,,,,,,,,
,,,,,,,,,
,,,,,,,,,
,,,,,,,,,
,,,,,,,,,
,,,,,,,,,
,,,,,,,,,
,,,,,,,,,
,,,,,,,,,
,,,,,,,,,
,,,,,,,,,
,,,,,,,,,
,,,,,,,,,
,,,,,,,,,
,,,,,,,,,
,,,,,,,,,
,,,,,,,,,
,,,,,,,,,
,,,,,,,,,
2513,[*]CC(O[*])C(=O)OCCCCCCC[Si](C)(C)CNc1ccc(NC(=O)c2ccccc2)cc1,TRUE,TRUE,FALSE,390.5077515,TRUE,FALSE,328.5771179,61.93063354
,,,,,,,,,
,,,,,,,,,
,,,,,,,,,
,,,,,,,,,
,,,,,,,,,
,,,,,,,,,
,,,,,,,,,
,,,,,,,,,
,,,,,,,,,
,,,,,,,,,
,,,,,,,,,
,,,,,,,,,
,,,,,,,,,
,,,,,,,,,
4071,[*]NC(Cc1ccc(C)cc1)C([*])(C)N,TRUE,TRUE,FALSE,324.2002258,TRUE,FALSE,387.1612854,62.96105957
,,,,,,,,,
,,,,,,,,,
,,,,,,,,,
,,,,,,,,,
,,,,,,,,,
,,,,,,,,,
,,,,,,,,,
,,,,,,,,,
,,,,,,,,,
,,,,,,,,,
,,,,,,,,,
,,,,,,,,,
,,,,,,,,,
,,,,,,,,,
,,,,,,,,,
,,,,,,,,,
,,,,,,,,,
,,,,,,,,,
,,,,,,,,,
,,,,,,,,,
,,,,,,,,,
,,,,,,,,,
,,,,,,,,,
,,,,,,,,,
,,,,,,,,,
,,,,,,,,,
,,,,,,,,,
,,,,,,,,,
,,,,,,,,,
,,,,,,,,,
,,,,,,,,,
,,,,,,,,,
,,,,,,,,,
,,,,,,,,,
,,,,,,,,,
,,,,,,,,,
,,,,,,,,,
,,,,,,,,,
,,,,,,,,,
,,,,,,,,,
,,,,,,,,,
,,,,,,,,,
,,,,,,,,,
,,,,,,,,,
4214,[*]CC(CCCCCCOc1ccc(NC(=O)c2cccc(C(=O)O)c2)cc1)C([*])F,TRUE,TRUE,FALSE,394.5528564,TRUE,FALSE,327.9371948,66.61566162
,,,,,,,,,
,,,,,,,,,
,,,,,,,,,
,,,,,,,,,
,,,,,,,,,
,,,,,,,,,
,,,,,,,,,
,,,,,,,,,
,,,,,,,,,
,,,,,,,,,
,,,,,,,,,
,,,,,,,,,
,,,,,,,,,
,,,,,,,,,
,,,,,,,,,
,,,,,,,,,
,,,,,,,,,
,,,,,,,,,
,,,,,,,,,
,,,,,,,,,
,,,,,,,,,
,,,,,,,,,
,,,,,,,,,
,,,,,,,,,
,,,,,,,,,
,,,,,,,,,
,,,,,,,,,
,,,,,,,,,
,,,,,,,,,
,,,,,,,,,
,,,,,,,,,
,,,,,,,,,
,,,,,,,,,
,,,,,,,,,
,,,,,,,,,
,,,,,,,,,
,,,,,,,,,
,,,,,,,,,
,,,,,,,,,
,,,,,,,,,
,,,,,,,,,
,,,,,,,,,
,,,,,,,,,
,,,,,,,,,
,,,,,,,,,
,,,,,,,,,
,,,,,,,,,
,,,,,,,,,
,,,,,,,,,
,,,,,,,,,
3698,[*]CC(CCCC)(c1ccc(-c2ccc(C)cc2)cc1)C([*])c1cc(C)c(Oc2ccccc2)cc1,TRUE,TRUE,FALSE,379.1838989,TRUE,FALSE,449.256897,70.07299805
,,,,,,,,,
,,,,,,,,,
,,,,,,,,,
,,,,,,,,,
,,,,,,,,,
,,,,,,,,,
,,,,,,,,,
,,,,,,,,,
,,,,,,,,,
,,,,,,,,,
,,,,,,,,,
,,,,,,,,,
,,,,,,,,,
,,,,,,,,,
,,,,,,,,,
,,,,,,,,,
,,,,,,,,,
,,,,,,,,,
,,,,,,,,,
,,,,,,,,,
,,,,,,,,,
,,,,,,,,,
,,,,,,,,,
,,,,,,,,,
,,,,,,,,,
,,,,,,,,,
,,,,,,,,,
,,,,,,,,,
,,,,,,,,,
,,,,,,,,,
,,,,,,,,,
,,,,,,,,,
,,,,,,,,,
,,,,,,,,,
,,,,,,,,,
,,,,,,,,,
,,,,,,,,,
,,,,,,,,,
,,,,,,,,,
,,,,,,,,,
,,,,,,,,,
,,,,,,,,,
,,,,,,,,,
4115,[*]CCN([*])Cc1cc(CSC(=O)NCCCC(F)(F)F)c(F)c(Cl)c1Br,TRUE,TRUE,FALSE,311.9959106,TRUE,FALSE,386.4255066,74.42959595
,,,,,,,,,
,,,,,,,,,
,,,,,,,,,
,,,,,,,,,
,,,,,,,,,
,,,,,,,,,
,,,,,,,,,
,,,,,,,,,
,,,,,,,,,
,,,,,,,,,
,,,,,,,,,
,,,,,,,,,
,,,,,,,,,
,,,,,,,,,
,,,,,,,,,
,,,,,,,,,
,,,,,,,,,
,,,,,,,,,
,,,,,,,,,
,,,,,,,,,
,,,,,,,,,
,,,,,,,,,
4918,[*]CC(C)[Sn]([*])(C)C(=O)OCc1ccc(NC(=O)O)c(C)c1,TRUE,TRUE,FALSE,468.9078064,TRUE,FALSE,392.2171326,76.69067383
,,,,,,,,,
,,,,,,,,,
,,,,,,,,,
,,,,,,,,,
,,,,,,,,,
,,,,,,,,,
,,,,,,,,,
,,,,,,,,,
,,,,,,,,,
,,,,,,,,,
,,,,,,,,,
,,,,,,,,,
,,,,,,,,,
,,,,,,,,,
,,,,,,,,,
,,,,,,,,,
,,,,,,,,,
,,,,,,,,,
,,,,,,,,,
,,,,,,,,,
,,,,,,,,,
,,,,,,,,,
,,,,,,,,,
,,,,,,,,,
,,,,,,,,,
,,,,,,,,,
,,,,,,,,,
,,,,,,,,,
,,,,,,,,,
,,,,,,,,,
,,,,,,,,,
,,,,,,,,,
,,,,,,,,,
,,,,,,,,,
,,,,,,,,,
,,,,,,,,,
,,,,,,,,,
,,,,,,,,,
,,,,,,,,,
,,,,,,,,,
,,,,,,,,,
,,,,,,,,,
,,,,,,,,,
,,,,,,,,,
,,,,,,,,,
,,,,,,,,,
,,,,,,,,,
1629,[*]OC(CCCCCCOc1ccc(OC(=O)O[Na])cc1)C([*])=O,TRUE,TRUE,FALSE,366.1097107,TRUE,FALSE,281.8422241,84.26748657
,,,,,,,,,
,,,,,,,,,
,,,,,,,,,
,,,,,,,,,
,,,,,,,,,
,,,,,,,,,
,,,,,,,,,
,,,,,,,,,
,,,,,,,,,
,,,,,,,,,
,,,,,,,,,
,,,,,,,,,
,,,,,,,,,
,,,,,,,,,
,,,,,,,,,
,,,,,,,,,
,,,,,,,,,
,,,,,,,,,
,,,,,,,,,
,,,,,,,,,
,,,,,,,,,
,,,,,,,,,
,,,,,,,,,
,,,,,,,,,
,,,,,,,,,
,,,,,,,,,
,,,,,,,,,
,,,,,,,,,
,,,,,,,,,
,,,,,,,,,
,,,,,,,,,
,,,,,,,,,
,,,,,,,,,
,,,,,,,,,
,,,,,,,,,
,,,,,,,,,
,,,,,,,,,
,,,,,,,,,
,,,,,,,,,
,,,,,,,,,
,,,,,,,,,
,,,,,,,,,
,,,,,,,,,
,,,,,,,,,
,,,,,,,,,
,,,,,,,,,
,,,,,,,,,
,,,,,,,,,
,,,,,,,,,
,,,,,,,,,
,,,,,,,,,
,,,,,,,,,
,,,,,,,,,
,,,,,,,,,
,,,,,,,,,
653,[*]CC(C)(N=[*])N(C)C,TRUE,TRUE,FALSE,275.0128479,TRUE,FALSE,368.7631531,93.75030518
,,,,,,,,,
,,,,,,,,,
,,,,,,,,,
,,,,,,,,,
,,,,,,,,,
,,,,,,,,,
,,,,,,,,,
,,,,,,,,,
,,,,,,,,,
,,,,,,,,,
,,,,,,,,,
,,,,,,,,,
,,,,,,,,,
,,,,,,,,,
,,,,,,,,,
,,,,,,,,,
,,,,,,,,,
,,,,,,,,,
,,,,,,,,,
,,,,,,,,,
,,,,,,,,,
,,,,,,,,,
,,,,,,,,,
,,,,,,,,,
,,,,,,,,,
,,,,,,,,,
,,,,,,,,,
,,,,,,,,,
,,,,,,,,,
,,,,,,,,,
,,,,,,,,,
,,,,,,,,,
,,,,,,,,,
854,[*]OC(F)=C([*])c1ccc(OC(=O)CCC(C)(F)F)cc1,TRUE,TRUE,FALSE,356.4563293,TRUE,FALSE,464.8098755,108.3535461
,,,,,,,,,
,,,,,,,,,
,,,,,,,,,
,,,,,,,,,
,,,,,,,,,
,,,,,,,,,
,,,,,,,,,
,,,,,,,,,
,,,,,,,,,
,,,,,,,,,
,,,,,,,,,
,,,,,,,,,
,,,,,,,,,
,,,,,,,,,
2841,[*]CC(F)(F)C([*])C(=O)OCCINC(=O)c1ccccc1,TRUE,TRUE,FALSE,266.3805237,TRUE,FALSE,393.1511841,126.7706604
,,,,,,,,,
,,,,,,,,,
,,,,,,,,,
,,,,,,,,,
,,,,,,,,,
4485,[*]C[Se](=O)c1ccc(-c2ccc(OC(=O)Cc3ccc4cc(c3=O)N4C(=O)c3ccc(C([*])=O)cc3)cc2)cc1,TRUE,TRUE,FALSE,409.5221863,TRUE,FALSE,,409.5221863