sample_id,smiles,is_valid,is_unique,in_training_set,target_tg,sampling_temperature,pred,test_smiles,nn_similarity,nn_train_index,nn_train_smiles,similarity_bin
0,[*]CNC(=O)C(C[*])(CC)C(=O)OC(=O)C(F)(F)F,True,True,False,350.0,0.5,426.11083984375,[*]CNC(=O)C(C[*])(CC)C(=O)OC(=O)C(F)(F)F,0.358974358974359,1564.0,[*]CC([*])(F)C(=O)OC,low
2,[*]c1ccc(CCCCCCCC(=O)Oc2ccc(N3C(=O)c4ccc([*])cc4C3=O)c(O)c2)cc1OCCOC(F)(F)F,True,True,False,350.0,0.5,395.3953247070313,[*]c1ccc(CCCCCCCC(=O)Oc2ccc(N3C(=O)c4ccc([*])cc4C3=O)c(O)c2)cc1OCCOC(F)(F)F,0.3978494623655914,532.0,[*]C(=O)c1ccc2c(c1)C(=O)N(c1ccc(-c3ccc(N4C(=O)c5ccc([*])cc5C4=O)c(OCCCCCCOc4ccc(/C=C/c5ccc(F)cc5)cc4)c3)cc1OCCCCCCOc1ccc(/C=C/c3ccc(F)cc3)cc1)C2=O,low
3,[*]CC([*])(C)C(=O)NCCCCOc1ccc(C=C(CC)c2ccccc2)s1,True,True,False,350.0,0.5,379.412841796875,[*]CC([*])(C)C(=O)NCCCCOc1ccc(C=C(CC)c2ccccc2)s1,0.36507936507936506,1230.0,[*]CC([*])(C)C(=O)OCC(=O)c1ccccc1,low
4,[*]Sc1ccc(O[Si]([*])(C)CCCCCCc2ccc(Oc3ccc(C#N)cc3)cc2)c(C(=O)c2ccccc2)c1,True,True,False,350.0,0.5,342.97509765625,[*]Sc1ccc(O[Si]([*])(C)CCCCCCc2ccc(Oc3ccc(C#N)cc3)cc2)c(C(=O)c2ccccc2)c1,0.4375,4637.0,[*]O[Si]([*])(C)CCCCCCCCOc1ccc(C(=O)Oc2ccc(C#N)cc2C)cc1,low
5,[*]C(=O)Nc1ccc2c(c1)OCCC[Si]([*])(CCC)COc1ccccc12,True,True,False,350.0,0.5,458.3417663574219,[*]C(=O)Nc1ccc2c(c1)OCCC[Si]([*])(CCC)COc1ccccc12,0.2878787878787879,1599.0,[*]CC([*])C(=O)Nc1ccc2c(c1)C(=O)c1ccccc1C2=O,low
7,[*]CC([*])OCCCCCCP(=O)(OC)C(=O)OCC(C)C,True,True,False,350.0,0.5,309.8829345703125,[*]CC([*])OCCCCCCP(=O)(OC)C(=O)OCC(C)C,0.4090909090909091,7267.0,[*]CC([*])OCCCCCC,low
8,[*]CC(=O)Sc1cccc2cc(NC(=O)OCC([*])(C)C(F)(F)F)ccc2C1=O,True,True,False,350.0,0.5,342.640380859375,[*]CC(=O)Sc1cccc2cc(NC(=O)OCC([*])(C)C(F)(F)F)ccc2C1=O,0.3582089552238806,2828.0,[*]COC(=O)Nc1ccc(Cc2ccc(NC(=O)OCC([*])(C)C)cc2)cc1,low
10,[*]C#Cc1ccc(OC(=O)c2ccc(Oc3ccc(C=CCC)cc3)cc2)c(C(=O)O)c1[*],True,True,False,350.0,0.5,414.7550048828125,[*]C#Cc1ccc(OC(=O)c2ccc(Oc3ccc(C=CCC)cc3)cc2)c(C(=O)O)c1[*],0.3384615384615385,6108.0,[*]c1ccc(OC(=O)c2ccc(Oc3ccc(C(=O)Oc4ccc(C([*])(C)C)cc4)cc3)cc2)cc1,low
11,[*]CCCCCCCO[Si](C)(C)c1cccc(C(=O)Nc2ccc(OC([*])=O)cc2)c1,True,True,False,350.0,0.5,315.5442199707031,[*]CCCCCCCO[Si](C)(C)c1cccc(C(=O)Nc2ccc(OC([*])=O)cc2)c1,0.4918032786885246,3828.0,[*]Nc1ccc(OCCCCCCCCOc2ccc(NC(=O)c3cccc(C([*])=O)c3)cc2)cc1,low
13,[*]OCCCCCC(=O)OC(=O)CCCCS([*])=NC,True,True,False,350.0,0.5,268.21710205078125,[*]OCCCCCC(=O)OC(=O)CCCCS([*])=NC,0.375,4382.0,[*]OCCCCCCOC(=O)C([*])=O,low
15,[*]C#Cc1ccc(CCCCCCOc2ccc(S(=O)(=O)c3ccc(OCCCC)cc3)cc2)c([*])c1,True,True,False,350.0,0.5,367.9591674804688,[*]C#Cc1ccc(CCCCCCOc2ccc(S(=O)(=O)c3ccc(OCCCC)cc3)cc2)c([*])c1,0.38095238095238093,6222.0,[*]c1ccc(OCCCCOc2ccc(C(C)(C)c3ccc(Oc4ccc(S(=O)(=O)c5ccc(Oc6ccc(C([*])(C)C)cc6)cc5)cc4)cc3)cc2)cc1,low
16,[*]CC([*])c1ccc(CN(C)C(=O)CCCCC(Cl)(C(F)(F)F)C(=O)OC)cc1,True,True,False,350.0,0.5,324.25274658203125,[*]CC([*])c1ccc(CN(C)C(=O)CCCCC(Cl)(C(F)(F)F)C(=O)OC)cc1,0.3793103448275862,7274.0,[*]CC([*])c1ccc(C(=O)OC)cc1,low
17,[*]C=Cc1ccc(NC(=O)c2ccc(CCCCC([*])=S)cc2)c(OC)c1,True,True,False,350.0,0.5,431.7388916015625,[*]C=Cc1ccc(NC(=O)c2ccc(CCCCC([*])=S)cc2)c(OC)c1,0.3870967741935484,6009.0,[*]c1ccc(NC(=O)c2cccc(C(=O)Nc3ccc([*])cc3OC)c2)c(OC)c1,low
18,[*]CCCC/C=C(/[*])C[Si](C)(C)C,True,True,False,350.0,0.5,296.23687744140625,[*]CCCC/C=C(/[*])C[Si](C)(C)C,0.30303030303030304,2583.0,[*]CCC[Si]([*])(C)CCC[Si](C)(C)C,low
19,[*]CC([*])C(=O)OC(F)(F)CN1CCCC1[N+](=O)OC(C)C,True,True,False,350.0,0.5,382.2176818847656,[*]CC([*])C(=O)OC(F)(F)CN1CCCC1[N+](=O)OC(C)C,0.36538461538461536,1606.0,[*]CC([*])C(=O)OC(F)(C(F)(F)F)C(F)(F)F,low
20,[*]CC([*])OC1CC(=O)N(Oc2ccc(S(=O)(=O)c3ccc(CCC)cc3)cc2)C1,True,True,False,350.0,0.5,375.58111572265625,[*]CC([*])OC1CC(=O)N(Oc2ccc(S(=O)(=O)c3ccc(CCC)cc3)cc2)C1,0.3157894736842105,1953.0,[*]CC([*])c1ccc(CCC)cc1,low
21,[*]C=Cc1nnc(-c2ccc(COCCOC(=O)c3ccccc3)cc2)c([*])c1C(C)(C)C,True,True,False,350.0,0.5,381.8682556152344,[*]C=Cc1nnc(-c2ccc(COCCOC(=O)c3ccccc3)cc2)c([*])c1C(C)(C)C,0.32098765432098764,1012.0,[*]C=Cc1ccc(OCCCCCCCCCCOC(=O)c2ccc(-c3nnc(-c4ccc(C(=O)OCCCCCCCCCCOc5ccc(/C=C/C([*])=O)cc5)cc4)o3)cc2)cc1,low
22,[*]CCc1ccc(OCCCCC(=O)Nc2ccc(C#N)c(N3C(=O)c4ccc([*])cc4C3=O)c2)cc1,True,True,False,350.0,0.5,465.6542053222656,[*]CCc1ccc(OCCCCC(=O)Nc2ccc(C#N)c(N3C(=O)c4ccc([*])cc4C3=O)c2)cc1,0.4411764705882353,6777.0,[*]c1ccc2c(c1)C(=O)N(c1ccc(OCCCCCCCCCCOc3ccc(N4C(=O)c5ccc([*])cc5C4=O)cc3)cc1)C2=O,low
24,[*]CC([*])c1ccc(O)cc1S(=O)(=O)Oc1ccc(CC[N+](C)(C)C)cc1,True,True,False,350.0,0.5,413.4812927246094,[*]CC([*])c1ccc(O)cc1S(=O)(=O)Oc1ccc(CC[N+](C)(C)C)cc1,0.3392857142857143,7121.0,[*]CC([*])c1ccc(OC)cc1C,low
25,[*]CC([*])(C)C(=O)OCCCCCC/C=C/C(=O)C(Oc1ccc(OCCC)cc1)O[Si](=O)(C)C,True,True,False,350.0,0.5,317.3095092773437,[*]CC([*])(C)C(=O)OCCCCCC/C=C/C(=O)C(Oc1ccc(OCCC)cc1)O[Si](=O)(C)C,0.5151515151515151,1331.0,[*]CC([*])(C)C(=O)OCCCCCCOc1ccc(/N=N/c2ccc(OCCCC)cc2)cc1,medium
26,[*]CCC(CCCCCNc1ccc(/N=N/c2ccc(C(=O)O[*])cc2)cc1)OC,True,True,False,350.0,0.5,393.8784790039063,[*]CCC(CCCCCNc1ccc(/N=N/c2ccc(C(=O)O[*])cc2)cc1)OC,0.3333333333333333,7274.0,[*]CC([*])c1ccc(C(=O)OC)cc1,low
27,[*]Cc1ccc(NC(=O)Oc2ccc(CCCCCCc3ccc(/C=N/c4ccc(O[*])cc4)cc3)cc2)c(C)c1,True,True,False,350.0,0.5,357.09893798828125,[*]Cc1ccc(NC(=O)Oc2ccc(CCCCCCc3ccc(/C=N/c4ccc(O[*])cc4)cc3)cc2)c(C)c1,0.4142857142857143,3373.0,[*]NC(=O)Oc1ccc(/N=C/C=N/c2ccc(OC(=O)Nc3cc([*])ccc3C)cc2)cc1,low
28,[*]Oc1ccc(C(NC(=O)CCCCc2ccc(OC([*])=O)cc2[Se])c2ccccc2)cc1,True,True,False,350.0,0.5,396.3778381347656,[*]Oc1ccc(C(NC(=O)CCCCc2ccc(OC([*])=O)cc2[Se])c2ccccc2)cc1,0.4642857142857143,4886.0,[*]Oc1ccc(C(c2ccccc2)c2ccc(OC([*])=O)cc2)cc1,low
29,[*]Cc1ccc(COC(=O)N(CCC)Sc2ccc(C=[*])cc2)cc1,True,True,False,350.0,0.5,330.6448669433594,[*]Cc1ccc(COC(=O)N(CCC)Sc2ccc(C=[*])cc2)cc1,0.35185185185185186,3044.0,[*]Cc1ccc(C(=O)OCc2ccc(COC([*])=O)cc2)cc1,low
30,[*]Oc1ccc(S(=O)(=O)C([*])c2ccc(C#N)cc2)cc1,True,True,False,350.0,0.5,440.8631286621094,[*]Oc1ccc(S(=O)(=O)C([*])c2ccc(C#N)cc2)cc1,0.425,1912.0,[*]CC([*])c1ccc(C#N)cc1,low
31,[*]CC#CCCCOC(=O)C(C)N([*])OC,True,True,False,350.0,0.5,297.2721862792969,[*]CC#CCCCOC(=O)C(C)N([*])OC,0.3409090909090909,1667.0,[*]CC([*])C(=O)OCCCOC,low
32,[*]CCCC(=O)OCC(c1cc(Cl)cc(C([*])=O)c1)C(=O)OCC(C)(C)C,True,True,False,350.0,0.5,307.3399658203125,[*]CCCC(=O)OCC(c1cc(Cl)cc(C([*])=O)c1)C(=O)OCC(C)(C)C,0.3333333333333333,2251.0,[*]CCCCC(=O)OCC(O)COc1ccc(OCC(O)COC([*])=O)cc1,low
33,[*]C=CC([*])COC(=O)c1ccc(S[Na])cc1OCC,True,True,False,350.0,0.5,299.3983154296875,[*]C=CC([*])COC(=O)c1ccc(S[Na])cc1OCC,0.35,216.0,[*]C(=O)NNC(=O)c1ccc([*])cc1OCC,low
34,[*]C(=O)N([*])CCCCCC(=O)N(c1ccc(OCCCC)c(Br)c1)C(C)C,True,True,False,350.0,0.5,388.4152221679688,[*]C(=O)N([*])CCCCCC(=O)N(c1ccc(OCCCC)c(Br)c1)C(C)C,0.3387096774193548,411.0,[*]C(=O)c1ccc(N([*])CCCCCCC)cc1,low
35,[*]CCCCCC[SH](=O)Nc1ccc(/C=C/c2ccc(-c3nnc([*])o3)cc2SCCC(=O)O)cc1,True,True,False,350.0,0.5,391.6456604003906,[*]CCCCCC[SH](=O)Nc1ccc(/C=C/c2ccc(-c3nnc([*])o3)cc2SCCC(=O)O)cc1,0.3,2357.0,[*]CCCCCCCCC(=O)Nc1cc(NC([*])=O)cc(-c2nnc(-c3ccccn3)o2)c1,low
36,[*]Cc1ccc(C2CCC(N3C(=O)c4ccc(OP([*])=O)cc4Br)CCC32)cc1,True,True,False,350.0,0.5,449.5496826171875,[*]Cc1ccc(C2CCC(N3C(=O)c4ccc(OP([*])=O)cc4Br)CCC32)cc1,0.3050847457627119,3164.0,[*]Cc1ccc(OC([*])=O)cc1,low
37,[*]CC1CCN(CCCCCCOc2ccc(S([*])(=O)=O)cc2)CC1,True,True,False,350.0,0.5,332.50262451171875,[*]CC1CCN(CCCCCCOc2ccc(S([*])(=O)=O)cc2)CC1,0.4305555555555556,1261.0,[*]CC([*])(C)C(=O)OCCC1CCN(CCCCCCOc2ccc(/N=N/c3ccc([N+](=O)[O-])cc3)cc2)CC1,low
38,[*]CC(O)CCCCCCCS(=O)(=O)OCCCCCCOc1ccc(C(=O)Nc2ccc(O[*])c(C)n2)cc1,True,True,False,350.0,0.5,321.53179931640625,[*]CC(O)CCCCCCCS(=O)(=O)OCCCCCCOc1ccc(C(=O)Nc2ccc(O[*])c(C)n2)cc1,0.3076923076923077,1847.0,[*]CC([*])OCCCCCCCCCCCOc1ccc(C(=O)Oc2ccc(OCC)cc2)cc1,low
39,[*]CC([*])CCCCNC(=O)c1ccc(OCC=CCCC)cc1,True,True,False,350.0,0.5,314.7467956542969,[*]CC([*])CCCCNC(=O)c1ccc(OCC=CCCC)cc1,0.4642857142857143,2570.0,[*]CCCNC(=O)c1ccc(C(=O)NCCC([*])CC)cc1,low
40,[*]CC([*])(C)C(=O)OCCC/C(=N\CSc1ccccc1)C(=O)OC,True,True,False,350.0,0.5,331.8019104003906,[*]CC([*])(C)C(=O)OCCC/C(=N\CSc1ccccc1)C(=O)OC,0.5,1377.0,[*]CC([*])(C)C(=O)OCCCCc1ccccc1,medium
42,[*]Cc1ccc(-c2ccc(SCCO)cc2)cc1[*],True,True,False,350.0,0.5,360.31744384765625,[*]Cc1ccc(-c2ccc(SCCO)cc2)cc1[*],0.2727272727272727,1059.0,[*]CC(=O)Nc1ccc(-c2ccc(NC(=O)Cc3cc(C)c([*])cc3C)cc2)cc1,low
43,[*]Nc1ccc(C(=O)OC(=O)c2ccc([*])cc2)cc1C(=O)OCCCCCCCC,True,True,False,350.0,0.5,346.9726867675781,[*]Nc1ccc(C(=O)OC(=O)c2ccc([*])cc2)cc1C(=O)OCCCCCCCC,0.5384615384615384,3386.0,[*]NC(=O)c1ccc(NC(=O)CCCCCCC(=O)Nc2ccc(C(=O)Nc3ccc([*])cc3C(=O)OCCCCCCCCCCCCCCCCCC)cc2)cc1,medium
44,[*]CC=CC(c1ccccc1)c1ccc(N([*])[Si](C)(C)C)c(C)c1,True,True,False,350.0,0.5,437.96978759765625,[*]CC=CC(c1ccccc1)c1ccc(N([*])[Si](C)(C)C)c(C)c1,0.34,2113.0,[*]CC=CC[Si]([*])(C)c1ccccc1,low
45,[*]C=NP(=O)c1ccc(C(=O)O[*])c(OCCCC(F)(F)F)c1-c1ccccc1,True,True,False,350.0,0.5,418.8802185058594,[*]C=NP(=O)c1ccc(C(=O)O[*])c(OCCCC(F)(F)F)c1-c1ccccc1,0.2875,4178.0,[*]OC(=O)c1ccc(C(=O)Oc2cc(OCCOC)c([*])cc2OCCOC)cc1-c1ccccc1,low
48,[*]CC([*])CCCCCCOC(=O)c1cccc(S(=O)(=O)c2ccc(OCCCCCCC)cc2)c1,True,True,False,350.0,0.5,319.2754211425781,[*]CC([*])CCCCCCOC(=O)c1cccc(S(=O)(=O)c2ccc(OCCCCCCC)cc2)c1,0.5223880597014925,1885.0,[*]CC([*])c1cc(C(=O)OCCCC)ccc1-c1ccc(OCCCCCCCC)cc1,medium
49,[*]=Cc1cc(N(C(=O)CCCC)C([*])=O)c(C(C)C)cc1C,True,True,False,350.0,0.5,458.2554016113281,[*]=Cc1cc(N(C(=O)CCCC)C([*])=O)c(C(C)C)cc1C,0.3018867924528302,1104.0,[*]CC(CC)N([*])C(=O)CCCC,low
50,[*]OC([*])C(C)CCc1ccc(CNC(=O)c2ccc(-c3ccccc3)cc2)cc1,True,True,False,350.0,0.5,374.6341857910156,[*]OC([*])C(C)CCc1ccc(CNC(=O)c2ccc(-c3ccccc3)cc2)cc1,0.35,2658.0,[*]CCNC(=O)c1cccc(C(=O)NCCC(C)C([*])C)c1,low
51,[*]/C=C(/[*])Cc1ccc(Oc2ccc(CCCCCCC(=O)c3ccccc3)cc2)cc1,True,True,False,350.0,0.5,313.2980651855469,[*]/C=C(/[*])Cc1ccc(Oc2ccc(CCCCCCC(=O)c3ccccc3)cc2)cc1,0.36538461538461536,4184.0,[*]OC(=O)c1ccc(CCCCCCc2ccc(C([*])=O)cc2)cc1,low
52,[*]NC(=O)C(CCCCCCCCCCCCOC(=O)c1cc([*])ccc1)OCCC(C)=CC[N+](C)(C)C,True,True,False,350.0,0.5,311.66314697265625,[*]NC(=O)C(CCCCCCCCCCCCOC(=O)c1cc([*])ccc1)OCCC(C)=CC[N+](C)(C)C,0.3582089552238806,4331.0,[*]OCCCCCCCCCCOC(=O)c1cccc(C([*])=O)c1,low
54,[*]CC[Si](CC(Cc1ccccc1)C(=O)NCCCCNC(=O)N[*])c1ccc(-c2ccc([N+](=O)[O-])cc2)cc1,True,True,False,350.0,0.5,333.7851257324219,[*]CC[Si](CC(Cc1ccccc1)C(=O)NCCCCNC(=O)N[*])c1ccc(-c2ccc([N+](=O)[O-])cc2)cc1,0.2976190476190476,2334.0,[*]CCCCCCCCC(=O)NC(Cc1ccccc1)C(=O)NCCCOCCOCCOCCCNC(=O)C(Cc1ccccc1)NC([*])=O,low
55,[*]CC(Cl)C(=O)OCC1CCCC(C)COC([*])[Si]1,True,True,False,350.0,0.5,311.9425048828125,[*]CC(Cl)C(=O)OCC1CCCC(C)COC([*])[Si]1,0.26666666666666666,1218.0,[*]CC([*])(C)C(=O)OC1CCCC(C)C1,low
56,[*]CCOC(=O)c1ccc(C(=O)Nc2ccc(S(=O)(=O)c3ccc(OCCCCCO[*])cc3)cc2)c(C)c1,True,True,False,350.0,0.5,433.1473388671875,[*]CCOC(=O)c1ccc(C(=O)Nc2ccc(S(=O)(=O)c3ccc(OCCCCCO[*])cc3)cc2)c(C)c1,0.5396825396825397,5833.0,[*]c1ccc(C(=O)Nc2ccc(Oc3ccc(S(=O)(=O)c4ccc(Oc5ccc(NC(=O)c6ccc([*])cc6C)cc5)cc4)cc3)cc2)c(C)c1,medium
57,[*]C1C=CC(C(=O)Nc2ccc(OCCCCCCNc3ccc(CSCC)cc3)cc2)C1[*],True,True,False,350.0,0.5,412.1437072753906,[*]C1C=CC(C(=O)Nc2ccc(OCCCCCCNc3ccc(CSCC)cc3)cc2)C1[*],0.3157894736842105,254.0,[*]C(=O)Nc1ccc(OCCCCCCOc2ccc(NC(=O)c3cc([*])cc(C(C)(C)C)c3)cc2)cc1,low
58,[*]OCc1cc(Br)c([N+](=O)[O-])cc1CCCCC(=O)OCC([*])(C)C,True,True,False,350.0,0.5,305.59326171875,[*]OCc1cc(Br)c([N+](=O)[O-])cc1CCCCC(=O)OCC([*])(C)C,0.4074074074074074,2800.0,[*]COC(=O)CCCCC(=O)OCC([*])(C)C,low
59,[*]Oc1ccc(S(=O)c2ccc(Oc3ccc(C([*])=O)cc3)cc2)cc1,True,True,False,350.0,0.5,420.2944030761719,[*]Oc1ccc(S(=O)c2ccc(Oc3ccc(C([*])=O)cc3)cc2)cc1,0.6666666666666666,7318.0,[*]Oc1ccc(C([*])=O)cc1,medium
60,[*]C=C(O)C(=O)Nc1ccc(C(=[*])CC)cc1,True,True,False,350.0,0.5,444.6951293945313,[*]C=C(O)C(=O)Nc1ccc(C(=[*])CC)cc1,0.32,3062.0,[*]Cc1ccc(NC(=O)c2ccc(C(=O)NC([*])(C)C)cc2)cc1,low
61,[*]CCCP(C=[*])(=O)NCCCCCN1C(=O)COC1,True,True,False,350.0,0.5,288.4598083496094,[*]CCCP(C=[*])(=O)NCCCCCN1C(=O)COC1,0.24074074074074073,2545.0,[*]CCCN1C(=O)CC([*])CC1=O,low
62,[*]CCOc1ccc(NC(=O)c2ccc(C([*])=O)cc2OCCCCCC)cc1,True,True,False,350.0,0.5,374.1124877929688,[*]CCOc1ccc(NC(=O)c2ccc(C([*])=O)cc2OCCCCCC)cc1,0.5344827586206896,3828.0,[*]Nc1ccc(OCCCCCCCCOc2ccc(NC(=O)c3cccc(C([*])=O)c3)cc2)cc1,medium
63,[*]c1ccc(OC(COc2ccc(C([*])=O)cc2)C(C)CCCCC)cc1,True,True,False,350.0,0.5,326.8033447265625,[*]c1ccc(OC(COc2ccc(C([*])=O)cc2)C(C)CCCCC)cc1,0.5416666666666666,424.0,[*]C(=O)c1ccc(OCC(O)COc2ccc([*])cc2)cc1,medium
67,[*]C(=O)OCCCCCCCNS(=O)(=O)c1ccc(C(=O)NCCOc2ccc([*])cc2)cc1,True,True,False,350.0,0.5,333.3918762207031,[*]C(=O)OCCCCCCCNS(=O)(=O)c1ccc(C(=O)NCCOc2ccc([*])cc2)cc1,0.43333333333333335,4301.0,[*]OCCCCCCCCCCCCOC(=O)OCCCCCCOc1ccc(C(=O)c2ccc(OCCCCCCOC([*])=O)cc2)cc1,low
68,[*]CC([*])(C)CCCCCCCCOC(=O)c1ccc2cc(CC(C)C)ccc2c1,True,True,False,350.0,0.5,309.1415405273437,[*]CC([*])(C)CCCCCCCCOC(=O)c1ccc2cc(CC(C)C)ccc2c1,0.4642857142857143,4308.0,[*]OCCCCCCCCCCCCOC(=O)c1ccc2cc(C([*])=O)ccc2c1,low
69,[*]Oc1ccc(/N=N/c2ccc(OC(=O)COc3ccc(C([*])=O)cc3)cc2Cl)cc1,True,True,False,350.0,0.5,406.7673034667969,[*]Oc1ccc(/N=N/c2ccc(OC(=O)COc3ccc(C([*])=O)cc3)cc2Cl)cc1,0.52,4776.0,[*]Oc1ccc(-c2ccc(/N=N/c3ccc(C([*])=O)cc3)cc2)cc1,medium
70,[*]C([*])C#CCCCCC(C)(C)C(C)C,True,True,False,350.0,0.5,317.0053100585937,[*]C([*])C#CCCCCC(C)(C)C(C)C,0.25,2774.0,[*]CNC(=O)CCCCC(=O)NCCC(C)(C)CC([*])C,low
71,[*]/C=C/c1ccc(CCCCCC(=O)N(C)CCc2ccc(O[*])cc2Oc2ccc(C(F)(F)F)cc2C)cc1,True,True,False,350.0,0.5,340.0247497558594,[*]/C=C/c1ccc(CCCCCC(=O)N(C)CCc2ccc(O[*])cc2Oc2ccc(C(F)(F)F)cc2C)cc1,0.32558139534883723,6364.0,[*]c1ccc(Oc2ccc(/C=C/C(=O)c3ccc(Oc4ccc(C([*])(C)C)cc4C)cc3)cc2)c(C)c1,low
72,[*]Oc1ccc(CCCCCCCN(c2ccc(OC([*])=S)cc2)C(=O)O[Si](C)(C)CCCCCC(C)C)cc1,True,True,False,350.0,0.5,310.7427673339844,[*]Oc1ccc(CCCCCCCN(c2ccc(OC([*])=S)cc2)C(=O)O[Si](C)(C)CCCCCC(C)C)cc1,0.38333333333333336,4942.0,[*]Oc1ccc(Cc2ccc(OC([*])=S)cc2)cc1,low
73,[*]CC(=O)NCCCCCCNC(=O)c1ccc(C(OCCCC([*])=O)C(F)(F)F)cc1,True,True,False,350.0,0.5,406.6149597167969,[*]CC(=O)NCCCCCCNC(=O)c1ccc(C(OCCCC([*])=O)C(F)(F)F)cc1,0.4107142857142857,3039.0,[*]Cc1ccc(C(=O)NCCCCCCNC([*])=O)cc1,low
74,[*]CC(CCCCCCOc1ccc(Cl)cc1)N(C)C(=O)OCCCCS[*],True,True,False,350.0,0.5,286.9407958984375,[*]CC(CCCCCCOc1ccc(Cl)cc1)N(C)C(=O)OCCCCS[*],0.4153846153846154,1293.0,[*]CC([*])(C)C(=O)OCCCCCCCCCCOc1ccc(/N=N/c2ccc(Cl)cc2)cc1,low
76,[*]CCc1cc(I)c(N2C(=O)c3ccc(OCC([*])C#N)cc3C2=O)cc1-c1ccc(I)cc1,True,True,False,350.0,0.5,461.4120788574219,[*]CCc1cc(I)c(N2C(=O)c3ccc(OCC([*])C#N)cc3C2=O)cc1-c1ccc(I)cc1,0.32558139534883723,5975.0,[*]c1ccc(N2C(=O)c3ccc(Oc4ccc5c(c4)C(=O)N(c4ccc(-c6cc(-c7ccc(OCCCC#N)cc7)cc([*])n6)cc4)C5=O)cc3C2=O)cc1,low
77,[*]OC=CNC(=O)c1ccc(C(C)(C)Oc2ccc(C=[*])cc2)cc1,True,True,False,350.0,0.5,354.43798828125,[*]OC=CNC(=O)c1ccc(C(C)(C)Oc2ccc(C=[*])cc2)cc1,0.35,6363.0,[*]c1ccc(Oc2ccc(/C=C/C(=O)c3ccc(Oc4ccc(C([*])(C)C)cc4)cc3)cc2)cc1,low
78,[*]CC([*])=C1CCCN(CCCCCC)CC1C(C)CCCC,True,True,False,350.0,0.5,358.0677490234375,[*]CC([*])=C1CCCN(CCCCCC)CC1C(C)CCCC,0.2833333333333333,2081.0,[*]CC1C(=O)N(CCCCCCCCCCCC)C(=O)C1C([*])CCCCCCCCCCCCCCCC,low
79,[*]CCOc1ccc(P(=O)(=O)c2ccc(Oc3ccc(O)c(/C=N/C([*])(C)C)c3)cc2)cc1,True,True,False,350.0,0.5,368.9324951171875,[*]CCOc1ccc(P(=O)(=O)c2ccc(Oc3ccc(O)c(/C=N/C([*])(C)C)c3)cc2)cc1,0.31343283582089554,1427.0,[*]CC([*])(C)C(=O)OCCOc1ccc(/N=N/c2ccc(OC)cc2)cc1,low
80,[*]OC(=O)c1ccc(NC(=O)OCC(C)(C)COc2ccc(C([*])=O)cc2)c(NC(=O)c2ccccc2)c1,True,True,False,350.0,0.5,405.9649658203125,[*]OC(=O)c1ccc(NC(=O)OCC(C)(C)COc2ccc(C([*])=O)cc2)c(NC(=O)c2ccccc2)c1,0.4067796610169492,4195.0,[*]OC(=O)c1ccc(OCCOc2ccc(C([*])=O)cc2)cc1,low
81,[*]O[Si](C)(C)CCNC(=O)c1cc(/N=C/CCCCCCC)cc(C([*])=O)c1O[Si](C)(C)C(=O)OC,True,True,False,350.0,0.5,313.82763671875,[*]O[Si](C)(C)CCNC(=O)c1cc(/N=C/CCCCCCC)cc(C([*])=O)c1O[Si](C)(C)C(=O)OC,0.2875,3507.0,[*]NCCCCCCNC(=O)Oc1ccc(/N=C/CCC/C=N/c2ccc(OC([*])=O)cc2)cc1,low
82,[*]CC([*])c1ccc(C(=O)c2ccc(OCCCCCCCC)cc2CCCN)c(OC)c1,True,True,False,350.0,0.5,346.760009765625,[*]CC([*])c1ccc(C(=O)c2ccc(OCCCCCCCC)cc2CCCN)c(OC)c1,0.43103448275862066,7288.0,[*]CC([*])c1ccc(OCCCC)cc1,low
84,[*]CC([*])(COC(=O)NCCCCCC)C1CC(c2ccccc2)C(=O)OC1,True,True,False,350.0,0.5,343.7992858886719,[*]CC([*])(COC(=O)NCCCCCC)C1CC(c2ccccc2)C(=O)OC1,0.36363636363636365,2825.0,[*]COC(=O)NCCCCCCNC(=O)OCC([*])(C)C(=O)O,low
85,[*]CC/C(C)=C(/CCC)CCNCC(=O)O[*],True,True,False,350.0,0.5,291.2054138183594,[*]CC/C(C)=C(/CCC)CCNCC(=O)O[*],0.2972972972972973,1077.0,[*]CC(=O)O[*],low
87,[*]NC(CCCC)COC(=O)C1(C)COC([*])OC1,True,True,False,350.0,0.5,312.5812072753906,[*]NC(CCCC)COC(=O)C1(C)COC([*])OC1,0.3090909090909091,3418.0,[*]NC(CCC(=O)OCCCC)C([*])=O,low
88,[*]Oc1ccc(OC(=O)c2ccc(/N=C(\C)C(=O)OCCCCCCCCCC)cc2)c(S([*])(=O)=O)c1,True,True,False,350.0,0.5,353.3898010253906,[*]Oc1ccc(OC(=O)c2ccc(/N=C(\C)C(=O)OCCCCCCCCCC)cc2)c(S([*])(=O)=O)c1,0.4657534246575342,5014.0,[*]Oc1ccc(OC(=O)c2ccc(OCCCCCCCCCCCCOc3ccc(C([*])=O)cc3)cc2)c(S(=O)(=O)c2ccccc2)c1,low
89,[*]CCNC(=O)c1ccc2c(c1)C(=O)N(c1ccc(C(=O)Oc3ccc([*])cc3)cc1)C2=O,True,True,False,350.0,0.5,464.0452575683594,[*]CCNC(=O)c1ccc2c(c1)C(=O)N(c1ccc(C(=O)Oc3ccc([*])cc3)cc1)C2=O,0.5806451612903226,6116.0,[*]c1ccc(OC(=O)c2ccc3c(c2)C(=O)N(c2ccc(Oc4ccc(N5C(=O)c6ccc(C(=O)Oc7ccc(C([*])(C)C)cc7)cc6C5=O)cc4)cc2)C3=O)cc1,medium
90,[*]CCC([*])C(=O)Nc1ccc(CCCCCCCOC(F)(F)F)cc1,True,True,False,350.0,0.5,327.634033203125,[*]CCC([*])C(=O)Nc1ccc(CCCCCCCOC(F)(F)F)cc1,0.38596491228070173,3710.0,[*]Nc1ccc(CCCCc2ccc(NC(=O)OCCOC([*])=O)cc2)cc1,low
91,[*]CC(C)(CO[*])c1cccc(COC(=O)/C=C/c2ccc(C)cc2)c1,True,True,False,350.0,0.5,364.7913513183594,[*]CC(C)(CO[*])c1cccc(COC(=O)/C=C/c2ccc(C)cc2)c1,0.36507936507936506,1462.0,[*]CC([*])(C)C(=O)OCc1cccc(Cl)c1,low
92,[*]N=P(CCCCC(F)(F)F)C([*])(C)Nc1ccc(C=C)cc1,True,True,False,350.0,0.5,292.0023193359375,[*]N=P(CCCCC(F)(F)F)C([*])(C)Nc1ccc(C=C)cc1,0.24615384615384617,994.0,[*]C=Cc1ccc(/C=C/[Si](C)(CCC(F)(F)F)c2ccc([Si]([*])(C)CCC(F)(F)F)cc2)cc1,low
93,[*]CC([*])S(=O)(=O)c1cccc(C(=O)OCCCCCCNc2ccc(C)cc2C)c1,True,True,False,350.0,0.5,364.9541320800781,[*]CC([*])S(=O)(=O)c1cccc(C(=O)OCCCCCCNc2ccc(C)cc2C)c1,0.38095238095238093,1829.0,[*]CC([*])OC(=O)c1cccc(C)c1,low
94,[*]CCC([*])(C)CNC(=O)c1cc(C(=O)OCCCCCC)ccc1C(C)C,True,True,False,350.0,0.5,351.4557800292969,[*]CCC([*])(C)CNC(=O)c1cc(C(=O)OCCCCCC)ccc1C(C)C,0.43548387096774194,1931.0,[*]CC([*])c1ccc(C(=O)OCCCCCC)cc1,low
95,[*]C=CC([*])OC(=O)N(CC(F)(F)F)C(=O)OC1CCCC1(C)C,True,True,False,350.0,0.5,320.90740966796875,[*]C=CC([*])OC(=O)N(CC(F)(F)F)C(=O)OC1CCCC1(C)C,0.28125,902.0,[*]C=CC(C(=O)OC12CC3CC(CC(C3)C1)C2)C([*])C,low
97,[*]CCOc1ccc(NC(=O)c2cc(OCCCCCCCCO)c(CNCCCOc3ccc(N=[*])cc3)cc2OC)cc1,True,True,False,350.0,0.5,387.6719055175781,[*]CCOc1ccc(NC(=O)c2cc(OCCCCCCCCO)c(CNCCCOc3ccc(N=[*])cc3)cc2OC)cc1,0.3333333333333333,254.0,[*]C(=O)Nc1ccc(OCCCCCCOc2ccc(NC(=O)c3cc([*])cc(C(C)(C)C)c3)cc2)cc1,low
98,[*]Cc1ccc([*])n1-c1cccc(C(=O)NCCOCCN(C)C)c1,True,True,False,350.0,0.5,367.8628845214844,[*]Cc1ccc([*])n1-c1cccc(C(=O)NCCOCCN(C)C)c1,0.3384615384615385,2573.0,[*]CCCNC(=O)c1cccc(C(=O)NCC([*])(C)C)c1,low
99,[*]Oc1cccc(S(=O)(=O)c2ccc(OCC(C)CCCC([*])COc3ccccc3)cc2)c1,True,True,False,350.0,0.5,350.674560546875,[*]Oc1cccc(S(=O)(=O)c2ccc(OCC(C)CCCC([*])COc3ccccc3)cc2)c1,0.38596491228070173,5097.0,[*]Oc1ccc(S(=O)(=O)c2ccc(OP([*])(=O)Oc3ccccc3)cc2)cc1,low
100,[*]NC(=O)Cc1ccc2c(c1)-c1cc(CC([*])=O)ccc1-2,True,True,False,350.0,0.5,473.9185180664063,[*]NC(=O)Cc1ccc2c(c1)-c1cc(CC([*])=O)ccc1-2,0.3333333333333333,3046.0,[*]Cc1ccc(CC(=O)NCCCCCCCCCCCCCCCCCCNC([*])=O)cc1,low
101,[*]CC([*])(C)c1ccc(Oc2ccc(C(=O)O[Na])cc2)cc1-c1ccccc1,True,True,False,350.0,0.5,431.725830078125,[*]CC([*])(C)c1ccc(Oc2ccc(C(=O)O[Na])cc2)cc1-c1ccccc1,0.47368421052631576,1491.0,[*]CC([*])(C)C(=O)Oc1ccc(C(=O)Oc2ccc(Oc3ccccc3)cc2)cc1,low
102,[*]/C=C/CCCC(=O)Oc1cc(C=[*])c(-c2ccc(C)cc2C)c(N(C)C#N)c1,True,True,False,350.0,0.5,346.0932006835937,[*]/C=C/CCCC(=O)Oc1cc(C=[*])c(-c2ccc(C)cc2C)c(N(C)C#N)c1,0.26865671641791045,5484.0,[*]c1cc(C)c(OC(=O)CCCCC(=O)Oc2c(C)cc([*])cc2C)c(C)c1,low
103,[*]CC([*])C(=O)OCCCCCCc1ccc(-c2cc(CCC)ccc2NC(=O)C(=O)OC#C)cc1,True,True,False,350.0,0.5,360.3093872070313,[*]CC([*])C(=O)OCCCCCCc1ccc(-c2cc(CCC)ccc2NC(=O)C(=O)OC#C)cc1,0.3870967741935484,1639.0,[*]CC([*])C(=O)OCCCCCC,low
104,[*]C=C1CCC(C(=O)OC(C)CCCC)C1[*],True,True,False,350.0,0.5,291.61309814453125,[*]C=C1CCC(C(=O)OC(C)CCCC)C1[*],0.38,7101.0,[*]CC([*])C(=O)OC(C)CCCCC,low
105,[*]Cc1ccc(Oc2c(C)cc(OC([*])=O)cc2[Si](C)(C)C)cc1-c1ccccc1,True,True,False,350.0,0.5,430.1322937011719,[*]Cc1ccc(Oc2c(C)cc(OC([*])=O)cc2[Si](C)(C)C)cc1-c1ccccc1,0.3484848484848485,2388.0,[*]CCCCCCCCC(=O)Oc1c(-c2ccccc2)cc(-c2cc(-c3ccccc3)c(OC([*])=O)c(-c3ccccc3)c2)cc1-c1ccccc1,low
107,[*]CC(C)C([*])Oc1ccc(C(=O)OC(F)(F)F)c(F)c1F,True,True,False,350.0,0.5,366.8276672363281,[*]CC(C)C([*])Oc1ccc(C(=O)OC(F)(F)F)c(F)c1F,0.3148148148148148,2886.0,[*]COC(=O)c1ccccc1C(=O)OC([*])C,low
108,[*]C=Cc1ccc([*])n1C(=O)OCCCCCCCCO[Si](C)(C)C,True,True,False,350.0,0.5,345.91021728515625,[*]C=Cc1ccc([*])n1C(=O)OCCCCCCCCO[Si](C)(C)C,0.328125,904.0,[*]C=CC(C(=O)OCCCCCCN(C)c1ccc(N(C)C)cc1)C([*])C,low
109,[*]CCOCCCCCCOc1ccc(NC(=O)c2ccc(C=C(CCCCCCCCC)c3ccc(-c4ccc([*])cc4)cc3)cc2)cc1,True,True,False,350.0,0.5,381.32421875,[*]CCOCCCCCCOc1ccc(NC(=O)c2ccc(C=C(CCCCCCCCC)c3ccc(-c4ccc([*])cc4)cc3)cc2)cc1,0.4375,3386.0,[*]NC(=O)c1ccc(NC(=O)CCCCCCC(=O)Nc2ccc(C(=O)Nc3ccc([*])cc3C(=O)OCCCCCCCCCCCCCCCCCC)cc2)cc1,low
110,[*]CCN(C)C(=O)c1ccc(C(=O)c2cccc(OC=C([*])C)c2)cc1,True,True,False,350.0,0.5,409.7232055664063,[*]CCN(C)C(=O)c1ccc(C(=O)c2cccc(OC=C([*])C)c2)cc1,0.4107142857142857,501.0,[*]C(=O)c1ccc(Oc2cccc(C(=O)c3ccc(Oc4ccc([*])cc4)cc3)c2)cc1,low
112,[*]CC([*])c1ccc(CNC(=O)OCCCCCC)c(C=C(C)C#N)c1,True,True,False,350.0,0.5,427.0090026855469,[*]CC([*])c1ccc(CNC(=O)OCCCCCC)c(C=C(C)C#N)c1,0.4603174603174603,1931.0,[*]CC([*])c1ccc(C(=O)OCCCCCC)cc1,low
116,[*]C=C(C)CNC(=O)c1c(C)cc(NCCCCCCCCCCC)cc1-c1ccc(-c2ccc(C(=O)OCCOC=[*])cc2)cc1,True,True,False,350.0,0.5,394.0331726074219,[*]C=C(C)CNC(=O)c1c(C)cc(NCCCCCCCCCCC)cc1-c1ccc(-c2ccc(C(=O)OCCOC=[*])cc2)cc1,0.3411764705882353,1885.0,[*]CC([*])c1cc(C(=O)OCCCC)ccc1-c1ccc(OCCCCCCCC)cc1,low
117,[*]O[Si](C)(C)CCCN(CCCCCCC)c1ccc(/C=C/c2ccccc2)cc1[Si]([*])(C)C,True,True,False,350.0,0.5,274.54742431640625,[*]O[Si](C)(C)CCCN(CCCCCCC)c1ccc(/C=C/c2ccccc2)cc1[Si]([*])(C)C,0.3870967741935484,4634.0,[*]O[Si]([*])(C)CCCCCCCCCCCOc1ccc(/C=C/c2ccc(OCCCC)cc2)cc1,low
119,[*]CC([*])C(=O)Nc1cc(C(C)CCCCCCC)c(C(=O)OC)cc1O,True,True,False,350.0,0.5,359.21453857421875,[*]CC([*])C(=O)Nc1cc(C(C)CCCCCCC)c(C(=O)OC)cc1O,0.38181818181818183,1592.0,[*]CC([*])C(=O)NCCCCCCCC,low
121,[*]OC(=O)CCN([*])c1ccc(COc2ccc(S(=O)(=O)Oc3ccc(OC)cc3)cc2)cc1,True,True,False,350.0,0.5,354.7178649902344,[*]OC(=O)CCN([*])c1ccc(COc2ccc(S(=O)(=O)Oc3ccc(OC)cc3)cc2)cc1,0.3380281690140845,2675.0,[*]CCOC(=O)Oc1ccc(C(C)(C)c2ccc(OC(=O)OCCN([*])c3ccc(OC)cc3)cc2)cc1,low
122,[*]Nc1ccc(NP(=O)(CCc2ccc(/N=N/c3ccc(C([*])=O)cc3)cc2)c2ccc(Br)cc2)cc1,True,True,False,350.0,0.5,397.02349853515625,[*]Nc1ccc(NP(=O)(CCc2ccc(/N=N/c3ccc(C([*])=O)cc3)cc2)c2ccc(Br)cc2)cc1,0.42857142857142855,3770.0,[*]Nc1ccc(Cc2ccc(NC(=O)c3ccc(P(=O)(c4ccccc4)c4ccc(C([*])=O)cc4)cc3)cc2)cc1,low
123,[*]Nc1ccc([*])c(C(=O)OC(CC)CCOc2ccc(-c3ccccc3)cc2)c1,True,True,False,350.0,0.5,353.9096069335937,[*]Nc1ccc([*])c(C(=O)OC(CC)CCOc2ccc(-c3ccccc3)cc2)c1,0.4153846153846154,5810.0,[*]c1ccc(/N=N/c2ccc(OCC)cc2)cc1C(=O)Oc1ccc(-c2ccc(OC(=O)c3cc(/N=N/c4ccc(OCC)cc4)ccc3[*])cc2)cc1,low
124,[*]CCCC(CCNC(=O)OCC(C)CN)C(=S)O[*],True,True,False,350.0,0.5,310.52508544921875,[*]CCCC(CCNC(=O)OCC(C)CN)C(=S)O[*],0.34,2779.0,[*]CNC(=O)OCC([*])C,low
125,[*]Oc1ccc(C(N2C(=O)O[Si]([*])(C)CCCC2)C(=O)O[Na])cc1,True,True,False,350.0,0.5,389.7342834472656,[*]Oc1ccc(C(N2C(=O)O[Si]([*])(C)CCCC2)C(=O)O[Na])cc1,0.30158730158730157,4868.0,[*]Oc1ccc(C(c2ccc(OC([*])=O)cc2)C2CCCCC2)cc1,low
127,[*]CCN(CCO)c1ccc(S(=O)(=O)OC(=O)c2ccc(OC([*])=O)cc2)cc1,True,True,False,350.0,0.5,376.9963989257813,[*]CCN(CCO)c1ccc(S(=O)(=O)OC(=O)c2ccc(OC([*])=O)cc2)cc1,0.38461538461538464,5012.0,[*]Oc1ccc(OC(=O)c2ccc(OC([*])=O)cc2)cc1,low
129,[*]C=CC(C)(C)COC(=O)c1ccc(N=CC(=O)O[*])cc1-c1ccccc1,True,True,False,350.0,0.5,342.9789428710937,[*]C=CC(C)(C)COC(=O)c1ccc(N=CC(=O)O[*])cc1-c1ccccc1,0.3291139240506329,4173.0,[*]OC(=O)c1ccc(-c2ccc(C(=O)Oc3ccc([*])cc3C(C)(C)c3ccccc3)cc2)cc1-c1ccccc1,low
130,[*]C([*])(C)C(=O)Oc1ccc(NC(=O)c2ccc(/C=C/c3ccc(-c4ccccc4)cc3)c(OC)c2)cc1,True,True,False,350.0,0.5,416.91937255859375,[*]C([*])(C)C(=O)Oc1ccc(NC(=O)c2ccc(/C=C/c3ccc(-c4ccccc4)cc3)c(OC)c2)cc1,0.42424242424242425,1487.0,[*]CC([*])(C)C(=O)Oc1ccc(C(=O)Oc2ccc(-c3ccccc3)cc2)cc1,low
132,[*]/C=N/c1ccc([*])c(OC(=O)C(F)(F)F)c1-c1ccc(/N=N/c2ccc(OC)cc2)cc1,True,True,False,350.0,0.5,415.6637573242188,[*]/C=N/c1ccc([*])c(OC(=O)C(F)(F)F)c1-c1ccc(/N=N/c2ccc(OC)cc2)cc1,0.39344262295081966,1478.0,[*]CC([*])(C)C(=O)Oc1ccc(/N=N/c2ccc(OC)cc2)cc1,low
133,[*]CC([*])C(=O)Nc1ccc(OCCCCOc2ccc(NC(=O)COCCOC)cc2)nc1,True,True,False,350.0,0.5,350.9721069335937,[*]CC([*])C(=O)Nc1ccc(OCCCCOc2ccc(NC(=O)COCCOC)cc2)nc1,0.3898305084745763,1598.0,[*]CC([*])C(=O)Nc1ccc(Cl)cc1,low
134,[*]CC([*])(C)C(=O)OCCCCCCOc1ccc(OC(=O)C(C)(C)C)cc1,True,True,False,350.0,0.5,305.3561706542969,[*]CC([*])(C)C(=O)OCCCCCCOc1ccc(OC(=O)C(C)(C)C)cc1,0.723404255319149,1305.0,[*]CC([*])(C)C(=O)OCCCCCCCCCCOc1ccc(OC(=O)c2ccc(OCCCC)cc2)cc1,medium
137,[*]CCCCCCCS(=O)(=O)c1ccccc1CCc1ccc([*])cc1,True,True,False,350.0,0.5,338.90155029296875,[*]CCCCCCCS(=O)(=O)c1ccccc1CCc1ccc([*])cc1,0.38461538461538464,7307.0,[*]CCc1ccc([*])cc1,low
139,[*]CC(=O)Oc1ccc(S(=O)(=O)c2ccc(OC(=O)c3ccc(C)cc3)cc2C([*])=O)c(OC)c1,True,True,False,350.0,0.5,452.4571533203125,[*]CC(=O)Oc1ccc(S(=O)(=O)c2ccc(OC(=O)c3ccc(C)cc3)cc2C([*])=O)c(OC)c1,0.4098360655737705,1489.0,[*]CC([*])(C)C(=O)Oc1ccc(C(=O)Oc2ccc(C)cc2)cc1,low
140,[*]CC([*])C(=O)Nc1ccc(OCCCCCCC)cc1-c1ccc(OC(=O)c2ccc(OCC[Ge](C)(C)C)cc2)cc1,True,True,False,350.0,0.5,349.1531677246094,[*]CC([*])C(=O)Nc1ccc(OCCCCCCC)cc1-c1ccc(OC(=O)c2ccc(OCC[Ge](C)(C)C)cc2)cc1,0.5967741935483871,1718.0,[*]CC([*])C(=O)Oc1ccc(C(=O)Oc2ccc(OC(=O)c3ccc(OCCCCC)cc3)cc2)cc1,medium
142,[*]C=C1CCCCC(N2CC(=O)C(OCC)CC2[*])CC1,True,True,False,350.0,0.5,369.9381408691406,[*]C=C1CCCCC(N2CC(=O)C(OCC)CC2[*])CC1,0.27450980392156865,778.0,[*]C1C(=O)N(C2CCCCC2)C(=O)C1[*],low
143,[*]CCCN(C)C(=O)c1ccc(CSSCC([*])O)c(NC(=O)O[Na])c1,True,True,False,350.0,0.5,355.1504821777344,[*]CCCN(C)C(=O)c1ccc(CSSCC([*])O)c(NC(=O)O[Na])c1,0.27941176470588236,2537.0,[*]CCCN(C)c1ccc(C(=O)c2ccc(N([*])C)cc2)cc1,low
144,[*]C=C(COc1ccc(C(=O)OCCCCCC)cc1)c1ccc([*])cc1,True,True,False,350.0,0.5,332.2257385253906,[*]C=C(COc1ccc(C(=O)OCCCCCC)cc1)c1ccc([*])cc1,0.5272727272727272,37.0,[*]/C=C(/[*])CCCOc1ccc(OC(=O)c2ccc(OCCCCCCCC)cc2)cc1,medium
145,[*]CC([*])C(=O)N(C#CC[Se]C(F)(F)F)C(=O)ON1C(=O)c2ccccc2c(c1)C(F)(F)F,True,True,False,350.0,0.5,361.947509765625,[*]CC([*])C(=O)N(C#CC[Se]C(F)(F)F)C(=O)ON1C(=O)c2ccccc2c(c1)C(F)(F)F,0.2835820895522388,1747.0,[*]CC([*])C(=O)n1c2ccccc2c2ccccc21,low
149,[*]CC(O)CN1C(=O)C(=O)/C=C/CCCOC(=O)[Si](C([*])=O)C1C,True,True,False,350.0,0.5,353.6152648925781,[*]CC(O)CN1C(=O)C(=O)/C=C/CCCOC(=O)[Si](C([*])=O)C1C,0.20270270270270271,1920.0,[*]CC([*])c1ccc(C(=O)CCN2CCOCC2)cc1,low
150,[*]C(F)(F)C([*])(CCC)C(=O)Oc1ccc(S(F)(F)F)cc1,True,True,False,350.0,0.5,406.0779113769531,[*]C(F)(F)C([*])(CCC)C(=O)Oc1ccc(S(F)(F)F)cc1,0.4,7329.0,[*]c1ccc(OC(=O)Oc2ccc(C([*])(CCC)CCC)cc2)cc1,low
151,[*]CCCCC(=O)OCc1ccc(N(CCc2ccccc2)C(=O)C([*])C)cc1,True,True,False,350.0,0.5,346.621337890625,[*]CCCCC(=O)OCc1ccc(N(CCc2ccccc2)C(=O)C([*])C)cc1,0.4142857142857143,2728.0,[*]CCc1ccc(OC(=O)CCCCC(=O)Oc2ccc(CC(NC([*])=O)C(=O)OCc3ccccc3)cc2)cc1,low
152,[*]OC(C)=C(/[*])C(=O)OCc1ccc2cc(N=C(C)C(=O)OCC(F)(F)F)ccc2c1,True,True,False,350.0,0.5,315.5321044921875,[*]OC(C)=C(/[*])C(=O)OCc1ccc2cc(N=C(C)C(=O)OCC(F)(F)F)ccc2c1,0.2676056338028169,3423.0,[*]NC(CCC(=O)OCc1ccc(C(F)(F)F)cc1)C([*])=O,low
153,[*]CC([*])c1ccc(C(=O)NCCC)c(/C=C/c2ccc(OCCO)cc2)c1,True,True,False,350.0,0.5,386.7684631347656,[*]CC([*])c1ccc(C(=O)NCCC)c(/C=C/c2ccc(OCCO)cc2)c1,0.44642857142857145,7287.0,[*]CC([*])c1ccc(OCCC)cc1,low
156,[*]CC([*])(C)C(=O)OCCCCCCCCN(C)C(=O)C(F)(F)F,True,True,False,350.0,0.5,293.1676025390625,[*]CC([*])(C)C(=O)OCCCCCCCCN(C)C(=O)C(F)(F)F,0.5853658536585366,1276.0,[*]CC([*])(C)C(=O)OCCCCCCCC,medium
157,[*]OC(=O)Nc1ccc(OCCCCCCNC(=O)c2ccc(C(=O)NNC(=O)C([*])C(=O)Oc3ccc(C=O)cc3)cc2)cc1,True,True,False,350.0,0.5,413.86334228515625,[*]OC(=O)Nc1ccc(OCCCCCCNC(=O)c2ccc(C(=O)NNC(=O)C([*])C(=O)Oc3ccc(C=O)cc3)cc2)cc1,0.3333333333333333,4643.0,[*]O[Si]([*])(C)CCCCCCOc1ccc(C(=O)Oc2ccc(C(=O)Oc3ccc(C=C(C(=O)OCCCCCCCCC)C(=O)OCCCCCCCCC)cc3)cc2)cc1,low
158,[*]/C=C/CCCCCC(=O)Oc1ccc(NC(=O)c2ccc(N([*])C#C)cc2)cc1,True,True,False,350.0,0.5,420.5084838867188,[*]/C=C/CCCCCC(=O)Oc1ccc(NC(=O)c2ccc(N([*])C#C)cc2)cc1,0.3728813559322034,2394.0,[*]CCCCCCCCC(=O)Oc1ccc(OC([*])=O)cc1,low
159,[*]Oc1cc(C)cc(C(=O)OCCCCCC)c1-c1cccc(/C=C/c2ccc([Si]([*])(C)C)cc2)c1,True,True,False,350.0,0.5,343.4077453613281,[*]Oc1cc(C)cc(C(=O)OCCCCCC)c1-c1cccc(/C=C/c2ccc([Si]([*])(C)C)cc2)c1,0.38461538461538464,5842.0,[*]c1ccc(C(=O)OCCCCOC(=O)c2ccc([Si]([*])(C)C)cc2)cc1,low
160,[*]CCCCCc1ccc(C=C(CCCCC)c2ccc(C(=O)S[*])cc2)cc1,True,True,False,350.0,0.5,348.6170959472656,[*]CCCCCc1ccc(C=C(CCCCC)c2ccc(C(=O)S[*])cc2)cc1,0.3472222222222222,1359.0,[*]CC([*])(C)C(=O)OCCCCCCc1ccc(/C(C)=C/c2ccc(OC)cc2)cc1,low
161,[*]CCCCCCCNC(=O)c1ccc(/C=N/C(=O)O[*])cc1,True,True,False,350.0,0.5,392.8493957519531,[*]CCCCCCCNC(=O)c1ccc(/C=N/C(=O)O[*])cc1,0.4489795918367347,3039.0,[*]Cc1ccc(C(=O)NCCCCCCNC([*])=O)cc1,low
163,[*]CC=CCCCCOP(=O)(CCC)C(=O)O[*],True,True,False,350.0,0.5,272.3988647460937,[*]CC=CCCCCOP(=O)(CCC)C(=O)O[*],0.36538461538461536,1278.0,[*]CC([*])(C)C(=O)OCCCCCCCC/C=C/CCCCCCCC,low
164,[*]CNC(=N)/C=C(/[*])COc1ccc(C(=O)Nc2ccc(C(=O)OCCCCCC)cc2)cc1,True,True,False,350.0,0.5,350.2504272460937,[*]CNC(=N)/C=C(/[*])COc1ccc(C(=O)Nc2ccc(C(=O)OCCCCCC)cc2)cc1,0.4358974358974359,3386.0,[*]NC(=O)c1ccc(NC(=O)CCCCCCC(=O)Nc2ccc(C(=O)Nc3ccc([*])cc3C(=O)OCCCCCCCCCCCCCCCCCC)cc2)cc1,low
167,[*]/C=C/c1ccc(OCCCCCCCCCC)cc1/N=C/c1ccc(OC(=O)CCCCCC(=[*])OC)cc1,True,True,False,350.0,0.5,349.7046203613281,[*]/C=C/c1ccc(OCCCCCCCCCC)cc1/N=C/c1ccc(OC(=O)CCCCCC(=[*])OC)cc1,0.38461538461538464,3096.0,[*]Cc1ccc(OC(=O)CCCCC(=O)Oc2ccc(CC(=O)NC([*])C(=O)OCCCCCC)cc2)cc1,low
168,[*]CC(CCCC)CNC(=[*])c1cccc(C(F)(F)F)c1,True,True,False,350.0,0.5,352.05279541015625,[*]CC(CCCC)CNC(=[*])c1cccc(C(F)(F)F)c1,0.328125,2820.0,[*]COC(=O)NC(=O)c1cccc(C(=O)NC(=O)OCC([*])CCCC)c1,low
169,[*]C=C(C[Si](C)(C)C)Nc1ccc(CCCCCOC(=O)c2ccc(C([*])=O)cc2)cc1,True,True,False,350.0,0.5,360.6474914550781,[*]C=C(C[Si](C)(C)C)Nc1ccc(CCCCCOC(=O)c2ccc(C([*])=O)cc2)cc1,0.4716981132075472,4184.0,[*]OC(=O)c1ccc(CCCCCCc2ccc(C([*])=O)cc2)cc1,low
170,[*]CC([*])c1cc(C(=O)OCCCCCC)cc(OCC(F)(F)C(F)(F)F)c2ccccc2c1,True,True,False,350.0,0.5,332.5620422363281,[*]CC([*])c1cc(C(=O)OCCCCCC)cc(OCC(F)(F)C(F)(F)F)c2ccccc2c1,0.44776119402985076,2031.0,[*]CC([*])c1ccccc1C(=O)OCCCCCC,low
172,[*]CC(O)COC(=O)c1ccc(OCCCCCOC(=O)c2ccc([*])cc2-c2ccccc2)c(C(=O)OCCOP(=O)(=O)c2ccccc2)c1,True,True,False,350.0,0.5,337.7031555175781,[*]CC(O)COC(=O)c1ccc(OCCCCCOC(=O)c2ccc([*])cc2-c2ccccc2)c(C(=O)OCCOP(=O)(=O)c2ccccc2)c1,0.3488372093023256,4178.0,[*]OC(=O)c1ccc(C(=O)Oc2cc(OCCOC)c([*])cc2OCCOC)cc1-c1ccccc1,low
173,[*]CCCC(=O)Nc1ccc(C(=O)c2ccc(NC(=O)c3ccc(C(=O)O[*])cc3)cc2Oc2ccccc2)cc1,True,True,False,350.0,0.5,468.6068420410156,[*]CCCC(=O)Nc1ccc(C(=O)c2ccc(NC(=O)c3ccc(C(=O)O[*])cc3)cc2Oc2ccccc2)cc1,0.5151515151515151,2359.0,[*]CCCCCCCCC(=O)Nc1ccc(C(=O)c2ccc(Oc3cccc(Oc4ccc(C(=O)c5ccc(NC([*])=O)cc5)cc4)c3)cc2)cc1,medium
174,[*]/C=C/c1ccc([Si](CCCCCCCCC)c2ccc([*])cc2OCC(F)COc2ccc(C#N)cc2)cc1,True,True,False,350.0,0.5,353.5687255859375,[*]/C=C/c1ccc([Si](CCCCCCCCC)c2ccc([*])cc2OCC(F)COc2ccc(C#N)cc2)cc1,0.3815789473684211,1014.0,[*]C=Cc1ccc(OCCCCCCCCOc2ccc(/C=C/c3cc(OCCCCCCCC)c([*])cc3OCCCCCCCC)cc2)cc1,low
177,[*]Oc1ccc(OC(=O)c2ccc3c(c2)C(=O)N(c2ccc([*])cc3-c3ccc(C#N)cc3)c(Br)c1)C2=O,True,True,False,350.0,0.5,556.1157836914062,[*]Oc1ccc(OC(=O)c2ccc3c(c2)C(=O)N(c2ccc([*])cc3-c3ccc(C#N)cc3)c(Br)c1)C2=O,0.32,5793.0,[*]c1ccc(-n2c(=O)c3cc4c(=O)n(-c5ccc(N([*])c6ccc(C#N)cc6)cc5)c(=O)c4cc3c2=O)cc1,low
178,[*]C(=O)CCCCCS([*])(=O)C(C)C,True,True,False,350.0,0.5,277.4901733398437,[*]C(=O)CCCCCS([*])(=O)C(C)C,0.3181818181818182,186.0,[*]C(=O)CCCCCCCCC(=O)N1CC(C)N([*])CC1C,low
179,[*]N=C(C)C(O)C(=O)Oc1ccc(C([*])=O)c(Sc2ccc(OC)cc2)c1,True,True,False,350.0,0.5,363.55462646484375,[*]N=C(C)C(O)C(=O)Oc1ccc(C([*])=O)c(Sc2ccc(OC)cc2)c1,0.375,335.0,[*]C(=O)Oc1ccc(OC(=O)c2ccc([*])cc2Sc2ccc(C)cc2)cc1,low
181,[*]O[Si]([*])(C)CCCCC(=O)Oc1c(C)cc(/N=C/c2ccc(C)cc2)cc1S(=O)(=O)OC,True,True,False,350.0,0.5,340.23883056640625,[*]O[Si]([*])(C)CCCCC(=O)Oc1c(C)cc(/N=C/c2ccc(C)cc2)cc1S(=O)(=O)OC,0.38461538461538464,2194.0,[*]CCCC(=O)Oc1ccc(/C=N/c2ccc(/N=C/c3ccc(OC(=O)CCC[Si](C)(C)O[Si]([*])(C)C)cc3)cc2)cc1,low
183,[*]OC(=O)Nc1ccc(C(=O)OC(=O)Oc2ccc(-c3ccc(C([*])(C)C)cc3)cc2)cc1C=O,True,True,False,350.0,0.5,425.261962890625,[*]OC(=O)Nc1ccc(C(=O)OC(=O)Oc2ccc(-c3ccc(C([*])(C)C)cc3)cc2)cc1C=O,0.4032258064516129,5846.0,[*]c1ccc(C(=O)Oc2ccc(C(=O)c3ccc(OC(=O)c4ccc(C([*])(C)C)cc4)cc3)cc2)cc1,low
184,[*]C=Nc1ccc(OC(=O)c2ccc(C([*])=O)cc2SCCCCC)o1,True,True,False,350.0,0.5,349.40948486328125,[*]C=Nc1ccc(OC(=O)c2ccc(C([*])=O)cc2SCCCCC)o1,0.34285714285714286,5007.0,[*]Oc1ccc(OC(=O)c2ccc(C([*])=O)cc2Sc2ccccc2)cc1,low
185,[*]CCCCCCCNP(=O)(OCCC)OC(=O)c1ccc(C(=O)N[*])cc1,True,True,False,350.0,0.5,311.8095092773437,[*]CCCCCCCNP(=O)(OCCC)OC(=O)c1ccc(C(=O)N[*])cc1,0.35714285714285715,2568.0,[*]CCCNC(=O)c1ccc(C(=O)NCC([*])C)cc1,low
186,[*]C#Cc1cc(CCCC)cc(-c2cccc(C(=O)OCC([*])C)c2)c1C,True,True,False,350.0,0.5,352.98028564453125,[*]C#Cc1cc(CCCC)cc(-c2cccc(C(=O)OCC([*])C)c2)c1C,0.38571428571428573,4209.0,[*]OC(=O)c1cccc(C(=O)Oc2cc([*])cc(CCCC)c2)c1,low
187,[*]COC(=O)c1ccc(NC(=O)OCCS(=O)(=O)NC([*])=O)cc1C,True,True,False,350.0,0.5,318.6482238769531,[*]COC(=O)c1ccc(NC(=O)OCCS(=O)(=O)NC([*])=O)cc1C,0.4,3347.0,[*]NC(=O)OCCCOC(=O)Nc1ccc(C)c([*])c1,low
189,[*]CCCCCCOc1ccc(C(O)c2ccc(OC(=O)C(CCCCCNC([*])=O)cc2)OCCC)cc1,True,True,False,350.0,0.5,356.8562316894531,[*]CCCCCCOc1ccc(C(O)c2ccc(OC(=O)C(CCCCCNC([*])=O)cc2)OCCC)cc1,0.3333333333333333,2733.0,[*]CCc1ccc(OCC(=O)NCCCCCCNC([*])=O)cc1,low
190,[*]COCCCC(=O)Nc1ccc(OC(=O)c2ccc(C(=O)O[*])cc2[N+](C)(C)C)cc1,True,True,False,350.0,0.5,391.9620361328125,[*]COCCCC(=O)Nc1ccc(OC(=O)c2ccc(C(=O)O[*])cc2[N+](C)(C)C)cc1,0.3939393939393939,2358.0,[*]CCCCCCCCC(=O)Nc1ccc(C(=O)c2ccc(Oc3ccc(Oc4ccc(C(=O)c5ccc(NC([*])=O)cc5)cc4)cc3)cc2)cc1,low
191,[*]NC1CCCC1C(=[*])COc1ccc(C(C)(C)CC)cc1[N+](=O)[O-],True,True,False,350.0,0.5,370.9071350097656,[*]NC1CCCC1C(=[*])COc1ccc(C(C)(C)CC)cc1[N+](=O)[O-],0.30666666666666664,6585.0,[*]c1ccc(Oc2ccc(S(=O)(=O)c3ccc(Oc4ccc(C([*])(C)C)cc4[N+](=O)[O-])cc3)cc2)cc1,low
193,[*]CN(CCCCOc1ccc(C(C)(C)C)cc1)NC(=O)C(=[*])C(CC)C#CC,True,True,False,350.0,0.5,339.95953369140625,[*]CN(CCCCOc1ccc(C(C)(C)C)cc1)NC(=O)C(=[*])C(CC)C#CC,0.328125,1720.0,[*]CC([*])C(=O)Oc1ccc(C(C)(C)C)cc1,low
194,[*]Cc1ccc2cc1OCC(=O)N(C([*])(C)C)C2=O,True,True,False,350.0,0.5,,[*]Cc1ccc2cc1OCC(=O)N(C([*])(C)C)C2=O,0.28125,3051.0,[*]Cc1ccc(N2C(=O)c3ccc(-c4ccc5c(c4)C(=O)N(c4ccc([*])cc4C(C)(C)C)C5=O)cc3C2=O)c(C(C)(C)C)c1,low
195,[*]CC([*])C(=O)Oc1ccc(OCCCCCCOc2ccc(OC(=O)c3ccccc3C=O)cc2)cc1,True,True,False,350.0,0.5,330.27313232421875,[*]CC([*])C(=O)Oc1ccc(OCCCCCCOc2ccc(OC(=O)c3ccccc3C=O)cc2)cc1,0.5740740740740741,1718.0,[*]CC([*])C(=O)Oc1ccc(C(=O)Oc2ccc(OC(=O)c3ccc(OCCCCC)cc3)cc2)cc1,medium
196,[*]CC([*])(C)C(=O)Oc1ccc(O[Si](C)(C)C(=O)OC)cc1,True,True,False,350.0,0.5,351.4481811523437,[*]CC([*])(C)C(=O)Oc1ccc(O[Si](C)(C)C(=O)OC)cc1,0.6428571428571429,1486.0,[*]CC([*])(C)C(=O)Oc1ccc(C(=O)OC)cc1,medium
198,[*]Nc1ccc(/C=C/c2ccc(NC(=O)Nc3ccc(S(=O)(=O)c4ccc(C)cc4)cc3)cc2)cc1[*],True,True,False,350.0,0.5,494.1076049804688,[*]Nc1ccc(/C=C/c2ccc(NC(=O)Nc3ccc(S(=O)(=O)c4ccc(C)cc4)cc3)cc2)cc1[*],0.36666666666666664,4032.0,[*]Nc1ccc(S(=O)(=O)c2ccc(NC(=O)c3cccc(C([*])=O)c3)cc2)cc1,low
200,[*]Cc1ccc(CC(C)(C)CCCCOC(=O)c2ccc(/C=C/c3ccc([*])cc3OCCOCCN(C)c3ccc([N+](=O)[O-])cc3)cc2)cc1,True,True,False,350.0,0.5,344.9295959472656,[*]Cc1ccc(CC(C)(C)CCCCOC(=O)c2ccc(/C=C/c3ccc([*])cc3OCCOCCN(C)c3ccc([N+](=O)[O-])cc3)cc2)cc1,0.4482758620689655,1393.0,[*]CC([*])(C)C(=O)OCCN(C)c1ccc(/C=C/c2ccc([N+](=O)[O-])cc2)cc1,low
201,[*]Oc1ccc(C(C)(C)C(=O)c2ccc(-c3ccc(/C=C/C([*])=O)cc3)cc2)c(C)c1C,True,True,False,350.0,0.5,477.3490905761719,[*]Oc1ccc(C(C)(C)C(=O)c2ccc(-c3ccc(/C=C/C([*])=O)cc3)cc2)c(C)c1C,0.3333333333333333,6364.0,[*]c1ccc(Oc2ccc(/C=C/C(=O)c3ccc(Oc4ccc(C([*])(C)C)cc4C)cc3)cc2)c(C)c1,low
202,[*]CCC(C)(C)COC(=O)CCCCCCCCOC(=O)C1C(=O)N(CCCC)C(=[*])CC1C,True,True,False,350.0,0.5,291.04791259765625,[*]CCC(C)(C)COC(=O)CCCCCCCCOC(=O)C1C(=O)N(CCCC)C(=[*])CC1C,0.3181818181818182,2807.0,[*]COC(=O)CCCCCCCCC(=O)OCC([*])(C)CC,low
203,[*]/C=C(/[*])CCCCCCCCOc1ccc(OC(=O)c2ccc3c(c2)C(=O)N(CCCCCCC)C3=O)cc1,True,True,False,350.0,0.5,309.5111999511719,[*]/C=C(/[*])CCCCCCCCOc1ccc(OC(=O)c2ccc3c(c2)C(=O)N(CCCCCCC)C3=O)cc1,0.6724137931034483,37.0,[*]/C=C(/[*])CCCOc1ccc(OC(=O)c2ccc(OCCCCCCCC)cc2)cc1,medium
208,[*]CC([*])C(=O)OCCCCCCNc1ccc(NC(=O)c2ccc(C=C[Si](=O)(C)CC)cc2)cc1,True,True,False,350.0,0.5,373.8262939453125,[*]CC([*])C(=O)OCCCCCCNc1ccc(NC(=O)c2ccc(C=C[Si](=O)(C)CC)cc2)cc1,0.3770491803278688,1639.0,[*]CC([*])C(=O)OCCCCCC,low
209,[*]CC([*])Oc1ccc(CC(=O)NCC)cc1,True,True,False,350.0,0.5,349.8293762207031,[*]CC([*])Oc1ccc(CC(=O)NCC)cc1,0.4528301886792453,3064.0,[*]Cc1ccc(OC(=O)CCC(=O)Oc2ccc(CC(=O)NC([*])C(=O)OCC)cc2)cc1,low
210,[*]Oc1ccc(OC(=O)c2ccc(Oc3ccc(C(=O)Oc4ccccc4)cc3)cc2)c(CCC([*])=O)c1,True,True,False,350.0,0.5,395.5783386230469,[*]Oc1ccc(OC(=O)c2ccc(Oc3ccc(C(=O)Oc4ccccc4)cc3)cc2)c(CCC([*])=O)c1,0.5490196078431373,5254.0,[*]Oc1cccc(OC(=O)c2ccc(Oc3ccc(C([*])=O)cc3)cc2)c1,medium
211,[*]O[Si]([*])(C)CCCCCCCOc1ccc(C(=O)NCC)c(N[N+](=O)[O-])c1,True,True,False,350.0,0.5,266.0580444335937,[*]O[Si]([*])(C)CCCCCCCOc1ccc(C(=O)NCC)c(N[N+](=O)[O-])c1,0.46875,4645.0,[*]O[Si]([*])(C)CCCCCCOc1ccc(C(=O)Oc2ccc(OCCCCCC)cc2)cc1,low
212,[*]CC([*])CSCCCCCCc1ccc(C)cc1,True,True,False,350.0,0.5,283.1972045898437,[*]CC([*])CSCCCCCCc1ccc(C)cc1,0.4864864864864865,1779.0,[*]CC([*])Cc1ccc(C)cc1,low
213,[*]Oc1ccc2c(c1)C(=O)N(CCC([*])=O)c1ccccc12,True,True,False,350.0,0.5,413.0601501464844,[*]Oc1ccc2c(c1)C(=O)N(CCC([*])=O)c1ccccc12,0.36363636363636365,1699.0,[*]CC([*])C(=O)OCCn1c2ccccc2c2ccccc21,low
214,[*]CCCOc1ccc2c(c1)C(=O)N([*])C(=O)OCCCCCN(C)C2=O,True,True,False,350.0,0.5,349.40966796875,[*]CCCOc1ccc2c(c1)C(=O)N([*])C(=O)OCCCCCN(C)C2=O,0.391304347826087,5599.0,[*]c1cc(OCCCCCCCC)cc(N2C(=O)c3ccc(Oc4ccc5c(c4)C(=O)N([*])C5=O)cc3C2=O)c1,low
215,[*]Oc1ccc(NC(=O)C/C(C)=N/c2ccc(C(=O)Nc3ccc(C([*])=O)cc3)cc2)c(OC)c1,True,True,False,350.0,0.5,465.0097961425781,[*]Oc1ccc(NC(=O)C/C(C)=N/c2ccc(C(=O)Nc3ccc(C([*])=O)cc3)cc2)c(OC)c1,0.4098360655737705,3909.0,[*]Nc1ccc(Oc2ccc(NC(=O)c3ccc(C([*])=O)cc3)cc2)cc1,low
216,[*]Cc1ccc(N(c2ccc(OC)cc2)c2cc(OC(=O)CCCCCC([*])=O)c(OC)cc2C)cc1,True,True,False,350.0,0.5,382.8588562011719,[*]Cc1ccc(N(c2ccc(OC)cc2)c2cc(OC(=O)CCCCCC([*])=O)c(OC)cc2C)cc1,0.4411764705882353,3108.0,[*]Cc1ccc(OC(=O)CCCCCCC(=O)Oc2ccc(CC(=O)NC([*])C(=O)OCC)cc2)cc1,low
217,[*]OC[Si](C)(C)CCCC(=O)Nc1ccc(Oc2ccc(NC([*])=O)cc2)cc1,True,True,False,350.0,0.5,346.1971130371094,[*]OC[Si](C)(C)CCCC(=O)Nc1ccc(Oc2ccc(NC([*])=O)cc2)cc1,0.6444444444444445,2276.0,[*]CCCCCC(=O)Nc1ccc(Oc2ccc(NC([*])=O)cc2)cc1,medium
218,[*]Cc1ccc(CCCCCC(=O)Nc2ccc([*])o2)cc1,True,True,False,350.0,0.5,443.1475524902344,[*]Cc1ccc(CCCCCC(=O)Nc2ccc([*])o2)cc1,0.45098039215686275,3061.0,[*]Cc1ccc(NC(=O)CCCCCCCCC(=O)NC([*])(C)C)cc1,low
219,[*]Nc1ccc(Sc2cccc(Oc3ccc([*])cc3)c2)cc1COCCCC,True,True,False,350.0,0.5,367.5822143554688,[*]Nc1ccc(Sc2cccc(Oc3ccc([*])cc3)c2)cc1COCCCC,0.3728813559322034,4041.0,[*]Nc1ccc([*])cc1OCCCCCCCCCC,low
220,[*]N=C([*])COc1ccc(C(=O)/C=C/c2ccc(C(=O)OCCC)cc2)c(Cl)c1,True,True,False,350.0,0.5,352.19207763671875,[*]N=C([*])COc1ccc(C(=O)/C=C/c2ccc(C(=O)OCCC)cc2)c(Cl)c1,0.358974358974359,1012.0,[*]C=Cc1ccc(OCCCCCCCCCCOC(=O)c2ccc(-c3nnc(-c4ccc(C(=O)OCCCCCCCCCCOc5ccc(/C=C/C([*])=O)cc5)cc4)o3)cc2)cc1,low
222,[*]O[Si](C)(=O)/N=C(\CCCC)c1ccc(-c2ccc([Si]([*])(C)c3ccccc3)cc2)cc1,True,True,False,350.0,0.5,324.67938232421875,[*]O[Si](C)(=O)/N=C(\CCCC)c1ccc(-c2ccc([Si]([*])(C)c3ccccc3)cc2)cc1,0.34615384615384615,4695.0,[*]O[Si]([*])(CCC)c1ccccc1,low
223,[*]CC([*])c1cc(C)c2cc(/N=C/c3ccc(OCCCCCCC)cc3)ccc2[nH]c2ccc(C)cc2c1,True,True,False,350.0,0.5,359.8599548339844,[*]CC([*])c1cc(C)c2cc(/N=C/c3ccc(OCCCCCCC)cc3)ccc2[nH]c2ccc(C)cc2c1,0.3855421686746988,1654.0,[*]CC([*])C(=O)OCCCCCCOc1ccc(/C=N/c2ccc(OCCCCC)cc2)c(O)c1,low
225,[*]CCC(=O)Nc1cccc(C(=O)c2ccc(N([*])COc3ccccc3C(=O)OCCCC)cc2)c1,True,True,False,350.0,0.5,383.7713928222656,[*]CCC(=O)Nc1cccc(C(=O)c2ccc(N([*])COc3ccccc3C(=O)OCCCC)cc2)c1,0.4657534246575342,2367.0,[*]CCCCCCCCC(=O)Nc1cccc(C(=O)c2ccc(Oc3ccc(C(=O)c4cccc(NC([*])=O)c4)cc3)cc2)c1,low
226,[*]CNC(=O)OCc1ccc([*])c(COC(=O)c2ccc(SCCCC)cc2)c1,True,True,False,350.0,0.5,335.79083251953125,[*]CNC(=O)OCc1ccc([*])c(COC(=O)c2ccc(SCCCC)cc2)c1,0.3548387096774194,4199.0,[*]OC(=O)c1ccc(SCCCCSc2ccc(C([*])=O)cc2)cc1,low
228,[*]CC(=O)OCCCCCCc1ccc(CNC(=O)c2ccccc2C(=O)N([*])CC(F)(F)F)cc1,True,True,False,350.0,0.5,389.9992065429688,[*]CC(=O)OCCCCCCc1ccc(CNC(=O)c2ccccc2C(=O)N([*])CC(F)(F)F)cc1,0.3484848484848485,1377.0,[*]CC([*])(C)C(=O)OCCCCc1ccccc1,low
229,[*]CC([*])(C)C(=O)c1ccc2ccc(CCCCCOc3ccc(C=C)cc3)c(OC)c2c1,True,True,False,350.0,0.5,325.906982421875,[*]CC([*])(C)C(=O)c1ccc2ccc(CCCCCOc3ccc(C=C)cc3)c(OC)c2c1,0.4166666666666667,1304.0,[*]CC([*])(C)C(=O)OCCCCCCCCCCOc1ccc(OC(=O)c2ccc(OC)cc2)cc1,low
230,[*]Oc1ccccc1OCCCCCCOc1ccc(/C=N/c2ccc(N=C(C(=O)OCCCCCCCC)c3ccc([*])cc3C)cc2)c(C)c1,True,True,False,350.0,0.5,362.417724609375,[*]Oc1ccccc1OCCCCCCOc1ccc(/C=N/c2ccc(N=C(C(=O)OCCCCCCCC)c3ccc([*])cc3C)cc2)c(C)c1,0.44047619047619047,1654.0,[*]CC([*])C(=O)OCCCCCCOc1ccc(/C=N/c2ccc(OCCCCC)cc2)c(O)c1,low
231,[*]CC(C)C[Si](C=C)C(=O)OCCCCCC[*],True,True,False,350.0,0.5,303.3874816894531,[*]CC(C)C[Si](C=C)C(=O)OCCCCCC[*],0.41025641025641024,2468.0,[*]CCCCCCCCCCCCOC([*])=O,low
232,[*]C(=O)Oc1ccc(/N=C/c2ccc(C3CCN([*])CC3)cc2)cc1,True,True,False,350.0,0.5,396.4451904296875,[*]C(=O)Oc1ccc(/N=C/c2ccc(C3CCN([*])CC3)cc2)cc1,0.3939393939393939,4831.0,[*]Oc1ccc(/C=C2\CC/C(=C\c3ccc(OC(=O)c4ccc(/N=C/c5ccc(/C=N/c6ccc(C([*])=O)cc6)cc5)cc4)cc3)C2=O)cc1,low
235,[*]CCCN(C)C(=O)CCCCCCCCC(=O)Oc1ccc(C(=O)Nc2ccc(OCCCOC([*])=O)cc2)cc1,True,True,False,350.0,0.5,370.5011596679688,[*]CCCN(C)C(=O)CCCCCCCCC(=O)Oc1ccc(C(=O)Nc2ccc(OCCCOC([*])=O)cc2)cc1,0.4406779661016949,2394.0,[*]CCCCCCCCC(=O)Oc1ccc(OC([*])=O)cc1,low
236,[*]CC([*])=NC(CCc1ccc(/N=N/c2ccccc2)cc1)C(=O)OCCCCCCOc1ccc(/C=C/CNC(=O)O)cc1,True,True,False,350.0,0.5,323.8161315917969,[*]CC([*])=NC(CCc1ccc(/N=N/c2ccccc2)cc1)C(=O)OCCCCCCOc1ccc(/C=C/CNC(=O)O)cc1,0.40789473684210525,1297.0,[*]CC([*])(C)C(=O)OCCCCCCCCCCOc1ccc(/N=N/c2ccccc2)cc1,low
237,[*]=C1CC(CCCCOCC=[*])C(=O)OCCCCCCCC1,True,True,False,350.0,0.5,285.781982421875,[*]=C1CC(CCCCOCC=[*])C(=O)OCCCCCCCC1,0.22580645161290322,1267.0,[*]CC([*])(C)C(=O)OCCCCC1CCCCC1,low
238,[*]/C=C/c1ccc(OC(=O)c2ccc(NCCCCC(=O)Nc3ccc([*])cc3)cc2)cc1,True,True,False,350.0,0.5,418.88775634765625,[*]/C=C/c1ccc(OC(=O)c2ccc(NCCCCC(=O)Nc3ccc([*])cc3)cc2)cc1,0.42857142857142855,5829.0,[*]c1ccc(C(=O)Nc2ccc(OC(=O)c3ccc([Si]([*])(C)C)cc3)cc2)cc1,low
241,[*]N=P([*])(Cc1ccc(F)cc1)CC(F)(F)C(F)(F)F,True,True,False,350.0,0.5,288.7794494628906,[*]N=P([*])(Cc1ccc(F)cc1)CC(F)(F)C(F)(F)F,0.35,3292.0,[*]N=P([*])(Oc1ccc(F)cc1)Oc1ccc(F)cc1,low
242,[*]OC([*])C(=O)NC1CCC(C)S(=O)(=O)C1,True,True,False,350.0,0.5,353.97998046875,[*]OC([*])C(=O)NC1CCC(C)S(=O)(=O)C1,0.23214285714285715,2102.0,[*]CC1CCC(NC(=O)CCCCC(=O)NC([*])(C)C)CC1,low
244,[*]Oc1ccc(Oc2ccc(NC(=O)c3ccc([*])cc3C(F)(F)F)cc2)cc1,True,True,False,350.0,0.5,497.44384765625,[*]Oc1ccc(Oc2ccc(NC(=O)c3ccc([*])cc3C(F)(F)F)cc2)cc1,0.5957446808510638,5831.0,[*]c1ccc(C(=O)Nc2ccc(Oc3ccc(Oc4ccc(NC(=O)c5ccc([*])cc5C)cc4)cc3)cc2)c(C)c1,medium
245,[*]CC([*])c1ccc(S(=O)(=O)O[Si](C)(C)c2ccc(C(Cl)C(F)(F)F)c(N)c2)cc1,True,True,False,350.0,0.5,376.5852355957031,[*]CC([*])c1ccc(S(=O)(=O)O[Si](C)(C)c2ccc(C(Cl)C(F)(F)F)c(N)c2)cc1,0.4067796610169492,1995.0,[*]CC([*])c1ccc(S(=O)(=O)OCCC)cc1,low
246,[*]CC(=[*])CCCCCCC[N+](C)(C)C(=O)OC,True,True,False,350.0,0.5,240.6903076171875,[*]CC(=[*])CCCCCCC[N+](C)(C)C(=O)OC,0.27450980392156865,1432.0,[*]CC([*])(C)C(=O)OCC[N+](C)(C)CCCCCCC,low
247,[*]CCCCCCCCSSC(=O)Nc1ccc(OCCCCOC(=O)c2ccc(O[*])cc2)cc1,True,True,False,350.0,0.5,300.4090576171875,[*]CCCCCCCCSSC(=O)Nc1ccc(OCCCCOC(=O)c2ccc(O[*])cc2)cc1,0.45614035087719296,5034.0,[*]Oc1ccc(OCCCCCCOc2ccc(OC(=O)c3ccc(C([*])=O)cc3)cc2)cc1,low
248,[*]CC=CCCC[Si](C)CC(=[*])NC,True,True,False,350.0,0.5,241.47775268554688,[*]CC=CCCC[Si](C)CC(=[*])NC,0.2702702702702703,2109.0,[*]CC=CC[Si]([*])(C)C,low
249,[*]CC([*])c1ccc(OCCCCCCCC)cc1-c1ccc(/C=N/c2ccc(CC(C)C)cc2)cc1,True,True,False,350.0,0.5,357.5643920898437,[*]CC([*])c1ccc(OCCCCCCCC)cc1-c1ccc(/C=N/c2ccc(CC(C)C)cc2)cc1,0.4383561643835616,1883.0,[*]CC([*])c1cc(C(=O)OC)ccc1-c1ccc(OCCCCCCCC)cc1,low
251,[*]OCC([*])c1ccc(C(=O)OCCOC)cc1C(C)(C)CCN1CC1,True,True,False,350.0,0.5,368.4083251953125,[*]OCC([*])c1ccc(C(=O)OCCOC)cc1C(C)(C)CCN1CC1,0.3484848484848485,2876.0,[*]COC(=O)c1ccc(C(=O)OCCC(C)(C)CC([*])C)cc1,low
252,[*]CC([*])(C)C(=O)OCC(F)(F)COC(=O)/C=C(\C)c1cc([2H])c(F)cc1OC(=O)C(F)(F)F,True,True,False,350.0,0.5,369.81585693359375,[*]CC([*])(C)C(=O)OCC(F)(F)COC(=O)/C=C(\C)c1cc([2H])c(F)cc1OC(=O)C(F)(F)F,0.373134328358209,1449.0,[*]CC([*])(C)C(=O)OCc1ccc(F)cc1F,low
256,[*]OC1CCC(=[*])C1OC,True,True,False,350.0,0.5,338.8227844238281,[*]OC1CCC(=[*])C1OC,0.2903225806451613,4259.0,[*]OC1CCCCC1[*],low
257,[*]CC(CC)CC(Oc1ccc(C(C)(C)c2ccc(O[*])cc2)c(OCCOC)c1)C(C)=O,True,True,False,350.0,0.5,322.1400756835937,[*]CC(CC)CC(Oc1ccc(C(C)(C)c2ccc(O[*])cc2)c(OCCOC)c1)C(C)=O,0.3380281690140845,1692.0,[*]CC([*])C(=O)OCCOc1ccc(C(C)(C)c2ccc(OCCO)cc2)cc1,low
258,[*]CC(CCCC)c1cc(OCC(F)(F)F)c(C([*])=O)cc1N(C)C(=O)Cl,True,True,False,350.0,0.5,411.5198669433594,[*]CC(CCCC)c1cc(OCC(F)(F)F)c(C([*])=O)cc1N(C)C(=O)Cl,0.28,1891.0,[*]CC([*])c1cc(C(=O)Oc2ccc(OCCCC)cc2)ccc1C(=O)Oc1ccc(OCCCC)cc1,low
259,[*]CC([*])OC(=O)CCCCCOC(=O)c1ccc(C(=O)Nc2ccc(NC(=O)OCCCCN)cc2)cc1,True,True,False,350.0,0.5,343.79998779296875,[*]CC([*])OC(=O)CCCCCOC(=O)c1ccc(C(=O)Nc2ccc(NC(=O)OCCCCN)cc2)cc1,0.43333333333333335,2255.0,[*]CCCCC(=O)OCCCCOC(=O)c1ccc(C(=O)OCCCCOC([*])=O)cc1,low
260,[*]Cc1ccc(NC(=O)OCCCCCCCN2C(=O)c3ccc([*])cc3)cc2C1,True,True,False,350.0,0.5,424.817626953125,[*]Cc1ccc(NC(=O)OCCCCCCCN2C(=O)c3ccc([*])cc3)cc2C1,0.2878787878787879,1924.0,[*]CC([*])c1ccc(C(=O)N2CCCCC2)cc1,low
261,[*][Se]c1ccc(/C=C/c2cccc([*])c2OCCCCCCCCC)cc1O,True,True,False,350.0,0.5,353.31011962890625,[*][Se]c1ccc(/C=C/c2cccc([*])c2OCCCCCCCCC)cc1O,0.43333333333333335,1006.0,[*]C=Cc1ccc(C=Cc2cc(OCCCCCCC)c([*])cc2OCCCCCCC)cc1,low
262,[*]CCOc1ccc(CCCCCC)c(CCNC(=O)c2ccc(-c3ccc([*])c(CCC)c3)cc2)c1C,True,True,False,350.0,0.5,396.43267822265625,[*]CCOc1ccc(CCCCCC)c(CCNC(=O)c2ccc(-c3ccc([*])c(CCC)c3)cc2)c1C,0.3380281690140845,5709.0,[*]c1ccc(-c2ccc(OCCCCCC)c(-c3cc([*])ccc3OCCCCCC)c2)cc1,low
263,[*]CCCCCCCCOc1ccc(C(=O)NC(=O)C(=O)OCCCCC(=O)O[*])cc1,True,True,False,350.0,0.5,342.37579345703125,[*]CCCCCCCCOc1ccc(C(=O)NC(=O)C(=O)OCCCCC(=O)O[*])cc1,0.4716981132075472,2255.0,[*]CCCCC(=O)OCCCCOC(=O)c1ccc(C(=O)OCCCCOC([*])=O)cc1,low
264,[*]OC=C(C)C(=O)NNC(=O)/C=C/C(=O)OCCCCCCCCOc1ccc(-c2ccc(C([*])=O)cc2)cc1,True,True,False,350.0,0.5,332.64239501953125,[*]OC=C(C)C(=O)NNC(=O)/C=C/C(=O)OCCCCCCCCOc1ccc(-c2ccc(C([*])=O)cc2)cc1,0.4642857142857143,4190.0,[*]OC(=O)c1ccc(OCCCCCCOc2ccc(C([*])=O)cc2)cc1,low
266,[*]CC(C(=O)NCCCCCCOc1ccc(C(=O)c2cccc(C(=O)c3ccc([*])cc3)c2)cc1)C(C)=C(F)F,True,True,False,350.0,0.5,375.5157470703125,[*]CC(C(=O)NCCCCCCOc1ccc(C(=O)c2cccc(C(=O)c3ccc([*])cc3)c2)cc1)C(C)=C(F)F,0.40625,657.0,[*]C(=O)c1cccc(C(=O)c2ccc(Oc3ccc(-c4ccc(-c5ccc(Oc6ccc([*])cc6)cc5)cc4)cc3)cc2)c1,low
267,[*]CCCCCCCOC(=O)c1cc(OC)c(-c2ccc(C(=O)O[*])cc2C)c(OCCNCCCC)c1C,True,True,False,350.0,0.5,324.9555053710937,[*]CCCCCCCOC(=O)c1cc(OC)c(-c2ccc(C(=O)O[*])cc2C)c(OCCNCCCC)c1C,0.36585365853658536,1885.0,[*]CC([*])c1cc(C(=O)OCCCC)ccc1-c1ccc(OCCCCCCCC)cc1,low
268,[*]CCCCCCCCCOc1ccc(S(=O)(=O)CCCCCCCCC(F)(F)F)cc1OCCOc1ccc(C([*])=O)cc1,True,True,False,350.0,0.5,329.5943603515625,[*]CCCCCCCCCOc1ccc(S(=O)(=O)CCCCCCCCC(F)(F)F)cc1OCCOc1ccc(C([*])=O)cc1,0.4246575342465753,5014.0,[*]Oc1ccc(OC(=O)c2ccc(OCCCCCCCCCCCCOc3ccc(C([*])=O)cc3)cc2)c(S(=O)(=O)c2ccccc2)c1,low
269,[*]Oc1nnc(NC(=O)c2ccc(Oc3ccc(C([*])=O)cc3)cc2)S(=O)(=O)C1C,True,True,False,350.0,0.5,482.3358154296875,[*]Oc1nnc(NC(=O)c2ccc(Oc3ccc(C([*])=O)cc3)cc2)S(=O)(=O)C1C,0.4528301886792453,3909.0,[*]Nc1ccc(Oc2ccc(NC(=O)c3ccc(C([*])=O)cc3)cc2)cc1,low
270,[*]Nc1ccc(C(=O)OCCCCCCNC(=O)Sc2ccc(-c3ccc([Si]([*])(C)CCCc4ccccc4)cc3)cc2)cc1,True,True,False,350.0,0.5,359.1381225585937,[*]Nc1ccc(C(=O)OCCCCCCNC(=O)Sc2ccc(-c3ccc([Si]([*])(C)CCCc4ccccc4)cc3)cc2)cc1,0.37681159420289856,5842.0,[*]c1ccc(C(=O)OCCCCOC(=O)c2ccc([Si]([*])(C)C)cc2)cc1,low
271,[*]Oc1ccc(CCCCCCCCc2cccc(Oc3ccc([*])cc3C(C)C)c2)cc1,True,True,False,350.0,0.5,336.8443298339844,[*]Oc1ccc(CCCCCCCCc2cccc(Oc3ccc([*])cc3C(C)C)c2)cc1,0.4444444444444444,5041.0,[*]Oc1ccc(Oc2ccc(-c3ccc(Oc4ccc(Oc5cc([*])ccc5CCCCCC)cc4)c4ccccc34)c3ccccc23)cc1,low
272,[*]C(=O)c1ccc(OCCCCCNC(=O)c2ccc(Cc3ccc(NC([*])=O)cc3)cc2)cc1,True,True,False,350.0,0.5,432.3431396484375,[*]C(=O)c1ccc(OCCCCCNC(=O)c2ccc(Cc3ccc(NC([*])=O)cc3)cc2)cc1,0.625,3461.0,[*]NCCCCCCCCCCNC(=O)c1ccc(Cc2ccc(C([*])=O)cc2)cc1,medium
273,[*]CCCCC(=O)Oc1ccc(NC(=O)c2ccc(OCCCCCCCC)cc2)cc1C(=O)Oc1ccc([*])o1,True,True,False,350.0,0.5,364.4905700683594,[*]CCCCC(=O)Oc1ccc(NC(=O)c2ccc(OCCCCCCCC)cc2)cc1C(=O)Oc1ccc([*])o1,0.44871794871794873,4147.0,[*]OC(=O)CCCC(=O)Oc1cc(OC(=O)c2ccc(OCCCCCCCCCCCC)cc2)c([*])cc1OC(=O)c1ccc(OCCCCCCCCCCCC)cc1,low
274,[*]COCC(O)COc1ccc(C(=O)OCCCCOC([*])COC)cc1,True,True,False,350.0,0.5,283.11279296875,[*]COCC(O)COc1ccc(C(=O)OCCCCOC([*])COC)cc1,0.4576271186440678,1847.0,[*]CC([*])OCCCCCCCCCCCOc1ccc(C(=O)Oc2ccc(OCC)cc2)cc1,low
275,[*]/C=C(/[*])c1ccc(Oc2ccc([Si](C)(C)c3ccccc3)s2)cc1,True,True,False,350.0,0.5,349.193603515625,[*]/C=C(/[*])c1ccc(Oc2ccc([Si](C)(C)c3ccccc3)s2)cc1,0.40476190476190477,861.0,[*]C=C([*])c1ccccc1,low
277,[*]CCN(CCCC)C([*])=Nc1ccc(S(C)(=O)O)cc1,True,True,False,350.0,0.5,368.9782409667969,[*]CCN(CCCC)C([*])=Nc1ccc(S(C)(=O)O)cc1,0.3137254901960784,409.0,[*]C(=O)c1ccc(N([*])CCCC)cc1,low
278,[*]Oc1ccc(Oc2cc(Br)c(NC(=O)c3cccc(-c4ccc([*])cc4C)c3)cc2SCCC(F)(F)F)cc1,True,True,False,350.0,0.5,438.36956787109375,[*]Oc1ccc(Oc2cc(Br)c(NC(=O)c3cccc(-c4ccc([*])cc4C)c3)cc2SCCC(F)(F)F)cc1,0.41975308641975306,4977.0,[*]Oc1ccc(NC(=O)c2cccc(C(=O)Nc3ccc(Oc4ccc([*])cc4C(C)(C)C)cc3)c2)cc1,low
279,[*]CC([*])c1ccc(C(=O)Oc2ccc(C(C)(C)c3ccc(O)cc3)cc2)cc1,True,True,False,350.0,0.5,403.7226867675781,[*]CC([*])c1ccc(C(=O)Oc2ccc(C(C)(C)c3ccc(O)cc3)cc2)cc1,0.5333333333333333,7120.0,[*]CC([*])c1ccc(OC(C)=O)cc1,medium
280,[*]C(C(=O)OCCCCCC)c1ccc(/C=C(\C)c2ccc(C([*])=O)cc2)c2ccc(CCCCCC3CC3C2)cc1,True,True,False,350.0,0.5,369.5700988769531,[*]C(C(=O)OCCCCCC)c1ccc(/C=C(\C)c2ccc(C([*])=O)cc2)c2ccc(CCCCCC3CC3C2)cc1,0.3333333333333333,1931.0,[*]CC([*])c1ccc(C(=O)OCCCCCC)cc1,low
281,[*]C(=O)Oc1ccc(NC(=O)c2ccccc2[Si](CO)c2ccc([*])cc2)cc1,True,True,False,350.0,0.5,449.6505432128906,[*]C(=O)Oc1ccc(NC(=O)c2ccccc2[Si](CO)c2ccc([*])cc2)cc1,0.39705882352941174,6191.0,[*]c1ccc(OCC(O)COc2ccc(NC(=O)c3ccccc3OCC(O)COc3ccc(C([*])(C)C)cc3)cc2)cc1,low
282,[*]CC([2H])(C)C(=O)Oc1ccc(OCCOc2ccccc2NC(=O)c2ccc(N([*])C)cc2)cc1,True,True,False,350.0,0.5,372.3145446777344,[*]CC([2H])(C)C(=O)Oc1ccc(OCCOc2ccccc2NC(=O)c2ccc(N([*])C)cc2)cc1,0.373134328358209,1717.0,[*]CC([*])C(=O)Oc1ccc(C(=O)Oc2ccc(OC(=O)c3ccc(OCCCC)cc3)cc2)cc1,low
283,[*]CC([*])c1ccc(NC(=O)CCC(O)(C)COCC)cc1,True,True,False,350.0,0.5,344.0098876953125,[*]CC([*])c1ccc(NC(=O)CCC(O)(C)COCC)cc1,0.43137254901960786,1938.0,[*]CC([*])c1ccc(C(C)(O)CCC)cc1,low
284,[*]CCC([*])C(=O)NCCCCCCCN(C)c1cc(Cl)cc([N+](=O)[O-])c1,True,True,False,350.0,0.5,297.1087646484375,[*]CCC([*])C(=O)NCCCCCCCN(C)c1cc(Cl)cc([N+](=O)[O-])c1,0.3614457831325301,2664.0,[*]CCOC(=O)NCCCCCCNC(=O)OCCN([*])c1ccc(/N=N/c2ccc([N+](=O)[O-])cc2)c(C)c1,low
287,[*]NC([2H])C(=O)Nc1ccc(C(O)CN([*])c2ccc(C(C)=O)cc2)cc1,True,True,False,350.0,0.5,385.4824523925781,[*]NC([2H])C(=O)Nc1ccc(C(O)CN([*])c2ccc(C(C)=O)cc2)cc1,0.33962264150943394,1941.0,[*]CC([*])c1ccc(C(C)=O)cc1,low
288,[*]CCC(C)(C)c1ccc(S(=O)(=O)CCCCCCCO[*])cc1,True,True,False,350.0,0.5,346.9228515625,[*]CCC(C)(C)c1ccc(S(=O)(=O)CCCCCCCO[*])cc1,0.375,2279.0,[*]CCCCCC(=O)OCCCCCCS(=O)(=O)c1ccc(/N=N/c2ccc(N([*])C)cc2)cc1,low
290,[*]C(=O)CCCCCOc1ccc(C(C)(C)c2ccc(OC(=O)CCC(=O)Nc3ccc(C([*])=O)cc3)cc2)cc1,True,True,False,350.0,0.5,375.3227844238281,[*]C(=O)CCCCCOc1ccc(C(C)(C)c2ccc(OC(=O)CCC(=O)Nc3ccc(C([*])=O)cc3)cc2)cc1,0.4411764705882353,6189.0,[*]c1ccc(OCC(O)COc2ccc(NC(=O)CCCCCC(=O)Nc3ccc(OCC(O)COc4ccc(C([*])(C)C)cc4)cc3)cc2)cc1,low
291,[*]CC(CCCC([*])=O)c1ccc(NC(=O)CC(OC)OC)cc1,True,True,False,350.0,0.5,326.61383056640625,[*]CC(CCCC([*])=O)c1ccc(NC(=O)CC(OC)OC)cc1,0.38,2189.0,[*]CCCC(=O)Nc1ccc(NC([*])=O)cc1,low
292,[*]C=C[Si]([*])(C)c1ccc(OCCCCCCOc2ccc(CC)o2)cc1,True,True,False,350.0,0.5,276.10223388671875,[*]C=C[Si]([*])(C)c1ccc(OCCCCCCOc2ccc(CC)o2)cc1,0.3684210526315789,4634.0,[*]O[Si]([*])(C)CCCCCCCCCCCOc1ccc(/C=C/c2ccc(OCCCC)cc2)cc1,low
293,[*]c1ccc(Oc2ccc(C(=O)[Si](C)(C)c3ccc(OCCCCCC)cc3)cc2)c([*])c1C,True,True,False,350.0,0.5,343.3171081542969,[*]c1ccc(Oc2ccc(C(=O)[Si](C)(C)c3ccc(OCCCCCC)cc3)cc2)c([*])c1C,0.4153846153846154,4645.0,[*]O[Si]([*])(C)CCCCCCOc1ccc(C(=O)Oc2ccc(OCCCCCC)cc2)cc1,low
294,[*]C=C([*])CCN(CCCCCCC)C(=O)OC,True,True,False,350.0,0.5,301.6531066894531,[*]C=C([*])CCN(CCCCCCC)C(=O)OC,0.39622641509433965,37.0,[*]/C=C(/[*])CCCOc1ccc(OC(=O)c2ccc(OCCCCCCCC)cc2)cc1,low
295,[*]Nc1ccc(OC(=O)c2ccc(CCC(=O)N([*])C)cc2)cc1,True,True,False,350.0,0.5,405.7539978027344,[*]Nc1ccc(OC(=O)c2ccc(CCC(=O)N([*])C)cc2)cc1,0.45454545454545453,3824.0,[*]Nc1ccc(OC(=O)c2ccc([Si](c3ccccc3)(c3ccccc3)c3ccc(C([*])=O)cc3)cc2)cc1,low
296,[*]C(=O)c1cccc(COc2ccc(C(=O)NC([*])=O)cc2)c1,True,True,False,350.0,0.5,391.63958740234375,[*]C(=O)c1cccc(COc2ccc(C(=O)NC([*])=O)cc2)c1,0.4423076923076923,3567.0,[*]NNC(=O)c1ccc(C(=O)NNC(=O)c2ccc(OC(=O)c3cccc(C(=O)Oc4ccc(C([*])=O)cc4)c3)cc2)cc1,low
297,[*]/C=C/C(F)(F)C(=O)OCCCCCCN([*])C(=O)C[SiH](C)CC,True,True,False,350.0,0.5,262.7209167480469,[*]/C=C/C(F)(F)C(=O)OCCCCCCN([*])C(=O)C[SiH](C)CC,0.30357142857142855,1276.0,[*]CC([*])(C)C(=O)OCCCCCCCC,low
298,[*]C(c1ccc(CC(O)CN)cc1)(C([*])(F)F)C(F)(F)F,True,True,False,350.0,0.5,422.1600646972656,[*]C(c1ccc(CC(O)CN)cc1)(C([*])(F)F)C(F)(F)F,0.3684210526315789,5679.0,[*]c1ccc(-c2ccc(C([*])(C(F)(F)F)C(F)(F)F)cc2)cc1,low
299,[*]Cc1ccc(/C=C/c2ccc(OCCCCCC)cc2)cc1[*],True,True,False,350.0,0.5,338.55499267578125,[*]Cc1ccc(/C=C/c2ccc(OCCCCCC)cc2)cc1[*],0.5882352941176471,1014.0,[*]C=Cc1ccc(OCCCCCCCCOc2ccc(/C=C/c3cc(OCCCCCCCC)c([*])cc3OCCCCCCCC)cc2)cc1,medium
300,[*]CCc1ccc(C(=[*])CCC(C)COC(=O)C(F)(F)F)c(C)c1,True,True,False,350.0,0.5,296.52325439453125,[*]CCc1ccc(C(=[*])CCC(C)COC(=O)C(F)(F)F)c(C)c1,0.27631578947368424,3063.0,[*]Cc1ccc(OC(=O)CC(C)CCC(=O)Oc2ccc(CCC(=O)NC([*])C(=O)OC)cc2)cc1,low
301,[*]Nc1ccc(S(=O)(=O)c2ccc(Oc3ccc(Nc4ccc(C([*])=O)cc4)cc3)cc2)c(Oc2cccc(C(F)(F)F)c2)c1,True,True,False,350.0,0.5,449.0403442382813,[*]Nc1ccc(S(=O)(=O)c2ccc(Oc3ccc(Nc4ccc(C([*])=O)cc4)cc3)cc2)c(Oc2cccc(C(F)(F)F)c2)c1,0.5,504.0,[*]C(=O)c1ccc(Oc2cccc(Oc3ccc(S(=O)(=O)c4ccc(Oc5ccc([*])cc5)cc4)cc3)c2)cc1,medium
302,[*]C(C)C(=[*])c1ccc(/N=C(\C)OC(F)(F)C(F)(F)F)c(C)c1,True,True,False,350.0,0.5,415.4322814941406,[*]C(C)C(=[*])c1ccc(/N=C(\C)OC(F)(F)C(F)(F)F)c(C)c1,0.2777777777777778,1741.0,[*]CC([*])C(=O)c1ccc(C)c(C)c1,low
304,[*]CC([*])C(=O)NCC(CCCCC)(C)C(=O)OCC(F)(F)C(F)(F)C(F)(F)COC(=O)NC,True,True,False,350.0,0.5,315.8279724121094,[*]CC([*])C(=O)NCC(CCCCC)(C)C(=O)OCC(F)(F)C(F)(F)C(F)(F)COC(=O)NC,0.39285714285714285,1592.0,[*]CC([*])C(=O)NCCCCCCCC,low
305,[*]c1ccc(OC(=O)CSN2CC([*])CC2)cc1,True,True,False,350.0,0.5,403.8813171386719,[*]c1ccc(OC(=O)CSN2CC([*])CC2)cc1,0.38461538461538464,6030.0,[*]c1ccc(OC(=O)CCCCC(=O)Oc2ccc(C([*])(C)C)cc2)cc1,low
306,[*]CCOC(=O)CCCCCCc1ccc(C(=O)O[*])cc1,True,True,False,350.0,0.5,289.5832214355469,[*]CCOC(=O)CCCCCCc1ccc(C(=O)O[*])cc1,0.6097560975609756,4184.0,[*]OC(=O)c1ccc(CCCCCCc2ccc(C([*])=O)cc2)cc1,medium
307,[*]Nc1cccc(C(=O)c2ccc(OCCCCCCCC[Si]([*])CCC)cc2)c1,True,True,False,350.0,0.5,335.9812316894531,[*]Nc1cccc(C(=O)c2ccc(OCCCCCCCC[Si]([*])CCC)cc2)c1,0.45901639344262296,3828.0,[*]Nc1ccc(OCCCCCCCCOc2ccc(NC(=O)c3cccc(C([*])=O)c3)cc2)cc1,low
308,[*]CCOc1ccc(/C=C/c2ccc(NC(=O)CCCCC(=O)S[*])cc2)cc1,True,True,False,350.0,0.5,379.6734008789063,[*]CCOc1ccc(/C=C/c2ccc(NC(=O)CCCCC(=O)S[*])cc2)cc1,0.49019607843137253,2236.0,[*]CCCCC(=O)Nc1ccc(Oc2ccc(NC([*])=O)cc2)cc1,low
309,[*]N=P([*])(C)c1ccc(COCC(O)COc2ccc(C(=O)OCCC#N)cc2)cc1,True,True,False,350.0,0.5,300.273193359375,[*]N=P([*])(C)c1ccc(COCC(O)COc2ccc(C(=O)OCCC#N)cc2)cc1,0.36507936507936506,424.0,[*]C(=O)c1ccc(OCC(O)COc2ccc([*])cc2)cc1,low
311,[*]c1cc(Br)c(NC(=O)Oc2ccc(CCCCC)cc2)c(CCS([*])(=O)C[Na])c1,True,True,False,350.0,0.5,350.9596862792969,[*]c1cc(Br)c(NC(=O)Oc2ccc(CCCCC)cc2)c(CCS([*])(=O)C[Na])c1,0.38028169014084506,328.0,[*]C(=O)Oc1ccc(-c2ccc(OC(=O)c3cc([*])cc(CCCCC)c3)cc2)cc1,low
312,[*]CCC(=O)Nc1ccc(C)c(NC(=O)CCCCCCCCSCC(=O)N[*])c1,True,True,False,350.0,0.5,369.8653564453125,[*]CCC(=O)Nc1ccc(C)c(NC(=O)CCCCCCCCSCC(=O)N[*])c1,0.41509433962264153,2275.0,[*]CCCCCC(=O)Nc1ccc(NC([*])=O)cc1,low
313,[*]=Cc1cc(NC(C)=O)c(C(CCC)c2ccc(S([*])(=O)=O)cc2)cc1,True,True,False,350.0,0.5,448.4633483886719,[*]=Cc1cc(NC(C)=O)c(C(CCC)c2ccc(S([*])(=O)=O)cc2)cc1,0.2698412698412698,2012.0,[*]CC([*])c1cccc(NC(C)=O)c1,low
314,[*]CC(=O)OC1CC1N([*])Cc1ccc(C(=O)CCC(=O)N)cc1,True,True,False,350.0,0.5,361.7415161132813,[*]CC(=O)OC1CC1N([*])Cc1ccc(C(=O)CCC(=O)N)cc1,0.2786885245901639,1810.0,[*]CC([*])OC(=O)CCCC(=O)c1ccccc1,low
315,[*]/C=C/CCCCCOc1ccc([*])c(OC(=O)SCC(C)(C)C)c1C(C)C,True,True,False,350.0,0.5,284.6302490234375,[*]/C=C/CCCCCOc1ccc([*])c(OC(=O)SCC(C)(C)C)c1C(C)C,0.2857142857142857,6086.0,[*]c1ccc(OC(=O)SCCCCCCSC(=O)Oc2ccc(C([*])(C)C)cc2)cc1,low
316,[*]C=C([*])c1ccc(S(=O)(=O)CCCCC(=O)Nc2ccc(OC(=O)c3ccc(C#N)cc3)o2)cc1,True,True,False,350.0,0.5,398.9744567871094,[*]C=C([*])c1ccc(S(=O)(=O)CCCCC(=O)Nc2ccc(OC(=O)c3ccc(C#N)cc3)o2)cc1,0.3246753246753247,1846.0,[*]CC([*])OCCCCCCCCCCCOc1ccc(C(=O)Oc2ccc(C#N)cc2)cc1,low
317,[*]CC([*])c1ccc(C(O)(COc2c(C)cc([N+](=O)[O-])cc2)O[Si](C)(C)OC)cc1,True,True,False,350.0,0.5,330.2431030273437,[*]CC([*])c1ccc(C(O)(COc2c(C)cc([N+](=O)[O-])cc2)O[Si](C)(C)OC)cc1,0.373134328358209,1774.0,[*]CC([*])CNc1ccc([N+](=O)[O-])cc1C,low
318,[*]C=Cc1ccc(CNC(=O)SNC(=O)c2cc(C(=O)NCC(C)C)cc(C([*])=O)c2)cc1,True,True,False,350.0,0.5,483.71820068359375,[*]C=Cc1ccc(CNC(=O)SNC(=O)c2cc(C(=O)NCC(C)C)cc(C([*])=O)c2)cc1,0.3283582089552239,214.0,[*]C(=O)NCc1ccc(CNC(=O)c2cc([*])cc(C(C)(C)C)c2)cc1,low
319,[*]C(=O)c1ccc(Oc2ccc(N(C)C(=O)CCCCN(C)c3ccc(C(=O)Nc4cccc(C([*])=O)c4)cc3)cc2)cc1,True,True,False,350.0,0.5,435.06884765625,[*]C(=O)c1ccc(Oc2ccc(N(C)C(=O)CCCCN(C)c3ccc(C(=O)Nc4cccc(C([*])=O)c4)cc3)cc2)cc1,0.5238095238095238,4065.0,[*]Nc1cccc(C(=O)c2ccc(Oc3ccc(C(=O)c4cccc(NC(=O)c5ccc(C([*])=O)cc5)c4)cc3)cc2)c1,medium
322,[*]CC([*])OCCCCCCCC(=O)Nc1ccc(S(=O)(=O)c2ccc(OCC(C)CC)cc2)cc1,True,True,False,350.0,0.5,345.88104248046875,[*]CC([*])OCCCCCCCC(=O)Nc1ccc(S(=O)(=O)c2ccc(OCC(C)CC)cc2)cc1,0.47540983606557374,2277.0,[*]CCCCCC(=O)Nc1ccc(S(=O)(=O)c2ccc(NC([*])=O)cc2)cc1,low
324,[*]CC(C#N)(C(=O)OCC)c1ccc(C(C(=O)O)c2ccccc2[Si]([*])(C)C)cc1,True,True,False,350.0,0.5,380.4565124511719,[*]CC(C#N)(C(=O)OCC)c1ccc(C(C(=O)O)c2ccccc2[Si]([*])(C)C)cc1,0.3484848484848485,5863.0,[*]c1ccc(C(C#N)(C(=O)OCC)C([*])(C#N)C(=O)OCC)cc1,low
325,[*]CCC([*])(C)C(=O)OCCCCCCCCSCC(=O)OCCN1CCCC(=O)OCC1,True,True,False,350.0,0.5,265.9798583984375,[*]CCC([*])(C)C(=O)OCCCCCCCCSCC(=O)OCCN1CCCC(=O)OCC1,0.3181818181818182,1323.0,[*]CC([*])(C)C(=O)OCCCCCCN1CCN(c2ccc(/N=N/c3ccc(C#N)cc3)cc2)CC1,low
326,[*]NCCCCCCCCOS(=O)(=O)c1ccc(OCCOC(=O)Nc2ccc(F)cc2)c(NC(=O)OCCO[*])c1,True,True,False,350.0,0.5,319.4825134277344,[*]NCCCCCCCCOS(=O)(=O)c1ccc(OCCOC(=O)Nc2ccc(F)cc2)c(NC(=O)OCCO[*])c1,0.3424657534246575,3337.0,[*]NC(=O)OCCCCCCCCCOC(=O)Nc1ccc(C)c([*])c1,low
327,[*]CCN(CCCCCCCNC(=O)/C=C/C(=O)N([*])CCCC)CC(=O)OC,True,True,False,350.0,0.5,377.5834655761719,[*]CCN(CCCCCCCNC(=O)/C=C/C(=O)N([*])CCCC)CC(=O)OC,0.3333333333333333,2609.0,[*]CCN([*])C(=O)CCC(=O)OC,low
329,[*]OCCCCCCNC(=O)c1ccc(-c2ccc(C(=[*])OCC(C)(C)C)cc2)cc1,True,True,False,350.0,0.5,401.5941162109375,[*]OCCCCCCNC(=O)c1ccc(-c2ccc(C(=[*])OCC(C)(C)C)cc2)cc1,0.4339622641509434,4304.0,[*]OCCCCCCCCCCCCOC(=O)c1ccc(-c2ccc(C([*])=O)cc2)cc1,low
330,[*]C=Cc1ccc(CCCCCCC#N)cc1-c1ccc([N+](=O)[O-])cc1Sc1cccc([*])c1,True,True,False,350.0,0.5,351.9303283691406,[*]C=Cc1ccc(CCCCCCC#N)cc1-c1ccc([N+](=O)[O-])cc1Sc1cccc([*])c1,0.2692307692307692,5732.0,[*]c1ccc(-c2ccc3c(c2)C(CCCCCCC#N)(CCCCCCC#N)c2cc([*])ccc2-3)cc1,low
331,[*]OCCCCCCS(=[*])(=O)c1ccc(CNCC(C)C)cc1,True,True,False,350.0,0.5,322.2474365234375,[*]OCCCCCCS(=[*])(=O)c1ccc(CNCC(C)C)cc1,0.32075471698113206,4328.0,[*]OCCCCCCCCCCOC(=O)c1ccc(C([*])=O)cc1,low
333,[*]C=C([*])C(Oc1ccc(C(C)CCCC)cc1)C(C)C,True,True,False,350.0,0.5,332.4859924316406,[*]C=C([*])C(Oc1ccc(C(C)CCCC)cc1)C(C)C,0.3404255319148936,32.0,[*]/C=C(/[*])C(CCCCC)[Si](C)(C)C,low
334,[*]Oc1c(O)cc(C(OCCCC)c2cccc([*])c2)c(I)c1I,True,True,False,350.0,0.5,352.03955078125,[*]Oc1c(O)cc(C(OCCCC)c2cccc([*])c2)c(I)c1I,0.3114754098360656,4727.0,[*]Oc1c(C)cc([*])cc1C(C)CCCC,low
335,[*]C=CCCCOCCCCCCNC(=O)c1ccc(/C=C/c2ccc(C(=O)OCCN(C)c3ccc([*])cc3)cc2)c(C=O)c1,True,True,False,350.0,0.5,354.6592102050781,[*]C=CCCCOCCCCCCNC(=O)c1ccc(/C=C/c2ccc(C(=O)OCCN(C)c3ccc([*])cc3)cc2)c(C=O)c1,0.3516483516483517,5843.0,[*]c1ccc(C(=O)OCCN(CCOC(=O)c2ccc([Si]([*])(C)C)cc2)c2ccc(/C=C/c3ccc([N+](=O)[O-])cc3)cc2)cc1,low
336,[*]C=C[Si]([*])(C)c1ccc(/N=C/c2ccc(C(=O)OCCCCCC)c(C)c2)cc1F,True,True,False,350.0,0.5,323.29931640625,[*]C=C[Si]([*])(C)c1ccc(/N=C/c2ccc(C(=O)OCCCCCC)c(C)c2)cc1F,0.38372093023255816,979.0,[*]C=Cc1cc(OCCCCCC)c(/C=N/c2ccc(C(=O)OCCCCOCCCCOCCCCOC(=O)c3ccc(/N=C/c4cc(OCCCCCC)c(/C=C/c5cc(OCCCCCC)c([*])cc5OCCCCCC)cc4OCCCCCC)cc3)cc2)cc1OCCCCCC,low
337,[*]CCCCC(=O)Nc1cc([*])ccc1NC(=O)CCC[N+](C)(C)C(=O)O,True,True,False,350.0,0.5,460.4242248535156,[*]CCCCC(=O)Nc1cc([*])ccc1NC(=O)CCC[N+](C)(C)C(=O)O,0.40816326530612246,2234.0,[*]CCCCC(=O)Nc1ccc(NC([*])=O)cc1,low
339,[*]NCC([*])OC(=O)C(C)(C)C(=O)OCCCCCNC(=O)OC(C)=O,True,True,False,350.0,0.5,307.01776123046875,[*]NCC([*])OC(=O)C(C)(C)C(=O)OCCCCCNC(=O)OC(C)=O,0.39622641509433965,3455.0,[*]NCCCCCCCCCCNC(=O)OCCCCCCCCCCCCCCCCOC([*])=O,low
340,[*]NC=Cc1ccc(C=CC(=O)NCC#N)cc1C(C)S(=O)(=O)CCCCCCC,True,True,False,350.0,0.5,410.2556457519531,[*]NC=Cc1ccc(C=CC(=O)NCC#N)cc1C(C)S(=O)(=O)CCCCCCC,0.24675324675324675,1006.0,[*]C=Cc1ccc(C=Cc2cc(OCCCCCCC)c([*])cc2OCCCCCCC)cc1,low
341,[*]CCOCCCCCCCCOc1ccc(C=C)c([*])c1,True,True,False,350.0,0.5,270.11529541015625,[*]CCOCCCCCCCCOc1ccc(C=C)c([*])c1,0.37037037037037035,4309.0,[*]OCCCCCCCCCCCCOc1ccc(/C=N/N=C/c2ccc([*])cc2O)c(O)c1,low
342,[*]C(=O)c1ccc(OC(=O)[Si](CC)CNc2ccc(C([*])=O)cc2)cc1,True,True,False,350.0,0.5,382.88763427734375,[*]C(=O)c1ccc(OC(=O)[Si](CC)CNc2ccc(C([*])=O)cc2)cc1,0.4318181818181818,3852.0,[*]Nc1ccc(Oc2ccc(C([*])=O)cc2)cc1,low
343,[*]CCOCCCCCCC(=O)Oc1ccc(CCc2ccc(O[*])cc2)cc1,True,True,False,350.0,0.5,283.4943542480469,[*]CCOCCCCCCC(=O)Oc1ccc(CCc2ccc(O[*])cc2)cc1,0.5111111111111111,2394.0,[*]CCCCCCCCC(=O)Oc1ccc(OC([*])=O)cc1,medium
344,[*]C(=O)CCCCCNC(=O)c1cc(/C=C/c2ccccc2)cc(C(=O)OC([*])=O)c1,True,True,False,350.0,0.5,370.9474487304688,[*]C(=O)CCCCCNC(=O)c1cc(/C=C/c2ccccc2)cc(C(=O)OC([*])=O)c1,0.40350877192982454,3473.0,[*]NCCCCCCCCNC(=O)c1cccc(C([*])=O)c1,low
345,[*]c1ccc(O[Si]([*])(C)CCCCC(=O)Nc2ccc(OC(C)CCC(C)(C)C)cc2)c(O)c1,True,True,False,350.0,0.5,341.1534423828125,[*]c1ccc(O[Si]([*])(C)CCCCC(=O)Nc2ccc(OC(C)CCC(C)(C)C)cc2)c(O)c1,0.39473684210526316,6188.0,[*]c1ccc(OCC(O)COc2ccc(NC(=O)CCCCC(=O)Nc3ccc(OCC(O)COc4ccc(C([*])(C)C)cc4)cc3)cc2)cc1,low
346,[*]c1ccc([*])cc1-c1ccc(Oc2ccc(C(=O)c3ccc(OCCCCCCCCCC)cc3)cc2)cc1,True,True,False,350.0,0.5,354.2646789550781,[*]c1ccc([*])cc1-c1ccc(Oc2ccc(C(=O)c3ccc(OCCCCCCCCCC)cc3)cc2)cc1,0.5,1885.0,[*]CC([*])c1cc(C(=O)OCCCC)ccc1-c1ccc(OCCCCCCCC)cc1,medium
347,[*]CCC(COc1ccc(/N=N/c2ccc(C(=O)O)cc2)c([*])c1)C(=O)Nc1ccc(C=C(C)C#N)cc1,True,True,False,350.0,0.5,403.2370910644531,[*]CCC(COc1ccc(/N=N/c2ccc(C(=O)O)cc2)c([*])c1)C(=O)Nc1ccc(C=C(C)C#N)cc1,0.3111111111111111,2880.0,[*]COC(=O)c1ccc2cc(C(=O)OC([*])COc3ccc(/N=N/c4ccc(C#N)cc4)cc3)ccc2c1,low
348,[*]CC(=O)c1ccc(C(=O)Nc2ccc(Oc3ccc(O[Si]([*])(C)C)cc3)cc2)cc1,True,True,False,350.0,0.5,404.7612609863281,[*]CC(=O)c1ccc(C(=O)Nc2ccc(Oc3ccc(O[Si]([*])(C)C)cc3)cc2)cc1,0.5714285714285714,5822.0,[*]c1ccc(C(=O)Nc2ccc(C(=O)Nc3ccc(Oc4ccc(NC(=O)c5ccc(NC(=O)c6ccc([Si]([*])(C)C)cc6)cc5)cc4)cc3)cc2)cc1,medium
349,[*]Cc1ccc(/C=N/c2ccc(C(C)(C)c3ccc([*])cc3C)c([N+](=O)[O-])c2)cc1,True,True,False,350.0,0.5,412.8008117675781,[*]Cc1ccc(/C=N/c2ccc(C(C)(C)c3ccc([*])cc3C)c([N+](=O)[O-])c2)cc1,0.31746031746031744,3163.0,[*]Cc1ccc(OC(=O)Oc2ccc([*])cc2C)c(C)c1,low
350,[*]Oc1ccc(-c2ccc(CCCCCCCCC)cc2S([*])(=O)=O)cc1O,True,True,False,350.0,0.5,394.75531005859375,[*]Oc1ccc(-c2ccc(CCCCCCCCC)cc2S([*])(=O)=O)cc1O,0.3333333333333333,340.0,[*]C(=O)Oc1ccc([*])cc1CCCCC,low
351,[*]CCOCCOC(=O)Nc1ccc(C(=O)NCCCCCCSCC(=O)C([*])(C)C)cc1,True,True,False,350.0,0.5,304.0261535644531,[*]CCOCCOC(=O)Nc1ccc(C(=O)NCCCCCCSCC(=O)C([*])(C)C)cc1,0.41935483870967744,2571.0,[*]CCCNC(=O)c1ccc(C(=O)NCCCC([*])(C)C)cc1,low
352,[*]COc1ccc2c(c1)C(=O)N(c1ccc(C(=O)Oc3ccc(NC([*])CC)cc3)cc1)C2=O,True,True,False,350.0,0.5,417.8186950683594,[*]COc1ccc2c(c1)C(=O)N(c1ccc(C(=O)Oc3ccc(NC([*])CC)cc3)cc1)C2=O,0.4925373134328358,2940.0,[*]COc1ccc(N2C(=O)c3ccc(C(=O)c4ccc5c(c4)C(=O)N(c4ccc(OCC([*])(C)C)cc4)C5=O)cc3C2=O)cc1,low
353,[*]CCCCCOc1ccc(C=CCCCC(=O)Oc2ccc(-c3ccc4c(c3)C(=O)N([*])C4=O)cc2)cc1,True,True,False,350.0,0.5,362.2918395996094,[*]CCCCCOc1ccc(C=CCCCC(=O)Oc2ccc(-c3ccc4c(c3)C(=O)N([*])C4=O)cc2)cc1,0.5294117647058824,2463.0,[*]CCCCCCCCCCCCCCCCCCCCC(=O)Oc1ccc(N2C(=O)c3ccc(-c4ccc5c(c4)C(=O)N(c4ccc(OC([*])=O)cc4)C5=O)cc3C2=O)cc1,medium
354,[*]CSCCNC(=O)c1cc(OCCCCCCCCC)c(C(=O)N[*])c(OCCOc2ccccc2)c1C,True,True,False,350.0,0.5,364.2378540039063,[*]CSCCNC(=O)c1cc(OCCCCCCCCC)c(C(=O)N[*])c(OCCOc2ccccc2)c1C,0.33766233766233766,337.0,[*]C(=O)Oc1ccc(OCCOc2ccc(OC(=O)c3ccc([*])cc3OCCCCC)cc2)cc1,low
357,[*]CC([*])C(=O)C(F)(F)C(F)(F)c1cc(C)cc(OC)c1,True,True,False,350.0,0.5,316.12115478515625,[*]CC([*])C(=O)C(F)(F)C(F)(F)c1cc(C)cc(OC)c1,0.45652173913043476,1707.0,[*]CC([*])C(=O)Oc1cc(C)cc(C)c1,low
358,[*]CC([*])c1ccc(C(=O)OC[Si](C)(C)CCCN)cc1,True,True,False,350.0,0.5,331.88287353515625,[*]CC([*])c1ccc(C(=O)OC[Si](C)(C)CCCN)cc1,0.5777777777777777,1928.0,[*]CC([*])c1ccc(C(=O)OCC)cc1,medium
359,[*]CCN(CCCCOc1ccc(/N=N/c2ccc(OC(=O)CCCCCOc3ccc(C([*])=O)cc3)cc2)cc1)NC(=O)c1ccccc1,True,True,False,350.0,0.5,357.1731872558594,[*]CCN(CCCCOc1ccc(/N=N/c2ccc(OC(=O)CCCCCOc3ccc(C([*])=O)cc3)cc2)cc1)NC(=O)c1ccccc1,0.4,2391.0,[*]CCCCCCCCC(=O)Oc1ccc(/C(=C/c2ccc(-c3ccc(/C=C(\c4ccccc4)c4ccc(OC([*])=O)cc4)cc3)cc2)c2ccccc2)cc1,low
360,[*]Cc1cc(OCCCCCCC)c(C/C(C)=O)cc1CO[*],True,True,False,350.0,0.5,321.0877685546875,[*]Cc1cc(OCCCCCCC)c(C/C(C)=O)cc1CO[*],0.3728813559322034,218.0,[*]C(=O)NNC(=O)c1ccc([*])cc1OCCCCCCCC,low
362,[*]CN(CC)c1ccc(CSC(=O)CCc2ccc([*])cc2CC)cc1O,True,True,False,350.0,0.5,320.2781982421875,[*]CN(CC)c1ccc(CSC(=O)CCc2ccc([*])cc2CC)cc1O,0.39622641509433965,2737.0,[*]CCc1ccc([*])cc1CC,low
364,[*]NC(=O)CCCCC(=O)N/C=C/C(=[*])c1ccccc1,True,True,False,350.0,0.5,373.6671142578125,[*]NC(=O)CCCCC(=O)N/C=C/C(=[*])c1ccccc1,0.34210526315789475,54.0,[*]=C(CCC(=[*])c1ccccc1)c1ccccc1,low
366,[*]C(=N)c1ccc(CCCCO[Si]([*])(C)C)c(C#N)c1,True,True,False,350.0,0.5,399.44183349609375,[*]C(=N)c1ccc(CCCCO[Si]([*])(C)C)c(C#N)c1,0.3333333333333333,2736.0,[*]CCc1ccc([*])cc1C#N,low
367,[*]C=CCCCCN1C(=O)CCCCCOC(=O)c2ccc(C(=O)O[*])cc2C1OCCCCC,True,True,False,350.0,0.5,368.331298828125,[*]C=CCCCCN1C(=O)CCCCCOC(=O)c2ccc(C(=O)O[*])cc2C1OCCCCC,0.27472527472527475,1883.0,[*]CC([*])c1cc(C(=O)OC)ccc1-c1ccc(OCCCCCCCC)cc1,low
368,[*]Oc1ccc(OC(=O)c2ccc(N(CC)c3ccc(C(=O)N(c4ccc([*])cc4)cc3)c3ccc(C(C)=S)cc3)cc2)cc1,True,True,False,350.0,0.5,471.4575500488281,[*]Oc1ccc(OC(=O)c2ccc(N(CC)c3ccc(C(=O)N(c4ccc([*])cc4)cc3)c3ccc(C(C)=S)cc3)cc2)cc1,0.34285714285714286,4781.0,[*]Oc1ccc(-c2ccc(OC(=O)c3ccc(C([*])=O)cc3)cc2)cc1,low
369,[*]CC[Si]([*])(C)c1ccc(C(=O)NCCCNC(=O)O)cc1,True,True,False,350.0,0.5,317.2818298339844,[*]CC[Si]([*])(C)c1ccc(C(=O)NCCCNC(=O)O)cc1,0.46808510638297873,2567.0,[*]CCCNC(=O)c1ccc(C(=O)NCC([*])(C)C)cc1,low
370,[*]CC([*])C(=O)OCCCCCCCCN=NC(C(=O)c1ccc(C(=O)Oc2ccc(C(=O)NCCCC)cc2)cc1)OC,True,True,False,350.0,0.5,308.9683837890625,[*]CC([*])C(=O)OCCCCCCCCN=NC(C(=O)c1ccc(C(=O)Oc2ccc(C(=O)NCCCC)cc2)cc1)OC,0.5217391304347826,1657.0,[*]CC([*])C(=O)OCCCCCCOc1ccc(C(=O)Oc2ccc(OC)cc2)cc1,medium
371,[*]CC([*])C(=O)NCCCCCCCCS(=O)(=O)c1ccc(OC(=O)C(F)(F)C(=O)Nc2ccc(C)cc2)cc1,True,True,False,350.0,0.5,341.5130615234375,[*]CC([*])C(=O)NCCCCCCCCS(=O)(=O)c1ccc(OC(=O)C(F)(F)C(=O)Nc2ccc(C)cc2)cc1,0.375,1721.0,[*]CC([*])C(=O)Oc1ccc(C)cc1,low
372,[*]CC1CCC(CN([*])CC(F)(F)C(F)(F)F)C(=O)N1CCCCCCC,True,True,False,350.0,0.5,347.4807434082031,[*]CC1CCC(CN([*])CC(F)(F)C(F)(F)F)C(=O)N1CCCCCCC,0.30158730158730157,2081.0,[*]CC1C(=O)N(CCCCCCCCCCCC)C(=O)C1C([*])CCCCCCCCCCCCCCCC,low
373,[*]CC(=O)OCCCC(C)(C)CNC(=O)c1ccc2cc(C(=O)N([*])C(=O)O)ccc2c1,True,True,False,350.0,0.5,396.0137634277344,[*]CC(=O)OCCCC(C)(C)CNC(=O)c1ccc2cc(C(=O)N([*])C(=O)O)ccc2c1,0.35135135135135137,1375.0,[*]CC([*])(C)C(=O)OCCCCOc1ccc2cc(C(=O)Oc3ccccc3)ccc2c1,low
374,[*]C=C([*])c1cc(Br)ccc1C(=O)OCCCCCCOc1ccc(C=C)cc1,True,True,False,350.0,0.5,321.6341552734375,[*]C=C([*])c1cc(Br)ccc1C(=O)OCCCCCCOc1ccc(C=C)cc1,0.4307692307692308,336.0,[*]C(=O)Oc1ccc(OCCCCOc2ccc(OC(=O)c3ccc([*])cc3C(=O)OCC=C)cc2)cc1,low
377,[*]CC1(CC)CC(=O)OCCCCCCN(c2ccc(O[*])cc2CC)C1,True,True,False,350.0,0.5,393.0726623535156,[*]CC1(CC)CC(=O)OCCCCCCN(c2ccc(O[*])cc2CC)C1,0.25333333333333335,5147.0,[*]Oc1ccc2c(c1)C(=O)N(CC1CCCC(CN3C(=O)c4ccc([*])cc4C3=O)C1)C2=O,low
378,[*]Oc1ccc(S(=O)(=O)c2ccc(C(OC)c3ccc(C([*])(C)CC)cc3)cc2)cc1,True,True,False,350.0,0.5,454.0611267089844,[*]Oc1ccc(S(=O)(=O)c2ccc(C(OC)c3ccc(C([*])(C)CC)cc3)cc2)cc1,0.45454545454545453,6255.0,[*]c1ccc(OS(=O)(=O)c2cccc(S(=O)(=O)Oc3ccc(C([*])(C)CC)cc3)c2)cc1,low
380,[*]CCOC(=O)N1CC(CCCCCCN2C([*])C2OC#N)C1COc1ccc(N)c(Br)c1,True,True,False,350.0,0.5,345.2968139648437,[*]CCOC(=O)N1CC(CCCCCCN2C([*])C2OC#N)C1COc1ccc(N)c(Br)c1,0.26881720430107525,2182.0,[*]CCC1CC(OC(=O)CCCCCCCCCCOc2ccc(-c3ccc(C#N)cc3)cc2)CC1[*],low
383,[*]C(=O)CCCCCC(=O)Oc1ccc(Oc2ccc(NC(=O)CC[Si](C)(C)c3ccc([*])cc3C)cc2)cc1,True,True,False,350.0,0.5,317.22613525390625,[*]C(=O)CCCCCC(=O)Oc1ccc(Oc2ccc(NC(=O)CC[Si](C)(C)c3ccc([*])cc3C)cc2)cc1,0.42857142857142855,2276.0,[*]CCCCCC(=O)Nc1ccc(Oc2ccc(NC([*])=O)cc2)cc1,low
384,[*]NC(=O)O[Si](C)(C)OCCOc1ccc(C(=O)OCCN(CCCCCC)c2ccc(OC(=O)c3ccc4c(c3)C(=O)N(CC([*])=O)C4=O)cc2)cc1,True,True,False,350.0,0.5,335.7719421386719,[*]NC(=O)O[Si](C)(C)OCCOc1ccc(C(=O)OCCN(CCCCCC)c2ccc(OC(=O)c3ccc4c(c3)C(=O)N(CC([*])=O)C4=O)cc2)cc1,0.375,2472.0,[*]CCCCCCCCCCCN1C(=O)c2ccc(C(=O)Oc3ccc(OC([*])=O)cc3)cc2C1=O,low
385,[*]CC([*])C(=O)OC1CCCN(C)CC1,True,True,False,350.0,0.5,321.6799621582031,[*]CC([*])C(=O)OC1CCCN(C)CC1,0.6666666666666666,1614.0,[*]CC([*])C(=O)OC1CCCCCCCCCCC1,medium
386,[*]C=C(CCO)C(=O)Oc1ccc(C([*])(C)c2ccc(Cl)cc2)cc1,True,True,False,350.0,0.5,359.7619323730469,[*]C=C(CCO)C(=O)Oc1ccc(C([*])(C)c2ccc(Cl)cc2)cc1,0.40384615384615385,6068.0,[*]c1ccc(OC(=O)Oc2ccc(C([*])(C)c3ccccc3)cc2)cc1,low
387,[*]C=C(C[*])c1cccc(COC(=O)c2cc(C)c(C)cc2CCC)c1,True,True,False,350.0,0.5,341.44097900390625,[*]C=C(C[*])c1cccc(COC(=O)c2cc(C)c(C)cc2CCC)c1,0.3225806451612903,4547.0,[*]OCc1ccc(COC(=O)c2cccc(C([*])=O)c2)cc1,low
388,[*]C=C([*])c1ccc(O[Si](C)(C)C)cc1,True,True,False,350.0,0.5,361.0926208496094,[*]C=C([*])c1ccc(O[Si](C)(C)C)cc1,0.4666666666666667,861.0,[*]C=C([*])c1ccccc1,low
389,[*]CC([*])c1ccc2ccc(C#C[Si](C)(C)C)cc2c1,True,True,False,350.0,0.5,426.2471923828125,[*]CC([*])c1ccc2ccc(C#C[Si](C)(C)C)cc2c1,0.5128205128205128,2005.0,[*]CC([*])c1ccc2ccccc2c1,medium
390,[*]SCCN(C)c1ccc(C(=O)c2ccc(-c3cccc([*])c3)cc2)c(C=CC=C)c1,True,True,False,350.0,0.5,377.1666259765625,[*]SCCN(C)c1ccc(C(=O)c2ccc(-c3cccc([*])c3)cc2)c(C=CC=C)c1,0.2898550724637681,2537.0,[*]CCCN(C)c1ccc(C(=O)c2ccc(N([*])C)cc2)cc1,low
391,[*]CC([*])c1cccc(COC(=O)N(C)CCC(=O)OCC([2H])(NS(=O)(=O)O)c2ccc(C#N)cc2)c1,True,True,False,350.0,0.5,345.8895568847656,[*]CC([*])c1cccc(COC(=O)N(C)CCC(=O)OCC([2H])(NS(=O)(=O)O)c2ccc(C#N)cc2)c1,0.33783783783783783,1702.0,[*]CC([*])C(=O)OCc1ccc(C#N)cc1,low
392,[*]Nc1cc(O)c(C2(c3ccc([N+](=O)[O-])cc3)C(=O)CCCCCCCCOc3ccc([*])cc3C2=O)cc1C,True,True,False,350.0,0.5,532.862060546875,[*]Nc1cc(O)c(C2(c3ccc([N+](=O)[O-])cc3)C(=O)CCCCCCCCOc3ccc([*])cc3C2=O)cc1C,0.29545454545454547,6081.0,[*]c1ccc(OC(=O)Oc2ccc(C3([*])c4cc(OC)ccc4-c4ccc([N+](=O)[O-])cc43)cc2)cc1,low
393,[*]NC(=O)Oc1ccc(C(CCC)C(=O)OC(=O)c2ccc(C(=O)c3ccc(O[*])cc3)cc2)cc1,True,True,False,350.0,0.5,375.7480773925781,[*]NC(=O)Oc1ccc(C(CCC)C(=O)OC(=O)c2ccc(C(=O)c3ccc(O[*])cc3)cc2)cc1,0.39655172413793105,4842.0,[*]Oc1ccc(C(=O)OCCOCCOC(=O)c2ccc(OC([*])=O)cc2)cc1,low
395,[*]c1ccc(N(c2ccccc2)c2ccc(C(=O)NP(=O)(O[*])OC)cc2)cc1,True,True,False,350.0,0.5,401.1514587402344,[*]c1ccc(N(c2ccccc2)c2ccc(C(=O)NP(=O)(O[*])OC)cc2)cc1,0.42592592592592593,5935.0,[*]c1ccc(N(c2ccc(C)cc2)c2ccc(C([*])c3ccc(C(=O)OC)cc3)cc2)cc1,low
396,[*]O[Si]([*])(C=CC(C)(C)C)CC(=O)OCC(F)(F)C(F)(F)F,True,True,False,350.0,0.5,281.47808837890625,[*]O[Si]([*])(C=CC(C)(C)C)CC(=O)OCC(F)(F)C(F)(F)F,0.4,1237.0,[*]CC([*])(C)C(=O)OCC(F)(F)C(F)(F)F,low
397,[*]NC(=O)c1ccc(-c2ccccc2S(=O)(=O)OCCCCC(C)=C(C#[*])C)cc1,True,True,False,350.0,0.5,404.6524963378906,[*]NC(=O)c1ccc(-c2ccccc2S(=O)(=O)OCCCCC(C)=C(C#[*])C)cc1,0.3194444444444444,3643.0,[*]Nc1ccc(-c2ccccc2NC(=O)c2ccc(S(=O)(=O)c3ccc(C([*])=O)cc3)cc2)cc1,low
400,[*]CCCCCCC(=O)NCc1ccc(CNC(=O)C(=[*])CCCCCC=C)cc1,True,True,False,350.0,0.5,354.742431640625,[*]CCCCCCC(=O)NCc1ccc(CNC(=O)C(=[*])CCCCCC=C)cc1,0.5869565217391305,2349.0,[*]CCCCCCCCC(=O)NCc1ccc(CNC([*])=O)cc1,medium
401,[*]CCCCCCCNC(=O)Oc1ccc(CC)cc1Sc1ccc(NC([*])=O)cc1,True,True,False,350.0,0.5,367.0221557617188,[*]CCCCCCCNC(=O)Oc1ccc(CC)cc1Sc1ccc(NC([*])=O)cc1,0.4,2315.0,[*]CCCCCCCC(=O)Nc1ccc(Cc2ccc(NC([*])=O)cc2)cc1,low
402,[*]CCCCCCCC(=O)c1ccc(/C=C(/[*])P(=O)(=O)CCCCC)cc1,True,True,False,350.0,0.5,392.97503662109375,[*]CCCCCCCC(=O)c1ccc(/C=C(/[*])P(=O)(=O)CCCCC)cc1,0.46153846153846156,1918.0,[*]CC([*])c1ccc(C(=O)CCCCCCC)cc1,low
403,[*]CC([*])c1ccc(N(CCCCCC)C(=O)c2ccc(C(F)(F)F)cc2)cc1,True,True,False,350.0,0.5,370.5021362304688,[*]CC([*])c1ccc(N(CCCCCC)C(=O)c2ccc(C(F)(F)F)cc2)cc1,0.5094339622641509,1918.0,[*]CC([*])c1ccc(C(=O)CCCCCCC)cc1,medium
404,[*]CCC(=[*])COC(=O)N(CCCCCCCCCC)CCCOC(F)(F)C(F)(F)C(F)(F)C(F)(F)F,True,True,False,350.0,0.5,253.6429901123047,[*]CCC(=[*])COC(=O)N(CCCCCCCCCC)CCCOC(F)(F)C(F)(F)C(F)(F)C(F)(F)F,0.359375,2208.0,[*]CCCCC(=O)N(CCCCCCN(CC(F)(F)C(F)(F)C(F)(F)C(F)(F)C(F)(F)C(F)(F)C(F)(F)F)C([*])=O)CC(F)(F)C(F)(F)C(F)(F)C(F)(F)C(F)(F)C(F)(F)C(F)(F)F,low
405,[*]CCN(CCC(=O)OC(=O)c1cc(N)c(C([*])=O)cc1S(=O)(=O)OCC(C)(C)C)c1ccccc1,True,True,False,350.0,0.5,370.964111328125,[*]CCN(CCC(=O)OC(=O)c1cc(N)c(C([*])=O)cc1S(=O)(=O)OCC(C)(C)C)c1ccccc1,0.3026315789473684,4483.0,[*]OCCN(CCOC(=O)c1cccc(C([*])=O)c1)c1ccccc1,low
406,[*]O[Si]([*])(C)CC(=O)Oc1ccc(C(c2ccccc2)C(C)(C)C)c(OC(C)C)c1,True,True,False,350.0,0.5,319.10333251953125,[*]O[Si]([*])(C)CC(=O)Oc1ccc(C(c2ccccc2)C(C)(C)C)c(OC(C)C)c1,0.3333333333333333,4165.0,[*]OC(=O)Oc1ccc(C(c2ccccc2)c2ccc([*])cc2C)c(C)c1,low
407,[*]Oc1ccc(C(=O)Oc2ccc([*])cc2C(=O)c2cccc(O)c2)cc1,True,True,False,350.0,0.5,435.4457702636719,[*]Oc1ccc(C(=O)Oc2ccc([*])cc2C(=O)c2cccc(O)c2)cc1,0.46774193548387094,4855.0,[*]Oc1ccc(C(=O)c2cccc3cccc(C(=O)c4ccc(Oc5ccc([*])cc5C(C)(C)C)cc4)c23)cc1,low
408,[*]C=C([*])c1ccc(-c2ccccc2)c(OCCCCC(OC)OCCO)c1,True,True,False,350.0,0.5,392.5699462890625,[*]C=C([*])c1ccc(-c2ccccc2)c(OCCCCC(OC)OCCO)c1,0.3380281690140845,1023.0,[*]C=Cc1ccc([*])cc1-c1cc(OCCC(C)C)c(OCCC(C)C)cc1-c1ccccc1,low
409,[*]CC1CC1OC(=O)CCCCCOP(=O)(CC([*])=O)c1ccccc1,True,True,False,350.0,0.5,298.88446044921875,[*]CC1CC1OC(=O)CCCCCOP(=O)(CC([*])=O)c1ccccc1,0.4264705882352941,2095.0,[*]CC1CC([*])CC1OC(=O)CCCCCCCCCCOc1ccc(-c2ccc(C#N)cc2)cc1,low
410,[*]CC([*])c1ccc(C(C)(C=C)c2ccc(/C=C(\C#N)C(F)(F)F)cc2)c(-c2ccc(C#N)cc2)c1,True,True,False,350.0,0.5,511.314208984375,[*]CC([*])c1ccc(C(C)(C=C)c2ccc(/C=C(\C#N)C(F)(F)F)cc2)c(-c2ccc(C#N)cc2)c1,0.36065573770491804,1912.0,[*]CC([*])c1ccc(C#N)cc1,low
411,[*]Cc1ccc(C([*])OC(=O)c2ccc(-c3ccc(C#CCCC)cc3)cc2)cc1,True,True,False,350.0,0.5,381.5069580078125,[*]Cc1ccc(C([*])OC(=O)c2ccc(-c3ccc(C#CCCC)cc3)cc2)cc1,0.4423076923076923,1821.0,[*]CC([*])OC(=O)c1ccc(CC)cc1,low
412,[*]OCCCCCCOC(=O)c1ccc(S([*])(=O)=O)c(OC(C)=O)c1,True,True,False,350.0,0.5,313.17791748046875,[*]OCCCCCCOC(=O)c1ccc(S([*])(=O)=O)c(OC(C)=O)c1,0.5098039215686274,4308.0,[*]OCCCCCCCCCCCCOC(=O)c1ccc2cc(C([*])=O)ccc2c1,medium
413,[*]C(=O)OCC(C)CCSC(=O)c1ccc(C=[*])cc1,True,True,False,350.0,0.5,293.7260131835937,[*]C(=O)OCC(C)CCSC(=O)c1ccc(C=[*])cc1,0.3548387096774194,91.0,[*]=Cc1ccc(OCC(O)COC(=O)CCCCC(=O)OCC(O)COc2ccc(C(=[*])C)cc2)cc1,low
414,[*]C(=O)c1ccc2nc(OCCCCCOc3ccc(-c4ccc([*])cc4)cc3)oc2c1,True,True,False,350.0,0.5,395.4721984863281,[*]C(=O)c1ccc2nc(OCCCCCOc3ccc(-c4ccc([*])cc4)cc3)oc2c1,0.45901639344262296,643.0,[*]C(=O)c1ccc2nc(C(=O)c3ccc(Oc4ccc(-c5ccc(Oc6ccc([*])cc6)cc5)cc4)cc3)ccc2c1,low
415,[*]CC([*])Cc1cc(C#CCCCCCCCCC)c(/N=N/C(F)(F)F)cc1,True,True,False,350.0,0.5,348.5570678710937,[*]CC([*])Cc1cc(C#CCCCCCCCCC)c(/N=N/C(F)(F)F)cc1,0.3157894736842105,1780.0,[*]CC([*])Cc1cccc(C)c1,low
416,[*]C=C(C)CCCCCCN([*])c1ccc(/N=N/c2ccc(-c3ccc(O[n+]4ccccc4)cc3)cc2)c(C)c1,True,True,False,350.0,0.5,360.3819274902344,[*]C=C(C)CCCCCCN([*])c1ccc(/N=N/c2ccc(-c3ccc(O[n+]4ccccc4)cc3)cc2)c(C)c1,0.39080459770114945,2664.0,[*]CCOC(=O)NCCCCCCNC(=O)OCCN([*])c1ccc(/N=N/c2ccc([N+](=O)[O-])cc2)c(C)c1,low
417,[*]C=C(COC(=O)Nc1ccc(S(=O)(=O)CCCC)cc1)OC([*])=O,True,True,False,350.0,0.5,335.400146484375,[*]C=C(COC(=O)Nc1ccc(S(=O)(=O)CCCC)cc1)OC([*])=O,0.36666666666666664,3710.0,[*]Nc1ccc(CCCCc2ccc(NC(=O)OCCOC([*])=O)cc2)cc1,low
418,[*]OC([*])CN(C(=O)c1ccc(OCCCCCC)cc1)C(C)(C)C#N,True,True,False,350.0,0.5,346.0372619628906,[*]OC([*])CN(C(=O)c1ccc(OCCCCCC)cc1)C(C)(C)C#N,0.4126984126984127,1718.0,[*]CC([*])C(=O)Oc1ccc(C(=O)Oc2ccc(OC(=O)c3ccc(OCCCCC)cc3)cc2)cc1,low
419,[*]Cc1cc(NC(=O)CCCCCCC([*])=O)cc(/C=N/c2ccc(CC(C)C)cc2)c1,True,True,False,350.0,0.5,380.6163940429688,[*]Cc1cc(NC(=O)CCCCCCC([*])=O)cc(/C=N/c2ccc(CC(C)C)cc2)c1,0.4126984126984127,3061.0,[*]Cc1ccc(NC(=O)CCCCCCCCC(=O)NC([*])(C)C)cc1,low
420,[*]Cc1ccccc1C(=O)Oc1ccc(/N=N/c2ccc(N([*])C)cc2)cc1,True,True,False,350.0,0.5,390.6281127929688,[*]Cc1ccccc1C(=O)Oc1ccc(/N=N/c2ccc(N([*])C)cc2)cc1,0.43636363636363634,5811.0,[*]c1ccc(/N=N/c2ccc(OCC)cc2)cc1C(=O)Oc1ccc(OC(=O)c2cc(/N=N/c3ccc(OCC)cc3)ccc2[*])cc1,low
423,[*]Cc1ccc(CCCCCC)cc1N,True,True,False,350.0,0.5,347.0220947265625,[*]Cc1ccc(CCCCCC)cc1N,0.45,1954.0,[*]CC([*])c1ccc(CCCCCC)cc1,low
425,[*]Oc1ccc2c(c1)C(=O)N(CCCC/C=C/c1ccc(-c3ccc([Si]([*])(C)C)cc3)cc1)C2=O,True,True,False,350.0,0.5,376.5286865234375,[*]Oc1ccc2c(c1)C(=O)N(CCCC/C=C/c1ccc(-c3ccc([Si]([*])(C)C)cc3)cc1)C2=O,0.5,5148.0,[*]Oc1ccc2c(c1)C(=O)N(CCCCCCCCCCCCN1C(=O)c3ccc([*])cc3C1=O)C2=O,medium
426,[*]Nc1ccc(C[Si](C)(C)c2ccc([*])cc2CCCC)c(Cl)c1,True,True,False,350.0,0.5,324.8455810546875,[*]Nc1ccc(C[Si](C)(C)c2ccc([*])cc2CCCC)c(Cl)c1,0.42,2738.0,[*]CCc1ccc([*])cc1CCCC,low
427,[*]CC([*])(C)c1ccc(N(C)C(=O)CCCCC(=O)Nc2cccc(C(=O)Oc3ccc(-c4ccc(OC(=O)NC(C)C)cc4)cc3)c2)cc1,True,True,False,350.0,0.5,393.2135314941406,[*]CC([*])(C)c1ccc(N(C)C(=O)CCCCC(=O)Nc2cccc(C(=O)Oc3ccc(-c4ccc(OC(=O)NC(C)C)cc4)cc3)c2)cc1,0.3902439024390244,2367.0,[*]CCCCCCCCC(=O)Nc1cccc(C(=O)c2ccc(Oc3ccc(C(=O)c4cccc(NC([*])=O)c4)cc3)cc2)c1,low
428,[*]Cc1cc(OC(=O)c2ccc(O[*])cc2)ccc1C(=O)OCCCC,True,True,False,350.0,0.5,377.559326171875,[*]Cc1cc(OC(=O)c2ccc(O[*])cc2)ccc1C(=O)OCCCC,0.4918032786885246,4683.0,[*]O[Si]([*])(C)CCc1cc(C(=O)Oc2ccc(OCCCC)cc2)ccc1C(=O)Oc1ccc(OCCCC)cc1,low
429,[*]Oc1ccc(C(=O)Oc2ccc(/C(C)=C/c3ccc([*])cc3OCCCCCCCC)cc2)cc1,True,True,False,350.0,0.5,402.96099853515625,[*]Oc1ccc(C(=O)Oc2ccc(/C(C)=C/c3ccc([*])cc3OCCCCCCCC)cc2)cc1,0.5079365079365079,337.0,[*]C(=O)Oc1ccc(OCCOc2ccc(OC(=O)c3ccc([*])cc3OCCCCC)cc2)cc1,medium
430,[*]CC([*])c1ccc(C(=O)OCCCCCCCCN)c(C(=O)c2ccccc2C)c1,True,True,False,350.0,0.5,340.9248046875,[*]CC([*])c1ccc(C(=O)OCCCCCCCCN)c(C(=O)c2ccccc2C)c1,0.4915254237288136,2031.0,[*]CC([*])c1ccccc1C(=O)OCCCCCC,low
431,[*]Cc1ccc(NC(=O)C(C(=O)OCCCCCC)c2ccc(C([*])=O)cc2)cc1,True,True,False,350.0,0.5,367.471923828125,[*]Cc1ccc(NC(=O)C(C(=O)OCCCCCC)c2ccc(C([*])=O)cc2)cc1,0.4482758620689655,1931.0,[*]CC([*])c1ccc(C(=O)OCCCCCC)cc1,low
435,[*]Oc1ccc(C([*])(C)COc2ccc(C=O)cc2)c(O)c1,True,True,False,350.0,0.5,380.14837646484375,[*]Oc1ccc(C([*])(C)COc2ccc(C=O)cc2)c(O)c1,0.29310344827586204,1476.0,[*]CC([*])(C)C(=O)Oc1ccc(/C=C/c2ccccc2)cc1,low
437,[*]OCCCCCCCCOc1ccc(/N=N/c2ccc(C(=O)c3ccc(OC(=O)c4ccc5c(c4)C(=O)N([*])C5=O)cc3)cc2)cc1,True,True,False,350.0,0.5,356.7158203125,[*]OCCCCCCCCOc1ccc(/N=N/c2ccc(C(=O)c3ccc(OC(=O)c4ccc5c(c4)C(=O)N([*])C5=O)cc3)cc2)cc1,0.5142857142857142,5031.0,[*]Oc1ccc(OCCCCCCCCCCCCOc2ccc(OC(=O)c3ccc4c(c3)C(=O)N(c3ccc(Cc5ccc(N6C(=O)c7ccc(C([*])=O)cc7C6=O)cc5)cc3)C4=O)cc2)cc1,medium
438,[*]C(Oc1ccc(C=C(C)NC(=O)C#C)c([*])c1)c1cccc(C)c1,True,True,False,350.0,0.5,409.72705078125,[*]C(Oc1ccc(C=C(C)NC(=O)C#C)c([*])c1)c1cccc(C)c1,0.30158730158730157,1728.0,[*]CC([*])C(=O)Oc1cccc(C)c1,low
440,[*]CCCCC(=O)OCCOC(=O)c1ccc(N2C(=O)c3ccc(C(=O)O[*])cc3C2=O)cc1,True,True,False,350.0,0.5,379.1282043457031,[*]CCCCC(=O)OCCOC(=O)c1ccc(N2C(=O)c3ccc(C(=O)O[*])cc3C2=O)cc1,0.6181818181818182,4503.0,[*]OCCOC(=O)c1ccc2c(c1)C(=O)N(c1ccc(C([*])=O)cc1)C2=O,medium
441,[*]/C=C/c1ccc(OCC(=O)Nc2ccc(C#N)cc2)cc1NC(=O)CCCCCCCN([*])c1ccccc1,True,True,False,350.0,0.5,419.5904235839844,[*]/C=C/c1ccc(OCC(=O)Nc2ccc(C#N)cc2)cc1NC(=O)CCCCCCCN([*])c1ccccc1,0.325,2278.0,[*]CCCCCC(=O)Nc1cccc(Oc2ccc(NC([*])=O)cc2)c1,low
442,[*]Cc1cc(O)c(Oc2ccc(/C=C/C(=O)Nc3ccc(Oc4ccc([*])cc4)cc3)cc2)cc1,True,True,False,350.0,0.5,465.8394775390625,[*]Cc1cc(O)c(Oc2ccc(/C=C/C(=O)Nc3ccc(Oc4ccc([*])cc4)cc3)cc2)cc1,0.5272727272727272,1005.0,[*]C=Cc1ccc(C=CC(=O)Nc2ccc(Oc3ccc(NC([*])=O)cc3)cc2)cc1,medium
443,[*]Cc1ccc(C(C(=O)OCCCCCCCC)C(=O)Nc2ccc(OCCCCCCOc3ccc(C([*])=O)cc3)cc2)c(C)c1,True,True,False,350.0,0.5,321.7857360839844,[*]Cc1ccc(C(C(=O)OCCCCCCCC)C(=O)Nc2ccc(OCCCCCCOc3ccc(C([*])=O)cc3)cc2)c(C)c1,0.4246575342465753,1885.0,[*]CC([*])c1cc(C(=O)OCCCC)ccc1-c1ccc(OCCCCCCCC)cc1,low
444,[*]c1cc(C)c(C=O)cc1Oc1ccc([Si]([*])(C)C)cc1C,True,True,False,350.0,0.5,416.2895202636719,[*]c1cc(C)c(C=O)cc1Oc1ccc([Si]([*])(C)C)cc1C,0.3191489361702128,4582.0,[*]O[Si](C)(C)c1ccc2cc([Si]([*])(C)C)ccc2c1,low
445,[*]CC([*])c1ccc(OCCCCCCOc2ccc(N(Cl)c3ccc(OC(=O)c4ccccc4)cc3)cc2)c(I)c1,True,True,False,350.0,0.5,329.69696044921875,[*]CC([*])c1ccc(OCCCCCCOc2ccc(N(Cl)c3ccc(OC(=O)c4ccccc4)cc3)cc2)c(I)c1,0.43478260869565216,1846.0,[*]CC([*])OCCCCCCCCCCCOc1ccc(C(=O)Oc2ccc(C#N)cc2)cc1,low
447,[*]CCOc1cccc(S(=O)(=O)c2ccc(/C=C/c3ccc(C(=[*])c4ccc(C)cc4)cc3)cc2)c1,True,True,False,350.0,0.5,384.8263549804688,[*]CCOc1cccc(S(=O)(=O)c2ccc(/C=C/c3ccc(C(=[*])c4ccc(C)cc4)cc3)cc2)c1,0.35384615384615387,4543.0,[*]OCCOc1ccc(S(=O)(=O)c2ccc(OCCOP([*])(=O)Oc3ccc(C)cc3)cc2)cc1,low
450,[*]Nc1cc(OCC(F)F)cc(-c2ccc(NCCCCCCCC([*])=O)cc2C)c1,True,True,False,350.0,0.5,356.0047302246094,[*]Nc1cc(OCC(F)F)cc(-c2ccc(NCCCCCCCC([*])=O)cc2C)c1,0.28378378378378377,3828.0,[*]Nc1ccc(OCCCCCCCCOc2ccc(NC(=O)c3cccc(C([*])=O)c3)cc2)cc1,low
451,[*]CC([*])(C)C(=O)OCc1ccc(C(Cl)(C)C)cc1N1C(=O)N(c2ccc(C(F)(F)F)cc2)C1=O,True,True,False,350.0,0.5,445.0288696289063,[*]CC([*])(C)C(=O)OCc1ccc(C(Cl)(C)C)cc1N1C(=O)N(c2ccc(C(F)(F)F)cc2)C1=O,0.45901639344262296,1448.0,[*]CC([*])(C)C(=O)OCc1ccc(Cl)cc1Cl,low
452,[*]CCCCCN(CC)C(=O)c1ccccc1C(=O)NCC(F)(F)C(=O)N[*],True,True,False,350.0,0.5,358.9361267089844,[*]CCCCCN(CC)C(=O)c1ccccc1C(=O)NCC(F)(F)C(=O)N[*],0.31746031746031744,3520.0,[*]NCCCCCCNC(=O)c1ccccc1C(=O)NNC(=O)c1ccccc1C([*])=O,low
453,[*]C(=O)NCCCCCOc1ccc(C)c(NC(=O)c2ccc(C(=O)OCC([*])C)cc2)c1,True,True,False,350.0,0.5,358.7110290527344,[*]C(=O)NCCCCCOc1ccc(C)c(NC(=O)c2ccc(C(=O)OCC([*])C)cc2)c1,0.4084507042253521,2856.0,[*]COC(=O)c1ccc(-c2ccc(OCCC(C)Oc3ccc(-c4ccc(C(=O)OCC([*])C)cc4)cc3)cc2)cc1,low
454,[*]CCCCCCOc1ccc(C(=O)N(CCCCCC)CC(=O)O[*])cc1,True,True,False,350.0,0.5,346.9702453613281,[*]CCCCCCOc1ccc(C(=O)N(CCCCCC)CC(=O)O[*])cc1,0.49206349206349204,4147.0,[*]OC(=O)CCCC(=O)Oc1cc(OC(=O)c2ccc(OCCCCCCCCCCCC)cc2)c([*])cc1OC(=O)c1ccc(OCCCCCCCCCCCC)cc1,low
455,[*]c1ccc2c(c1)C(=O)N(c1ccc(OCCCCCCCCOC(=O)c3ccc([*])cc3C#N)c(O)c1)C2=O,True,True,False,350.0,0.5,367.4577331542969,[*]c1ccc2c(c1)C(=O)N(c1ccc(OCCCCCCCCOC(=O)c3ccc([*])cc3C#N)c(O)c1)C2=O,0.4838709677419355,6777.0,[*]c1ccc2c(c1)C(=O)N(c1ccc(OCCCCCCCCCCOc3ccc(N4C(=O)c5ccc([*])cc5C4=O)cc3)cc1)C2=O,low
456,[*]OCCCCC(=O)Oc1ccc(CC(c2ccccc2)c2ccc(OC(=O)COCCCCCNC([*])=O)cc2)cc1,True,True,False,350.0,0.5,307.8414001464844,[*]OCCCCC(=O)Oc1ccc(CC(c2ccccc2)c2ccc(OC(=O)COCCCCCNC([*])=O)cc2)cc1,0.4266666666666667,2729.0,[*]CCc1ccc(OC(=O)CCCCCCC(=O)Oc2ccc(CC(NC([*])=O)C(=O)OCc3ccccc3)cc2)cc1,low
457,[*]CC(O)CNS(=O)(=O)c1ccc(OCCCOc2ccc(-c3ccc([*])cc3)cc2)cc1,True,True,False,350.0,0.5,341.983642578125,[*]CC(O)CNS(=O)(=O)c1ccc(OCCCOc2ccc(-c3ccc([*])cc3)cc2)cc1,0.46,6195.0,[*]c1ccc(OCC(O)COc2ccc(S([*])(=O)=O)cc2)cc1,low
458,[*]CC(=O)Oc1ccc(/N=C(\C)NC(=O)c2ccc(C(=O)OC([*])CO)cc2)cc1,True,True,False,350.0,0.5,389.47662353515625,[*]CC(=O)Oc1ccc(/N=C(\C)NC(=O)c2ccc(C(=O)OC([*])CO)cc2)cc1,0.4727272727272727,1824.0,[*]CC([*])OC(=O)c1ccc(OC(C)=O)cc1,low
459,[*]CC([*])c1ccc(COCC[Si](C)(C)c2ccccc2)c(N)c1,True,True,False,350.0,0.5,317.25799560546875,[*]CC([*])c1ccc(COCC[Si](C)(C)c2ccccc2)c(N)c1,0.41509433962264153,2038.0,[*]CC([*])c1ccccc1COCCC,low
460,[*]C#CC1CCNC(=O)C(C(=O)NCCSCCSCCCCNC([*])=O)C(C)(C)C1,True,True,False,350.0,0.5,354.3817749023437,[*]C#CC1CCNC(=O)C(C(=O)NCCSCCSCCCCNC([*])=O)C(C)(C)C1,0.27941176470588236,2706.0,[*]CCSCCC(=O)NCCCCCCNC([*])=O,low
462,[*]C=C(COC)C(=O)Oc1ccc(-c2ccc(/C=C/C(=O)Nc3ccc(O[*])cc3)cc2)cc1,True,True,False,350.0,0.5,426.5524597167969,[*]C=C(COC)C(=O)Oc1ccc(-c2ccc(/C=C/C(=O)Nc3ccc(O[*])cc3)cc2)cc1,0.49122807017543857,1005.0,[*]C=Cc1ccc(C=CC(=O)Nc2ccc(Oc3ccc(NC([*])=O)cc3)cc2)cc1,low
463,[*]CC([*])CCCCC[N+](C)(C)COc1ccc2c(c1)C(=O)N(c1ccc(-c3ccc(C#N)cc3)c(C)c1)C2=O,True,True,False,350.0,0.5,426.51995849609375,[*]CC([*])CCCCC[N+](C)(C)COc1ccc2c(c1)C(=O)N(c1ccc(-c3ccc(C#N)cc3)c(C)c1)C2=O,0.379746835443038,5977.0,[*]c1ccc(N2C(=O)c3ccc(Oc4ccc5c(c4)C(=O)N(c4ccc(N([*])c6ccc(C#N)cc6)cc4)C5=O)cc3C2=O)cc1,low
464,[*]c1ccc(OC(=O)Nc2ccc3c(c2)C(=O)N(c2ccc(C([*])(C)C)cc2)C3=O)cc1,True,True,False,350.0,0.5,528.9112548828125,[*]c1ccc(OC(=O)Nc2ccc3c(c2)C(=O)N(c2ccc(C([*])(C)C)cc2)C3=O)cc1,0.6833333333333333,6505.0,[*]c1ccc(Oc2ccc(NC(=O)c3ccc(N4C(=O)c5ccc(C(=O)Nc6ccc(Oc7ccc(C([*])(C)C)cc7)cc6)cc5C4=O)cc3)cc2)cc1,medium
466,[*]Cc1ccc(C([*])C(=O)O)c(C(O)C(F)(F)C(F)(F)F)c1,True,True,False,350.0,0.5,358.74371337890625,[*]Cc1ccc(C([*])C(=O)O)c(C(O)C(F)(F)C(F)(F)F)c1,0.2978723404255319,3049.0,[*]Cc1ccc(CC(=O)OC([*])=O)cc1,low
467,[*]C=CC(CCCCCC)c1ccc(OC(=O)c2ccc([Si](C)(C)c3ccc(OC)cc3)cc2)c(-c2ccc([*])cc2)c1,True,True,False,350.0,0.5,381.4217224121094,[*]C=CC(CCCCCC)c1ccc(OC(=O)c2ccc([Si](C)(C)c3ccc(OC)cc3)cc2)c(-c2ccc([*])cc2)c1,0.37333333333333335,6111.0,[*]c1ccc(OC(=O)c2ccc([Si](C)(C)c3ccc(C(=O)Oc4ccc(C([*])(C)C)cc4)cc3)cc2)cc1,low
468,[*]CCCCN1CCC(=O)c2ccc(C(=O)OCC(C)(CC([*])=O)cc2)NC1=O,True,True,False,350.0,0.5,388.9761352539063,[*]CCCCN1CCC(=O)c2ccc(C(=O)OCC(C)(CC([*])=O)cc2)NC1=O,0.24285714285714285,2529.0,[*]CCCCN1C(=O)C2C3C=CC(C4C(=O)N([*])C(=O)C34)C2C1=O,low
469,[*]CCC(C[*])CCS(=O)(=O)CC([2H])F,True,True,False,350.0,0.5,359.2370910644531,[*]CCC(C[*])CCS(=O)(=O)CC([2H])F,0.2571428571428571,2160.0,[*]CCC([2H])(C)C([*])[2H],low
470,[*]CCCCCCCOC(=O)CN1C(=O)CCCCCCCOC(=O)c2ccccc2C(=O)OC1COC([*])=O,True,True,False,350.0,0.5,344.9287414550781,[*]CCCCCCCOC(=O)CN1C(=O)CCCCCCCOC(=O)c2ccccc2C(=O)OC1COC([*])=O,0.35443037974683544,2477.0,[*]CCCCCCCCCCN1C(=O)c2ccc(-c3ccc(-c4ccc5c(c4)C(=O)N(CCCCCCCCCCC(=O)OCCCCCN4C(=O)c6ccc(-c7ccc8c(c7)C(=O)N(CCCCCOC([*])=O)C8=O)cc6C4=O)C5=O)cc3)cc2C1=O,low
471,[*]CC(O)CN(C(=O)c1ccc(O[*])cc1)c1ccc(C(=O)Oc2ccc(/N=N/c3ccc(OC)cc3)cc2)cc1,True,True,False,350.0,0.5,463.95745849609375,[*]CC(O)CN(C(=O)c1ccc(O[*])cc1)c1ccc(C(=O)Oc2ccc(/N=N/c3ccc(OC)cc3)cc2)cc1,0.4576271186440678,1709.0,[*]CC([*])C(=O)Oc1ccc(/N=N/c2ccc(OC)cc2)cc1,low
472,[*]CC([*])c1cc(CCC(=O)N(CCCCC)C(=O)OC)ccc1-c1ccc(C#N)cc1,True,True,False,350.0,0.5,379.0328979492188,[*]CC([*])c1cc(CCC(=O)N(CCCCC)C(=O)OC)ccc1-c1ccc(C#N)cc1,0.4594594594594595,1883.0,[*]CC([*])c1cc(C(=O)OC)ccc1-c1ccc(OCCCCCCCC)cc1,low
473,[*]CC[SH](=O)(F)C(O)N(CCCC)c1ccc(N([*])C)cc1,True,True,False,350.0,0.5,329.89190673828125,[*]CC[SH](=O)(F)C(O)N(CCCC)c1ccc(N([*])C)cc1,0.37735849056603776,2537.0,[*]CCCN(C)c1ccc(C(=O)c2ccc(N([*])C)cc2)cc1,low
474,[*]NC(=O)c1cc(C(=O)Nc2cccc([*])c2)cc(-c2ccc(C(C)C)cc2)c1,True,True,False,350.0,0.5,537.8489990234375,[*]NC(=O)c1cc(C(=O)Nc2cccc([*])c2)cc(-c2ccc(C(C)C)cc2)c1,0.41818181818181815,285.0,[*]C(=O)Nc1cccc(NC(=O)c2cc([*])cc(NC(=O)c3ccccc3)c2)c1,low
475,[*]Oc1ccccc1NC(=O)Nc1ccc(CCCCCS([*])(=O)=O)cc1,True,True,False,350.0,0.5,354.96051025390625,[*]Oc1ccccc1NC(=O)Nc1ccc(CCCCCS([*])(=O)=O)cc1,0.43103448275862066,3713.0,[*]Nc1ccc(CCc2ccc(NC(=O)Nc3ccccc3CCc3ccc(NC([*])=O)cc3)cc2)cc1,low
476,[*]CC([*])C1CC(C)(C)CCOCCCOC1=O,True,True,False,350.0,0.5,370.932373046875,[*]CC([*])C1CC(C)(C)CCOCCCOC1=O,0.2916666666666667,7256.0,[*]CC([*])N1CCCC1=O,low
477,[*]Oc1ccc(NC(=O)C/C=C/c2ccc(-c3ccc(C(=O)OCCCCCC)cc3)cc2)c([*])c1,True,True,False,350.0,0.5,379.5040893554688,[*]Oc1ccc(NC(=O)C/C=C/c2ccc(-c3ccc(C(=O)OCCCCCC)cc3)cc2)c([*])c1,0.4090909090909091,4431.0,[*]OCCCCCOC(=O)c1ccc(/C=C/c2ccc(C([*])=O)cc2)cc1,low
480,[*]CC([*])C(=O)OCCCCCCN1C=C(-c2ccc(-c3ccccc3)cc2)CC1,True,True,False,350.0,0.5,391.3909301757813,[*]CC([*])C(=O)OCCCCCCN1C=C(-c2ccc(-c3ccccc3)cc2)CC1,0.5370370370370371,1645.0,[*]CC([*])C(=O)OCCCCCCCCCCCn1c2ccccc2c2ccccc21,medium
481,[*]Oc1ccc(-c2ccc(OCCCCCN3CC(=O)c4ccc([*])cc4C3=O)cc2)c(C#C)c1,True,True,False,350.0,0.5,389.7115478515625,[*]Oc1ccc(-c2ccc(OCCCCCN3CC(=O)c4ccc([*])cc4C3=O)cc2)c(C#C)c1,0.46774193548387094,5148.0,[*]Oc1ccc2c(c1)C(=O)N(CCCCCCCCCCCCN1C(=O)c3ccc([*])cc3C1=O)C2=O,low
482,[*]/C=C(\C)c1ccc(C(=O)OCCCCCS(=O)(=O)c2ccc(C3(C)CCN([*])C3=O)cc2)c2ccccc21,True,True,False,350.0,0.5,359.26824951171875,[*]/C=C(\C)c1ccc(C(=O)OCCCCCS(=O)(=O)c2ccc(C3(C)CCN([*])C3=O)cc2)c2ccccc21,0.3103448275862069,2279.0,[*]CCCCCC(=O)OCCCCCCS(=O)(=O)c1ccc(/N=N/c2ccc(N([*])C)cc2)cc1,low
483,[*]CC([*])=Cc1ccc(OCCCCCCc2ccc(B)cc2C)cc1,True,True,False,350.0,0.5,337.41583251953125,[*]CC([*])=Cc1ccc(OCCCCCCc2ccc(B)cc2C)cc1,0.43859649122807015,4310.0,[*]OCCCCCCCCCCCCOc1ccc(CCc2ccc([*])cc2C)cc1,low
484,[*]CC([*])c1nc(Sc2ccc3oc(Cl)cc3c2)ccc1OCCC,True,True,False,350.0,0.5,374.60791015625,[*]CC([*])c1nc(Sc2ccc3oc(Cl)cc3c2)ccc1OCCC,0.3770491803278688,1879.0,[*]CC([*])c1cc(Br)ccc1OCCC,low
485,[*]CCCCCCCCN(C=C)c1cc(C#N)cc([*])n1,True,True,False,350.0,0.5,335.5706481933594,[*]CCCCCCCCN(C=C)c1cc(C#N)cc([*])n1,0.26666666666666666,2475.0,[*]CCCCCCCCCCN(c1ccccc1)c1ncnc(N([*])c2ccccc2)n1,low
486,[*]CC([*])C(=O)c1ccc(C(=O)Oc2ccc(CCCCCC)cc2)cc1,True,True,False,350.0,0.5,341.50836181640625,[*]CC([*])C(=O)c1ccc(C(=O)Oc2ccc(CCCCCC)cc2)cc1,0.6153846153846154,1690.0,[*]CC([*])C(=O)OCCOc1ccc(C(=O)Oc2ccc(OC(=O)c3ccc(OCCCCC)cc3)cc2)cc1,medium
487,[*]N=P([*])(C(=O)OCCCCCCC)c1cc(C#N)cc(-c2cccc(C(F)(F)F)c2)c1S,True,True,False,350.0,0.5,313.4122009277344,[*]N=P([*])(C(=O)OCCCCCCC)c1cc(C#N)cc(-c2cccc(C(F)(F)F)c2)c1S,0.3291139240506329,1326.0,[*]CC([*])(C)C(=O)OCCCCCCOc1ccc(-c2ccc(C#N)cc2)cc1,low
488,[*]OC([*])C(C)(C)CC(OC(=O)CCCCCC)C(=O)OC,True,True,False,350.0,0.5,262.422119140625,[*]OC([*])C(C)(C)CC(OC(=O)CCCCCC)C(=O)OC,0.35185185185185186,3420.0,[*]NC(CCC(=O)OCCCCCC)C([*])=O,low
489,[*]COC(=O)CCCCC(=O)NCCOP(C)(C)OCCCC[*],True,True,False,350.0,0.5,240.74632263183597,[*]COC(=O)CCCCC(=O)NCCOP(C)(C)OCCCC[*],0.5416666666666666,2217.0,[*]CCCCC(=O)NCCCCCC(=O)OCCCCCCCCCCOC(=O)CCCCCNC([*])=O,medium
491,[*]CC(=O)NNC(=O)c1ccc(C(=O)OCCCCCOC(=O)c2ccc(N3C([*])=O)cc3C2=O)cc1,True,True,False,350.0,0.5,431.44183349609375,[*]CC(=O)NNC(=O)c1ccc(C(=O)OCCCCCOC(=O)c2ccc(N3C([*])=O)cc3C2=O)cc1,0.3835616438356164,3666.0,[*]Nc1ccc(C(=O)OCCCCCCCCCCCCOC(=O)c2ccc3c(c2)C(=O)N(c2ccc(C([*])=O)cc2)C3=O)cc1,low
493,[*]CCCC(=O)N(CCCC([*])=O)C1CCC(C)N1,True,True,False,350.0,0.5,338.33935546875,[*]CCCC(=O)N(CCCC([*])=O)C1CCC(C)N1,0.3409090909090909,2412.0,[*]CCCCCCCCCCC(=O)N([*])C,low
494,[*]CC([*])CCCCCCN(C)C(=O)c1ccc(C(=O)OCC(F)(F)C(F)(F)Nc2ccc(C)cc2)cc1,True,True,False,350.0,0.5,323.04058837890625,[*]CC([*])CCCCCCN(C)C(=O)c1ccc(C(=O)OCC(F)(F)C(F)(F)Nc2ccc(C)cc2)cc1,0.34375,1820.0,[*]CC([*])OC(=O)c1ccc(C)cc1,low
495,[*]C=C(OCCCC)C([*])(C)C(=O)Oc1ccc(COC)cc1,True,True,False,350.0,0.5,338.64923095703125,[*]C=C(OCCCC)C([*])(C)C(=O)Oc1ccc(COC)cc1,0.4166666666666667,1372.0,[*]CC([*])(C)C(=O)OCCCCOc1ccc(OC(=O)c2ccc(OCCCC)cc2)cc1,low
496,[*]Cc1ccc(NC(=O)c2cc(-c3ccccc3C(=O)OCC[Si]([*])(C)C)cc(C(C)=O)c2)cc1,True,True,False,350.0,0.5,432.1927490234375,[*]Cc1ccc(NC(=O)c2cc(-c3ccccc3C(=O)OCC[Si]([*])(C)C)cc(C(C)=O)c2)cc1,0.3698630136986301,3712.0,[*]Nc1ccc(CCOC(=O)c2cccc(C(=O)OCCc3ccc(NC(=O)c4cccc(C([*])=O)c4)cc3)c2)cc1,low
497,[*]C(C(=O)O[Na])c1ccc(C([*])(C)C(=O)OC)cc1,True,True,False,350.0,0.5,411.6507263183594,[*]C(C(=O)O[Na])c1ccc(C([*])(C)C(=O)OC)cc1,0.4,1048.0,[*]CC(=O)C([*])c1ccc(C(C)(C)C)cc1,low
500,[*]C(=O)Nc1cccc(/C=C/c2ccc(N3C(=O)c4ccc(S(=O)(=O)c5ccc([*])cc5C4=O)cc3)cc2)c1,True,True,False,350.0,0.5,556.7571411132812,[*]C(=O)Nc1cccc(/C=C/c2ccc(N3C(=O)c4ccc(S(=O)(=O)c5ccc([*])cc5C4=O)cc3)cc2)c1,0.34210526315789475,539.0,[*]C(=O)c1ccc2c(c1)C(=O)N(c1ccc(/C=C/c3ccc(N4C(=O)c5ccc([*])cc5C4=O)cc3)cc1)C2=O,low
501,[*]CC(=O)c1ccc(OCCCCCCN2C(=O)c3ccc(S(=O)(=O)Nc4ccc([*])cc4C=O)cc3)cc2C1=O,True,True,False,350.0,0.5,444.9302368164063,[*]CC(=O)c1ccc(OCCCCCCN2C(=O)c3ccc(S(=O)(=O)Nc4ccc([*])cc4C=O)cc3)cc2C1=O,0.23863636363636365,588.0,[*]C(=O)c1ccc2c(c1)C(=O)N(c1ccc(S(=O)(=O)c3ccc(N4C(=O)c5ccc([*])cc5C4=O)cc3)cc1)C2=O,low
503,[*]C(=O)O[Si]([*])(=O)C(CCC)=C(Cl)C,True,True,False,350.0,0.5,328.44403076171875,[*]C(=O)O[Si]([*])(=O)C(CCC)=C(Cl)C,0.30303030303030304,11.0,[*]/C(C)=C(/[*])CCC,low
504,[*]CC(C)CCCCC(O)c1cc(Cl)cc(N(C)C([*])=O)c1,True,True,False,350.0,0.5,323.07232666015625,[*]CC(C)CCCCC(O)c1cc(Cl)cc(N(C)C([*])=O)c1,0.2962962962962963,1945.0,[*]CC([*])c1ccc(C(O)CCN(C)C)cc1,low
506,[*]CCOC(=O)c1ccc(Oc2ccc(NC(=O)CCCCCCCCCCC(=CC=C([*])C)OC)cc2)cc1,True,True,False,350.0,0.5,336.49609375,[*]CCOC(=O)c1ccc(Oc2ccc(NC(=O)CCCCCCCCCCC(=CC=C([*])C)OC)cc2)cc1,0.559322033898305,2358.0,[*]CCCCCCCCC(=O)Nc1ccc(C(=O)c2ccc(Oc3ccc(Oc4ccc(C(=O)c5ccc(NC([*])=O)cc5)cc4)cc3)cc2)cc1,medium
507,[*]NC(=O)Oc1ccc(C=C(COC([*])=O)c2ccccc2)cc1OCCC,True,True,False,350.0,0.5,374.8758239746094,[*]NC(=O)Oc1ccc(C=C(COC([*])=O)c2ccccc2)cc1OCCC,0.32926829268292684,316.0,[*]C(=O)OCCN(CCOC(=O)c1ccc([*])cc1OCCC)c1ccc(C=C(C#N)C#N)cc1,low
508,[*]Oc1ccc(C(=CCCC)c2ccc(O[Si]([*])(C)C(=O)Nc3ccccc3)c(OC)c2)cc1C,True,True,False,350.0,0.5,365.6170654296875,[*]Oc1ccc(C(=CCCC)c2ccc(O[Si]([*])(C)C(=O)Nc3ccccc3)c(OC)c2)cc1C,0.30666666666666664,4839.0,[*]Oc1ccc(C(=O)Nc2ccc(Oc3ccc(Oc4ccc(NC(=O)c5ccc(Oc6ccc([*])cc6C)cc5)cc4)cc3)cc2)cc1,low
509,[*]Cc1ccc(C(N)CCC(=O)Nc2ccc(OC([*])=O)cc2)cc1Oc1ccccc1,True,True,False,350.0,0.5,381.6174621582031,[*]Cc1ccc(C(N)CCC(=O)Nc2ccc(OC([*])=O)cc2)cc1Oc1ccccc1,0.40298507462686567,2241.0,[*]CCCCC(=O)Nc1cccc(Oc2ccc(NC([*])=O)cc2)c1,low
510,[*]CC([*])(C)C(=O)c1nc(C(=O)OCC(F)(F)F)c(Cl)cc1C,True,True,False,350.0,0.5,436.4168701171875,[*]CC([*])(C)C(=O)c1nc(C(=O)OCC(F)(F)F)c(Cl)cc1C,0.4375,7092.0,[*]CC([*])(C)C(=O)OCC(F)(F)F,low
511,[*]CC(=O)Oc1ccc(NC(=O)CCCCCCCCC(=O)NC([*])=O)nc1,True,True,False,350.0,0.5,374.4946899414063,[*]CC(=O)Oc1ccc(NC(=O)CCCCCCCCC(=O)NC([*])=O)nc1,0.42592592592592593,2276.0,[*]CCCCCC(=O)Nc1ccc(Oc2ccc(NC([*])=O)cc2)cc1,low
513,[*]CC([*])(C)c1ccc(OC(=O)c2ccc(/N=N/CCCCC(C)C(=O)Oc3ccc(C#N)cc3)cc2)cc1,True,True,False,350.0,0.5,340.04425048828125,[*]CC([*])(C)c1ccc(OC(=O)c2ccc(/N=N/CCCCC(C)C(=O)Oc3ccc(C#N)cc3)cc2)cc1,0.5,1288.0,[*]CC([*])(C)C(=O)OCCCCCCCCCCCOc1ccc(C(=O)Oc2ccc(C#N)cc2)cc1,medium
514,[*]C=C([*])c1ccc(OCCCCOc2ccc(C(=O)OC(C)=O)cc2)cc1,True,True,False,350.0,0.5,339.8737487792969,[*]C=C([*])c1ccc(OCCCCOc2ccc(C(=O)OC(C)=O)cc2)cc1,0.5116279069767442,4192.0,[*]OC(=O)c1ccc(OCCCCOc2ccc(C([*])=O)cc2)cc1,medium
515,[*]CC(O)CNC(=O)/C(C#Cc1ccc(/C=C/C(F)(F)F)cc1)C(=O)O[*],True,True,False,350.0,0.5,359.4315795898437,[*]CC(O)CNC(=O)/C(C#Cc1ccc(/C=C/C(F)(F)F)cc1)C(=O)O[*],0.2857142857142857,1788.0,[*]CC([*])OC(=O)/C=C/c1ccccc1,low
516,[*]CC([*])CC(=O)NCCCCCCOC(=O)COCC(F)(F)C(F)(F)C(F)(F)C(F)(F)C(F)(F)F,True,True,False,350.0,0.5,282.6310729980469,[*]CC([*])CC(=O)NCCCCCCOC(=O)COCC(F)(F)C(F)(F)C(F)(F)C(F)(F)C(F)(F)F,0.41818181818181815,1620.0,[*]CC([*])C(=O)OCC(F)(F)C(F)(F)C(F)(F)C(F)(F)C(F)(F)C(F)(F)C(F)(F)F,low
517,[*]NNC(=O)c1ccc([*])c(OC(O)(C(F)(F)F)C(=O)O)c1,True,True,False,350.0,0.5,464.3222961425781,[*]NNC(=O)c1ccc([*])c(OC(O)(C(F)(F)F)C(=O)O)c1,0.36,3572.0,[*]NNC(=O)c1ccc(Oc2ccc(C([*])=O)cc2)cc1,low
518,[*]NC(=O)c1ccc(OCC(C)COC(=O)c2cccc(C([*])=O)c2)cc1-c1ccc(-c2ccccc2)cc1,True,True,False,350.0,0.5,432.83099365234375,[*]NC(=O)c1ccc(OCC(C)COC(=O)c2cccc(C([*])=O)c2)cc1-c1ccc(-c2ccccc2)cc1,0.4057971014492754,4778.0,[*]Oc1ccc(-c2ccc(OC(=O)c3ccc(-c4ccc(C([*])=O)cc4)cc3-c3ccccc3)cc2)cc1,low
519,[*]CCCCCC(=O)Sc1ccc(OC(=O)c2c(OC)cc([*])cc2CCCCCCC)s1,True,True,False,350.0,0.5,344.2939453125,[*]CCCCCC(=O)Sc1ccc(OC(=O)c2c(OC)cc([*])cc2CCCCCCC)s1,0.3787878787878788,340.0,[*]C(=O)Oc1ccc([*])cc1CCCCC,low
520,[*]CCCCCCCOC(=O)c1ccc2c(c1)C(=O)N(Cc1ccc(CCNC([*])=O)cc1)C2=O,True,True,False,350.0,0.5,336.75640869140625,[*]CCCCCCCOC(=O)c1ccc2c(c1)C(=O)N(Cc1ccc(CCNC([*])=O)cc1)C2=O,0.47692307692307695,4300.0,[*]OCCCCCCCCCCCCCCCCCCCCCCOC(=O)c1ccc2c(c1)C(=O)N(c1ccc(C([*])=O)cc1)C2=O,low
521,[*]C(=O)N([*])c1ccc(S(=O)(=O)Oc2ccc(OC(=O)c3ccc(C(C)(C)C)cc3)cc2)cc1,True,True,False,350.0,0.5,425.7237243652344,[*]C(=O)N([*])c1ccc(S(=O)(=O)Oc2ccc(OC(=O)c3ccc(C(C)(C)C)cc3)cc2)cc1,0.47368421052631576,6110.0,[*]c1ccc(OC(=O)c2ccc(S(=O)(=O)c3ccc(C(=O)Oc4ccc(C([*])(C)C)cc4)cc3)cc2)cc1,low
522,[*]Cc1ccc(/C=N/CCN(C)CCOC(=O)Nc2ccc(C#Cc3ccc(O[*])cc3)c(OC)c2)cc1,True,True,False,350.0,0.5,371.3193359375,[*]Cc1ccc(/C=N/CCN(C)CCOC(=O)Nc2ccc(C#Cc3ccc(O[*])cc3)c(OC)c2)cc1,0.3069306930693069,1299.0,[*]CC([*])(C)C(=O)OCCCCCCCCCCOc1ccc(C#Cc2cc(OC)c(/C=C/c3ccncc3)cc2OC)cc1,low
523,[*]C(=CC(C#N)C)c1ccc(C(=O)NC(=O)C(CCCCCCC)C([*])C(=O)OCC)c(C)c1,True,True,False,350.0,0.5,380.12493896484375,[*]C(=CC(C#N)C)c1ccc(C(=O)NC(=O)C(CCCCCCC)C([*])C(=O)OCC)c(C)c1,0.3466666666666667,2818.0,[*]COC(=O)NC(=O)c1ccc(C(=O)NC(=O)OCC([*])CCCCCCCCCCCC)cc1,low
524,[*]C([*])C=Cc1ccc(O[Si](=O)N(CC)c2ccccc2)cc1,True,True,False,350.0,0.5,358.3529663085937,[*]C([*])C=Cc1ccc(O[Si](=O)N(CC)c2ccccc2)cc1,0.3103448275862069,1476.0,[*]CC([*])(C)C(=O)Oc1ccc(/C=C/c2ccccc2)cc1,low
525,[*]CC([*])(C)C(=O)OCCS(=O)(=O)c1ccc(OCC=C)cc1,True,True,False,350.0,0.5,382.0337524414063,[*]CC([*])(C)C(=O)OCCS(=O)(=O)c1ccc(OCC=C)cc1,0.576271186440678,1430.0,[*]CC([*])(C)C(=O)OCCS(=O)(=O)c1ccc(/N=N/c2ccc(N(CC)CC)cc2)cc1,medium
526,[*]N=P([*])(CCCCCOc1ccc(C(=O)Sc2ccc(OC)c(C(C)(C)C)c2)cc1)C(F)(F)F,True,True,False,350.0,0.5,312.0906982421875,[*]N=P([*])(CCCCCOc1ccc(C(=O)Sc2ccc(OC)c(C(C)(C)C)c2)cc1)C(F)(F)F,0.35802469135802467,1303.0,[*]CC([*])(C)C(=O)OCCCCCCCCCCOc1ccc(OC(=O)c2ccc(OC)c(Br)c2)cc1,low
528,[*]CNC(=O)c1cc(OCCCCCCCCCC)c(C(=O)Nc2ccc(Oc3ccc(C([*])=O)cc3)cc2)cc1-c1ccc(OCCCCCC)cc1,True,True,False,350.0,0.5,445.6108703613281,[*]CNC(=O)c1cc(OCCCCCCCCCC)c(C(=O)Nc2ccc(Oc3ccc(C([*])=O)cc3)cc2)cc1-c1ccc(OCCCCCC)cc1,0.47368421052631576,3609.0,[*]Nc1ccc(-c2c(-c3ccc(-c4ccccc4)cc3)cc(-c3ccc(OCCCCCCCCCCOc4ccc(-c5cc(-c6ccc(-c7ccccc7)cc6)c(-c6ccc(NC(=O)c7ccc(C([*])=O)cc7)cc6)c(-c6ccc(-c7ccccc7)cc6)c5)cc4)cc3)cc2-c2ccc(-c3ccccc3)cc2)cc1,low
530,[*]C([*])(C)C(=O)OCCCCCCCC(=O)Nc1ccc(CN2C(=O)N(C)CCC3CCC(C3)C2)cc1N,True,True,False,350.0,0.5,375.95794677734375,[*]C([*])(C)C(=O)OCCCCCCCC(=O)Nc1ccc(CN2C(=O)N(C)CCC3CCC(C3)C2)cc1N,0.2839506172839506,3061.0,[*]Cc1ccc(NC(=O)CCCCCCCCC(=O)NC([*])(C)C)cc1,low
531,[*]CN(C)C(=O)Oc1ccc(-c2cc(CCCCCCN)cc(C([*])=O)c2)cc1[N+](=O)[O-],True,True,False,350.0,0.5,358.0279235839844,[*]CN(C)C(=O)Oc1ccc(-c2cc(CCCCCCN)cc(C([*])=O)c2)cc1[N+](=O)[O-],0.3333333333333333,2922.0,[*]COCCCCCCCOc1ccc(-c2ccc(C(=O)Oc3ccc(OC([*])C)c([N+](=O)[O-])c3)cc2)cc1,low
532,[*]CCCN(c1ccc(-c2ccc(SC(=O)CCc3ccc(NC([*])=O)cc3)cc2)cc1)c1ccc(C#N)cc1,True,True,False,350.0,0.5,436.5314331054688,[*]CCCN(c1ccc(-c2ccc(SC(=O)CCc3ccc(NC([*])=O)cc3)cc2)cc1)c1ccc(C#N)cc1,0.36363636363636365,2233.0,[*]CCCCC(=O)Nc1ccc(CCNC([*])=O)cc1,low
533,[*]C(=O)Nc1ccc(OCCCCCCCOc2ccc(-c3ccc(S([*])(=O)=O)cc3)cc2)cc1,True,True,False,350.0,0.5,429.4584655761719,[*]C(=O)Nc1ccc(OCCCCCCCOc2ccc(-c3ccc(S([*])(=O)=O)cc3)cc2)cc1,0.4909090909090909,254.0,[*]C(=O)Nc1ccc(OCCCCCCOc2ccc(NC(=O)c3cc([*])cc(C(C)(C)C)c3)cc2)cc1,low
534,[*]CC([*])C(=O)Nc1ccc(S(=O)(=O)C(F)(F)F)cc1CCCCC,True,True,False,350.0,0.5,402.8901672363281,[*]CC([*])C(=O)Nc1ccc(S(=O)(=O)C(F)(F)F)cc1CCCCC,0.3684210526315789,1601.0,[*]CC([*])C(=O)Nc1ccccc1Cl,low
535,[*]CCP(CCCCCCCCOc1ccc(COC(=O)NCC=C(CC)C(=O)O[*])cc1)CC,True,True,False,350.0,0.5,297.5354919433594,[*]CCP(CCCCCCCCOc1ccc(COC(=O)NCC=C(CC)C(=O)O[*])cc1)CC,0.3076923076923077,2948.0,[*]COc1ccc(OCCCCCCCCCCCCOc2ccc(OCc3ccc([*])cc3)cc2)cc1,low
536,[*]CCCCN(C(=O)CCCCCCC(=O)NC(C)(C)C)C(=[*])C#Cc1ccc([N+](=O)[O-])cc1,True,True,False,350.0,0.5,321.7927551269531,[*]CCCCN(C(=O)CCCCCCC(=O)NC(C)(C)C)C(=[*])C#Cc1ccc([N+](=O)[O-])cc1,0.3974358974358974,2378.0,[*]CCCCCCCCC(=O)OCC#CC(C#CCOC([*])=O)=Cc1ccc(C#Cc2ccc([N+](=O)[O-])cc2)cc1,low
537,[*]CCCCCOC(=O)c1ccc(Cc2ccc(C([*])=O)cc2Sc2ccc(SSCCCC)cc2)cc1,True,True,False,350.0,0.5,335.6881408691406,[*]CCCCCOC(=O)c1ccc(Cc2ccc(C([*])=O)cc2Sc2ccc(SSCCCC)cc2)cc1,0.38235294117647056,1931.0,[*]CC([*])c1ccc(C(=O)OCCCCCC)cc1,low
538,[*]Nc1cc(OC(=O)c2ccccc2)c(C([*])=O)c(CS(=O)(=O)O)c1-c1ccccc1,True,True,False,350.0,0.5,466.2198486328125,[*]Nc1cc(OC(=O)c2ccccc2)c(C([*])=O)c(CS(=O)(=O)O)c1-c1ccccc1,0.3484848484848485,4779.0,[*]Oc1ccc(-c2ccc(OC(=O)c3ccc(C(=O)c4ccc(C([*])=O)cc4)cc3)c(-c3ccccc3)c2)cc1-c1ccccc1,low
539,[*]OCc1ccc(O[Si]([*])(C)CCc2ccc(OC(=O)CCCCCCCc3ccc(-c4ccccc4)cc3)c(C)c2)cc1C,True,True,False,350.0,0.5,320.04296875,[*]OCc1ccc(O[Si]([*])(C)CCc2ccc(OC(=O)CCCCCCCc3ccc(-c4ccccc4)cc3)c(C)c2)cc1C,0.37349397590361444,2729.0,[*]CCc1ccc(OC(=O)CCCCCCC(=O)Oc2ccc(CC(NC([*])=O)C(=O)OCc3ccccc3)cc2)cc1,low
540,[*]CCCCCCCCCCN1C(=O)CCCCCCOc2ccc(COC(=O)O[*])cc2C1=O,True,True,False,350.0,0.5,299.9573974609375,[*]CCCCCCCCCCN1C(=O)CCCCCCOc2ccc(COC(=O)O[*])cc2C1=O,0.35064935064935066,2477.0,[*]CCCCCCCCCCN1C(=O)c2ccc(-c3ccc(-c4ccc5c(c4)C(=O)N(CCCCCCCCCCC(=O)OCCCCCN4C(=O)c6ccc(-c7ccc8c(c7)C(=O)N(CCCCCOC([*])=O)C8=O)cc6C4=O)C5=O)cc3)cc2C1=O,low
541,[*]CCC([*])C(=O)OCCCCCCCCSc1ccc(C=C(C)c2ccc(C(=O)NCC(F)(F)F)cc2)cc1,True,True,False,350.0,0.5,303.7153625488281,[*]CCC([*])C(=O)OCCCCCCCCSc1ccc(C=C(C)c2ccc(C(=O)NCC(F)(F)F)cc2)cc1,0.37037037037037035,1359.0,[*]CC([*])(C)C(=O)OCCCCCCc1ccc(/C(C)=C/c2ccc(OC)cc2)cc1,low
543,[*]CC([*])C(=O)OCCCCCN(CC)C(O)CO,True,True,False,350.0,0.5,305.82342529296875,[*]CC([*])C(=O)OCCCCCN(CC)C(O)CO,0.575,1639.0,[*]CC([*])C(=O)OCCCCCC,medium
544,[*]C(O)CN(C(=O)Nc1ccc(OC(=O)c2ccc(C([*])=O)cc2)cc1)C(=O)NCCCCCC(C)(C)C,True,True,False,350.0,0.5,408.7101440429688,[*]C(O)CN(C(=O)Nc1ccc(OC(=O)c2ccc(C([*])=O)cc2)cc1)C(=O)NCCCCCC(C)(C)C,0.3888888888888889,3692.0,[*]Nc1ccc(C(c2ccc(NC(=O)c3ccc(OC(=O)c4ccc(C(=O)Oc5ccc(C([*])=O)cc5)cc4)cc3)cc2)(C(F)(F)F)C(F)(F)F)cc1,low
545,[*]CCCCCCCSCCCCCOC(=O)C(CCCSC(=O)OCCc1ccc([*])cc1)(F)F,True,True,False,350.0,0.5,282.64910888671875,[*]CCCCCCCSCCCCCOC(=O)C(CCCSC(=O)OCCc1ccc([*])cc1)(F)F,0.3582089552238806,2487.0,[*]CCCCCCCCCCSCCCCCCCCCCC(=O)NCCc1ccc(CCNC([*])=O)cc1,low
547,[*]CC([*])(C)C(=O)Oc1ccccc1CC(CO)C,True,True,False,350.0,0.5,374.7584533691406,[*]CC([*])(C)C(=O)Oc1ccccc1CC(CO)C,0.5319148936170213,1501.0,[*]CC([*])(C)C(=O)Oc1cccc(C)c1C,medium
548,[*]C=COC(=O)c1ccc([Si]([*])(C)CNC(=O)C(=O)Oc2ccc(OCC(C)=O)cc2)cc1,True,True,False,350.0,0.5,387.2490539550781,[*]C=COC(=O)c1ccc([Si]([*])(C)CNC(=O)C(=O)Oc2ccc(OCC(C)=O)cc2)cc1,0.3548387096774194,5853.0,[*]c1ccc(C(=O)Oc2ccc(OC(=O)c3ccc([Si]([*])(C)C)cc3)cc2)cc1,low
549,[*]/C=C/C1=CC=C(CCCCCC(=O)OCCCC)CC1=[*],True,True,False,350.0,0.5,312.23681640625,[*]/C=C/C1=CC=C(CCCCCC(=O)OCCCC)CC1=[*],0.35714285714285715,4607.0,[*]O[Si]([*])(C)CCCC(=O)OCCCC,low
550,[*]COc1ccc(C(=O)OCCCCCCNC(=O)c2ccc(O[*])cc2)cc1,True,True,False,350.0,0.5,331.6507568359375,[*]COc1ccc(C(=O)OCCCCCCNC(=O)c2ccc(O[*])cc2)cc1,0.49019607843137253,5034.0,[*]Oc1ccc(OCCCCCCOc2ccc(OC(=O)c3ccc(C([*])=O)cc3)cc2)cc1,low
551,[*]/C=C/c1ccc([*])c(S(=O)(=O)CC(=O)Oc2ccc(-c3ccc(C#N)cc3)cc2)c1,True,True,False,350.0,0.5,456.4631958007813,[*]/C=C/c1ccc([*])c(S(=O)(=O)CC(=O)Oc2ccc(-c3ccc(C#N)cc3)cc2)c1,0.38333333333333336,990.0,[*]C=Cc1ccc(/C=C/C(=O)Oc2ccc(-c3ccc(OC([*])=O)cc3)cc2)cc1,low
552,[*]Nc1ccc(NC(=O)CCCCCCCCOc2cccc(S(=O)(=O)c3ccc([*])cc3)c2)cc1CCc1ccc(C[N+](=O)[O-])cc1,True,True,False,350.0,0.5,370.217529296875,[*]Nc1ccc(NC(=O)CCCCCCCCOc2cccc(S(=O)(=O)c3ccc([*])cc3)c2)cc1CCc1ccc(C[N+](=O)[O-])cc1,0.38461538461538464,2302.0,[*]CCCCCCC(=O)Nc1cccc(S(=O)(=O)c2cccc(NC([*])=O)c2)c1,low
554,[*]Nc1ccc(NC(=O)c2cccc(C(=O)O[Si](C)(C)c3ccc(OC(=O)NCCCCCCNC([*])=O)cc3)c2)cc1,True,True,False,350.0,0.5,356.7149353027344,[*]Nc1ccc(NC(=O)c2cccc(C(=O)O[Si](C)(C)c3ccc(OC(=O)NCCCCCCNC([*])=O)cc3)c2)cc1,0.4925373134328358,3828.0,[*]Nc1ccc(OCCCCCCCCOc2ccc(NC(=O)c3cccc(C([*])=O)c3)cc2)cc1,low
555,[*]CC([*])O[Si](C)(C)CCCC(=O)Oc1cccc(C(=O)Cl)c1,True,True,False,350.0,0.5,298.090087890625,[*]CC([*])O[Si](C)(C)CCCC(=O)Oc1cccc(C(=O)Cl)c1,0.42105263157894735,1831.0,[*]CC([*])OC(=O)c1cccc(OC)c1,low
558,[*]CCOC(=O)NCCCCCCNC(=O)OCc1ccc(C([*])=O)cc1,True,True,False,350.0,0.5,308.8904724121094,[*]CCOC(=O)NCCCCCCNC(=O)OCc1ccc(C([*])=O)cc1,0.46938775510204084,3461.0,[*]NCCCCCCCCCCNC(=O)c1ccc(Cc2ccc(C([*])=O)cc2)cc1,low
559,[*]N=P([*])(C)C(=O)C(CCCCCCCC)C(Oc1ccccc1)[N+](C)(C)C,True,True,False,350.0,0.5,310.6855163574219,[*]N=P([*])(C)C(=O)C(CCCCCCCC)C(Oc1ccccc1)[N+](C)(C)C,0.29850746268656714,2818.0,[*]COC(=O)NC(=O)c1ccc(C(=O)NC(=O)OCC([*])CCCCCCCCCCCC)cc1,low
560,[*]CC([*])(C)CCCCCCC(=O)Nc1ccc(N(C(=O)C(C)C)c2ccc(/N=N/c3ccc([N+](=O)[O-])cc3)cc2)cc1,True,True,False,350.0,0.5,371.6957092285156,[*]CC([*])(C)CCCCCCC(=O)Nc1ccc(N(C(=O)C(C)C)c2ccc(/N=N/c3ccc([N+](=O)[O-])cc3)cc2)cc1,0.4358974358974359,1382.0,[*]CC([*])(C)C(=O)OCCCN(CCO)c1ccc(/N=N/c2ccc([N+](=O)[O-])cc2)cc1,low
562,[*]OC(=O)c1ccccc1/C=C/c1ccc(OCCCCCCCC)c(-c2ccc(C([*])=O)cc2OCC)c1,True,True,False,350.0,0.5,354.8642578125,[*]OC(=O)c1ccccc1/C=C/c1ccc(OCCCCCCCC)c(-c2ccc(C([*])=O)cc2OCC)c1,0.3670886075949367,1011.0,[*]C=Cc1ccc(N(c2ccccc2)c2ccc(C=Cc3cc(OCCCCCCCC)c([*])cc3OCCCCCCCC)cc2)cc1,low
563,[*]CC([*])CCCCNC(=O)c1ccc(C(=O)N(CCCC)CC(=O)O)cc1,True,True,False,350.0,0.5,369.8027038574219,[*]CC([*])CCCCNC(=O)c1ccc(C(=O)N(CCCC)CC(=O)O)cc1,0.4642857142857143,2570.0,[*]CCCNC(=O)c1ccc(C(=O)NCCC([*])CC)cc1,low
567,[*]N=C([*])c1ccc(S(=O)(=O)c2ccc(C#N)cc2)c(C(=O)OCC(C)CCCC)c1C,True,True,False,350.0,0.5,418.0194091796875,[*]N=C([*])c1ccc(S(=O)(=O)c2ccc(C#N)cc2)c(C(=O)OCC(C)CCCC)c1C,0.2967032967032967,293.0,[*]C(=O)OCC(COc1ccc(/N=N/c2ccc(C#N)cc2)cc1)OC(=O)c1cc([*])cc(C(C)(C)C)c1,low
568,[*]Oc1ccc(NC(=O)c2ccc(S(=O)(=O)c3ccc(Oc4ccc(C=[*])cc4)cc3)cc2)c(C)c1,True,True,False,350.0,0.5,504.2613525390625,[*]Oc1ccc(NC(=O)c2ccc(S(=O)(=O)c3ccc(Oc4ccc(C=[*])cc4)cc3)cc2)c(C)c1,0.5396825396825397,4840.0,[*]Oc1ccc(C(=O)Nc2ccc(Oc3ccc(S(=O)(=O)c4ccc(Oc5ccc(NC(=O)c6ccc(Oc7ccc([*])cc7C)cc6)cc5)cc4)cc3)cc2)cc1,medium
569,[*]N=C([*])C(=O)Oc1cccc(C)c1,True,True,False,350.0,0.5,323.1540832519531,[*]N=C([*])C(=O)Oc1cccc(C)c1,0.5,1728.0,[*]CC([*])C(=O)Oc1cccc(C)c1,medium
570,[*]O[Si](C)(C)c1cc(SCCCCCCCC)nc([*])c1-c1cccc(C(=O)O[Na])c1,True,True,False,350.0,0.5,316.88677978515625,[*]O[Si](C)(C)c1cc(SCCCCCCCC)nc([*])c1-c1cccc(C(=O)O[Na])c1,0.3372093023255814,4505.0,[*]OCCOC(=O)c1cccc(C(=O)OCCOc2nc(-c3ccc(OCCCC)cc3)nc([*])c2-c2ccc(OC)cc2)c1,low
571,[*]c1ccc(OC(=O)c2ccccc2OCCN([*])c2ccc(CCCCCC)cc2)cc1,True,True,False,350.0,0.5,337.57568359375,[*]c1ccc(OC(=O)c2ccccc2OCCN([*])c2ccc(CCCCCC)cc2)cc1,0.4696969696969697,337.0,[*]C(=O)Oc1ccc(OCCOc2ccc(OC(=O)c3ccc([*])cc3OCCCCC)cc2)cc1,low
572,[*]NCCCCC[Si]([*])(C)Oc1cc(F)cc(NC(=O)Sc2ccc(Cl)cc2)c1,True,True,False,350.0,0.5,279.9282531738281,[*]NCCCCC[Si]([*])(C)Oc1cc(F)cc(NC(=O)Sc2ccc(Cl)cc2)c1,0.34210526315789475,3513.0,[*]NCCCCCCNC(=O)c1ccc(C([*])=O)cc1Oc1ccc(Cl)cc1,low
573,[*]COC(=O)c1ccc(NSC(=O)c2ccc(C(=O)Nc3ccc(OCC([*])=O)cc3)cc2)cc1,True,True,False,350.0,0.5,419.18170166015625,[*]COC(=O)c1ccc(NSC(=O)c2ccc(C(=O)Nc3ccc(OCC([*])=O)cc3)cc2)cc1,0.38596491228070173,3909.0,[*]Nc1ccc(Oc2ccc(NC(=O)c3ccc(C([*])=O)cc3)cc2)cc1,low
574,[*]OCC#CC#CCOc1ccc(S(=O)(=O)c2ccc(O[*])cc2Sc2c(C)cc(C(=O)OCC(C)CCCC)cc2Br)cc1,True,True,False,350.0,0.5,336.33251953125,[*]OCC#CC#CCOc1ccc(S(=O)(=O)c2ccc(O[*])cc2Sc2c(C)cc(C(=O)OCC(C)CCCC)cc2Br)cc1,0.29896907216494845,5014.0,[*]Oc1ccc(OC(=O)c2ccc(OCCCCCCCCCCCCOc3ccc(C([*])=O)cc3)cc2)c(S(=O)(=O)c2ccccc2)c1,low
575,[*]C=NC(=O)Oc1ccc(-c2ccc(OCCN(c3ccccc3)c3ccc([*])cc3)cc2)c(C)c1,True,True,False,350.0,0.5,387.0564270019531,[*]C=NC(=O)Oc1ccc(-c2ccc(OCCN(c3ccccc3)c3ccc([*])cc3)cc2)c(C)c1,0.3787878787878788,6213.0,[*]c1ccc(OCCCCCCCCCCCCOc2ccc(N(c3ccccc3)c3ccc(-c4ccc(N([*])c5ccccc5)cc4)cc3)cc2)cc1,low
576,[*]OC(=O)C([*])(CO)C=C,True,True,False,350.0,0.5,384.03704833984375,[*]OC(=O)C([*])(CO)C=C,0.32432432432432434,1254.0,[*]CC([*])(C)C(=O)OCC=C,low
578,[*]OCCCCCC[Si](C)(C)Sc1ccc(-c2ccc(OC(=O)C([*])c3ccccc3)cc2)cc1,True,True,False,350.0,0.5,288.28521728515625,[*]OCCCCCC[Si](C)(C)Sc1ccc(-c2ccc(OC(=O)C([*])c3ccccc3)cc2)cc1,0.39655172413793105,1708.0,[*]CC([*])C(=O)Oc1ccc(-c2ccccc2)cc1,low
579,[*]CC([*])COCCCCCC(=O)Oc1ccc(C=C(C)COc2ccc([N+](=O)[O-])cc2)cc1,True,True,False,350.0,0.5,315.033447265625,[*]CC([*])COCCCCCC(=O)Oc1ccc(C=C(C)COc2ccc([N+](=O)[O-])cc2)cc1,0.4868421052631579,959.0,[*]C=CCC([*])COCC(=O)OCCCCCCCCOc1ccc(/C=C/c2ccc([N+](=O)[O-])cc2)cc1,low
580,[*]CCC(C)COc1ccc(/C=C(\C)CCOC(=O)c2ccc(C([*])=O)cc2)c2ccccc12,True,True,False,350.0,0.5,345.4660949707031,[*]CCC(C)COc1ccc(/C=C(\C)CCOC(=O)c2ccc(C([*])=O)cc2)c2ccccc12,0.36923076923076925,4501.0,[*]OCCOC(=O)c1ccc(OCCCCOc2ccc(C([*])=O)cc2)cc1,low
581,[*]O[Si](C)(C)c1cc(C([*])=O)cc(OC)c1Br,True,True,False,350.0,0.5,289.572998046875,[*]O[Si](C)(C)c1cc(C([*])=O)cc(OC)c1Br,0.3333333333333333,1737.0,[*]CC([*])C(=O)c1ccc(Br)c(OC)c1,low
582,[*]CC([*])OCCCCSCCOC(=O)c1cc(OCCN(C)c2ccc(C#N)cc2)c(C(=O)OCC)cc1,True,True,False,350.0,0.5,312.4681396484375,[*]CC([*])OCCCCSCCOC(=O)c1cc(OCCN(C)c2ccc(C#N)cc2)c(C(=O)OCC)cc1,0.44155844155844154,1846.0,[*]CC([*])OCCCCCCCCCCCOc1ccc(C(=O)Oc2ccc(C#N)cc2)cc1,low
583,[*]O[Si]([*])(C)C(=O)Oc1ccc(C(C)C(C)(CC(F)(F)F)C(F)(F)C(F)(F)C(F)(F)C(F)(F)F)cc1,True,True,False,350.0,0.5,326.7528076171875,[*]O[Si]([*])(C)C(=O)Oc1ccc(C(C)C(C)(CC(F)(F)F)C(F)(F)C(F)(F)C(F)(F)C(F)(F)F)cc1,0.3125,4572.0,[*]O[Si](C)(C)c1ccc([Si](C)(C)O[Si]([*])(C)CCC(F)(F)C(F)(F)C(F)(F)C(F)(F)C(F)(F)C(F)(F)F)cc1,low
584,[*]C(=O)Nc1cc(C(=O)CCCCCC)c([*])cc1CCCN,True,True,False,350.0,0.5,461.5075988769531,[*]C(=O)Nc1cc(C(=O)CCCCCC)c([*])cc1CCCN,0.3275862068965517,340.0,[*]C(=O)Oc1ccc([*])cc1CCCCC,low
586,[*]Oc1c(C)cccc1OC(=O)CCCCCCCCc1ccc(/N=N/c2ccc(C([*])=O)cc2)c(Cl)c1,True,True,False,350.0,0.5,336.7009582519531,[*]Oc1c(C)cccc1OC(=O)CCCCCCCCc1ccc(/N=N/c2ccc(C([*])=O)cc2)c(Cl)c1,0.34328358208955223,4184.0,[*]OC(=O)c1ccc(CCCCCCc2ccc(C([*])=O)cc2)cc1,low
588,[*]C([*])=Cc1ccc(OC(=O)c2ccc(OCCC/C(C)=N/c3ccccc3)cc2)cc1,True,True,False,350.0,0.5,386.0028381347656,[*]C([*])=Cc1ccc(OC(=O)c2ccc(OCCC/C(C)=N/c3ccccc3)cc2)cc1,0.5,36.0,[*]/C=C(/[*])CCCOc1ccc(OC(=O)c2ccc(OCCCC)cc2)cc1,medium
590,[*]CC([*])(C)C(=O)OCc1ccc(Cl)cc1OCCCCCc1ccccc1,True,True,False,350.0,0.5,298.3327941894531,[*]CC([*])(C)C(=O)OCc1ccc(Cl)cc1OCCCCCc1ccccc1,0.6226415094339622,1377.0,[*]CC([*])(C)C(=O)OCCCCc1ccccc1,medium
592,[*]CCOC(=O)C(OC)OC1CC(=O)N([*])C(C)C1,True,True,False,350.0,0.5,302.18963623046875,[*]CCOC(=O)C(OC)OC1CC(=O)N([*])C(C)C1,0.27450980392156865,2660.0,[*]CCOC(=O)CC([*])C,low
593,[*]NC(CCCCCC)CN1C(=O)c2ccc(P(=O)(c3ccccc3)C(=O)Nc3ccc(C([*])=O)cc3)cc2C1=O,True,True,False,350.0,0.5,389.3120727539063,[*]NC(CCCCCC)CN1C(=O)c2ccc(P(=O)(c3ccccc3)C(=O)Nc3ccc(C([*])=O)cc3)cc2C1=O,0.3902439024390244,4023.0,[*]Nc1ccc(S(=O)(=O)c2ccc(NC(=O)c3ccc4c(c3)C(=O)N(CCCCCCN3C(=O)c5ccc(C([*])=O)cc5C3=O)C4=O)cc2)cc1,low
594,[*]OC(=O)N1CC1NC(=O)c1cccc(Oc2ncc(C([*])Cl)cc2)c1,True,True,False,350.0,0.5,512.2640991210938,[*]OC(=O)N1CC1NC(=O)c1cccc(Oc2ncc(C([*])Cl)cc2)c1,0.2898550724637681,4218.0,[*]OC(=O)c1cccc(OCCCCOc2cccc(C([*])=O)c2)c1,low
595,[*]=Nc1ccc(NC(=O)c2ccc(Oc3ccc(OCCCC)cc3[*])cc2)cc1,True,True,False,350.0,0.5,415.2923583984375,[*]=Nc1ccc(NC(=O)c2ccc(Oc3ccc(OCCCC)cc3[*])cc2)cc1,0.46774193548387094,4839.0,[*]Oc1ccc(C(=O)Nc2ccc(Oc3ccc(Oc4ccc(NC(=O)c5ccc(Oc6ccc([*])cc6C)cc5)cc4)cc3)cc2)cc1,low
596,[*]CC([*])(C)C(=O)Oc1ccc(/C=C/c2ccc(-c3ccc(OCCCCCCC)cc3OC(=O)c3ccc(C(C)(C)CC(F)(F)F)cc3)cc2)cc1,True,True,False,350.0,0.5,352.65887451171875,[*]CC([*])(C)C(=O)Oc1ccc(/C=C/c2ccc(-c3ccc(OCCCCCCC)cc3OC(=O)c3ccc(C(C)(C)CC(F)(F)F)cc3)cc2)cc1,0.5066666666666667,1306.0,[*]CC([*])(C)C(=O)OCCCCCCCCCCOc1ccc(OC(=O)c2ccc(OCCCCCC)cc2)cc1,medium
600,[*]CC(O)COS(=O)(=O)C(C[*])(CCCC)C([2H])(C)C,True,True,False,350.0,0.5,320.61749267578125,[*]CC(O)COS(=O)(=O)C(C[*])(CCCC)C([2H])(C)C,0.28125,1165.0,[*]CC(O)COc1ccc(OCC(O)CN(C)S(=O)(=O)c2ccc(-c3ccc(S(=O)(=O)N([*])C)cc3)cc2)cc1,low
601,[*]O[Si](C)(C)CCCCOc1ccc(C(=O)c2ccc(/C=C/c3ccc(OCCCCCC)cc3)cc2)c(O[*])c1,True,True,False,350.0,0.5,315.9361267089844,[*]O[Si](C)(C)CCCCOc1ccc(C(=O)c2ccc(/C=C/c3ccc(OCCCCCC)cc3)cc2)c(O[*])c1,0.5254237288135594,4634.0,[*]O[Si]([*])(C)CCCCCCCCCCCOc1ccc(/C=C/c2ccc(OCCCC)cc2)cc1,medium
602,[*]CCOCCN([*])C(=O)CCCCCC(=O)Oc1ccc(C(=O)N(C)C(=O)c2ccc(F)cc2)cc1,True,True,False,350.0,0.5,334.4737854003906,[*]CCOCCN([*])C(=O)CCCCCC(=O)Oc1ccc(C(=O)N(C)C(=O)c2ccc(F)cc2)cc1,0.4107142857142857,2632.0,[*]CCN([*])C(=O)c1ccc(F)cc1,low
603,[*]O[Si](C)(C)c1ccc(C(=O)N(CC)C(=O)Oc2ccc(S([*])(=O)=O)c(Br)c2)cc1,True,True,False,350.0,0.5,336.5545959472656,[*]O[Si](C)(C)c1ccc(C(=O)N(CC)C(=O)Oc2ccc(S([*])(=O)=O)c(Br)c2)cc1,0.30434782608695654,5854.0,[*]c1ccc(C(=O)Oc2ccc(S(=O)(=O)c3ccc(OC(=O)c4ccc([Si]([*])(C)C)cc4)cc3)cc2)cc1,low
604,[*]CCCCCCC(=O)NNC(=O)c1ccc(C(=O)NCCCCCSc2ccc([*])cc2)cc1,True,True,False,350.0,0.5,400.44049072265625,[*]CCCCCCC(=O)NNC(=O)c1ccc(C(=O)NCCCCCSc2ccc([*])cc2)cc1,0.43103448275862066,5813.0,[*]c1ccc(C(=O)NCCCCCCNC(=O)c2ccc(C([*])(C)CC)cc2)cc1,low
605,[*]CCC([*])CCCCOc1ccc(C(=O)Nc2ccc(OC(=O)c3ccc(OCCCCN)cc3)cc2)cc1,True,True,False,350.0,0.5,347.0235290527344,[*]CCC([*])CCCCOc1ccc(C(=O)Nc2ccc(OC(=O)c3ccc(OCCCCN)cc3)cc2)cc1,0.45161290322580644,1718.0,[*]CC([*])C(=O)Oc1ccc(C(=O)Oc2ccc(OC(=O)c3ccc(OCCCCC)cc3)cc2)cc1,low
607,[*]CNC(=O)c1cc(Nc2ccc(NC(=O)c3ccc4c(c3)C(=O)N(CCCCCCCCC(=O)Nc3ccc([*])cc4)c3=O)cc2)cc(OC)c1C,True,True,False,350.0,0.5,519.1407470703125,[*]CNC(=O)c1cc(Nc2ccc(NC(=O)c3ccc4c(c3)C(=O)N(CCCCCCCCC(=O)Nc3ccc([*])cc4)c3=O)cc2)cc(OC)c1C,0.30392156862745096,5947.0,[*]c1ccc(N2C(=O)c3ccc(C(=O)Nc4ccc(C(c5ccc(NC(=O)c6ccc7c(c6)C(=O)N(c6ccc([*])cc6OC)C7=O)cc5)(C(F)(F)F)C(F)(F)F)cc4)cc3C2=O)c(OC)c1,low
608,[*]CC/C=C(/[*])C(=O)CCCCCCCCCOC(=O)c1ccc(NC(=O)NCCN)cc1,True,True,False,350.0,0.5,333.5024719238281,[*]CC/C=C(/[*])C(=O)CCCCCCCCCOC(=O)c1ccc(NC(=O)NCCN)cc1,0.4166666666666667,2255.0,[*]CCCCC(=O)OCCCCOC(=O)c1ccc(C(=O)OCCCCOC([*])=O)cc1,low
611,[*]OC1CC([*])CC(CCCCCCC)COC1=O,True,True,False,350.0,0.5,293.8171691894531,[*]OC1CC([*])CC(CCCCCCC)COC1=O,0.3333333333333333,4611.0,[*]O[Si]([*])(C)CCCCC1COC(=O)O1,low
613,[*]CCCCCCP(=O)(O[*])CCC(C)CCC,True,True,False,350.0,0.5,288.69775390625,[*]CCCCCCP(=O)(O[*])CCC(C)CCC,0.40540540540540543,2288.0,[*]CCCCCC([*])CCC,low
614,[*]CCCCCCN(C)C1CCCC(Cc2ccc(-c3nnc(N=[*])o3)cc2)C1=O,True,True,False,350.0,0.5,355.2921142578125,[*]CCCCCCN(C)C1CCCC(Cc2ccc(-c3nnc(N=[*])o3)cc2)C1=O,0.25333333333333335,2499.0,[*]CCCCCCN(C)c1nc(-c2ccccc2)nc(N([*])C)n1,low
615,[*]CCN(CCCCCC(O)COc1ccc(NC([*])=O)cc1)C(C)C#N,True,True,False,350.0,0.5,362.082275390625,[*]CCN(CCCCCC(O)COc1ccc(NC([*])=O)cc1)C(C)C#N,0.38028169014084506,6189.0,[*]c1ccc(OCC(O)COc2ccc(NC(=O)CCCCCC(=O)Nc3ccc(OCC(O)COc4ccc(C([*])(C)C)cc4)cc3)cc2)cc1,low
617,[*]CC(CCCCCC)=NP([*])(N=CCCCC)C(=O)NC,True,True,False,350.0,0.5,245.9895172119141,[*]CC(CCCCCC)=NP([*])(N=CCCCC)C(=O)NC,0.28846153846153844,2612.0,[*]CCN([*])C(=O)CCCCCC,low
618,[*]NC(=O)CCCCCCCC(=O)N(c1ccccc1)c1ccc(/C=C/c2cc([*])c(C(C)(C)C)cc2)c(Br)c1,True,True,False,350.0,0.5,448.5439147949219,[*]NC(=O)CCCCCCCC(=O)N(c1ccccc1)c1ccc(/C=C/c2cc([*])c(C(C)(C)C)cc2)c(Br)c1,0.39759036144578314,3317.0,[*]NC(=O)CCCCCCC(=O)Nc1cc([N+](=O)[O-])c([*])cc1/C=C/c1ccc(N(C)C)cc1,low
619,[*]Nc1ccc(OC(=O)c2ccc(C([*])=O)cc2)cc1-c1ccc(C(=O)OCc2ccc(C#CC)cc2)cc1,True,True,False,350.0,0.5,414.0437316894531,[*]Nc1ccc(OC(=O)c2ccc(C([*])=O)cc2)cc1-c1ccc(C(=O)OCc2ccc(C#CC)cc2)cc1,0.3770491803278688,4781.0,[*]Oc1ccc(-c2ccc(OC(=O)c3ccc(C([*])=O)cc3)cc2)cc1,low
622,[*]CC(=O)Nc1ccc(-c2ccc(NC(=O)CCCCOC(=O)Nc3ccc(C=[*])s3)cc2)s1,True,True,False,350.0,0.5,396.6604919433594,[*]CC(=O)Nc1ccc(-c2ccc(NC(=O)CCCCOC(=O)Nc3ccc(C=[*])s3)cc2)s1,0.35,2234.0,[*]CCCCC(=O)Nc1ccc(NC([*])=O)cc1,low
623,[*]C(=O)CCCCCc1ccc(C(=[*])Oc2ccc(/N=N/c3ccccc3)cc2)cc1,True,True,False,350.0,0.5,393.8346862792969,[*]C(=O)CCCCCc1ccc(C(=[*])Oc2ccc(/N=N/c3ccccc3)cc2)cc1,0.38333333333333336,1435.0,[*]CC([*])(C)C(=O)OCCc1ccc(/N=N/c2ccccc2)cc1,low
624,[*]CC([*])CCCCCCCC(=O)N(CCCCC)CS(C)(=O)O,True,True,False,350.0,0.5,364.8472900390625,[*]CC([*])CCCCCCCC(=O)N(CCCCC)CS(C)(=O)O,0.4634146341463415,1760.0,[*]CC([*])CCCCCCCC,low
625,[*]Oc1ccc(C(=O)NCCOC(=O)c2ccc(Oc3ccc([*])cc3)cc2)cc1,True,True,False,350.0,0.5,371.1040954589844,[*]Oc1ccc(C(=O)NCCOC(=O)c2ccc(Oc3ccc([*])cc3)cc2)cc1,0.5,4502.0,[*]OCCOC(=O)c1ccc(Oc2ccc(C([*])=O)cc2)cc1,medium
626,[*]C=Cc1ccc(CN([*])C(=O)c2cc(C)ccc2C)c(C)c1,True,True,False,350.0,0.5,359.6877136230469,[*]C=Cc1ccc(CN([*])C(=O)c2cc(C)ccc2C)c(C)c1,0.2857142857142857,991.0,[*]C=Cc1ccc(/C=C/C(=O)Oc2ccc(OC([*])=O)cc2)cc1,low
627,[*]C=CP(CCCCCOc1ccc(-c2ccccc2)cc1)c1cc(C#N)ccc1N([*])C(=O)OCC(C)(C)C,True,True,False,350.0,0.5,355.7195739746094,[*]C=CP(CCCCCOc1ccc(-c2ccccc2)cc1)c1cc(C#N)ccc1N([*])C(=O)OCC(C)(C)C,0.40789473684210525,1326.0,[*]CC([*])(C)C(=O)OCCCCCCOc1ccc(-c2ccc(C#N)cc2)cc1,low
628,[*]N=C(C)C(=O)c1ccc(-c2ccc(C([*])=O)cc2OCCCCCC)c(C)c1C,True,True,False,350.0,0.5,424.5335693359375,[*]N=C(C)C(=O)c1ccc(-c2ccc(C([*])=O)cc2OCCCCCC)c(C)c1C,0.38461538461538464,218.0,[*]C(=O)NNC(=O)c1ccc([*])cc1OCCCCCCCC,low
629,[*]C=CC(C)CS(=O)(=O)c1ccc(OCCCCCNC([*])=O)cc1,True,True,False,350.0,0.5,342.37750244140625,[*]C=CC(C)CS(=O)(=O)c1ccc(OCCCCCNC([*])=O)cc1,0.42105263157894735,2944.0,[*]COc1ccc(OCC(=O)NCCCCCCNC([*])=O)cc1,low
630,[*]CCc1ccccc1C(=O)OCCCCCCCCN(c1ccccc1)c1ccc(N(CC)P(=O)(O[*])Oc2ccccc2)cc1,True,True,False,350.0,0.5,324.36151123046875,[*]CCc1ccccc1C(=O)OCCCCCCCCN(c1ccccc1)c1ccc(N(CC)P(=O)(O[*])Oc2ccccc2)cc1,0.33783783783783783,2031.0,[*]CC([*])c1ccccc1C(=O)OCCCCCC,low
632,[*]/C=C/c1ccc(S(=O)(=O)OCC(C)COc2ccc([*])cc2)cc1,True,True,False,350.0,0.5,339.7655029296875,[*]/C=C/c1ccc(S(=O)(=O)OCC(C)COc2ccc([*])cc2)cc1,0.43137254901960786,6195.0,[*]c1ccc(OCC(O)COc2ccc(S([*])(=O)=O)cc2)cc1,low
634,[*]Nc1ccc(CC(=O)N(c2cccc(N([*])C)c2)C(=O)C(F)(F)F)cc1,True,True,False,350.0,0.5,467.3654174804688,[*]Nc1ccc(CC(=O)N(c2cccc(N([*])C)c2)C(=O)C(F)(F)F)cc1,0.32786885245901637,3777.0,[*]Nc1ccc(Cc2ccc(NC(=O)c3cccc(C([*])=O)c3)cc2)cc1,low
635,[*]NC(=O)c1ccc(OCCCCC(C)CN2C(=O)c3ccc(C(=O)Nc4ccc([*])cc4)cc3)cc2C1,True,True,False,350.0,0.5,523.2283935546875,[*]NC(=O)c1ccc(OCCCCC(C)CN2C(=O)c3ccc(C(=O)Nc4ccc([*])cc4)cc3)cc2C1,0.34782608695652173,5821.0,[*]c1ccc(C(=O)Nc2ccc(C(=O)Nc3ccc(NC(=O)c4ccc(NC(=O)c5ccc([Si]([*])(C)C)cc5)cc4)cc3)cc2)cc1,low
636,[*]=C=Cc1ccc(Oc2ccc3c(c2)C(=O)N(c2cc(Br)c(OC4CC(=O)CC(C)C4)cc3[*])c(C)c1)C2=O,True,True,False,350.0,0.5,527.1187744140625,[*]=C=Cc1ccc(Oc2ccc3c(c2)C(=O)N(c2cc(Br)c(OC4CC(=O)CC(C)C4)cc3[*])c(C)c1)C2=O,0.22340425531914893,4827.0,[*]Oc1ccc(-n2c(=O)c3cc4c(=O)n(-c5ccc(Oc6ccc([*])cc6C)cc5)c(=O)c4cc3c2=O)cc1,low
638,[*]CC([*])COCCCCCCS(=O)(=O)CCCO[Si](C)(=O)N(CCCC)C(F)(F)F,True,True,False,350.0,0.5,263.632080078125,[*]CC([*])COCCCCCCS(=O)(=O)CCCO[Si](C)(=O)N(CCCC)C(F)(F)F,0.3103448275862069,1122.0,[*]CC(COCCCCCC)O[*],low
639,[*]C=C(CCC)CS(=O)(=O)c1ccccc1O[*],True,True,False,350.0,0.5,386.8678283691406,[*]C=C(CCC)CS(=O)(=O)c1ccccc1O[*],0.29411764705882354,5286.0,[*]Oc1cccc2c(OP([*])(=O)Oc3ccccc3)cccc12,low
641,[*]CC([*])CCN(CCCCCCCC)C(=O)c1ccc(/N=N/C(=O)c2ccccc2C(=O)O)cc1,True,True,False,350.0,0.5,379.4261474609375,[*]CC([*])CCN(CCCCCCCC)C(=O)c1ccc(/N=N/C(=O)c2ccccc2C(=O)O)cc1,0.32857142857142857,2031.0,[*]CC([*])c1ccccc1C(=O)OCCCCCC,low
642,[*]CC([*])NC(=O)CCCCCCCOC1CCCN(C(=O)C(C)CCC(=O)N[*])CC1,True,True,False,350.0,0.5,314.8092041015625,[*]CC([*])NC(=O)CCCCCCCOC1CCCN(C(=O)C(C)CCC(=O)N[*])CC1,0.3424657534246575,3315.0,[*]NC(=O)CCCCCC(=O)NC(C)C(=O)OC1COC2C(OC(=O)C([*])C)COC12,low
643,[*]CCN([*])C(=O)CCCCCC(=O)NCCN1CCOC(=O)C1,True,True,False,350.0,0.5,296.2439270019531,[*]CCN([*])C(=O)CCCCCC(=O)NCCN1CCOC(=O)C1,0.39622641509433965,2612.0,[*]CCN([*])C(=O)CCCCCC,low
644,[*]CC([*])(C)C(=O)Oc1ccc(CCc2ccc(NC(=O)CCCCC)cc2)cc1OC(C)=O,True,True,False,350.0,0.5,368.25592041015625,[*]CC([*])(C)C(=O)Oc1ccc(CCc2ccc(NC(=O)CCCCC)cc2)cc1OC(C)=O,0.43548387096774194,3060.0,[*]Cc1ccc(NC(=O)CCCCC(=O)NC([*])(C)C)cc1,low
645,[*]/C=C/c1cccc(CCCCCCCC)c1C(=O)OCCc1ccc([*])cc1,True,True,False,350.0,0.5,333.5097045898437,[*]/C=C/c1cccc(CCCCCCCC)c1C(=O)OCCc1ccc([*])cc1,0.3717948717948718,979.0,[*]C=Cc1cc(OCCCCCC)c(/C=N/c2ccc(C(=O)OCCCCOCCCCOCCCCOC(=O)c3ccc(/N=C/c4cc(OCCCCCC)c(/C=C/c5cc(OCCCCCC)c([*])cc5OCCCCCC)cc4OCCCCCC)cc3)cc2)cc1OCCCCCC,low
646,[*]C=CC([*])(C)c1ccc(C(=O)CCCCC(=O)NNC(=O)C(O)CO)cc1,True,True,False,350.0,0.5,363.39739990234375,[*]C=CC([*])(C)c1ccc(C(=O)CCCCC(=O)NNC(=O)C(O)CO)cc1,0.35294117647058826,912.0,[*]C=CC([*])(C)c1ccccc1,low
648,[*]CC([*])(C)C(=O)OCCCCCCOc1ccc(-c2ccc(C(=O)Oc3ccc(OC)cc3)cc2)cc1,True,True,False,350.0,0.5,328.6097106933594,[*]CC([*])(C)C(=O)OCCCCCCOc1ccc(-c2ccc(C(=O)Oc3ccc(OC)cc3)cc2)cc1,1.0,1302.0,[*]CC([*])(C)C(=O)OCCCCCCCCCCOc1ccc(OC(=O)c2ccc(-c3ccc(OC)cc3)cc2)cc1,high
649,[*]CC([*])CN(CCCCCCC)C(=O)OCCCCCOC(=O)C1CCC(C(F)(F)F)C1,True,True,False,350.0,0.5,292.1869506835937,[*]CC([*])CN(CCCCCCC)C(=O)OCCCCCOC(=O)C1CCC(C(F)(F)F)C1,0.3559322033898305,1639.0,[*]CC([*])C(=O)OCCCCCC,low
651,[*]OCCCCCC(=O)Oc1ccc(C)c(C(=O)Oc2ccc([*])cc2[N+](=O)[O-])c1,True,True,False,350.0,0.5,340.29266357421875,[*]OCCCCCC(=O)Oc1ccc(C)c(C(=O)Oc2ccc([*])cc2[N+](=O)[O-])c1,0.4027777777777778,4299.0,[*]OCCCCCC(=O)NNC(=O)c1ccc(C(=O)NNC(=O)CCCCCOc2ccc([*])cc2C)cc1,low
652,[*]NC(=O)Oc1ccc(C(c2ccc(OC)cc2)(c2ccc(C(=O)N(CC)c3ccc(C(=O)Oc4ccc([*])cc4)cc3)cc2)c2ccc(S(=O)(=O)OC)cc2)cc1,True,True,False,350.0,0.5,419.7843933105469,[*]NC(=O)Oc1ccc(C(c2ccc(OC)cc2)(c2ccc(C(=O)N(CC)c3ccc(C(=O)Oc4ccc([*])cc4)cc3)cc2)c2ccc(S(=O)(=O)OC)cc2)cc1,0.43478260869565216,6110.0,[*]c1ccc(OC(=O)c2ccc(S(=O)(=O)c3ccc(C(=O)Oc4ccc(C([*])(C)C)cc4)cc3)cc2)cc1,low
653,[*]CN(C)P(=O)(Nc1ccc(NC([*])C)cc1)C(F)(F)F,True,True,False,350.0,0.5,311.5696105957031,[*]CN(C)P(=O)(Nc1ccc(NC([*])C)cc1)C(F)(F)F,0.2727272727272727,1855.0,[*]CC([*])P(=O)(N(C)C)N(C)C,low
654,[*]CCC(C)CCCCNC(=O)c1ccc(C(=O)NNC(=O)c2ccc(O[*])cc2)cc1,True,True,False,350.0,0.5,456.3591918945313,[*]CCC(C)CCCCNC(=O)c1ccc(C(=O)NNC(=O)c2ccc(O[*])cc2)cc1,0.5102040816326531,2568.0,[*]CCCNC(=O)c1ccc(C(=O)NCC([*])C)cc1,medium
655,[*]NC(=O)c1ccc(-c2ccccc2[Si](C)(C)NC(=O)c2ccc(OC([*])=O)cc2)cc1,True,True,False,350.0,0.5,472.4300842285156,[*]NC(=O)c1ccc(-c2ccccc2[Si](C)(C)NC(=O)c2ccc(OC([*])=O)cc2)cc1,0.3870967741935484,3642.0,[*]Nc1ccc(-c2ccccc2NC(=O)c2ccc(Oc3ccc(C([*])=O)cc3)cc2)cc1,low
656,[*]CCSOc1ccc(-c2ccc(OC(=O)c3ccc(C([*])=O)c(OC)c3)cc2)cc1,True,True,False,350.0,0.5,400.3171997070313,[*]CCSOc1ccc(-c2ccc(OC(=O)c3ccc(C([*])=O)c(OC)c3)cc2)cc1,0.4339622641509434,4781.0,[*]Oc1ccc(-c2ccc(OC(=O)c3ccc(C([*])=O)cc3)cc2)cc1,low
657,[*]CCCC(=O)Nc1ccc(/N=C(\S)c2ccc(O[*])cc2)c(OC)c1,True,True,False,350.0,0.5,470.98529052734375,[*]CCCC(=O)Nc1ccc(/N=C(\S)c2ccc(O[*])cc2)c(OC)c1,0.40625,2358.0,[*]CCCCCCCCC(=O)Nc1ccc(C(=O)c2ccc(Oc3ccc(Oc4ccc(C(=O)c5ccc(NC([*])=O)cc5)cc4)cc3)cc2)cc1,low
658,[*]N=C([*])c1ccc(C(=O)Oc2ccc(/C=C/c3ccc(Cl)cc3)cc2)c(C)c1C,True,True,False,350.0,0.5,404.0155944824219,[*]N=C([*])c1ccc(C(=O)Oc2ccc(/C=C/c3ccc(Cl)cc3)cc2)c(C)c1C,0.39655172413793105,5000.0,[*]Oc1ccc(OC(=O)c2ccc(C([*])=O)cc2Oc2ccc(Cl)cc2)cc1,low
659,[*]CCC([*])OCCCCCCNC(=O)CC(F)(F)F,True,True,False,350.0,0.5,266.3426818847656,[*]CCC([*])OCCCCCCNC(=O)CC(F)(F)F,0.375,2121.0,[*]CCC(=O)NCCCCCCNC(=O)CC([*])C,low
661,[*]Nc1ccc(COC(=O)c2cccc(OCCCCCCOc3ccc(S([*])=O)cc3)c2)cc1,True,True,False,350.0,0.5,334.9450988769531,[*]Nc1ccc(COC(=O)c2cccc(OCCCCCCOc3ccc(S([*])=O)cc3)c2)cc1,0.4918032786885246,3828.0,[*]Nc1ccc(OCCCCCCCCOc2ccc(NC(=O)c3cccc(C([*])=O)c3)cc2)cc1,low
662,[*]Oc1ccc(OC(=O)CCCCP(C)(=O)c2ccc(P(=O)(O)Oc3ccc(C(=[*])N=CC[N+](=O)[O-])cc3)cc2)cc1,True,True,False,350.0,0.5,332.56768798828125,[*]Oc1ccc(OC(=O)CCCCP(C)(=O)c2ccc(P(=O)(O)Oc3ccc(C(=[*])N=CC[N+](=O)[O-])cc3)cc2)cc1,0.29347826086956524,6032.0,[*]c1ccc(OC(=O)CCCCC(=O)Oc2ccc(C3([*])c4cc(N(C)C)ccc4-c4ccc([N+](=O)[O-])cc43)cc2)cc1,low
663,[*]CCCCC(CCc1cccc(C=C)c1)C(=O)CO[*],True,True,False,350.0,0.5,303.56854248046875,[*]CCCCC(CCc1cccc(C=C)c1)C(=O)CO[*],0.29508196721311475,2231.0,[*]CCCCC(=O)NCc1cccc(CNC([*])=O)c1,low
664,[*]OP(=O)(Cc1ccc([*])o1)c1ccc(SC(=O)CCCC)cc1,True,True,False,350.0,0.5,301.0023803710937,[*]OP(=O)(Cc1ccc([*])o1)c1ccc(SC(=O)CCCC)cc1,0.2835820895522388,5910.0,[*]c1ccc(CNC(=O)OCCOC(=O)NCc2ccc(C([*])(C)C)o2)o1,low
665,[*]Oc1ccc(C(=O)OC2CCCC2)cc1OCC(F)(F)C(=O)NC([*])COC,True,True,False,350.0,0.5,411.2872619628906,[*]Oc1ccc(C(=O)OC2CCCC2)cc1OCC(F)(F)C(=O)NC([*])COC,0.30303030303030304,4256.0,[*]OC1CCC(OC(=O)c2ccc(C([*])=O)cc2)CC1,low
666,[*]C(=[*])CCCCCOC(=O)Nc1ccc(S(=O)(=O)c2ccc(OCCOCCCC)cc2)cc1-c1ccc(OCC)cc1,True,True,False,350.0,0.5,332.1451110839844,[*]C(=[*])CCCCCOC(=O)Nc1ccc(S(=O)(=O)c2ccc(OCCOCCCC)cc2)cc1-c1ccc(OCC)cc1,0.42105263157894735,3335.0,[*]NC(=O)OCCCCCCCCCCCOc1ccc(-c2ccc(OCCCCCCCCCCCOC(=O)Nc3ccc([*])cc3C)cc2)cc1,low
667,[*]c1cc(C(C)CCCC)c([Si]([*])(C)C)c(Br)c1C,True,True,False,350.0,0.5,330.5015869140625,[*]c1cc(C(C)CCCC)c([Si]([*])(C)C)c(Br)c1C,0.4,4727.0,[*]Oc1c(C)cc([*])cc1C(C)CCCC,low
668,[*]CC([*])c1ccc(CCNC(=O)CCCC(=O)/N=C(\C)C(C)=O)cc1,True,True,False,350.0,0.5,382.1376037597656,[*]CC([*])c1ccc(CCNC(=O)CCCC(=O)/N=C(\C)C(C)=O)cc1,0.4482758620689655,1055.0,[*]CC(=O)NCCCCCCNC(=O)CCc1ccc(C([*])C)cc1,low
670,[*]CCC([*])CCCCNC(=O)c1ccc(N(CCCCCC)C(=O)N=C[Si](C)(C)C#N)cc1,True,True,False,350.0,0.5,371.7478332519531,[*]CCC([*])CCCCNC(=O)c1ccc(N(CCCCCC)C(=O)N=C[Si](C)(C)C#N)cc1,0.391304347826087,2570.0,[*]CCCNC(=O)c1ccc(C(=O)NCCC([*])CC)cc1,low
671,[*]CC([*])(C)C(=O)c1ccc(-c2ccccc2CCCCCC(F)(F)C(F)(F)C(F)F)cc1,True,True,False,350.0,0.5,362.4108276367188,[*]CC([*])(C)C(=O)c1ccc(-c2ccccc2CCCCCC(F)(F)C(F)(F)C(F)F)cc1,0.3333333333333333,1236.0,[*]CC([*])(C)C(=O)OCC(F)(F)C(F)(F)C(F)(F)C(F)F,low
672,[*]NC(=O)c1cc(OCCCCCC)c(C(=O)OC(=O)c2ccccc2OC([*])=O)cc1C,True,True,False,350.0,0.5,394.81048583984375,[*]NC(=O)c1cc(OCCCCCC)c(C(=O)OC(=O)c2ccccc2OC([*])=O)cc1C,0.5230769230769231,333.0,[*]C(=O)Oc1ccc(OC(=O)c2cc(OCCCCCCCCCCCC)c([*])cc2OCCCCCCCCCCCC)cc1C,medium
674,[*]c1ccc(NC(=O)OC(CC)CC(=O)Nc2ccc(C([*])(C)C)cc2)cc1,True,True,False,350.0,0.5,405.91998291015625,[*]c1ccc(NC(=O)OC(CC)CC(=O)Nc2ccc(C([*])(C)C)cc2)cc1,0.5172413793103449,6187.0,[*]c1ccc(OCC(O)COc2ccc(NC(=O)CCCC(=O)Nc3ccc(OCC(O)COc4ccc(C([*])(C)C)cc4)cc3)cc2)cc1,medium
675,[*]c1cc(CCCC)c(/C=C/c2nnc(SS([*])=O)cc2)c2ccccc12,True,True,False,350.0,0.5,435.5292053222656,[*]c1cc(CCCC)c(/C=C/c2nnc(SS([*])=O)cc2)c2ccccc12,0.3194444444444444,984.0,[*]C=Cc1ccc(-c2ccc(C=Cc3cc(CCCCCCCCCC)c([*])cc3CCCCCCCCCC)nc2)cn1,low
678,[*]CC([*])CCCCP(=O)(Oc1ccc(C(=O)Cl)cc1)OC(F)(F)C(F)(F)F,True,True,False,350.0,0.5,297.8830261230469,[*]CC([*])CCCCP(=O)(Oc1ccc(C(=O)Cl)cc1)OC(F)(F)C(F)(F)F,0.323943661971831,1671.0,[*]CC([*])C(=O)OCCCOc1ccc(C(=O)OCCCC(F)(F)C(F)(F)C(F)(F)C(F)(F)C(F)(F)C(F)(F)C(F)(F)C(F)(F)F)cc1,low
681,[*]OC,True,True,False,350.0,0.5,264.0611572265625,[*]OC,0.3333333333333333,4236.0,[*]OC([*])C,low
683,[*]CCCCCCc1ccc(C(=O)NCCCCCCCS[PH](=O)(=O)c2ccc(C(=O)O[*])cc2)cc1,True,True,False,350.0,0.5,328.9725341796875,[*]CCCCCCc1ccc(C(=O)NCCCCCCCS[PH](=O)(=O)c2ccc(C(=O)O[*])cc2)cc1,0.46296296296296297,4184.0,[*]OC(=O)c1ccc(CCCCCCc2ccc(C([*])=O)cc2)cc1,low
685,[*]Nc1ccc(-c2ccc(OC([*])=O)cc2)cc1C(=O)OCCCCCCC,True,True,False,350.0,0.5,375.79986572265625,[*]Nc1ccc(-c2ccc(OC([*])=O)cc2)cc1C(=O)OCCCCCCC,0.5517241379310345,327.0,[*]C(=O)Oc1ccc(-c2ccc(OC(=O)c3cc(OCCCCCC)c([*])cc3OCCCCCC)cc2)cc1,medium
686,[*]NC(=O)OCC(CC)COC(=O)c1cccc(C(=O)Oc2ccc(-c3ccc(C([*])=O)cc3)cc2)c1,True,True,False,350.0,0.5,375.876708984375,[*]NC(=O)OCC(CC)COC(=O)c1cccc(C(=O)Oc2ccc(-c3ccc(C([*])=O)cc3)cc2)c1,0.509090909090909,4791.0,[*]Oc1ccc(-c2ccc(OC(=O)c3cccc(C([*])=O)c3)cc2)cc1,medium
687,[*]CCC(O[*])c1cccc(CCCC(=O)/N=C/c2ccc(-c3ccc(C(=O)O)cc3)cc2)c1Cl,True,True,False,350.0,0.5,357.5641784667969,[*]CCC(O[*])c1cccc(CCCC(=O)/N=C/c2ccc(-c3ccc(C(=O)O)cc3)cc2)c1Cl,0.3037974683544304,2262.0,[*]CCCCC(=O)Oc1ccc(/C(=C/c2ccc(-c3ccc(/C=C(\c4ccccc4)c4ccc(OC([*])=O)cc4)cc3)cc2)c2ccccc2)cc1,low
688,[*]c1ccc(O[SiH](CC(=O)Nc2ccccc2)c2ccc([*])cc2OC)c([N+](=O)[O-])c1,True,True,False,350.0,0.5,396.92034912109375,[*]c1ccc(O[SiH](CC(=O)Nc2ccccc2)c2ccc([*])cc2OC)c([N+](=O)[O-])c1,0.345679012345679,5994.0,[*]c1ccc(NC(=O)OCCN(CCOC(=O)Nc2ccc([*])cc2OC)c2ccc(/N=N/c3ccc([N+](=O)[O-])cc3)cc2)c(OC)c1,low
689,[*]Nc1ccc(S(=O)(=O)c2ccc(-c3ccc([*])cc3)cc2)c(C#C)c1,True,True,False,350.0,0.5,482.2203063964844,[*]Nc1ccc(S(=O)(=O)c2ccc(-c3ccc([*])cc3)cc2)c(C#C)c1,0.3673469387755102,6285.0,[*]c1ccc(Oc2ccc(-c3ccc(-c4ccc(Oc5ccc(S(=O)(=O)c6ccc(-c7ccc(S([*])(=O)=O)cc7)cc6)cc5)cc4)cc3)cc2)cc1,low
690,[*]CCCCCCCSSc1ccc(CCCCCCC)c(NC(=O)c2ccc(-c3ccc([N+](=O)[O-])cc3)cc2)c1OC(=O)O[*],True,True,False,350.0,0.5,404.7514343261719,[*]CCCCCCCSSc1ccc(CCCCCCC)c(NC(=O)c2ccc(-c3ccc([N+](=O)[O-])cc3)cc2)c1OC(=O)O[*],0.27,2576.0,[*]CCCOC(=O)C(CCCCCCOc1ccc(-c2ccc(OCc3ccc([N+](=O)[O-])cc3)cc2)cc1)C(=O)OCCC[Sn]([*])(C)C,low
692,[*]OCCc1ccc(/C=C/C(=O)Oc2ccc(C([*])(C)Oc3ccccc3)cc2Br)cc1,True,True,False,350.0,0.5,413.8195495605469,[*]OCCc1ccc(/C=C/C(=O)Oc2ccc(C([*])(C)Oc3ccccc3)cc2Br)cc1,0.35064935064935066,6155.0,[*]c1ccc(OCC(COc2ccc(C([*])(C)C)cc2)OC(=O)/C=C/c2ccccc2)cc1,low
694,[*]C=CC([*])COCCOc1ccc(/N=N/c2ccc(C=C[Si](C)(CCCC)CCC)cc2)cc1,True,True,False,350.0,0.5,319.9271850585937,[*]C=CC([*])COCCOc1ccc(/N=N/c2ccc(C=C[Si](C)(CCCC)CCC)cc2)cc1,0.3787878787878788,4634.0,[*]O[Si]([*])(C)CCCCCCCCCCCOc1ccc(/C=C/c2ccc(OCCCC)cc2)cc1,low
695,[*]CC(=O)Cc1cc(Oc2cccc([*])c2)ccc1C(=O)/C=N/c1ccccc1,True,True,False,350.0,0.5,433.219482421875,[*]CC(=O)Cc1cc(Oc2cccc([*])c2)ccc1C(=O)/C=N/c1ccccc1,0.3384615384615385,5050.0,[*]Oc1ccc(Oc2ccc(C(=O)c3ccccc3)c(-c3cc([*])ccc3C(=O)c3ccccc3)c2)cc1,low
696,[*]Oc1ccc(C(=O)c2ccc(Oc3ccc(N=C(OC)c4ccc(OC)cc4)cc3)cc2)c([*])c1,True,True,False,350.0,0.5,420.0267333984375,[*]Oc1ccc(C(=O)c2ccc(Oc3ccc(N=C(OC)c4ccc(OC)cc4)cc3)cc2)c([*])c1,0.41379310344827586,5040.0,[*]Oc1ccc(Oc2cc(C(=O)c3ccccc3)c([*])cc2C(=O)c2ccccc2)cc1,low
697,[*]C(=O)CCCCCc1cc(NC(=O)Oc2ccc(C([*])=O)cc2)cc(C(c2ccccc2)C)c1C,True,True,False,350.0,0.5,392.2787170410156,[*]C(=O)CCCCCc1cc(NC(=O)Oc2ccc(C([*])=O)cc2)cc(C(c2ccccc2)C)c1C,0.3424657534246575,3590.0,[*]Nc1cc(NC(=O)c2ccc(C([*])=O)cc2)cc(C(=O)Oc2ccccc2)c1,low
698,[*]COCCCCCCN(C)COC(=O)c1ccccc1C(=O)O[Si](C)(C)c1ccc(C([*])=O)cc1,True,True,False,350.0,0.5,295.9159240722656,[*]COCCCCCCN(C)COC(=O)c1ccccc1C(=O)O[Si](C)(C)c1ccc(C([*])=O)cc1,0.3709677419354839,4332.0,[*]OCCCCCCCCCCOC(=O)c1ccccc1C([*])=O,low
699,[*]C(=O)c1ccc(C2=NC(=O)c3ccc(OCCCCCCC)cc3)cc2C1=O,True,True,False,350.0,0.5,418.6760559082031,[*]C(=O)c1ccc(C2=NC(=O)c3ccc(OCCCCCCC)cc3)cc2C1=O,0.4264705882352941,1883.0,[*]CC([*])c1cc(C(=O)OC)ccc1-c1ccc(OCCCCCCCC)cc1,low
700,[*]CC(O)CNC(=O)C1CC(NC([*])=O)OC1,True,True,False,350.0,0.5,487.96136474609375,[*]CC(O)CNC(=O)C1CC(NC([*])=O)OC1,0.2727272727272727,2215.0,[*]CCCCC(=O)NCC1COC(CNC([*])=O)CO1,low
701,[*]CC([*])c1ccc(OC(=O)CCCCCCCCC[N+](C)(C)C)cc1-c1ccccc1,True,True,False,350.0,0.5,369.9122619628906,[*]CC([*])c1ccc(OC(=O)CCCCCCCCC[N+](C)(C)C)cc1-c1ccccc1,0.4305555555555556,2523.0,[*]CCCCCn1c(=O)c2cc3c(=O)n(CCCCCC(=O)Oc4ccc(OC([*])=O)cc4-c4ccccc4)c(=O)c3cc2c1=O,low
702,[*]C=Cc1ccc(-c2cc(C(F)(F)C(F)(F)F)c(Oc3ccc([*])cc3)cc2SCCCCCCC)c(C)c1,True,True,False,350.0,0.5,317.99566650390625,[*]C=Cc1ccc(-c2cc(C(F)(F)C(F)(F)F)c(Oc3ccc([*])cc3)cc2SCCCCCCC)c(C)c1,0.3625,1029.0,[*]C=Cc1ccc2c(c1)Sc1cc([*])ccc1N2c1ccc(OCCCCCCCCCCCC)cc1,low
703,[*]C(=O)CC1CC(C)N(c2ccc([N+](=O)[O-])cc2)C(=[*])OC1,True,True,False,350.0,0.5,466.7855224609375,[*]C(=O)CC1CC(C)N(c2ccc([N+](=O)[O-])cc2)C(=[*])OC1,0.2786885245901639,1725.0,[*]CC([*])C(=O)Oc1ccc([N+](=O)[O-])cc1,low
704,[*]CCCCCCCN([*])c1ccc([Si](C)(C)c2ccc(C(=O)Nc3ccc(-c4ccc(OCCCCCCCC)cc4)cc3)cc2)cc1,True,True,False,350.0,0.5,341.8143005371094,[*]CCCCCCCN([*])c1ccc([Si](C)(C)c2ccc(C(=O)Nc3ccc(-c4ccc(OCCCCCCCC)cc4)cc3)cc2)cc1,0.43548387096774194,411.0,[*]C(=O)c1ccc(N([*])CCCCCCC)cc1,low
705,[*]CCc1ccc(COC(=O)CCCCCCCCC(=O)N([*])c2ccccc2)cc1,True,True,False,350.0,0.5,289.1180419921875,[*]CCc1ccc(COC(=O)CCCCCCCCC(=O)N([*])c2ccccc2)cc1,0.47619047619047616,2729.0,[*]CCc1ccc(OC(=O)CCCCCCC(=O)Oc2ccc(CC(NC([*])=O)C(=O)OCc3ccccc3)cc2)cc1,low
706,[*]=Cc1ccc(OC(=O)C(CCC(C)(C)C)c2ccccc2N)c([*])c1,True,True,False,350.0,0.5,374.779052734375,[*]=Cc1ccc(OC(=O)C(CCC(C)(C)C)c2ccccc2N)c([*])c1,0.296875,1735.0,[*]CC([*])C(=O)Oc1ccccc1C(C)(C)C,low
709,[*]Oc1ccc(C(=O)OCCCOc2ccc([*])cc2)cc1,True,True,False,350.0,0.5,338.6306457519531,[*]Oc1ccc(C(=O)OCCCOc2ccc([*])cc2)cc1,0.5853658536585366,4501.0,[*]OCCOC(=O)c1ccc(OCCCCOc2ccc(C([*])=O)cc2)cc1,medium
710,[*]CC(=O)CNC(=O)CCCCCCCCCN(C)c1cccc(C(=O)NCCCOC(=O)c2ccc([*])cc2)c1,True,True,False,350.0,0.5,338.6215209960937,[*]CC(=O)CNC(=O)CCCCCCCCCN(C)c1cccc(C(=O)NCCCOC(=O)c2ccc([*])cc2)c1,0.35064935064935066,5814.0,[*]c1ccc(C(=O)NCCCCCCNC(=O)c2ccc3c(c2)C([*])(C)CC3(C)C)cc1,low
711,[*]OCCCCCOC(=O)c1ccc(C(c2ccc([*])cc2)C(=O)OCCN(CC)c2ccc(C(C)(C)C)cc2)cc1,True,True,False,350.0,0.5,314.42340087890625,[*]OCCCCCOC(=O)c1ccc(C(c2ccc([*])cc2)C(=O)OCCN(CC)c2ccc(C(C)(C)C)cc2)cc1,0.4745762711864407,5841.0,[*]c1ccc(C(=O)OCCCCOC(=O)c2ccc(C([*])(C)C)cc2)cc1,low
713,[*]C(=O)NCCCCCCNC(=O)Oc1ccc(COC(=O)c2ccccc2C(=O)OCC([*])=O)cc1,True,True,False,350.0,0.5,325.05194091796875,[*]C(=O)NCCCCCCNC(=O)Oc1ccc(COC(=O)c2ccccc2C(=O)OCC([*])=O)cc1,0.43859649122807015,2938.0,[*]COc1ccc(CC(=O)NCCCCCCNC([*])=O)cc1,low
714,[*]OC([*])C(=O)N(C(C)(C)C)C(F)(F)C(F)(F)C(F)(F)C(F)(F)C(F)(F)F,True,True,False,350.0,0.5,352.412841796875,[*]OC([*])C(=O)N(C(C)(C)C)C(F)(F)C(F)(F)C(F)(F)C(F)(F)C(F)(F)F,0.3333333333333333,1607.0,[*]CC([*])C(=O)OC(F)(F)C(F)(F)C(F)(F)C(F)(F)C(F)(F)C(F)(F)C(F)(F)C(F)(F)F,low
715,[*]Oc1ccc(OC(=O)c2ccc(S(=O)(=O)c3ccc([*])cc3)c3ccccc23)cc1,True,True,False,350.0,0.5,508.2916564941406,[*]Oc1ccc(OC(=O)c2ccc(S(=O)(=O)c3ccc([*])cc3)c3ccccc23)cc1,0.46296296296296297,5091.0,[*]Oc1ccc(S(=O)(=O)c2ccc(OC(=O)c3cccc(C([*])=O)c3)cc2)cc1,low
716,[*]CCOC(=O)CCCCC(=O)Nc1ccc(-c2ccccc2)c(NC(=O)O[*])c1,True,True,False,350.0,0.5,376.2796936035156,[*]CCOC(=O)CCCCC(=O)Nc1ccc(-c2ccccc2)c(NC(=O)O[*])c1,0.39655172413793105,2240.0,[*]CCCCC(=O)Nc1cccc(NC([*])=O)c1,low
719,[*]OC=Cc1cccc(C(=O)CNc2ccc(-c3ccc([*])cc3)cc2)c1C#N,True,True,False,350.0,0.5,461.6094055175781,[*]OC=Cc1cccc(C(=O)CNc2ccc(-c3ccc([*])cc3)cc2)c1C#N,0.30303030303030304,5991.0,[*]c1ccc(NC(=O)Nc2ccc(NC(=O)Nc3ccc(-c4nc(C#N)c(C#N)nc4[*])cc3)cc2)cc1,low
720,[*]Oc1ccc(NC(=O)c2ccc(CCCCC([*])=O)cc2)c([N+](=O)[O-])c1,True,True,False,350.0,0.5,432.3872985839844,[*]Oc1ccc(NC(=O)c2ccc(CCCCC([*])=O)cc2)c([N+](=O)[O-])c1,0.3508771929824561,4186.0,[*]OC(=O)c1ccc(CCCCc2ccc(C([*])=O)cc2)cc1,low
721,[*]CC([*])C(=O)NCCCCCCCN(C)C(=O)c1ccc2cc([Si](C)(C)C)ccc2c1,True,True,False,350.0,0.5,347.2790222167969,[*]CC([*])C(=O)NCCCCCCCN(C)C(=O)c1ccc2cc([Si](C)(C)C)ccc2c1,0.42592592592592593,1592.0,[*]CC([*])C(=O)NCCCCCCCC,low
722,[*]Nc1cc(OC([*])=O)ccc1-c1cc(CCCC)ccc1C,True,True,False,350.0,0.5,397.5242919921875,[*]Nc1cc(OC([*])=O)ccc1-c1cc(CCCC)ccc1C,0.3968253968253968,328.0,[*]C(=O)Oc1ccc(-c2ccc(OC(=O)c3cc([*])cc(CCCCC)c3)cc2)cc1,low
723,[*]CCCCCCOc1ccc(OC(=O)c2ccc(C(CC)CCC)cc2)c([*])c1,True,True,False,350.0,0.5,349.8167724609375,[*]CCCCCCOc1ccc(OC(=O)c2ccc(C(CC)CCC)cc2)c([*])c1,0.5,4147.0,[*]OC(=O)CCCC(=O)Oc1cc(OC(=O)c2ccc(OCCCCCCCCCCCC)cc2)c([*])cc1OC(=O)c1ccc(OCCCCCCCCCCCC)cc1,medium
724,[*]C=CCCNC(=O)c1ccc(CCCC(=O)NNC(=O)c2ccccc2)cc1[*],True,True,False,350.0,0.5,462.444580078125,[*]C=CCCNC(=O)c1ccc(CCCC(=O)NNC(=O)c2ccccc2)cc1[*],0.3150684931506849,4297.0,[*]OCCCC(=O)NNC(=O)c1ccc(C(=O)NNC(=O)CCCOc2ccc([*])cc2C)cc1,low
725,[*]/C=C/CCCCCCOC(=O)Nc1ccc(C(=O)N([*])C(=O)Cl)cc1,True,True,False,350.0,0.5,344.3919372558594,[*]/C=C/CCCCCCOC(=O)Nc1ccc(C(=O)N([*])C(=O)Cl)cc1,0.4067796610169492,3736.0,[*]Nc1ccc(Cc2ccc(NC(=O)OCCCCCCCCCCCCCCCCOC([*])=O)cc2)cc1,low
726,[*]C(=Cc1ccccc1)C(=O)O[Si]1CCCCC(NC([*])=O)C1,True,True,False,350.0,0.5,374.9050903320313,[*]C(=Cc1ccccc1)C(=O)O[Si]1CCCCC(NC([*])=O)C1,0.27631578947368424,90.0,[*]=Cc1ccc(N(c2ccccc2)c2ccc(N(c3ccccc3)c3ccc(/C=C(\C#N)C(=O)NC4CCCCC4NC(=O)C(=[*])C#N)cc3)cc2)cc1,low
727,[*]CC([*])(CCCCC)C(=O)COc1ccc(/N=C/CC(F)(F)F)cc1,True,True,False,350.0,0.5,352.84722900390625,[*]CC([*])(CCCCC)C(=O)COc1ccc(/N=C/CC(F)(F)F)cc1,0.4444444444444444,1332.0,[*]CC([*])(C)C(=O)OCCCCCCOc1ccc(/N=N/c2ccc(OCCCCCCCCCC)cc2)cc1,low
728,[*]CC(=O)[N+]1CCC(CCCCCCNC(=O)C([*])C(=O)OCCCCCCCC)C1,True,True,False,350.0,0.5,339.0997314453125,[*]CC(=O)[N+]1CCC(CCCCCCNC(=O)C([*])C(=O)OCCCCCCCC)C1,0.39285714285714285,1592.0,[*]CC([*])C(=O)NCCCCCCCC,low
731,[*]N=P([*])(CCCCCCCC)c1ccc(C(O)C(C)C[Pb]=O)cc1,True,True,False,350.0,0.5,311.4067077636719,[*]N=P([*])(CCCCCCCC)c1ccc(C(O)C(C)C[Pb]=O)cc1,0.32653061224489793,3215.0,[*]N=P([*])(C)CCCCCC,low
734,[*]CC[Sn]1CCCCCCC([*])(OCCC)C1,True,True,False,350.0,0.5,289.80780029296875,[*]CC[Sn]1CCCCCCC([*])(OCCC)C1,0.2564102564102564,2077.0,[*]CC1([*])CCCCC1,low
735,[*]C=Cc1cc(CNC(=O)CCCCC(=O)N[*])ccc1/C=C/c1ccc(OCCCCC)cc1,True,True,False,350.0,0.5,357.705078125,[*]C=Cc1cc(CNC(=O)CCCCC(=O)N[*])ccc1/C=C/c1ccc(OCCCCC)cc1,0.45588235294117646,1014.0,[*]C=Cc1ccc(OCCCCCCCCOc2ccc(/C=C/c3cc(OCCCCCCCC)c([*])cc3OCCCCCCCC)cc2)cc1,low
737,[*]SCCCCCCNC(=O)c1ccc(-c2ccc(CC([*])CC)cc2)cc1,True,True,False,350.0,0.5,368.1455383300781,[*]SCCCCCCNC(=O)c1ccc(-c2ccc(CC([*])CC)cc2)cc1,0.5,2570.0,[*]CCCNC(=O)c1ccc(C(=O)NCCC([*])CC)cc1,medium
738,[*]CC([*])c1ccc(OCCCCCC)cc1-c1ccc(Sc2cc(C)c(C(NC(C)=O)C(=O)NC)cc2)cc1,True,True,False,350.0,0.5,386.2251586914063,[*]CC([*])c1ccc(OCCCCCC)cc1-c1ccc(Sc2cc(C)c(C(NC(C)=O)C(=O)NC)cc2)cc1,0.4675324675324675,1883.0,[*]CC([*])c1cc(C(=O)OC)ccc1-c1ccc(OCCCCCCCC)cc1,low
739,[*]CC1(CCCCCC)C(=O)N(CCCCSC([*])=O)C1[Na],True,True,False,350.0,0.5,378.6416015625,[*]CC1(CCCCCC)C(=O)N(CCCCSC([*])=O)C1[Na],0.3617021276595745,2518.0,[*]CCCCCSC([*])=O,low
740,[*]C(CCC(C)C)C(=O)Oc1ccc(C(=O)N([*])C(=O)c2ccccc2)cc1,True,True,False,350.0,0.5,374.0056762695313,[*]C(CCC(C)C)C(=O)Oc1ccc(C(=O)N([*])C(=O)c2ccccc2)cc1,0.46808510638297873,1712.0,[*]CC([*])C(=O)Oc1ccc(C(=O)O)cc1,low
741,[*]COc1cccc(C(=O)NCCOCCCCCCOC(=O)c2ccc(S([*])=O)cc2)c1,True,True,False,350.0,0.5,322.2514343261719,[*]COc1cccc(C(=O)NCCOCCCCCCOC(=O)c2ccc(S([*])=O)cc2)c1,0.375,4217.0,[*]OC(=O)c1cccc(OCCCCCOc2cccc(C([*])=O)c2)c1,low
742,[*]Oc1ccc(CCCCCCNC(=O)Nc2ccc(Sc3ccc(Oc4ccc(C([*])=O)cc4)c(S(=O)(=O)OCCCCCCCC)c3)cc2)cc1OC,True,True,False,350.0,0.5,326.1050720214844,[*]Oc1ccc(CCCCCCNC(=O)Nc2ccc(Sc3ccc(Oc4ccc(C([*])=O)cc4)c(S(=O)(=O)OCCCCCCCC)c3)cc2)cc1OC,0.32222222222222224,2785.0,[*]CNc1ccc(Oc2ccc(NCC(=O)c3ccc(Sc4ccc(C([*])=O)cc4)cc3)cc2)cc1,low
743,[*]C[Si]([*])(C)CCCCCCOc1ccc(C(=O)c2ccc(P(=O)(Oc3ccc(C)cc3)C(F)(F)C(F)(F)F)cc2)cc1,True,True,False,350.0,0.5,293.3583068847656,[*]C[Si]([*])(C)CCCCCCOc1ccc(C(=O)c2ccc(P(=O)(Oc3ccc(C)cc3)C(F)(F)C(F)(F)F)cc2)cc1,0.3698630136986301,1346.0,[*]CC([*])(C)C(=O)OCCCCCCOc1ccc(C(=O)Oc2ccc(C)cc2)cc1,low
744,[*][PH]([*])(C)CCc1ccc(C(=O)OCCCCCCCC)cc1,True,True,False,350.0,0.5,283.033447265625,[*][PH]([*])(C)CCc1ccc(C(=O)OCCCCCCCC)cc1,0.5416666666666666,1931.0,[*]CC([*])c1ccc(C(=O)OCCCCCC)cc1,medium
745,[*]O[Si](C)(C)O[Si]([*])(C)CCCOc1ccc(C(=O)N(c2ccc(OCCC)cc2)OC)cc1,True,True,False,350.0,0.5,272.4953308105469,[*]O[Si](C)(C)O[Si]([*])(C)CCCOc1ccc(C(=O)N(c2ccc(OCCC)cc2)OC)cc1,0.4838709677419355,4674.0,[*]O[Si]([*])(C)CCCOc1ccc(C(=O)Oc2ccc(OCCCCCC)cc2)cc1,low
746,[*]c1ccc(OCC(=S)/C=N/c2ccc(S(=O)(=O)CCCCC(=O)Oc3ccc(C=[*])cc3)cc2)cc1,True,True,False,350.0,0.5,396.7412109375,[*]c1ccc(OCC(=S)/C=N/c2ccc(S(=O)(=O)CCCCC(=O)Oc3ccc(C=[*])cc3)cc2)cc1,0.36363636363636365,6030.0,[*]c1ccc(OC(=O)CCCCC(=O)Oc2ccc(C([*])(C)C)cc2)cc1,low
747,[*]CCOC(=O)N[Se]c1cc(NC([*])=O)ccc1C,True,True,False,350.0,0.5,353.0782470703125,[*]CCOC(=O)N[Se]c1cc(NC([*])=O)ccc1C,0.42592592592592593,3347.0,[*]NC(=O)OCCCOC(=O)Nc1ccc(C)c([*])c1,low
748,[*]COCCCCCCCNC(=O)C1CCCCC(=O)O[N+]([*])(C)C1,True,True,False,350.0,0.5,305.85699462890625,[*]COCCCCCCCNC(=O)C1CCCCC(=O)O[N+]([*])(C)C1,0.288135593220339,2891.0,[*]COCC(=O)NCCCCCCNC([*])=O,low
749,[*]COC(=O)Nc1ccc(/N=C(\C)CN([*])c2ccccc2)cc1,True,True,False,350.0,0.5,348.71466064453125,[*]COC(=O)Nc1ccc(/N=C(\C)CN([*])c2ccccc2)cc1,0.40350877192982454,2828.0,[*]COC(=O)Nc1ccc(Cc2ccc(NC(=O)OCC([*])(C)C)cc2)cc1,low
752,[*]CCCCCCCCN(C)c1ccc(/C=N/c2ccc(C(=O)OC(=O)CCCCCCc3ccc(C([*])=O)cc3)cc2)c(C)c1,True,True,False,350.0,0.5,314.5320129394531,[*]CCCCCCCCN(C)c1ccc(/C=N/c2ccc(C(=O)OC(=O)CCCCCCc3ccc(C([*])=O)cc3)cc2)c(C)c1,0.373134328358209,4184.0,[*]OC(=O)c1ccc(CCCCCCc2ccc(C([*])=O)cc2)cc1,low
753,[*]CCCCCCCNC(=O)c1cccc(C([*])c2ccc(C(=O)OC(=O)CCCCCOc3ccccc3)cc2)c1,True,True,False,350.0,0.5,341.7530517578125,[*]CCCCCCCNC(=O)c1cccc(C([*])c2ccc(C(=O)OC(=O)CCCCCOc3ccccc3)cc2)c1,0.36363636363636365,2568.0,[*]CCCNC(=O)c1ccc(C(=O)NCC([*])C)cc1,low
754,[*]CC(C)CCN(C)c1cccc(/N=C/C(=O)c2cccc(C(=O)c3ccc(O[*])cc3C)c2)c1,True,True,False,350.0,0.5,419.9079284667969,[*]CC(C)CCN(C)c1cccc(/N=C/C(=O)c2cccc(C(=O)c3ccc(O[*])cc3C)c2)c1,0.2727272727272727,1729.0,[*]CC([*])C(=O)Oc1cccc(N(C)C)c1,low
755,[*]CCN(CCOc1ccc(C(=O)Oc2ccc(OC(=O)CCCC(C)(C)c3ccc(O[*])cc3)cc2)cc1)c1ccc(Cl)cc1,True,True,False,350.0,0.5,357.1150207519531,[*]CCN(CCOc1ccc(C(=O)Oc2ccc(OC(=O)CCCC(C)(C)c3ccc(O[*])cc3)cc2)cc1)c1ccc(Cl)cc1,0.4230769230769231,1271.0,[*]CC([*])(C)C(=O)OCCCCCC(=O)Oc1ccc(OC(=O)c2ccc(OCCCC)cc2)cc1,low
756,[*]CCCCCC(=O)c1ccc(Oc2ccc(S(=O)(=O)c3ccc(Oc4ccc([*])cc4C(=O)O[Na])cc3)cc2)cc1,True,True,False,350.0,0.5,414.3611755371094,[*]CCCCCC(=O)c1ccc(Oc2ccc(S(=O)(=O)c3ccc(Oc4ccc([*])cc4C(=O)O[Na])cc3)cc2)cc1,0.43859649122807015,492.0,[*]C(=O)c1ccc(Oc2ccc(S(=O)(=O)c3ccc(Oc4ccc(Oc5ccc([*])cc5)cc4)cc3)cc2)cc1,low
757,[*]C=C(CC)c1ccc(C(=O)OCCCO[Si]([*])(C)c2ccc(/N=N/c3ccc(OC)cc3)s2)cc1,True,True,False,350.0,0.5,329.6988525390625,[*]C=C(CC)c1ccc(C(=O)OCCCO[Si]([*])(C)c2ccc(/N=N/c3ccc(OC)cc3)s2)cc1,0.3875,299.0,[*]C(=O)OCCCCCCCCCCCOc1ccc(-c2ccc(OCCCCCCCCCCCOC(=O)c3cc([*])cc(OCCCCCCCCCCOc4ccc(/N=N/c5ccc(OC)cc5)cc4)c3)cc2)cc1,low
758,[*]C#CC(CCCCCCC)NC(=O)c1ccc(OCCC([*])C)cc1,True,True,False,350.0,0.5,386.5867004394531,[*]C#CC(CCCCCCC)NC(=O)c1ccc(OCCC([*])C)cc1,0.3972602739726027,1644.0,[*]CC([*])C(=O)OCCCCCCCCCCCOc1ccc(C(=O)Oc2ccc(-c3ccc(OC(C)CCCCCC)cc3)cc2)cc1,low
759,[*]OC(=O)c1ccc(-c2cccc(P(=O)(c3ccccc3)c3ccc(C([*])=O)cc3)c2)cc1,True,True,False,350.0,0.5,507.6344604492188,[*]OC(=O)c1ccc(-c2cccc(P(=O)(c3ccccc3)c3ccc(C([*])=O)cc3)c2)cc1,0.5,510.0,[*]C(=O)c1ccc(P(=O)(c2ccccc2)c2ccc(C(=O)c3ccc(Oc4cccc(Oc5ccc([*])cc5)c4)cc3)cc2)cc1,medium
760,[*]CCCCCCN[Si](C)(CCCCCCC)C(=O)NC(OC)C([*])([2H])C,True,True,False,350.0,0.5,258.796630859375,[*]CCCCCCN[Si](C)(CCCCCCC)C(=O)NC(OC)C([*])([2H])C,0.35185185185185186,1592.0,[*]CC([*])C(=O)NCCCCCCCC,low
761,[*]c1ccc(C)c(OCCCCCCN[Si]([*])(C)C)c1,True,True,False,350.0,0.5,286.3680419921875,[*]c1ccc(C)c(OCCCCCCN[Si]([*])(C)C)c1,0.44680851063829785,4041.0,[*]Nc1ccc([*])cc1OCCCCCCCCCC,low
762,[*]CCOCCCCOc1ccc(NC(=O)c2cccc(OCCOc3ccc(C([*])=O)cc3)c2)cc1,True,True,False,350.0,0.5,397.9568176269531,[*]CCOCCCCOc1ccc(NC(=O)c2cccc(OCCOc3ccc(C([*])=O)cc3)c2)cc1,0.6792452830188679,3830.0,[*]Nc1ccc(OCCOCCOCCOc2ccc(NC(=O)c3cccc(C([*])=O)c3)cc2)cc1,medium
764,[*]C=Cc1ccc(OC(C)CCCCCOc2ccc(C(=O)C([*])C)cc2)cc1,True,True,False,350.0,0.5,341.0382080078125,[*]C=Cc1ccc(OC(C)CCCCCOc2ccc(C(=O)C([*])C)cc2)cc1,0.47058823529411764,1644.0,[*]CC([*])C(=O)OCCCCCCCCCCCOc1ccc(C(=O)Oc2ccc(-c3ccc(OC(C)CCCCCC)cc3)cc2)cc1,low
765,[*]CC(=O)Oc1ccc(C(NC(=O)CCCCCCC)C(=O)NCCCNC(=O)OCCOc2ccc(O[*])cc2)cc1,True,True,False,350.0,0.5,328.9202880859375,[*]CC(=O)Oc1ccc(C(NC(=O)CCCCCCC)C(=O)NCCCNC(=O)OCCOc2ccc(O[*])cc2)cc1,0.4177215189873418,3104.0,[*]Cc1ccc(OC(=O)CCCCC(=O)Oc2ccc(CCC(=O)NC([*])C(=O)OCCCCCC)cc2)cc1,low
766,[*]CC([*])C(=O)Oc1ccc(CS(=O)(=O)c2ccc3c(c2)C(=O)N(CCCCC(C)C)C3=O)cc1,True,True,False,350.0,0.5,388.74603271484375,[*]CC([*])C(=O)Oc1ccc(CS(=O)(=O)c2ccc3c(c2)C(=O)N(CCCCC(C)C)C3=O)cc1,0.42857142857142855,2531.0,[*]CCCCN1C(=O)c2ccc(C(=O)Oc3ccc(OC([*])=O)cc3)cc2C1=O,low
767,[*]CNC(=O)CCCCCCS(=O)(=O)c1ccc(NC(=O)/C=C/CO[*])cc1,True,True,False,350.0,0.5,330.6272888183594,[*]CNC(=O)CCCCCCS(=O)(=O)c1ccc(NC(=O)/C=C/CO[*])cc1,0.4,2277.0,[*]CCCCCC(=O)Nc1ccc(S(=O)(=O)c2ccc(NC([*])=O)cc2)cc1,low
768,[*]C(=O)OCCCCCCCCOc1ccc(NC(=O)c2ccc(C([*])=O)cc2)cc1COCCCCCC,True,True,False,350.0,0.5,366.7837219238281,[*]C(=O)OCCCCCCCCOc1ccc(NC(=O)c2ccc(C([*])=O)cc2)cc1COCCCCCC,0.4603174603174603,4099.0,[*]Nc1cccc(OCCCCCCCCOc2cccc(NC(=O)c3ccc(C([*])=O)cc3)c2)c1,low
769,[*]c1ccc2c(c1)C(=O)N(CCC(C)Oc1ccc([Si]([*])(C)c3ccc(Br)cc3)cc1)C2C,True,True,False,350.0,0.5,425.1787109375,[*]c1ccc2c(c1)C(=O)N(CCC(C)Oc1ccc([Si]([*])(C)c3ccc(Br)cc3)cc1)C2C,0.34782608695652173,6813.0,[*]c1ccc2c(c1)C(=O)N(c1ccc(Oc3ccc(N4C(=O)c5ccc([Si]([*])(C)C)cc5C4=O)cc3)cc1)C2=O,low
771,[*]Nc1cccc(OCCCCCCCOC(=O)c2ccc(C([*])=[Si]c3ccccc3)cc2)n1,True,True,False,350.0,0.5,324.9678955078125,[*]Nc1cccc(OCCCCCCCOC(=O)c2ccc(C([*])=[Si]c3ccccc3)cc2)n1,0.38596491228070173,4328.0,[*]OCCCCCCCCCCOC(=O)c1ccc(C([*])=O)cc1,low
772,[*]CC([*])CCCCCCNC(=O)Oc1ccccc1/C=C(\C)c1ccc(OCCP(=O)(Oc2ccccc2)O[Na])cc1,True,True,False,350.0,0.5,346.0257568359375,[*]CC([*])CCCCCCNC(=O)Oc1ccccc1/C=C(\C)c1ccc(OCCP(=O)(Oc2ccccc2)O[Na])cc1,0.29411764705882354,1847.0,[*]CC([*])OCCCCCCCCCCCOc1ccc(C(=O)Oc2ccc(OCC)cc2)cc1,low
773,[*]Oc1ccc(/C=N/c2ccc(Oc3ccc(C(=O)Oc4ccc(N([*])CCCCCCCCCC)cc4)cc3)cc2)c(C(=O)O)c1,True,True,False,350.0,0.5,370.531005859375,[*]Oc1ccc(/C=N/c2ccc(Oc3ccc(C(=O)Oc4ccc(N([*])CCCCCCCCCC)cc4)cc3)cc2)c(C(=O)O)c1,0.4090909090909091,411.0,[*]C(=O)c1ccc(N([*])CCCCCCC)cc1,low
774,[*]c1cc(/N=C/c2ccc(OC([*])=O)cc2)c(-c2cccc(N)c2)c(Cl)c1,True,True,False,350.0,0.5,419.9447937011719,[*]c1cc(/N=C/c2ccc(OC([*])=O)cc2)c(-c2cccc(N)c2)c(Cl)c1,0.31746031746031744,990.0,[*]C=Cc1ccc(/C=C/C(=O)Oc2ccc(-c3ccc(OC([*])=O)cc3)cc2)cc1,low
775,[*]OC(=[*])CCN(C)c1ccc(-c2ccc(C(=O)OC)cc2)cc1,True,True,False,350.0,0.5,358.67828369140625,[*]OC(=[*])CCN(C)c1ccc(-c2ccc(C(=O)OC)cc2)cc1,0.38461538461538464,2491.0,[*]CCCCCCCCN(C)c1ccc(C(=O)c2ccc(N([*])C)cc2)cc1,low
776,[*]c1ccc(OP(=O)(=O)c2ccccc2OCC(F)(F)COC(=O)c2ccc(Br)c([*])c2)cc1,True,True,False,350.0,0.5,367.75537109375,[*]c1ccc(OP(=O)(=O)c2ccccc2OCC(F)(F)COC(=O)c2ccc(Br)c([*])c2)cc1,0.34210526315789475,296.0,[*]C(=O)OCC(F)(F)C(F)(F)C(F)(F)COC(=O)c1ccc(OCCCCC)c([*])c1,low
777,[*]c1ccc(NC(=O)P(CCl)(CCCC)c2ccc([*])cc2)c(C(F)(F)F)c1,True,True,False,350.0,0.5,353.1076354980469,[*]c1ccc(NC(=O)P(CCl)(CCCC)c2ccc([*])cc2)c(C(F)(F)F)c1,0.3013698630136986,6382.0,[*]c1ccc(Oc2ccc(C(=O)Nc3ccc(-c4ccc(NC(=O)c5ccc(Oc6ccc(C([*])(C)C)cc6)cc5)cc4C(F)(F)F)c(C(F)(F)F)c3)cc2)cc1,low
778,[*]NC(C)C#CCOC(=O)c1cccc(C(=O)Oc2ccc(C(F)(F)F)cc2)c1-c1ccc(/C=N/c2ccc(C([*])=O)cc2)cc1,True,True,False,350.0,0.5,420.7833557128906,[*]NC(C)C#CCOC(=O)c1cccc(C(=O)Oc2ccc(C(F)(F)F)cc2)c1-c1ccc(/C=N/c2ccc(C([*])=O)cc2)cc1,0.36363636363636365,4831.0,[*]Oc1ccc(/C=C2\CC/C(=C\c3ccc(OC(=O)c4ccc(/N=C/c5ccc(/C=N/c6ccc(C([*])=O)cc6)cc5)cc4)cc3)C2=O)cc1,low
779,[*]CC([*])C(=O)C1(C)CCC(F)(F)O1,True,True,False,350.0,0.5,321.8835754394531,[*]CC([*])C(=O)C1(C)CCC(F)(F)O1,0.35294117647058826,1748.0,[*]CC([*])C(C)=O,low
780,[*]CC([*])C(=O)OCC([2H])(C)C(F)(F)C(F)(F)F,True,True,False,350.0,0.5,337.0313720703125,[*]CC([*])C(=O)OCC([2H])(C)C(F)(F)C(F)(F)F,0.5588235294117647,7243.0,[*]CC([*])C(=O)OCC(C)C,medium
781,[*]Nc1ccc(C(=O)Nc2ccc(OCCCCCCCCNC(=O)c3ccc([*])cc3)cc2)c(-c2ccc(C(C)(C)CCC)cc2)c1,True,True,False,350.0,0.5,430.4871215820313,[*]Nc1ccc(C(=O)Nc2ccc(OCCCCCCCCNC(=O)c3ccc([*])cc3)cc2)c(-c2ccc(C(C)(C)CCC)cc2)c1,0.43902439024390244,3609.0,[*]Nc1ccc(-c2c(-c3ccc(-c4ccccc4)cc3)cc(-c3ccc(OCCCCCCCCCCOc4ccc(-c5cc(-c6ccc(-c7ccccc7)cc6)c(-c6ccc(NC(=O)c7ccc(C([*])=O)cc7)cc6)c(-c6ccc(-c7ccccc7)cc6)c5)cc4)cc3)cc2-c2ccc(-c3ccccc3)cc2)cc1,low
782,[*]CCN(C(=O)Oc1ccc(NC(=O)S[*])c([N+](=O)[O-])c1)CCCN1CCCCC1,True,True,False,350.0,0.5,356.3412780761719,[*]CCN(C(=O)Oc1ccc(NC(=O)S[*])c([N+](=O)[O-])c1)CCCN1CCCCC1,0.2894736842105263,1499.0,[*]CC([*])(C)C(=O)Oc1ccc([N+](=O)[O-])c(C)c1,low
783,[*]CCN(CCCCCCCOC(=O)OCCO)c1ccc(C([*])=O)cc1,True,True,False,350.0,0.5,312.1950378417969,[*]CCN(CCCCCCCOC(=O)OCCO)c1ccc(C([*])=O)cc1,0.42857142857142855,4328.0,[*]OCCCCCCCCCCOC(=O)c1ccc(C([*])=O)cc1,low
784,[*]CC([*])CNC(=O)C(C)CCCCCC,True,True,False,350.0,0.5,306.26043701171875,[*]CC([*])CNC(=O)C(C)CCCCCC,0.5,1760.0,[*]CC([*])CCCCCCCC,medium
785,[*]O[Si](C)(C)c1cccc(OC([*])=O)c1/N=C/c1ccc(OCc2ccccc2)cc1,True,True,False,350.0,0.5,354.7705078125,[*]O[Si](C)(C)c1cccc(OC([*])=O)c1/N=C/c1ccc(OCc2ccccc2)cc1,0.36923076923076925,1498.0,[*]CC([*])(C)C(=O)Oc1ccc(OCc2ccccc2)cc1,low
786,[*][Si]([*])(C)CC(CC)C(=O)O,True,True,False,350.0,0.5,325.4823608398437,[*][Si]([*])(C)CC(CC)C(=O)O,0.28125,4221.0,[*]OC(CC)C([*])=O,low
788,[*]OC(=O)c1ccc(OCCCCP(=O)(O[*])CS(=O)(=O)Oc2ccccc2)cc1,True,True,False,350.0,0.5,337.92919921875,[*]OC(=O)c1ccc(OCCCCP(=O)(O[*])CS(=O)(=O)Oc2ccccc2)cc1,0.49019607843137253,4192.0,[*]OC(=O)c1ccc(OCCCCOc2ccc(C([*])=O)cc2)cc1,low
789,[*]O[Si]([*])(C)c1ccc(C=C(C)CCCCCCOc2ccc(C[Si](C)(C)c3ccc(OC)cc3)cc2)cc1,True,True,False,350.0,0.5,304.6341247558594,[*]O[Si]([*])(C)c1ccc(C=C(C)CCCCCCOc2ccc(C[Si](C)(C)c3ccc(OC)cc3)cc2)cc1,0.4745762711864407,4633.0,[*]O[Si]([*])(C)CCCCCCCCCCCOc1ccc(/C=C/c2ccc(OC)cc2)cc1,low
790,[*]C=Cc1ccc(NC(=O)CCCCCCCC(=O)Nc2ccc(C(C#N)(CCC)c3ccc(O[*])cc3)cc2)cc1,True,True,False,350.0,0.5,425.9440612792969,[*]C=Cc1ccc(NC(=O)CCCCCCCC(=O)Nc2ccc(C(C#N)(CCC)c3ccc(O[*])cc3)cc2)cc1,0.3888888888888889,6189.0,[*]c1ccc(OCC(O)COc2ccc(NC(=O)CCCCCC(=O)Nc3ccc(OCC(O)COc4ccc(C([*])(C)C)cc4)cc3)cc2)cc1,low
791,[*]=Cc1ccc(OC(=O)CCCCCCC(=O)OCc2cccc(N=[*])c2)cc1Br,True,True,False,350.0,0.5,298.8345642089844,[*]=Cc1ccc(OC(=O)CCCCCCC(=O)OCc2cccc(N=[*])c2)cc1Br,0.33766233766233766,2729.0,[*]CCc1ccc(OC(=O)CCCCCCC(=O)Oc2ccc(CC(NC([*])=O)C(=O)OCc3ccccc3)cc2)cc1,low
792,[*]c1ccc(OC(=O)C(C)(C)c2ccc([*])cc2)c(-c2ccc(S(=O)(=O)Oc3ccc(F)cc3)cc2)c1,True,True,False,350.0,0.5,450.3907775878906,[*]c1ccc(OC(=O)C(C)(C)c2ccc([*])cc2)c(-c2ccc(S(=O)(=O)Oc3ccc(F)cc3)cc2)c1,0.4264705882352941,6128.0,[*]c1ccc(OC(=O)c2cccc(S(=O)(=O)Oc3ccc(C([*])(C)C)cc3)c2)cc1,low
793,[*]C(=O)Oc1ccc(-n2on2-c2ccc(C([*])=O)cc2)c(O)c1,True,True,False,350.0,0.5,374.0260620117188,[*]C(=O)Oc1ccc(-n2on2-c2ccc(C([*])=O)cc2)c(O)c1,0.38095238095238093,7318.0,[*]Oc1ccc(C([*])=O)cc1,low
794,[*]NCCCCCNC(=O)Nc1ccc(C([*])=C(Nc2ccccc2)C(=O)OCCCC)cc1,True,True,False,350.0,0.5,372.4770812988281,[*]NCCCCCNC(=O)Nc1ccc(C([*])=C(Nc2ccccc2)C(=O)OCCCC)cc1,0.4745762711864407,3443.0,[*]NCCCCCCCCCCCCCCCCCCNC(=O)Nc1ccc(Cc2ccc(NC([*])=O)cc2)cc1,low
795,[*]C=CCCCCCOC(=O)c1ccc(C(=O)I)c([*])c1,True,True,False,350.0,0.5,317.970947265625,[*]C=CCCCCCOC(=O)c1ccc(C(=O)I)c([*])c1,0.4074074074074074,4308.0,[*]OCCCCCCCCCCCCOC(=O)c1ccc2cc(C([*])=O)ccc2c1,low
796,[*]C=C[PH](CCCCCOc1ccc(S(=O)(=O)c2ccc(C(O)C(F)(F)C([*])(F)F)cc2)cc1)CCCC,True,True,False,350.0,0.5,315.7258605957031,[*]C=C[PH](CCCCCOc1ccc(S(=O)(=O)c2ccc(C(O)C(F)(F)C([*])(F)F)cc2)cc1)CCCC,0.3472222222222222,6222.0,[*]c1ccc(OCCCCOc2ccc(C(C)(C)c3ccc(Oc4ccc(S(=O)(=O)c5ccc(Oc6ccc(C([*])(C)C)cc6)cc5)cc4)cc3)cc2)cc1,low
797,[*]Cc1ccc(OCCCCCCCCOc2ccc(-c3ccc(/C=N/c4ccc(CCN([*])CC)cc4)cc3)cc2)o1,True,True,False,350.0,0.5,330.8162841796875,[*]Cc1ccc(OCCCCCCCCOc2ccc(-c3ccc(/C=N/c4ccc(CCN([*])CC)cc4)cc3)cc2)o1,0.3625,1286.0,[*]CC([*])(C)C(=O)OCCCCCCCCCCCOc1ccc(/C=N/c2ccc(C#N)cc2)cc1,low
798,[*]CC([*])C(=S)OCCCCCC(OC(=O)C(F)(F)C(F)(F)F)C(=O)OCC#N,True,True,False,350.0,0.5,283.16363525390625,[*]CC([*])C(=S)OCCCCCC(OC(=O)C(F)(F)C(F)(F)F)C(=O)OCC#N,0.4117647058823529,1615.0,[*]CC([*])C(=O)OCC#N,low
799,[*]Oc1ccc(Oc2cccc(OC(=O)c3ccc(Oc4ccc(C([*])=O)cc4)cc3)c2)c(CCCCCCCCC(F)(F)F)c1,True,True,False,350.0,0.5,359.57037353515625,[*]Oc1ccc(Oc2cccc(OC(=O)c3ccc(Oc4ccc(C([*])=O)cc4)cc3)c2)c(CCCCCCCCC(F)(F)F)c1,0.625,5255.0,[*]Oc1cccc(OC(=O)c2ccc(Oc3cccc(Oc4ccc(C([*])=O)cc4)c3)cc2)c1,medium
800,[*]CCCCCCCCCOc1ccc(C(=O)c2ccc(P(=O)(O)C(=O)OC)c(O[*])c2)cc1,True,True,False,350.0,0.5,346.83746337890625,[*]CCCCCCCCCOc1ccc(C(=O)c2ccc(P(=O)(O)C(=O)OC)c(O[*])c2)cc1,0.39344262295081966,4301.0,[*]OCCCCCCCCCCCCOC(=O)OCCCCCCOc1ccc(C(=O)c2ccc(OCCCCCCOC([*])=O)cc2)cc1,low
801,[*]c1cc(F)cc(OC=C(C)[Si]([*])(=O)OCCC)c1F,True,True,False,350.0,0.5,343.4374084472656,[*]c1cc(F)cc(OC=C(C)[Si]([*])(=O)OCCC)c1F,0.2653061224489796,5593.0,[*]c1cc(OCCCC)c([*])cc1OCCCC,low
802,[*]CC(CCCCCCCCCNC(=O)/C=C/C(=O)O[*])CC(C)(C)Cc1ccccc1,True,True,False,350.0,0.5,343.6150817871094,[*]CC(CCCCCCCCCNC(=O)/C=C/C(=O)O[*])CC(C)(C)Cc1ccccc1,0.3333333333333333,896.0,[*]C=CC(=O)OCCOC(=O)/C=C/C(=O)NCCCCCCNC([*])=O,low
803,[*]CC(=O)Nc1ccc2c(c1)C(C=CCl)c1ccc(NC([*])=O)cc1-2,True,True,False,350.0,0.5,551.1491088867188,[*]CC(=O)Nc1ccc2c(c1)C(C=CCl)c1ccc(NC([*])=O)cc1-2,0.37037037037037035,2240.0,[*]CCCCC(=O)Nc1cccc(NC([*])=O)c1,low
805,[*]CCCCC(=O)Nc1ccc(NC(=O)c2ccc(CCCCCCNC([*])=O)cc2)cn1,True,True,False,350.0,0.5,437.015625,[*]CCCCC(=O)Nc1ccc(NC(=O)c2ccc(CCCCCCNC([*])=O)cc2)cn1,0.5614035087719298,2233.0,[*]CCCCC(=O)Nc1ccc(CCNC([*])=O)cc1,medium
806,[*]C(=Nc1ccc(C(=[*])Oc2ccc(C)cc2)cc1)CCCC[N+](F)(F)F,True,True,False,350.0,0.5,347.916015625,[*]C(=Nc1ccc(C(=[*])Oc2ccc(C)cc2)cc1)CCCC[N+](F)(F)F,0.29508196721311475,1489.0,[*]CC([*])(C)C(=O)Oc1ccc(C(=O)Oc2ccc(C)cc2)cc1,low
807,[*]Oc1ccc(OCC=CC([*])CC)c(I)c1,True,True,False,350.0,0.5,342.1227111816406,[*]Oc1ccc(OCC=CC([*])CC)c(I)c1,0.2631578947368421,1881.0,[*]CC([*])c1cc(Br)ccc1OCCCC,low
808,[*]C=C(Cc1ccc(N([*])C)cc1)C(F)(F)C(F)(F)C(F)(F)F,True,True,False,350.0,0.5,338.7978820800781,[*]C=C(Cc1ccc(N([*])C)cc1)C(F)(F)C(F)(F)C(F)(F)F,0.32558139534883723,407.0,[*]C(=O)c1ccc(N([*])C)cc1,low
809,[*]Nc1ccc(Oc2ccc(C(C)(C)c3c(Br)cc([*])c(SC(=O)O)c3)cc2C(F)(F)F)s1,True,True,False,350.0,0.5,411.9328002929688,[*]Nc1ccc(Oc2ccc(C(C)(C)c3c(Br)cc([*])c(SC(=O)O)c3)cc2C(F)(F)F)s1,0.34210526315789475,6413.0,[*]c1ccc(Oc2ccc(C(=O)c3ccc(C(=O)c4ccc(Oc5ccc(C([*])(C)C)cc5)c(C(F)(F)F)c4)cc3)cc2C(F)(F)F)cc1,low
810,[*]Oc1ccc(NC(=O)c2ccc(C(=O)Nc3ccc(Oc4ccc(-c5ccc(C(=O)OC)cc5)cc4)cc3)cc2)cc1-c1ccc([*])cc1,True,True,False,350.0,0.5,528.30322265625,[*]Oc1ccc(NC(=O)c2ccc(C(=O)Nc3ccc(Oc4ccc(-c5ccc(C(=O)OC)cc5)cc4)cc3)cc2)cc1-c1ccc([*])cc1,0.6206896551724138,4838.0,[*]Oc1ccc(C(=O)Nc2ccc(Oc3ccc(-c4ccc(Oc5ccc(NC(=O)c6ccc(Oc7ccc([*])cc7C)cc6)cc5)cc4)cc3)cc2)cc1,medium
812,[*]/C=C/P(=O)(CCCCCC)C(=O)NCCCCCCCNC([*])C#N,True,True,False,350.0,0.5,300.760498046875,[*]/C=C/P(=O)(CCCCCC)C(=O)NCCCCCCCNC([*])C#N,0.36538461538461536,1592.0,[*]CC([*])C(=O)NCCCCCCCC,low
813,[*]CCCCCOC(=O)c1ccc(CSCCC(=O)NNC(=O)c2cccc(C([*])(C#N)C(=O)O)c2)cc1,True,True,False,350.0,0.5,401.70062255859375,[*]CCCCCOC(=O)c1ccc(CSCCC(=O)NNC(=O)c2cccc(C([*])(C#N)C(=O)O)c2)cc1,0.3287671232876712,5841.0,[*]c1ccc(C(=O)OCCCCOC(=O)c2ccc(C([*])(C)C)cc2)cc1,low
814,[*]/C(=C/c1ccc(OCCCCCCCC)cc1)C([*])(C)C(=O)O[Na],True,True,False,350.0,0.5,357.9007263183594,[*]/C(=C/c1ccc(OCCCCCCCC)cc1)C([*])(C)C(=O)O[Na],0.46551724137931033,1332.0,[*]CC([*])(C)C(=O)OCCCCCCOc1ccc(/N=N/c2ccc(OCCCCCCCCCC)cc2)cc1,low
816,[*]OCCCCCOC(=O)C(C)(C)CCOC(=O)c1cccc(C([*])=O)c1,True,True,False,350.0,0.5,292.051025390625,[*]OCCCCCOC(=O)C(C)(C)CCOC(=O)c1cccc(C([*])=O)c1,0.75,4331.0,[*]OCCCCCCCCCCOC(=O)c1cccc(C([*])=O)c1,medium
817,[*]=CCNC(=O)c1cc(SCCCC)c([*])cc1C,True,True,False,350.0,0.5,418.4653015136719,[*]=CCNC(=O)c1cc(SCCCC)c([*])cc1C,0.3148148148148148,5607.0,[*]c1cc(SCCCCCC)c([*])s1,low
818,[*]CCCc1ccc(Oc2ccc(NC(=O)c3ccc(/C=C/c4ccc(C(=O)N[*])cc4)c(CCCC)c3)cc2)cc1,True,True,False,350.0,0.5,427.4285888671875,[*]CCCc1ccc(Oc2ccc(NC(=O)c3ccc(/C=C/c4ccc(C(=O)N[*])cc4)c(CCCC)c3)cc2)cc1,0.4117647058823529,3402.0,[*]NC(=O)c1ccc(Oc2ccc(C(=O)Nc3cc([*])cc(C(=O)OCCOC(=O)/C=C/c4ccc(N(C)C)cc4)c3)cc2)cc1,low
819,[*]c1cc(C)c(NC(=O)OCCCCCCCC(OC)c2ccc([Si]([*])(C)CC)cc2)cc1,True,True,False,350.0,0.5,337.2841796875,[*]c1cc(C)c(NC(=O)OCCCCCCCC(OC)c2ccc([Si]([*])(C)CC)cc2)cc1,0.4927536231884058,3335.0,[*]NC(=O)OCCCCCCCCCCCOc1ccc(-c2ccc(OCCCCCCCCCCCOC(=O)Nc3ccc([*])cc3C)cc2)cc1,low
820,[*]C=C([*])c1ccc(-c2ccc(C3CCC(Cl)N(c4ccccc4)C(=O)O3)cc2)cc1,True,True,False,350.0,0.5,490.6077880859375,[*]C=C([*])c1ccc(-c2ccc(C3CCC(Cl)N(c4ccccc4)C(=O)O3)cc2)cc1,0.3469387755102041,861.0,[*]C=C([*])c1ccccc1,low
821,[*]O[Si]([*])(C)CCCCCCC(=O)Oc1ccc(C(=O)c2ccc(N(C)c3ccc(OC=Cc4ccccc4)cc3)cc2)cc1,True,True,False,350.0,0.5,335.136962890625,[*]O[Si]([*])(C)CCCCCCC(=O)Oc1ccc(C(=O)c2ccc(N(C)c3ccc(OC=Cc4ccccc4)cc3)cc2)cc1,0.4861111111111111,4618.0,[*]O[Si]([*])(C)CCCCCCCCCCC(=O)Oc1ccc(-c2ccc(OC(=O)c3ccc(OCC)cc3)cc2)cc1,low
822,[*]CC([*])(C)c1ccc(C(C)(OC(C)=O)[Si](C)(C)CCC)c2ccccc12,True,True,False,350.0,0.5,385.2438049316406,[*]CC([*])(C)c1ccc(C(C)(OC(C)=O)[Si](C)(C)CCC)c2ccccc12,0.3148148148148148,1502.0,[*]CC([*])(C)C(=O)Oc1ccccc1,low
823,[*]=Cc1cc(OC#N)c(CCCCCCCOc2cccc(C=[*])c2)c(OC(F)(F)F)c1,True,True,False,350.0,0.5,332.7645874023437,[*]=Cc1cc(OC#N)c(CCCCCCCOc2cccc(C=[*])c2)c(OC(F)(F)F)c1,0.2923076923076923,4217.0,[*]OC(=O)c1cccc(OCCCCCOc2cccc(C([*])=O)c2)c1,low
824,[*]CC([*])C(=O)Nc1cccc(OCCCCC(=O)c2ccc(Oc3ccc(C#N)cc3)c(S(=O)(=O)/C=C/c3ccccc3)c2)c1,True,True,False,350.0,0.5,380.7789611816406,[*]CC([*])C(=O)Nc1cccc(OCCCCC(=O)c2ccc(Oc3ccc(C#N)cc3)c(S(=O)(=O)/C=C/c3ccccc3)c2)c1,0.36363636363636365,1656.0,[*]CC([*])C(=O)OCCCCCCOc1ccc(C(=O)Oc2ccc(C#N)cc2)cc1,low
825,[*]C[Si]([*])OCCCCCCCCOC(=S)NCc1cccc(C)c1OCC[Si](C)(C)C,True,True,False,350.0,0.5,284.2743835449219,[*]C[Si]([*])OCCCCCCCCOC(=S)NCc1cccc(C)c1OCC[Si](C)(C)C,0.23880597014925373,1470.0,[*]CC([*])(C)C(=O)Oc1c(C)cccc1C,low
826,[*]C(=O)c1ccc(Oc2ccc3c(c2)C(=O)N(CCCCC([*])C)C3=O)cc1OC,True,True,False,350.0,0.5,382.9886779785156,[*]C(=O)c1ccc(Oc2ccc3c(c2)C(=O)N(CCCCC([*])C)C3=O)cc1OC,0.45161290322580644,7149.0,[*]Oc1ccc(Oc2ccc(Oc3ccc4c(c3)C(=O)N(CCCCCCN3C(=O)c5ccc([*])cc5C3=O)C4=O)cc2)cc1,low
827,[*]c1ccc(OCCCCCC)c(Oc2ccc(C(c3ccc(C#N)cc3)c3ccc([*])cc3)cc2C(=O)O[PH](C)(C)CC)c1,True,True,False,350.0,0.5,355.7691650390625,[*]c1ccc(OCCCCCC)c(Oc2ccc(C(c3ccc(C#N)cc3)c3ccc([*])cc3)cc2C(=O)O[PH](C)(C)CC)c1,0.40540540540540543,337.0,[*]C(=O)Oc1ccc(OCCOc2ccc(OC(=O)c3ccc([*])cc3OCCCCC)cc2)cc1,low
830,[*]COc1ccc(/C(C)=C/c2ccc(CCCCC(=O)Nc3ccc(NC([*])=O)cc3)cc2)cc1,True,True,False,350.0,0.5,460.3037414550781,[*]COc1ccc(/C(C)=C/c2ccc(CCCCC(=O)Nc3ccc(NC([*])=O)cc3)cc2)cc1,0.47540983606557374,2358.0,[*]CCCCCCCCC(=O)Nc1ccc(C(=O)c2ccc(Oc3ccc(Oc4ccc(C(=O)c5ccc(NC([*])=O)cc5)cc4)cc3)cc2)cc1,low
831,[*]CC([*])(C)C(=O)Nc1ccc(NC(=O)CCCC(F)(F)C(F)(F)F)cc1C#N,True,True,False,350.0,0.5,383.5582275390625,[*]CC([*])(C)C(=O)Nc1ccc(NC(=O)CCCC(F)(F)C(F)(F)F)cc1C#N,0.37681159420289856,1196.0,[*]CC([*])(C)C(=O)Nc1cccc(-c2nnc(-c3ccccc3)o2)c1,low
832,[*]c1cc(C(=O)Nc2cccc(NCCCCCCC)c2)c([*])o1,True,True,False,350.0,0.5,430.6941223144531,[*]c1cc(C(=O)Nc2cccc(NCCCCCCC)c2)c([*])o1,0.35,5824.0,[*]c1ccc(C(=O)Nc2ccc(C(=O)Nc3cccc(NC(=O)c4ccc(NC(=O)c5ccc([Si]([*])(C)C)cc5)cc4)c3)cc2)cc1,low
833,[*]CCC([*])COc1ccc(S(=O)(=O)CCCCCN2C(=O)C(C)=O)cc2C1,True,True,False,350.0,0.5,391.0887145996094,[*]CCC([*])COc1ccc(S(=O)(=O)CCCCCN2C(=O)C(C)=O)cc2C1,0.24324324324324326,1919.0,[*]CC([*])c1ccc(C(=O)CCN2CCCCC2)cc1,low
834,[*]COC(=O)c1ccc(SCCCOc2ccc(N=[*])cc2)cc1C,True,True,False,350.0,0.5,312.635009765625,[*]COC(=O)c1ccc(SCCCOc2ccc(N=[*])cc2)cc1C,0.3968253968253968,5808.0,[*]c1ccc(/N=N/c2ccc(OCC)cc2)cc1C(=O)OCCCOC(=O)c1cc(/N=N/c2ccc(OCC)cc2)ccc1[*],low
835,[*]Oc1ccc(-c2nnc(-c3ccc(C(=O)SC(=O)CC(C)(C)C)cc3[*])o2)cc1-c1ccccc1,True,True,False,350.0,0.5,460.5758361816406,[*]Oc1ccc(-c2nnc(-c3ccc(C(=O)SC(=O)CC(C)(C)C)cc3[*])o2)cc1-c1ccccc1,0.3888888888888889,4779.0,[*]Oc1ccc(-c2ccc(OC(=O)c3ccc(C(=O)c4ccc(C([*])=O)cc4)cc3)c(-c3ccccc3)c2)cc1-c1ccccc1,low
836,[*]N=C(CC([*])=O)C(=O)N([2H])c1ccc(-c2ccc(C(F)(F)F)cc2)cc1,True,True,False,350.0,0.5,438.6064147949219,[*]N=C(CC([*])=O)C(=O)N([2H])c1ccc(-c2ccc(C(F)(F)F)cc2)cc1,0.3,3423.0,[*]NC(CCC(=O)OCc1ccc(C(F)(F)F)cc1)C([*])=O,low
838,[*]C=CCOC(=O)c1ccc(CCCCCc2ccc(C#N)cc2)cc1-c1ccc([*])cc1,True,True,False,350.0,0.5,349.97149658203125,[*]C=CCOC(=O)c1ccc(CCCCCc2ccc(C#N)cc2)cc1-c1ccc([*])cc1,0.35384615384615387,5890.0,[*]c1ccc(CCCCCCCCCCCCCCc2ccc(-c3c(-c4ccccc4)cc(-c4ccc(-c5cc(-c6ccccc6)c([*])c(-c6ccccc6)c5-c5ccccc5)cc4)c(-c4ccccc4)c3-c3ccccc3)cc2)cc1,low
839,[*]C=Cc1ccc(OC(=O)Nc2ccc(CCCC(C)(C)c3ccc(SC)cc3)cc2)cc1[*],True,True,False,350.0,0.5,387.7467346191406,[*]C=Cc1ccc(OC(=O)Nc2ccc(CCCC(C)(C)c3ccc(SC)cc3)cc2)cc1[*],0.36363636363636365,6236.0,[*]c1ccc(OCCOC(=O)Nc2ccc(Cc3ccc(NC(=O)OCCOc4ccc(C([*])(C)C)cc4)cc3)cc2)cc1,low
842,[*]COc1cc(C(=O)OCCCCCC)c(-c2ccc(NC([*])=O)cc2)cc1C#N,True,True,False,350.0,0.5,371.4910278320313,[*]COc1cc(C(=O)OCCCCCC)c(-c2ccc(NC([*])=O)cc2)cc1C#N,0.3918918918918919,1885.0,[*]CC([*])c1cc(C(=O)OCCCC)ccc1-c1ccc(OCCCCCCCC)cc1,low
843,[*]NC(=O)c1ccc(Oc2ccc(C([*])=O)cc2)cc1-c1cccc(C(=O)NCCCCC)c1,True,True,False,350.0,0.5,444.7233581542969,[*]NC(=O)c1ccc(Oc2ccc(C([*])=O)cc2)cc1-c1cccc(C(=O)NCCCCC)c1,0.4782608695652174,3511.0,[*]NCCCCCCNC(=O)c1ccc(C([*])=O)cc1Oc1ccc(-c2ccccc2)cc1,low
844,[*]=Nc1ccc(SCCN(C)C(=O)CCCOC(=O)N([*])C)cc1,True,True,False,350.0,0.5,286.586181640625,[*]=Nc1ccc(SCCN(C)C(=O)CCCOC(=O)N([*])C)cc1,0.34615384615384615,2597.0,[*]CCN(C)C(=O)CCCCCCCCC(=O)N([*])C,low
847,[*]/C=C/c1ccc(CCCCCCCCOc2ccc(C([*])C(=O)c3ccccc3OCCCCCC)cc2)c(O)c1,True,True,False,350.0,0.5,322.385009765625,[*]/C=C/c1ccc(CCCCCCCCOc2ccc(C([*])C(=O)c3ccccc3OCCCCCC)cc2)c(O)c1,0.4246575342465753,1014.0,[*]C=Cc1ccc(OCCCCCCCCOc2ccc(/C=C/c3cc(OCCCCCCCC)c([*])cc3OCCCCCCCC)cc2)cc1,low
848,[*]CC([*])c1ccc(C(=O)OCC(C)CCCCNS(=O)(=O)c2ccc(OC)cc2)cc1,True,True,False,350.0,0.5,341.8033447265625,[*]CC([*])c1ccc(C(=O)OCC(C)CCCCNS(=O)(=O)c2ccc(OC)cc2)cc1,0.5,1927.0,[*]CC([*])c1ccc(C(=O)OCC(C)C)cc1,medium
849,[*]CCCC(=O)Nc1ccc(N(CCCCCO)C(=O)COC([*])=O)cc1OC,True,True,False,350.0,0.5,386.21527099609375,[*]CCCC(=O)Nc1ccc(N(CCCCCO)C(=O)COC([*])=O)cc1OC,0.32786885245901637,2189.0,[*]CCCC(=O)Nc1ccc(NC([*])=O)cc1,low
850,[*]COc1ccc2c(c1)N(CCCC)c1ccc([*])cc1-2,True,True,False,350.0,0.5,382.08740234375,[*]COc1ccc2c(c1)N(CCCC)c1ccc([*])cc1-2,0.3939393939393939,3931.0,[*]Nc1ccc(Oc2ccc(Nc3ccc4c(c3)c3cc([*])ccc3n4CC(CC)CCCC)cc2)cc1,low
851,[*]Oc1c(C)cc([*])cc1-c1ccc(OCCN(C)c2ccc(/N=N/c3ccc(F)cc3)cc2C)c(O)c1,True,True,False,350.0,0.5,395.6266479492188,[*]Oc1c(C)cc([*])cc1-c1ccc(OCCN(C)c2ccc(/N=N/c3ccc(F)cc3)cc2C)c(O)c1,0.2916666666666667,2998.0,[*]Cc1cc(C)c(NC(=O)c2ccc3c(c2)C(=O)N(c2ccc(/N=N/c4ccc(F)cc4)c(N4C(=O)c5ccc(C(=O)Nc6c(C)cc([*])cc6C)cc5C4=O)c2)C3=O)c(C)c1,low
852,[*]CC([*])C(=O)N(CCCCCCCC)c1ccc([PH](=O)(=O)c2ccc(OC)cc2)cc1,True,True,False,350.0,0.5,358.3713684082031,[*]CC([*])C(=O)N(CCCCCCCC)c1ccc([PH](=O)(=O)c2ccc(OC)cc2)cc1,0.4230769230769231,1724.0,[*]CC([*])C(=O)Oc1ccc(OC)cc1,low
853,[*]N=P([*])(CCCCCCC)c1cc(Br)ccc1C=C,True,True,False,350.0,0.5,298.5941772460937,[*]N=P([*])(CCCCCCC)c1cc(Br)ccc1C=C,0.35555555555555557,3215.0,[*]N=P([*])(C)CCCCCC,low
854,[*]OC([*])=C(F)c1ccc(OC(=O)c2ccc(C(C)(C)CCC(F)(F)F)cc2)cc1,True,True,False,350.0,0.5,355.1322937011719,[*]OC([*])=C(F)c1ccc(OC(=O)c2ccc(C(C)(C)CCC(F)(F)F)cc2)cc1,0.45454545454545453,4858.0,[*]Oc1ccc(C(c2ccc(OC(=O)c3ccc(C(c4ccc(C([*])=O)cc4)(C(F)(F)F)C(F)(F)F)cc3)cc2)(C(F)(F)F)C(F)(F)F)cc1,low
855,[*]CCCCCCOC(=O)C1CCCCCCC(=O)N(c2cc(O[*])ccc2CCCCC)CC1=O,True,True,False,350.0,0.5,338.7630310058594,[*]CCCCCCOC(=O)C1CCCCCCC(=O)N(c2cc(O[*])ccc2CCCCC)CC1=O,0.2926829268292683,4994.0,[*]Oc1ccc(OC(=O)c2ccc(C([*])=O)cc2)c(C2CCCCC2)c1,low
857,[*]c1cc(S(=O)(=O)O)c([*])cc1OC1=CC=C(C(=O)OCCCCC)C(C)C1,True,True,False,350.0,0.5,367.01861572265625,[*]c1cc(S(=O)(=O)O)c([*])cc1OC1=CC=C(C(=O)OCCCCC)C(C)C1,0.3150684931506849,327.0,[*]C(=O)Oc1ccc(-c2ccc(OC(=O)c3cc(OCCCCCC)c([*])cc3OCCCCCC)cc2)cc1,low
858,[*]Cc1ccc(CN(C)C(=O)Oc2ccc([*])cc2)cc1,True,True,False,350.0,0.5,345.8827209472656,[*]Cc1ccc(CN(C)C(=O)Oc2ccc([*])cc2)cc1,0.5,3164.0,[*]Cc1ccc(OC([*])=O)cc1,medium
859,[*]Nc1cc(NC(=O)OCCCCCCCC)c(C(=O)Oc2ccc(N(c3ccc(C([*])C)cc3)c3ccccc3)cc2)cc1OCCCCC,True,True,False,350.0,0.5,368.3313903808594,[*]Nc1cc(NC(=O)OCCCCCCCC)c(C(=O)Oc2ccc(N(c3ccc(C([*])C)cc3)c3ccccc3)cc2)cc1OCCCCC,0.4025974025974026,327.0,[*]C(=O)Oc1ccc(-c2ccc(OC(=O)c3cc(OCCCCCC)c([*])cc3OCCCCCC)cc2)cc1,low
860,[*]C=Cc1ccc(C(=O)OCCCCCCCCOC(=O)c2ccc(/N=C/c3ccc(OCCc4ccc(O[*])cc4)cc3)cc2)cc1,True,True,False,350.0,0.5,329.515625,[*]C=Cc1ccc(C(=O)OCCCCCCCCOC(=O)c2ccc(/N=C/c3ccc(OCCc4ccc(O[*])cc4)cc3)cc2)cc1,0.515625,4453.0,[*]OCCCCOCCCCOCCCCOC(=O)c1ccc(/N=C/c2ccc(/C=N/c3ccc(C([*])=O)cc3)cc2)cc1,medium
861,[*]CC(O)COc1ccc(OC(=O)c2ccc(S(=O)(=O)C(=O)Nc3ccc([*])cc3)cc2)cc1,True,True,False,350.0,0.5,429.8630981445313,[*]CC(O)COc1ccc(OC(=O)c2ccc(S(=O)(=O)C(=O)Nc3ccc([*])cc3)cc2)cc1,0.47619047619047616,6190.0,[*]c1ccc(OCC(O)COc2ccc(NC(=O)c3ccc(OCC(O)COc4ccc(C([*])(C)C)cc4)cc3)cc2)cc1,low
862,[*]/C=C(/[*])C[Si](C)(C)c1ccccc1-c1ccc(O)cc1,True,True,False,350.0,0.5,377.5307312011719,[*]/C=C(/[*])C[Si](C)(C)c1ccccc1-c1ccc(O)cc1,0.36363636363636365,44.0,[*]/C=C(/[*])c1ccccc1[Si](C)(C)C,low
864,[*]CC[Si](C)(C)CCCCCCCC([*])(c1ccc(OS(=O)(=O)CC)cc1)CC(F)(F)F,True,True,False,350.0,0.5,327.1293029785156,[*]CC[Si](C)(C)CCCCCCCC([*])(c1ccc(OS(=O)(=O)CC)cc1)CC(F)(F)F,0.31746031746031744,6071.0,[*]c1ccc(OC(=O)Oc2ccc(C([*])(CCCC)CCCC)cc2)cc1,low
866,[*]CC([*])CCCCC[N+](C)(C)C,True,True,False,350.0,0.5,277.5595703125,[*]CC([*])CCCCC[N+](C)(C)C,0.5769230769230769,1760.0,[*]CC([*])CCCCCCCC,medium
867,[*]Oc1ccc(/C=N/c2ccc(OC(=O)Nc3ccc(-c4ccc(C([*])=O)cc4)cc3)c(C)c2)cc1,True,True,False,350.0,0.5,467.91156005859375,[*]Oc1ccc(/C=N/c2ccc(OC(=O)Nc3ccc(-c4ccc(C([*])=O)cc4)cc3)c(C)c2)cc1,0.45614035087719296,4776.0,[*]Oc1ccc(-c2ccc(/N=N/c3ccc(C([*])=O)cc3)cc2)cc1,low
868,[*]CCCCCCOC(=O)[SH]C(=O)NCCCCCCN[*],True,True,False,350.0,0.5,301.29217529296875,[*]CCCCCCOC(=O)[SH]C(=O)NCCCCCCN[*],0.5365853658536586,3455.0,[*]NCCCCCCCCCCNC(=O)OCCCCCCCCCCCCCCCCOC([*])=O,medium
869,[*]CCC([*])C(=O)OCCCCCCCOc1cccc(C(C)(C)c2ccc(Br)cc2)c1,True,True,False,350.0,0.5,274.5453491210937,[*]CCC([*])C(=O)OCCCCCCCOc1cccc(C(C)(C)c2ccc(Br)cc2)c1,0.45901639344262296,1692.0,[*]CC([*])C(=O)OCCOc1ccc(C(C)(C)c2ccc(OCCO)cc2)cc1,low
870,[*]C(=O)Nc1ccc(OCCCCCCOc2ccc(C(=O)OC(=O)c3cccc(OCOC(=O)c4ccc([*])cc4)c3)cc2)cc1,True,True,False,350.0,0.5,349.34002685546875,[*]C(=O)Nc1ccc(OCCCCCCOc2ccc(C(=O)OC(=O)c3cccc(OCOC(=O)c4ccc([*])cc4)c3)cc2)cc1,0.4918032786885246,3828.0,[*]Nc1ccc(OCCCCCCCCOc2ccc(NC(=O)c3cccc(C([*])=O)c3)cc2)cc1,low
871,[*]COc1ccc(C#C[Si](COC(C)=O)=O)c(NC(=O)CCCCCCCCC([*])=O)c1,True,True,False,350.0,0.5,326.5860290527344,[*]COc1ccc(C#C[Si](COC(C)=O)=O)c(NC(=O)CCCCCCCCC([*])=O)c1,0.3283582089552239,2276.0,[*]CCCCCC(=O)Nc1ccc(Oc2ccc(NC([*])=O)cc2)cc1,low
873,[*]CC=CC(C#N)c1ccc(/N=N/c2ccc(C#N)cc2)c(Cc2ccc(NC(=O)OCCC([*])=O)cc2C)c1,True,True,False,350.0,0.5,408.6432800292969,[*]CC=CC(C#N)c1ccc(/N=N/c2ccc(C#N)cc2)c(Cc2ccc(NC(=O)OCCC([*])=O)cc2C)c1,0.34375,1394.0,[*]CC([*])(C)C(=O)OCCN(C)c1ccc(/N=N/c2ccc(/N=N/c3ccc(C#N)cc3)cc2C)cc1,low
874,[*]CCN(CCCCCCCC)C(=O)Oc1ccc(CCCCNC([*])=O)cc1,True,True,False,350.0,0.5,327.7890319824219,[*]CCN(CCCCCCCC)C(=O)Oc1ccc(CCCCNC([*])=O)cc1,0.49122807017543857,2733.0,[*]CCc1ccc(OCC(=O)NCCCCCCNC([*])=O)cc1,low
876,[*]OC(=O)c1cc(CCCCCCCC[Si](C)(C)c2ccc(C([*])=O)cc2)ccc1,True,True,False,350.0,0.5,294.732666015625,[*]OC(=O)c1cc(CCCCCCCC[Si](C)(C)c2ccc(C([*])=O)cc2)ccc1,0.5416666666666666,4184.0,[*]OC(=O)c1ccc(CCCCCCc2ccc(C([*])=O)cc2)cc1,medium
877,[*]CC([*])(C)C(=O)OC=C(CCCCC)C(=O)O[Si](C)(C)c1ccccc1,True,True,False,350.0,0.5,322.237548828125,[*]CC([*])(C)C(=O)OC=C(CCCCC)C(=O)O[Si](C)(C)c1ccccc1,0.4,1502.0,[*]CC([*])(C)C(=O)Oc1ccccc1,low
878,[*]CCCCCCc1ccc(-c2ccc(-c3ccc(OC(=O)OCCCCCC([*])=O)cc3)cc2)o1,True,True,False,350.0,0.5,339.8618469238281,[*]CCCCCCc1ccc(-c2ccc(-c3ccc(OC(=O)OCCCCCC([*])=O)cc3)cc2)o1,0.44642857142857145,2439.0,[*]CCCCCCCCCCCCC(=O)Oc1ccc(-c2ccc(OC([*])=O)cc2)cc1,low
879,[*]Oc1ccc(-c2ccc(OCc3ccc(C=[*])cc3CCNc3ccc(OC)cc3)cc2)cc1,True,True,False,350.0,0.5,372.1076965332031,[*]Oc1ccc(-c2ccc(OCc3ccc(C=[*])cc3CCNc3ccc(OC)cc3)cc2)cc1,0.3220338983050847,1126.0,[*]CC(COc1ccc(-c2ccc(OC)cc2)cc1)O[*],low
884,[*]CC([*])c1cc(NC(=O)CCCCCC)ccc1C(=O)OCN(c1ccccc1)C(F)(F)C(F)(F)F,True,True,False,350.0,0.5,401.3638610839844,[*]CC([*])c1cc(NC(=O)CCCCCC)ccc1C(=O)OCN(c1ccccc1)C(F)(F)C(F)(F)F,0.44285714285714284,2031.0,[*]CC([*])c1ccccc1C(=O)OCCCCCC,low
885,[*]CC(CCCCCC)C(=O)c1cccc(-c2ccccc2[Si](C)(C)C(=O)O[*])c1,True,True,False,350.0,0.5,331.6414794921875,[*]CC(CCCCCC)C(=O)c1cccc(-c2ccccc2[Si](C)(C)C(=O)O[*])c1,0.3472222222222222,2821.0,[*]COC(=O)NC(=O)c1cccc(C(=O)NC(=O)OCC([*])CCCCCCCC)c1,low
887,[*]CCN1CCCCC(=O)SC(=O)C([*])CO1,True,True,False,350.0,0.5,322.33868408203125,[*]CCN1CCCCC(=O)SC(=O)C([*])CO1,0.2978723404255319,2645.0,[*]CCN1C(=O)CC([*])C1=O,low
888,[*]C=Cc1ccc(-c2ccc(C=CCCCCCC)cc2)c(CCCCO)c1[*],True,True,False,350.0,0.5,339.61395263671875,[*]C=Cc1ccc(-c2ccc(C=CCCCCCC)cc2)c(CCCCO)c1[*],0.3384615384615385,1006.0,[*]C=Cc1ccc(C=Cc2cc(OCCCCCCC)c([*])cc2OCCCCCCC)cc1,low
889,[*]NCC(Cc1ccc(I)c(N2C(=O)CCCCCCCC2)c1[*])(C(=O)O)c1ccc([N+](=O)[O-])cc1,True,True,False,350.0,0.5,463.0802612304688,[*]NCC(Cc1ccc(I)c(N2C(=O)CCCCCCCC2)c1[*])(C(=O)O)c1ccc([N+](=O)[O-])cc1,0.25,3425.0,[*]NC(CCC(=O)OCc1ccc([N+](=O)[O-])cc1)C([*])=O,low
890,[*]C#CC([*])C(C)CCCCCCCC(=O)O[Si](C)(C)C,True,True,False,350.0,0.5,291.938232421875,[*]C#CC([*])C(C)CCCCCCCC(=O)O[Si](C)(C)C,0.3541666666666667,2143.0,[*]CCC(C)OC(=O)CCCCCCCCC(=O)OC([*])C,low
891,[*]Oc1ccc2c(c1)C(=O)N(CCOC(=O)Cc1ccc(CC(C)CC)c(NC([*])=O)c1)C2=O,True,True,False,350.0,0.5,400.2107238769531,[*]Oc1ccc2c(c1)C(=O)N(CCOC(=O)Cc1ccc(CC(C)CC)c(NC([*])=O)c1)C2=O,0.38095238095238093,5021.0,[*]Oc1ccc(OC(=O)c2ccc3c(c2)C(=O)N(CCOCCOCCN2C(=O)c4ccc(C([*])=O)cc4C2=O)C3=O)c(-c2ccccc2)c1,low
892,[*]C(F)(F)C(F)(F)CN(c1ccccc1)N([*])c1cc(OC)ccc1Oc1ccc(Cl)cc1,True,True,False,350.0,0.5,428.9497375488281,[*]C(F)(F)C(F)(F)CN(c1ccccc1)N([*])c1cc(OC)ccc1Oc1ccc(Cl)cc1,0.2571428571428571,6281.0,[*]c1ccc(Oc2ccc(-c3ccc(-c4ccc(Oc5ccc(C([*])(C)C)cc5)c(C(F)(F)F)c4)cc3)cc2C(F)(F)F)cc1,low
893,[*]CC(=O)C(CSCCCC)OC([*])=O,True,True,False,350.0,0.5,282.1724548339844,[*]CC(=O)C(CSCCCC)OC([*])=O,0.425,1139.0,[*]CC(CSCCCC)O[*],low
894,[*]Oc1ccc(-c2ccc(OCCCCCC(=O)c3cccc(-c4ccc([*])cc4)c3)cc2)cc1,True,True,False,350.0,0.5,353.028076171875,[*]Oc1ccc(-c2ccc(OCCCCCC(=O)c3cccc(-c4ccc([*])cc4)c3)cc2)cc1,0.42592592592592593,5034.0,[*]Oc1ccc(OCCCCCCOc2ccc(OC(=O)c3ccc(C([*])=O)cc3)cc2)cc1,low
895,[*]CC([*])C(=O)NCCc1ccc(OCC(C)CCCC)cc1,True,True,False,350.0,0.5,326.9086303710937,[*]CC([*])C(=O)NCCc1ccc(OCC(C)CCCC)cc1,0.46,1592.0,[*]CC([*])C(=O)NCCCCCCCC,low
896,[*]CCN1CCCCCCCCCCC(C(=O)OCC)C(c2ccc(O[*])c(C)c2)C1=O,True,True,False,350.0,0.5,416.9174499511719,[*]CCN1CCCCCCCCCCC(C(=O)OCC)C(c2ccc(O[*])c(C)c2)C1=O,0.2714285714285714,796.0,[*]C1C(=O)N(c2ccccc2C(=O)OCC)C(=O)C1[*],low
897,[*]N(CCCCCC)c1cccc([*])c1OC(=O)C=C,True,True,False,350.0,0.5,369.8537902832031,[*]N(CCCCCC)c1cccc([*])c1OC(=O)C=C,0.39622641509433965,411.0,[*]C(=O)c1ccc(N([*])CCCCCCC)cc1,low
898,[*]C=Cc1ccc2c(c1)C(=O)N(CCCCOc1ccc(/C=C/c3ccc([*])cc3)cc1)C2=O,True,True,False,350.0,0.5,400.2428894042969,[*]C=Cc1ccc2c(c1)C(=O)N(CCCCOc1ccc(/C=C/c3ccc([*])cc3)cc1)C2=O,0.5094339622641509,5148.0,[*]Oc1ccc2c(c1)C(=O)N(CCCCCCCCCCCCN1C(=O)c3ccc([*])cc3C1=O)C2=O,medium
899,[*]Nc1cc(NC(=O)c2ccc(CCCCCC)cc2)cc(C(=O)c2ccc(P([*])(OCc3cccc(C(C)(C)C)c3)C(F)(F)F)cc2)c1,True,True,False,350.0,0.5,401.8796081542969,[*]Nc1cc(NC(=O)c2ccc(CCCCCC)cc2)cc(C(=O)c2ccc(P([*])(OCc3cccc(C(C)(C)C)c3)C(F)(F)F)cc2)c1,0.3625,3716.0,[*]Nc1ccc(CCc2cccc(NC(=O)c3ccc(C([*])=O)cc3)c2)cc1,low
903,[*]C=C([*])c1ccc(OCCN(c2ccccc2)c2ccc(C(=O)Oc3ccc(CCCCCC)cc3)cc2)cc1,True,True,False,350.0,0.5,361.0016784667969,[*]C=C([*])c1ccc(OCCN(c2ccccc2)c2ccc(C(=O)Oc3ccc(CCCCCC)cc3)cc2)cc1,0.53125,37.0,[*]/C=C(/[*])CCCOc1ccc(OC(=O)c2ccc(OCCCCCCCC)cc2)cc1,medium
905,[*]COc1ccc(C2(OCCC(=O)c3ccc(OC)cc3)C=C2)cc1[Si]([*])(=O)=O,True,True,False,350.0,0.5,385.2242736816406,[*]COc1ccc(C2(OCCC(=O)c3ccc(OC)cc3)C=C2)cc1[Si]([*])(=O)=O,0.3188405797101449,35.0,[*]/C=C(/[*])CCCOc1ccc(OC(=O)c2ccc(OC)cc2)cc1,low
906,[*]CC([*])(C)C(=O)OCc1ccc(C[Si](C)=O)cc1,True,True,False,350.0,0.5,344.1440734863281,[*]CC([*])(C)C(=O)OCc1ccc(C[Si](C)=O)cc1,0.675,1447.0,[*]CC([*])(C)C(=O)OCc1ccc(Cl)cc1,medium
907,[*]=Nc1ccc(C(O)COC(=O)c2ccc(NP(=O)(CN)NC([*])=O)cc2)cc1,True,True,False,350.0,0.5,367.9761962890625,[*]=Nc1ccc(C(O)COC(=O)c2ccc(NP(=O)(CN)NC([*])=O)cc2)cc1,0.31746031746031744,1927.0,[*]CC([*])c1ccc(C(=O)OCC(C)C)cc1,low
909,[*]c1ccc(C(C(=N)Nc2ccc(C#N)cc2)C(=O)C2=CC([*])(C)C2=O)cc1,True,True,False,350.0,0.5,460.3087463378906,[*]c1ccc(C(C(=N)Nc2ccc(C#N)cc2)C(=O)C2=CC([*])(C)C2=O)cc1,0.3125,5868.0,[*]c1ccc(C(c2ccc(C#N)cc2)c2ccc(N([*])c3ccc(C)cc3)cc2)cc1,low
910,[*]c1ccc(OC(=O)c2ccc(C)cc2Oc2ccc(C3([*])C(=O)c4ccc([N+](=O)[O-])cc4C3=O)cc2CCCCCCC)cc1,True,True,False,350.0,0.5,406.7455749511719,[*]c1ccc(OC(=O)c2ccc(C)cc2Oc2ccc(C3([*])C(=O)c4ccc([N+](=O)[O-])cc4C3=O)cc2CCCCCCC)cc1,0.42528735632183906,6029.0,[*]c1ccc(OC(=O)CCCC(=O)Oc2ccc(C3([*])c4cc(OC)ccc4-c4ccc([N+](=O)[O-])cc43)cc2)cc1,low
911,[*]CC([*])C(=O)OCCCCCCN(C)C(=O)CCCCCCOc1cc(OC)ccc1N(CC)C(=O)OCC,True,True,False,350.0,0.5,319.97314453125,[*]CC([*])C(=O)OCCCCCCN(C)C(=O)CCCCCCOc1cc(OC)ccc1N(CC)C(=O)OCC,0.4305555555555556,1657.0,[*]CC([*])C(=O)OCCCCCCOc1ccc(C(=O)Oc2ccc(OC)cc2)cc1,low
912,[*]C=C(C(=O)O)c1ccc(C(=O)NCCN([*])C)cc1,True,True,False,350.0,0.5,412.6163940429688,[*]C=C(C(=O)O)c1ccc(C(=O)NCCN([*])C)cc1,0.3617021276595745,3536.0,[*]NCCCNC(=O)c1ccc(C([*])=O)cc1,low
913,[*]CC([*])OC(=O)c1ccc(-c2ccc(OCC(C)=O)cc2)cc1,True,True,False,350.0,0.5,379.7240905761719,[*]CC([*])OC(=O)c1ccc(-c2ccc(OCC(C)=O)cc2)cc1,0.7,1826.0,[*]CC([*])OC(=O)c1ccc(OCC)cc1,medium
916,[*]Oc1ccc(CCC(=O)/C=C(\C)c2ccc(OC(=O)C(=O)NNC([*])=O)cc2)cc1,True,True,False,350.0,0.5,475.4638671875,[*]Oc1ccc(CCC(=O)/C=C(\C)c2ccc(OC(=O)C(=O)NNC([*])=O)cc2)cc1,0.37037037037037035,4939.0,[*]Oc1ccc(Cc2ccc(Cc3ccc(OC([*])=O)cc3)cc2)cc1,low
917,[*]N=P([*])(CSC)C(C)(C#N)CSCCNc1ccc(-c2ccc(C#N)cc2)c(C)c1,True,True,False,350.0,0.5,342.0301513671875,[*]N=P([*])(CSC)C(C)(C#N)CSCCNc1ccc(-c2ccc(C#N)cc2)c(C)c1,0.2222222222222222,1425.0,[*]CC([*])(C)C(=O)OCCOc1ccc(-c2ccc(-c3ccc(C#N)cc3)cc2)cc1,low
919,[*]/C=C/C([*])COC(=O)N1CCCCCC1,True,True,False,350.0,0.5,306.21002197265625,[*]/C=C/C([*])COC(=O)N1CCCCCC1,0.38461538461538464,1584.0,[*]CC([*])C(=O)N1CCCCC1,low
920,[*]c1ccc(Oc2ccc(-c3nnc([*])c(CCCCCC(C)=O)c3)cc2)cc1,True,True,False,350.0,0.5,434.2501220703125,[*]c1ccc(Oc2ccc(-c3nnc([*])c(CCCCCC(C)=O)c3)cc2)cc1,0.3770491803278688,438.0,[*]C(=O)c1ccc(Oc2ccc(-c3cc(-c4ccc(Oc5ccc([*])cc5)cc4)[nH]n3)cc2)cc1,low
921,[*]CC([*])(C)C(=O)Oc1ccc(C(O)(OC)c2ccc(C(=O)O)cc2)c(S(=O)(=O)O[Na])c1,True,True,False,350.0,0.5,387.6901245117188,[*]CC([*])(C)C(=O)Oc1ccc(C(O)(OC)c2ccc(C(=O)O)cc2)c(S(=O)(=O)O[Na])c1,0.5454545454545454,1485.0,[*]CC([*])(C)C(=O)Oc1ccc(C(=O)O)cc1,medium
922,[*]CCCCCCC(S)c1cc(F)c(N=C(C)c2ccc(O[*])c(SCCCC)c2)c(F)c1F,True,True,False,350.0,0.5,325.86309814453125,[*]CCCCCCC(S)c1cc(F)c(N=C(C)c2ccc(O[*])c(SCCCC)c2)c(F)c1F,0.26436781609195403,1874.0,[*]CC([*])c1cc(-c2ccc(C(=O)OC(C)CCCCCC)cc2)ccc1-c1ccc(C(=O)OC(C)CCCCCC)cc1,low
924,[*]CC([*])c1ccc(C(=O)c2ccc(OCCCCOc3ccc(S(=O)(=O)c4ccc(OC(=O)c5ccccc5)cc4)cc3)cc2)c(F)c1,True,True,False,350.0,0.5,374.2718200683594,[*]CC([*])c1ccc(C(=O)c2ccc(OCCCCOc3ccc(S(=O)(=O)c4ccc(OC(=O)c5ccccc5)cc4)cc3)cc2)c(F)c1,0.463768115942029,1891.0,[*]CC([*])c1cc(C(=O)Oc2ccc(OCCCC)cc2)ccc1C(=O)Oc1ccc(OCCCC)cc1,low
925,[*]CCOC=CC(O)C(C)(c1ccccc1)OC(=O)C1CCC([*])([Si](C)(C)C)C1,True,True,False,350.0,0.5,323.2795715332031,[*]CCOC=CC(O)C(C)(c1ccccc1)OC(=O)C1CCC([*])([Si](C)(C)C)C1,0.275,1238.0,[*]CC([*])(C)C(=O)OCC(O)C1CC(C)(c2ccccc2)C1,low
926,[*]CC([*])(C)c1ccc(/C=C/[Si](C)(C)CCCC)c(OC)c1,True,True,False,350.0,0.5,330.54351806640625,[*]CC([*])(C)c1ccc(/C=C/[Si](C)(C)CCCC)c(OC)c1,0.34615384615384615,1509.0,[*]CC([*])(C)c1ccc2ccccc2c1,low
927,[*]CC(C)CCOC(=O)/C=C(/CCCCCCl)C(=O)O[*],True,True,False,350.0,0.5,325.7835998535156,[*]CC(C)CCOC(=O)/C=C(/CCCCCCl)C(=O)O[*],0.32075471698113206,2662.0,[*]CCOC(=O)CCCCC(=O)OCCC([*])C,low
928,[*]c1ccc(SCCCP(=O)(Oc2ccccc2)Oc2ccc(/C=N/C([*])(F)Cl)c(Cl)c2)cc1,True,True,False,350.0,0.5,342.502197265625,[*]c1ccc(SCCCP(=O)(Oc2ccccc2)Oc2ccc(/C=N/C([*])(F)Cl)c(Cl)c2)cc1,0.3188405797101449,6251.0,[*]c1ccc(OP(=O)(Oc2ccccc2)Oc2ccc(C([*])(C)C)cc2)cc1,low
929,[*]C=CC(=O)OCCCCCCCC(=O)N1CCN([*])C(=O)C1,True,True,False,350.0,0.5,330.4854736328125,[*]C=CC(=O)OCCCCCCCC(=O)N1CCN([*])C(=O)C1,0.43478260869565216,895.0,[*]C=CC(=O)OCCCCOC([*])=O,low
930,[*]C([*])C(=O)OC(=O)c1ccc(/C=C/c2ccc(CC)cc2CCCCCCC)cc1,True,True,False,350.0,0.5,361.5610961914063,[*]C([*])C(=O)OC(=O)c1ccc(/C=C/c2ccc(CC)cc2CCCCCCC)cc1,0.36923076923076925,2869.0,[*]COC(=O)c1ccc(C(=O)OCC(CCCCCC)C([*])CCCCCC)cc1,low
933,[*]CC([*])(C)C(=O)OCCCCc1ccc(CNC(=O)c2ccccc2)cc1,True,True,False,350.0,0.5,372.1915283203125,[*]CC([*])(C)C(=O)OCCCCc1ccc(CNC(=O)c2ccccc2)cc1,0.723404255319149,1377.0,[*]CC([*])(C)C(=O)OCCCCc1ccccc1,medium
934,[*]NCCCCCOC(=O)OCCOc1ccc(-c2ccc(/C=N/C(=O)Nc3ccc([*])o3)o2)o1,True,True,False,350.0,0.5,361.4664306640625,[*]NCCCCCOC(=O)OCCOc1ccc(-c2ccc(/C=N/C(=O)Nc3ccc([*])o3)o2)o1,0.28,3505.0,[*]NCCCCCCNC(=O)OCc1ccc(COC([*])=O)o1,low
935,[*]Nc1ccc(N2C(=O)c3ccc(OCCCCCCC([*])COc4ccc([N+](=O)[O-])cc4C3=O)cc2)c(C#N)c1,True,True,False,350.0,0.5,530.6233520507812,[*]Nc1ccc(N2C(=O)c3ccc(OCCCCCCC([*])COc4ccc([N+](=O)[O-])cc4C3=O)cc2)c(C#N)c1,0.23148148148148148,3779.0,[*]Nc1ccc(N(c2ccc(NC3CC(=O)N(c4ccc(Cc5ccc(N6C(=O)CC([*])C6=O)cc5)cc4)C3=O)cc2)c2ccc([N+](=O)[O-])cc2)cc1,low
936,[*]Oc1ccc(C(=O)Nc2ccc(OCCCCCCCOc3ccc(-c4ccc([N+](=O)[O-])cc4)cc3)cc2)c([*])c1O,True,True,False,350.0,0.5,399.39752197265625,[*]Oc1ccc(C(=O)Nc2ccc(OCCCCCCCOc3ccc(-c4ccc([N+](=O)[O-])cc4)cc3)cc2)c([*])c1O,0.4057971014492754,1655.0,[*]CC([*])C(=O)OCCCCCCOc1ccc(/N=N/c2ccc([N+](=O)[O-])cc2)cc1,low
937,[*]Oc1ccc(/C=C/c2ccc(OC(=O)Nc3c(C(C)C)cc([*])cc3)cc2)cc1Oc1ccccc1,True,True,False,350.0,0.5,443.8647155761719,[*]Oc1ccc(/C=C/c2ccc(OC(=O)Nc3c(C(C)C)cc([*])cc3)cc2)cc1Oc1ccccc1,0.38571428571428573,480.0,[*]C(=O)c1ccc(Oc2ccc(Oc3ccc(C(=O)c4ccc(Oc5ccc(Oc6ccc([*])cc6C(C)C)cc5)c(C(C)C)c4)cc3)cc2)cc1,low
938,[*]OC(=O)c1cccc(N([*])C(CC)CSC(F)(F)F)c1,True,True,False,350.0,0.5,338.0235900878906,[*]OC(=O)c1cccc(N([*])C(CC)CSC(F)(F)F)c1,0.38,4216.0,[*]OC(=O)c1cccc(C([*])=O)c1,low
939,[*]CC([*])OCCCCCCC(=O)NC1=CC=C(OC)CC1,True,True,False,350.0,0.5,324.33990478515625,[*]CC([*])OCCCCCCC(=O)NC1=CC=C(OC)CC1,0.3770491803278688,1847.0,[*]CC([*])OCCCCCCCCCCCOc1ccc(C(=O)Oc2ccc(OCC)cc2)cc1,low
942,[*]OC(C)=Nc1ccc(OC(c2ccccc2)c2ccc(C(=O)OCCOC([*])=O)cc2)cc1,True,True,False,350.0,0.5,344.27783203125,[*]OC(C)=Nc1ccc(OC(c2ccccc2)c2ccc(C(=O)OCCOC([*])=O)cc2)cc1,0.39285714285714285,3043.0,[*]Cc1ccc(C(=O)OCCOC([*])=O)cc1,low
943,[*]C=Cc1cc(OC(=O)Nc2ccc(Oc3ccc(C(=O)OCCCCCCCC)cc3)cc2)cc(C([*])=O)c1Cl,True,True,False,350.0,0.5,398.11029052734375,[*]C=Cc1cc(OC(=O)Nc2ccc(Oc3ccc(C(=O)OCCCCCCCC)cc3)cc2)cc(C([*])=O)c1Cl,0.4117647058823529,4397.0,[*]OCCCCCCOC(=O)c1ccc(Oc2ccc(C([*])=O)cc2)cc1,low
946,[*]OC(=O)CCCCCCC(=O)Nc1ccc([*])cc1N(C)CCCC,True,True,False,350.0,0.5,369.9579772949219,[*]OC(=O)CCCCCCC(=O)Nc1ccc([*])cc1N(C)CCCC,0.4027777777777778,3386.0,[*]NC(=O)c1ccc(NC(=O)CCCCCCC(=O)Nc2ccc(C(=O)Nc3ccc([*])cc3C(=O)OCCCCCCCCCCCCCCCCCC)cc2)cc1,low
947,[*]CCOC(=O)SN(Cc1ccccc1)NC(=O)c1ccc(CC(=O)S[*])cc1,True,True,False,350.0,0.5,388.5706176757813,[*]CCOC(=O)SN(Cc1ccccc1)NC(=O)c1ccc(CC(=O)S[*])cc1,0.3064516129032258,5319.0,[*]SCCCN(Cc1ccccc1)C([*])=O,low
949,[*]C=CC(C)Oc1ccc(C=C2CCC(=O)N([*])CC2)cc1O,True,True,False,350.0,0.5,354.2718505859375,[*]C=CC(C)Oc1ccc(C=C2CCC(=O)N([*])CC2)cc1O,0.2625,880.0,[*]C=C1CCC/C(=C\c2ccc(OC(=O)CCCCCCCCC(=O)Oc3ccc([*])cc3OC)c(OC)c2)C1=O,low
950,[*]CCN(CC)c1ccc(C(=O)c2cccc(OCC(F)(F)C(F)(F)C(=O)COc3ccc(C([*])=O)cc3)c2)cc1,True,True,False,350.0,0.5,354.1713256835937,[*]CCN(CC)c1ccc(C(=O)c2cccc(OCC(F)(F)C(F)(F)C(=O)COc3ccc(C([*])=O)cc3)c2)cc1,0.38235294117647056,501.0,[*]C(=O)c1ccc(Oc2cccc(C(=O)c3ccc(Oc4ccc([*])cc4)cc3)c2)cc1,low
951,[*]CCOc1ccc(C(=O)c2ccc(N(CC)c3ccc([*])cc3)cc2C(C)(C)C)cc1,True,True,False,350.0,0.5,411.8119812011719,[*]CCOc1ccc(C(=O)c2ccc(N(CC)c3ccc([*])cc3)cc2C(C)(C)C)cc1,0.3870967741935484,6239.0,[*]c1ccc(OCCOC(=O)c2ccc(C(=O)OCCOc3ccc(C([*])(C)C)cc3)cc2)cc1,low
953,[*]Nc1ccc(C(=O)Oc2ccc(Oc3ccc(N4C(=O)c5ccc([*])cc5C4=O)cc3)cc2)c(C#N)c1,True,True,False,350.0,0.5,492.0266723632813,[*]Nc1ccc(C(=O)Oc2ccc(Oc3ccc(N4C(=O)c5ccc([*])cc5C4=O)cc3)cc2)c(C#N)c1,0.5573770491803278,3889.0,[*]Nc1ccc(Oc2ccc(N3C(=O)c4ccc(C([*])=O)cc4C3=O)cc2)cc1,medium
954,[*]C[N+]([*])(CC)C(=O)OCc1ccc(S(=O)(=O)C(F)(F)C(F)OC)cc1,True,True,False,350.0,0.5,317.8549499511719,[*]C[N+]([*])(CC)C(=O)OCc1ccc(S(=O)(=O)C(F)(F)C(F)OC)cc1,0.2903225806451613,1447.0,[*]CC([*])(C)C(=O)OCc1ccc(Cl)cc1,low
957,[*]Cc1ccc(NC(=O)COCCCCC(=O)Nc2cccc(Oc3ccc(C(F)(F)C(F)(F)OC([*])=O)cc3)c2)cc1,True,True,False,350.0,0.5,363.7801818847656,[*]Cc1ccc(NC(=O)COCCCCC(=O)Nc2cccc(Oc3ccc(C(F)(F)C(F)(F)OC([*])=O)cc3)c2)cc1,0.5294117647058824,2241.0,[*]CCCCC(=O)Nc1cccc(Oc2ccc(NC([*])=O)cc2)c1,medium
958,[*]CC([*])C(=O)Oc1ccc(C(OC(=O)Cl)OC)cc1,True,True,False,350.0,0.5,309.7190246582031,[*]CC([*])C(=O)Oc1ccc(C(OC(=O)Cl)OC)cc1,0.6097560975609756,1724.0,[*]CC([*])C(=O)Oc1ccc(OC)cc1,medium
960,[*]CC1CCC(OC(=O)c2ccc(C(=O)OCCCCCCOC([*])=O)cc2)COC1,True,True,False,350.0,0.5,321.1122436523437,[*]CC1CCC(OC(=O)c2ccc(C(=O)OCCCCCCOC([*])=O)cc2)COC1,0.46296296296296297,2255.0,[*]CCCCC(=O)OCCCCOC(=O)c1ccc(C(=O)OCCCCOC([*])=O)cc1,low
961,[*]C=C(C)O[Si](C)(C)CCCCCCCOC(=O)Oc1ccc(C(=O)NC(C(F)(F)F)C(F)(F)C(F)(F)C(F)(F)COc2ccc(O[*])cc2C)cc1,True,True,False,350.0,0.5,308.5720520019531,[*]C=C(C)O[Si](C)(C)CCCCCCCOC(=O)Oc1ccc(C(=O)NC(C(F)(F)F)C(F)(F)C(F)(F)C(F)(F)COc2ccc(O[*])cc2C)cc1,0.3473684210526316,4989.0,[*]Oc1ccc(OC(=O)c2ccc(-c3ccc(OCCCCCCCCCC[Si](C)(C)O[Si](C)(C)CCCCCCOC(=O)C([*])C)cc3)cc2)cc1,low
962,[*]Cc1ccc([*])cc1OCCCCCCCCN(c1ccc(C(=O)C(F)(F)C(F)(F)C(F)(F)C(F)(F)c2ccccc2)cc1)c1ccccc1,True,True,False,350.0,0.5,367.4746398925781,[*]Cc1ccc([*])cc1OCCCCCCCCN(c1ccc(C(=O)C(F)(F)C(F)(F)C(F)(F)C(F)(F)c2ccccc2)cc1)c1ccccc1,0.3424657534246575,189.0,[*]C(=O)N(C(=O)c1ccc(OCCCCCCOc2ccc([*])cc2)cc1)c1ccccc1,low
963,[*]Oc1cc([*])c(OC(CC)(CCCCCC)C(=O)Oc2ccc([N+](=O)[O-])cc2)cc1-c1ccccc1,True,True,False,350.0,0.5,345.1536865234375,[*]Oc1cc([*])c(OC(CC)(CCCCCC)C(=O)Oc2ccc([N+](=O)[O-])cc2)cc1-c1ccccc1,0.4074074074074074,332.0,[*]C(=O)Oc1ccc(OC(=O)c2cc(OCCCCCCCCCCCC)c([*])cc2OCCCCCCCCCCCC)cc1-c1ccccc1,low
964,[*]c1ccccc1OC(=O)NNC(=O)c1ccc(C(=O)N([*])C)c(S)c1,True,True,False,350.0,0.5,444.0015869140625,[*]c1ccccc1OC(=O)NNC(=O)c1ccc(C(=O)N([*])C)c(S)c1,0.30666666666666664,3566.0,[*]NNC(=O)c1ccc(C(=O)NNC(=O)c2ccc(OC(=O)c3cccc(C(=O)Oc4ccc(C([*])=O)cc4)c3)cc2)c(Oc2ccccc2)c1,low
965,[*]OCCOc1ccc(/C=C/C(=O)[Si](CCCC)c2ccc(C(=O)N[*])cc2)cc1,True,True,False,350.0,0.5,352.713623046875,[*]OCCOc1ccc(/C=C/C(=O)[Si](CCCC)c2ccc(C(=O)N[*])cc2)cc1,0.41025641025641024,3385.0,[*]NC(=O)c1ccc(C(=O)Nc2cc([*])cc(C(=O)OCCOc3ccc(/C=C/C(=O)c4ccccc4)cc3)c2)cc1,low
966,[*]CCOc1ccc(CCCCCCOC(=O)c2ccc(OC(=O)Nc3ccc(O[*])cc3)cc2)C(=O)OC1,True,True,False,350.0,0.5,322.1142272949219,[*]CCOc1ccc(CCCCCCOC(=O)c2ccc(OC(=O)Nc3ccc(O[*])cc3)cc2)C(=O)OC1,0.37681159420289856,4842.0,[*]Oc1ccc(C(=O)OCCOCCOC(=O)c2ccc(OC([*])=O)cc2)cc1,low
967,[*]CCN([*])CC[Si](CCCC)(OC(F)(F)F)CSC,True,True,False,350.0,0.5,255.2825164794922,[*]CCN([*])CC[Si](CCCC)(OC(F)(F)F)CSC,0.35714285714285715,2643.0,[*]CCN([*])CC[Si](C)(C)C,low
968,[*]NNC(=O)c1ccc(S(=O)(=O)c2ccc(OCCCOc3ccc([Si]([*])(C)C)cc3)cc2)c(/N=C/c2ccc(C#N)cc2)c1,True,True,False,350.0,0.5,413.9644165039063,[*]NNC(=O)c1ccc(S(=O)(=O)c2ccc(OCCCOc3ccc([Si]([*])(C)C)cc3)cc2)c(/N=C/c2ccc(C#N)cc2)c1,0.38823529411764707,1286.0,[*]CC([*])(C)C(=O)OCCCCCCCCCCCOc1ccc(/C=N/c2ccc(C#N)cc2)cc1,low
970,[*]C(O)(C)[Si](C)(C)C(O)COC(=O)c1ccc(C([*])=O)cc1,True,True,False,350.0,0.5,343.1455993652344,[*]C(O)(C)[Si](C)(C)C(O)COC(=O)c1ccc(C([*])=O)cc1,0.43478260869565216,4328.0,[*]OCCCCCCCCCCOC(=O)c1ccc(C([*])=O)cc1,low
971,[*]CC([*])C(=O)Nc1ccc(/N=C/c2ccc(COCCC)cc2)cc1Cl,True,True,False,350.0,0.5,362.6099548339844,[*]CC([*])C(=O)Nc1ccc(/N=C/c2ccc(COCCC)cc2)cc1Cl,0.4166666666666667,1601.0,[*]CC([*])C(=O)Nc1ccccc1Cl,low
972,[*]COc1ccc(CCCCCCCNC(=O)c2ccc(/C=C/c3ccc(O[*])cc3)cc2)cc1OC,True,True,False,350.0,0.5,377.245849609375,[*]COc1ccc(CCCCCCCNC(=O)c2ccc(/C=C/c3ccc(O[*])cc3)cc2)cc1OC,0.3870967741935484,3039.0,[*]Cc1ccc(C(=O)NCCCCCCNC([*])=O)cc1,low
974,[*]Oc1ccc(C(=O)c2ccc(-c3ccc(OCCCCCC[SH]=[*])cc3C)cc2)cc1,True,True,False,350.0,0.5,325.0658569335937,[*]Oc1ccc(C(=O)c2ccc(-c3ccc(OCCCCCC[SH]=[*])cc3C)cc2)cc1,0.417910447761194,1884.0,[*]CC([*])c1cc(C(=O)OCC)ccc1-c1ccc(OCCCCCCCC)cc1,low
975,[*]CC([*])(C)C(=O)Oc1ccc(S(=O)(=O)CC(C)NC(=O)c2ccc(OCC)cc2)cc1,True,True,False,350.0,0.5,404.9161682128906,[*]CC([*])(C)C(=O)Oc1ccc(S(=O)(=O)CC(C)NC(=O)c2ccc(OCC)cc2)cc1,0.49122807017543857,1486.0,[*]CC([*])(C)C(=O)Oc1ccc(C(=O)OC)cc1,low
976,[*]CCN(CC)COC(=O)NCCCCCCNC(=O)Nc1ccc(S[*])cc1,True,True,False,350.0,0.5,338.7868347167969,[*]CCN(CC)COC(=O)NCCCCCCNC(=O)Nc1ccc(S[*])cc1,0.3709677419354839,3443.0,[*]NCCCCCCCCCCCCCCCCCCNC(=O)Nc1ccc(Cc2ccc(NC([*])=O)cc2)cc1,low
977,[*]Oc1ccc(C(=O)c2cccc([*])c2)cc1,True,True,False,350.0,0.5,452.44622802734375,[*]Oc1ccc(C(=O)c2cccc([*])c2)cc1,0.5641025641025641,460.0,[*]C(=O)c1ccc(Oc2ccc(C(=O)c3cccc(C(=O)c4ccc(Oc5ccc([*])cc5)cc4)c3)cc2)cc1,medium
978,[*]CC(O)CS(=O)(=O)c1ccc(CCCCCCC(=N)[Si]([*])(C)C)cc1,True,True,False,350.0,0.5,352.3577880859375,[*]CC(O)CS(=O)(=O)c1ccc(CCCCCCC(=N)[Si]([*])(C)C)cc1,0.3188405797101449,1151.0,[*]CC(O)CCCS(=O)(=O)c1ccc(C#Cc2ccc(N([*])CCCC)cc2)cc1,low
979,[*]C(=O)OCCCCCCCC(=O)Nc1ccc(NC(=O)C2CCN([*])CC2=O)cc1,True,True,False,350.0,0.5,452.4314880371094,[*]C(=O)OCCCCCCCC(=O)Nc1ccc(NC(=O)C2CCN([*])CC2=O)cc1,0.4,2275.0,[*]CCCCCC(=O)Nc1ccc(NC([*])=O)cc1,low
980,[*]Nc1ccc(-c2ccc(C(OC)c3ccc(OC(=O)CCCCCCC([*])=O)cc3SC)s2)cc1,True,True,False,350.0,0.5,336.1976318359375,[*]Nc1ccc(-c2ccc(C(OC)c3ccc(OC(=O)CCCCCCC([*])=O)cc3SC)s2)cc1,0.323943661971831,2439.0,[*]CCCCCCCCCCCCC(=O)Oc1ccc(-c2ccc(OC([*])=O)cc2)cc1,low
984,[*]CC(O)CN([*])C(=O)c1cc(OC(=O)CCCCCCCCC)c(C[N+](C)(C)C)cc1,True,True,False,350.0,0.5,356.57550048828125,[*]CC(O)CN([*])C(=O)c1cc(OC(=O)CCCCCCCCC)c(C[N+](C)(C)C)cc1,0.35135135135135137,4149.0,[*]OC(=O)CCCCCC(=O)Oc1cc(OC(=O)c2ccc(OCCCC)cc2)c([*])cc1OC(=O)c1ccc(OCCCC)cc1,low
985,[*]O[Si]([*])(C)c1ccc(/N=N/c2ccc(OCCCCCCCC)cc2)c(/C=N/c2ccc(N(C)C)cc2)c1,True,True,False,350.0,0.5,343.3078918457031,[*]O[Si]([*])(C)c1ccc(/N=N/c2ccc(OCCCCCCCC)cc2)c(/C=N/c2ccc(N(C)C)cc2)c1,0.3974358974358974,1654.0,[*]CC([*])C(=O)OCCCCCCOc1ccc(/C=N/c2ccc(OCCCCC)cc2)c(O)c1,low
986,[*]CCCCCCCOC(=O)c1ccc2nc(Cl)c(O[*])cc2c1,True,True,False,350.0,0.5,319.3258056640625,[*]CCCCCCCOC(=O)c1ccc2nc(Cl)c(O[*])cc2c1,0.4807692307692308,4308.0,[*]OCCCCCCCCCCCCOC(=O)c1ccc2cc(C([*])=O)ccc2c1,low
987,[*]C#CC([*])(C)C(=O)Oc1ccc(OCC(F)(F)C(F)(F)OCCCCC)cc1,True,True,False,350.0,0.5,301.811767578125,[*]C#CC([*])(C)C(=O)Oc1ccc(OCC(F)(F)C(F)(F)OCCCCC)cc1,0.4426229508196721,1549.0,[*]CC([*])(CC(=O)Oc1ccc(OCCCCC)cc1)C(=O)Oc1ccc(OCCCCC)cc1,low
988,[*]C(=O)c1ccc(/C=C/CCCCCCC(=O)Oc2ccc(C([*])C(F)(F)F)cc2)c(OCCOC)c1,True,True,False,350.0,0.5,330.587890625,[*]C(=O)c1ccc(/C=C/CCCCCCC(=O)Oc2ccc(C([*])C(F)(F)F)cc2)c(OCCOC)c1,0.3253012048192771,1268.0,[*]CC([*])(C)C(=O)OCCCCCC(=O)Oc1ccc(OC(=O)c2ccc(OC)cc2)cc1,low
989,[*]CCCN(C)c1ccc(OC(=O)SN(CCCCCCc2ccc(C([*])=O)cc2)C(C)(C)C)cc1,True,True,False,350.0,0.5,330.25177001953125,[*]CCCN(C)c1ccc(OC(=O)SN(CCCCCCc2ccc(C([*])=O)cc2)C(C)(C)C)cc1,0.4126984126984127,2491.0,[*]CCCCCCCCN(C)c1ccc(C(=O)c2ccc(N([*])C)cc2)cc1,low
990,[*]OC([*])(C)COc1ccc(C(=O)OC(C=C)COc2ccc(OC)cc2)cc1,True,True,False,350.0,0.5,331.75018310546875,[*]OC([*])(C)COc1ccc(C(=O)OC(C=C)COc2ccc(OC)cc2)cc1,0.4339622641509434,1825.0,[*]CC([*])OC(=O)c1ccc(OC)cc1,low
991,[*]CCC([*])CNc1ccc(CCCCCC)c(C(=N)NC)c1,True,True,False,350.0,0.5,371.7643432617188,[*]CCC([*])CNc1ccc(CCCCCC)c(C(=N)NC)c1,0.2982456140350877,2738.0,[*]CCc1ccc([*])cc1CCCC,low
992,[*]COc1ccc(-c2ccc(CCCCC([*])=O)cc2)c(C(=O)O[Na])c1C(C)C,True,True,False,350.0,0.5,348.25994873046875,[*]COc1ccc(-c2ccc(CCCCC([*])=O)cc2)c(C(=O)O[Na])c1C(C)C,0.29508196721311475,4186.0,[*]OC(=O)c1ccc(CCCCc2ccc(C([*])=O)cc2)cc1,low
995,[*]C=CC([*])(C)C(=O)OCCCCCCCN1C=CC/C(=C\c2ccc(-c3ccc(C#N)cc3)cc2)CC1,True,True,False,350.0,0.5,346.43121337890625,[*]C=CC([*])(C)C(=O)OCCCCCCCN1C=CC/C(=C\c2ccc(-c3ccc(C#N)cc3)cc2)CC1,0.43243243243243246,1326.0,[*]CC([*])(C)C(=O)OCCCCCCOc1ccc(-c2ccc(C#N)cc2)cc1,low
996,[*]CCOC(=O)Nc1ccc(OCCN[PH](=O)(c2ccccc2)c2ccc(C([*])=O)cc2)cc1,True,True,False,350.0,0.5,369.93505859375,[*]CCOC(=O)Nc1ccc(OCCN[PH](=O)(c2ccccc2)c2ccc(C([*])=O)cc2)cc1,0.43636363636363634,3550.0,[*]NCCOc1ccc(C([*])=O)cc1,low
997,[*]CC(CCCCCC)c1ccc(OCCCCCOc2ccc(C([*])=O)cc2)cc1,True,True,False,350.0,0.5,302.23443603515625,[*]CC(CCCCCC)c1ccc(OCCCCCOc2ccc(C([*])=O)cc2)cc1,0.5106382978723404,4190.0,[*]OC(=O)c1ccc(OCCCCCCOc2ccc(C([*])=O)cc2)cc1,medium
998,[*]CC([*])C(=O)Oc1ccc2cc([Si](C)C)c(NC(=O)OCCOCC)cc2c1,True,True,False,350.0,0.5,349.566650390625,[*]CC([*])C(=O)Oc1ccc2cc([Si](C)C)c(NC(=O)OCCOCC)cc2c1,0.42592592592592593,1684.0,[*]CC([*])C(=O)OCCOCC,low
999,[*]CCCCCCCOc1ccc2c(c1)C(=O)N(CC/C=C/c1ccc(Sc3ccc(N=[*])cc3)cc1)C2=O,True,True,False,350.0,0.5,343.7129821777344,[*]CCCCCCCOc1ccc2c(c1)C(=O)N(CC/C=C/c1ccc(Sc3ccc(N=[*])cc3)cc1)C2=O,0.3698630136986301,2472.0,[*]CCCCCCCCCCCN1C(=O)c2ccc(C(=O)Oc3ccc(OC([*])=O)cc3)cc2C1=O,low
1000,[*]CCN(C(=O)O[*])c1ccc(N2CCCCCCCC2)cc1,True,True,False,450.0,0.5,385.236328125,[*]CCN(C(=O)O[*])c1ccc(N2CCCCCCCC2)cc1,0.2777777777777778,1924.0,[*]CC([*])c1ccc(C(=O)N2CCCCC2)cc1,low
1001,[*]CC(=O)NCCCCCCCCCCN(C)C(=O)COc1ccc(OCCCCC(=O)OCc2ccc([*])cc2)cc1,True,True,False,450.0,0.5,310.1688537597656,[*]CC(=O)NCCCCCCCCCCN(C)C(=O)COc1ccc(OCCCCC(=O)OCc2ccc([*])cc2)cc1,0.391304347826087,2733.0,[*]CCc1ccc(OCC(=O)NCCCCCCNC([*])=O)cc1,low
1002,[*]/C=C(/[*])C(F)(F)CCCCCCCOc1ccc2ccc(C(=O)O[Na])cc2c1,True,True,False,450.0,0.5,316.5972595214844,[*]/C=C(/[*])C(F)(F)CCCCCCCOc1ccc2ccc(C(=O)O[Na])cc2c1,0.4,1285.0,[*]CC([*])(C)C(=O)OCCCCCCCCCCCCOc1ccc2cc(C(=O)Oc3ccccc3)ccc2c1,low
1003,[*]C=C(CCCCCOc1ccc(/N=N/C(C)=O)cc1)C1CCCC1C([*])=O,True,True,False,450.0,0.5,365.3171997070313,[*]C=C(CCCCCOc1ccc(/N=N/C(C)=O)cc1)C1CCCC1C([*])=O,0.35294117647058826,37.0,[*]/C=C(/[*])CCCOc1ccc(OC(=O)c2ccc(OCCCCCCCC)cc2)cc1,low
1004,[*]N=CCCCC[Si]([*])(C)COC(=O)c1cc(OCC(C)CCCC)ccc1C,True,True,False,450.0,0.5,286.47216796875,[*]N=CCCCC[Si]([*])(C)COC(=O)c1cc(OCC(C)CCCC)ccc1C,0.3253012048192771,4625.0,[*]O[Si]([*])(C)CCCCCCCCCCC(=O)Oc1ccc(C(=O)Oc2ccc(OC(=O)c3ccc(OCC(C)CC)cc3)cc2)cc1,low
1005,[*]CC=C(CCCCCC)C(=O)Nc1ccc(CN(CCC)OC([*])CC)cc1,True,True,False,450.0,0.5,331.6044311523437,[*]CC=C(CCCCCC)C(=O)Nc1ccc(CN(CCC)OC([*])CC)cc1,0.3088235294117647,149.0,[*]=Nc1ccc(Cc2ccc(NC(=[*])CCCC)cc2)cc1,low
1009,[*]CCOCCCCCC(=O)OC(=O)C(C)(C)O[*],True,True,False,450.0,0.5,276.4222412109375,[*]CCOCCCCCC(=O)OC(=O)C(C)(C)O[*],0.4,2373.0,[*]CCCCCCCCC(=O)OC([*])=O,low
1010,[*]C=C(CC(C)CSC([*])=O)c1ccccc1,True,True,False,450.0,0.5,321.24188232421875,[*]C=C(CC(C)CSC([*])=O)c1ccccc1,0.358974358974359,861.0,[*]C=C([*])c1ccccc1,low
1011,[*]NC(=O)CCCCCN1CC/C([*])=N\c2ccc(CS2)cc1,True,True,False,450.0,0.5,381.35498046875,[*]NC(=O)CCCCCN1CC/C([*])=N\c2ccc(CS2)cc1,0.24,3315.0,[*]NC(=O)CCCCCC(=O)NC(C)C(=O)OC1COC2C(OC(=O)C([*])C)COC12,low
1012,[*]N=P([*])(c1ccccc1)C(F)(F)C([2H])(F)F,True,True,False,450.0,0.5,251.20294189453125,[*]N=P([*])(c1ccccc1)C(F)(F)C([2H])(F)F,0.4,3216.0,[*]N=P([*])(C)c1ccccc1,low
1013,[*]COC(=O)CCCCC(=O)Oc1ccc(/N=N/c2ccc(OCCC([*])=O)cc2C)cc1,True,True,False,450.0,0.5,333.3230285644531,[*]COC(=O)CCCCC(=O)Oc1ccc(/N=N/c2ccc(OCCC([*])=O)cc2C)cc1,0.4925373134328358,2801.0,[*]COC(=O)CCCCC(=O)OCC([*])CCCCCCOc1ccc(/N=N/c2ccc(C)cc2)cc1,low
1014,[*]C=Cc1ccc(OCC(=O)CCCCCCC(=O)Nc2ccc(CNC(=S)CCC[*])cc2)cc1,True,True,False,450.0,0.5,411.0407104492188,[*]C=Cc1ccc(OCC(=O)CCCCCCC(=O)Nc2ccc(CNC(=S)CCC[*])cc2)cc1,0.421875,2276.0,[*]CCCCCC(=O)Nc1ccc(Oc2ccc(NC([*])=O)cc2)cc1,low
1015,[*]CC([*])(C)C(=O)OCCCCCN1C(=O)c2ccc(O[Si](C)(C)C)cc2C1=O,True,True,False,450.0,0.5,363.6372680664063,[*]CC([*])(C)C(=O)OCCCCCN1C(=O)c2ccc(O[Si](C)(C)C)cc2C1=O,0.4838709677419355,1290.0,[*]CC([*])(C)C(=O)OCCCCCCCCCCCn1c2ccccc2c2ccccc21,low
1016,[*]CC([*])c1cccc(CCCC[Si](C)(C)c2ccccc2)c1,True,True,False,450.0,0.5,301.0190124511719,[*]CC([*])c1cccc(CCCC[Si](C)(C)c2ccccc2)c1,0.4772727272727273,7122.0,[*]CC([*])c1cccc(CO)c1,low
1017,[*]Oc1ccc(CCCCN(C)c2ccc(OC(=O)c3ccc(C(=O)OC)cc3)cc2)c(O[*])c1,True,True,False,450.0,0.5,382.0286560058594,[*]Oc1ccc(CCCCN(C)c2ccc(OC(=O)c3ccc(C(=O)OC)cc3)cc2)c(O[*])c1,0.38181818181818183,4996.0,[*]Oc1ccc(OC(=O)c2ccc(C([*])=O)cc2)cc1,low
1018,[*]CC([*])C(=O)OCCCCCCOc1ccc(CNC(=O)c2ccc(-c3ccc(OCc4ccc([N+]=O)cc4)cc3)cc2)cc1,True,True,False,450.0,0.5,336.617431640625,[*]CC([*])C(=O)OCCCCCCOc1ccc(CNC(=O)c2ccc(-c3ccc(OCc4ccc([N+]=O)cc4)cc3)cc2)cc1,0.5079365079365079,1653.0,[*]CC([*])C(=O)OCCCCCCOc1ccc(-c2ccc(C#N)cc2)cc1,medium
1021,[*]C(=O)c1ccc(Nc2ccc(CCCCCCC(=O)N[*])cc2)cn1,True,True,False,450.0,0.5,355.685302734375,[*]C(=O)c1ccc(Nc2ccc(CCCCCCC(=O)N[*])cc2)cn1,0.3684210526315789,2233.0,[*]CCCCC(=O)Nc1ccc(CCNC([*])=O)cc1,low
1022,[*]CC([*])C(=O)OCCCCCN(CCCl)c1ccc(C(=O)OC=CCC)cc1,True,True,False,450.0,0.5,307.4818725585937,[*]CC([*])C(=O)OCCCCCN(CCCl)c1ccc(C(=O)OC=CCC)cc1,0.43283582089552236,1657.0,[*]CC([*])C(=O)OCCCCCCOc1ccc(C(=O)Oc2ccc(OC)cc2)cc1,low
1023,[*]CC([*])(C)c1cc(OCC2CCCC2)cc(-c2ccc(Cl)cc2)c1,True,True,False,450.0,0.5,374.2532043457031,[*]CC([*])(C)c1cc(OCC2CCCC2)cc(-c2ccc(Cl)cc2)c1,0.32727272727272727,1245.0,[*]CC([*])(C)C(=O)OCC1CCC1,low
1024,[*]CCN(CCCCCCCOC(=O)NC(=O)CC(O)C(=O)Oc1ccc(/C=N/c2ccc(O[*])cc2)cc1)c1ccccc1,True,True,False,450.0,0.5,352.2316589355469,[*]CCN(CCCCCCCOC(=O)NC(=O)CC(O)C(=O)Oc1ccc(/C=N/c2ccc(O[*])cc2)cc1)c1ccccc1,0.3488372093023256,2257.0,[*]CCCCC(=O)OCCN(CCOC([*])=O)c1ccc(/C=N/N(c2ccccc2)c2ccccc2)cc1,low
1026,[*]C(=O)C(CCCC(=O)NC([*])C)c1ccc(C(C)(C)C)cc1,True,True,False,450.0,0.5,399.0121765136719,[*]C(=O)C(CCCC(=O)NC([*])C)c1ccc(C(C)(C)C)cc1,0.4166666666666667,1048.0,[*]CC(=O)C([*])c1ccc(C(C)(C)C)cc1,low
1027,[*]COc1ccc(N([*])C(=O)CC(C)(C)C(=O)OC#C)cc1,True,True,False,450.0,0.5,379.7660827636719,[*]COc1ccc(N([*])C(=O)CC(C)(C)C(=O)OC#C)cc1,0.3508771929824561,1547.0,[*]CC([*])(CC(=O)Oc1ccc(OCC)cc1)C(=O)Oc1ccc(OCC)cc1,low
1028,[*]CC([*])c1ccc(C(=O)C(CCCCCC)COCC(F)(F)C(F)(F)F)cc1,True,True,False,450.0,0.5,305.9892272949219,[*]CC([*])c1ccc(C(=O)C(CCCCCC)COCC(F)(F)C(F)(F)F)cc1,0.5,1918.0,[*]CC([*])c1ccc(C(=O)CCCCCCC)cc1,medium
1029,[*]CC(O)COC(=O)C(OCc1ccc(/C=N/NC(=O)OC)cc1)c1ccc(C(c2cccc([*])c2)c2ccc(C#N)cc2)cc1,True,True,False,450.0,0.5,376.12591552734375,[*]CC(O)COC(=O)C(OCc1ccc(/C=N/NC(=O)OC)cc1)c1ccc(C(c2cccc([*])c2)c2ccc(C#N)cc2)cc1,0.3246753246753247,1702.0,[*]CC([*])C(=O)OCc1ccc(C#N)cc1,low
1031,[*]NC(CCC(=O)OCCCCCC)c1ccccc1/C(C#N)=C/c1ccc(C([*])=O)cc1OCCOCCOC,True,True,False,450.0,0.5,359.0204772949219,[*]NC(CCC(=O)OCCCCCC)c1ccccc1/C(C#N)=C/c1ccc(C([*])=O)cc1OCCOCCOC,0.35,3420.0,[*]NC(CCC(=O)OCCCCCC)C([*])=O,low
1032,[*]CC(O)COc1ccc(C(=O)/C=C/c2ccc(Oc3ccc(/N=C/c4ccc(O[*])cc4)cc3)cc2)cc1,True,True,False,450.0,0.5,386.2498474121094,[*]CC(O)COc1ccc(C(=O)/C=C/c2ccc(Oc3ccc(/N=C/c4ccc(O[*])cc4)cc3)cc2)cc1,0.4642857142857143,5049.0,[*]Oc1ccc(Oc2ccc(/C=N/c3ccc(/N=C/c4ccc([*])cc4)cc3)cc2)cc1,low
1034,[*]CCN(C)C(=O)SCCCCOC(=O)C1CCC(C)(C[*])CC1,True,True,False,450.0,0.5,297.69927978515625,[*]CCN(C)C(=O)SCCCCOC(=O)C1CCC(C)(C[*])CC1,0.3584905660377358,4442.0,[*]OCCCCOC(=O)C1CCC(C([*])=O)CC1,low
1036,[*]CC(=[*])CN(C)C(=O)c1ccc(NCCCBr)cc1,True,True,False,450.0,0.5,368.7416076660156,[*]CC(=[*])CN(C)C(=O)c1ccc(NCCCBr)cc1,0.3090909090909091,2537.0,[*]CCCN(C)c1ccc(C(=O)c2ccc(N([*])C)cc2)cc1,low
1037,[*]CC(=O)OCCCCOc1ccc(NC(=O)c2ccc(C(=O)OC(=O)c3ccc(C(=O)NC(=O)c4ccc(O[*])cc4)cc3OCC)cc2)cc1,True,True,False,450.0,0.5,370.86419677734375,[*]CC(=O)OCCCCOc1ccc(NC(=O)c2ccc(C(=O)OC(=O)c3ccc(C(=O)NC(=O)c4ccc(O[*])cc4)cc3OCC)cc2)cc1,0.3835616438356164,3828.0,[*]Nc1ccc(OCCCCCCCCOc2ccc(NC(=O)c3cccc(C([*])=O)c3)cc2)cc1,low
1038,[*]CCCCCC(=O)OCCCCOc1ccc(NC(=O)c2cccc(/C(C)=C/C([*])=O)c2)cc1OCC(C)C,True,True,False,450.0,0.5,357.4212646484375,[*]CCCCCC(=O)OCCCCOc1ccc(NC(=O)c2cccc(/C(C)=C/C([*])=O)c2)cc1OCC(C)C,0.40540540540540543,3828.0,[*]Nc1ccc(OCCCCCCCCOc2ccc(NC(=O)c3cccc(C([*])=O)c3)cc2)cc1,low
1039,[*]NC(=O)Nc1ccc(C)c(NC(=O)c2ccc(C(=O)OCCCCN(C)C(=O)c3ccc([*])cc3)cc2)c1,True,True,False,450.0,0.5,423.5423583984375,[*]NC(=O)Nc1ccc(C)c(NC(=O)c2ccc(C(=O)OCCCCN(C)C(=O)c3ccc([*])cc3)cc2)c1,0.4605263157894737,3386.0,[*]NC(=O)c1ccc(NC(=O)CCCCCCC(=O)Nc2ccc(C(=O)Nc3ccc([*])cc3C(=O)OCCCCCCCCCCCCCCCCCC)cc2)cc1,low
1040,[*]N=C([*])CCCCCCOCCN([*])c1ccc([N+]=O)cc1,True,True,False,450.0,0.5,308.68212890625,[*]N=C([*])CCCCCCOCCN([*])c1ccc([N+]=O)cc1,0.32727272727272727,411.0,[*]C(=O)c1ccc(N([*])CCCCCCC)cc1,low
1041,[*]Cc1cc(OC)c(/C(C)=O)cc1S(=O)(=O)CCCCCCC([*])O,True,True,False,450.0,0.5,379.8130187988281,[*]Cc1cc(OC)c(/C(C)=O)cc1S(=O)(=O)CCCCCCC([*])O,0.3,1898.0,[*]CC([*])c1cc(OC)c(OC(C)=O)c(OC)c1,low
1042,[*]CCCCCCC(=O)OCCN(CC)C(O)COC(=O)N[*],True,True,False,450.0,0.5,273.2472229003906,[*]CCCCCCC(=O)OCCN(CC)C(O)COC(=O)N[*],0.4166666666666667,2280.0,[*]CCCCCC(=O)OCCOC([*])=O,low
1043,[*]Oc1ccc(OC(=O)c2ccc(Oc3ccc(S(=O)(=O)c4ccc(Oc5ccc([*])cc5)cc4)cc3)cc2C(=O)OCC)cc1,True,True,False,450.0,0.5,449.31591796875,[*]Oc1ccc(OC(=O)c2ccc(Oc3ccc(S(=O)(=O)c4ccc(Oc5ccc([*])cc5)cc4)cc3)cc2C(=O)OCC)cc1,0.4915254237288136,5840.0,[*]c1ccc(C(=O)OCC)c(C(=O)Nc2ccc(Oc3ccc(NC(=O)c4cc([*])ccc4C(=O)OCC)cc3)cc2)c1,low
1044,[*]NC(=O)c1cc(OCCN(C)C(=O)O[*])cc(C(=O)OCCCCN(C)c2ccc(Cl)cc2)c1,True,True,False,450.0,0.5,352.619384765625,[*]NC(=O)c1cc(OCCN(C)C(=O)O[*])cc(C(=O)OCCCCN(C)c2ccc(Cl)cc2)c1,0.5263157894736842,3377.0,[*]NC(=O)c1cc(OCCN(C)c2ccc(C#N)cc2)cc(C(=O)Nc2cc([*])cc(C(=O)OCCN(C)c3ccc(C#N)cc3)c2)c1,medium
1045,[*]Cc1ccc(/C=N/CC(C)CCC([*])=S)c(Oc2ccccc2)c1,True,True,False,450.0,0.5,339.64044189453125,[*]Cc1ccc(/C=N/CC(C)CCC([*])=S)c(Oc2ccccc2)c1,0.25862068965517243,3164.0,[*]Cc1ccc(OC([*])=O)cc1,low
1046,[*]/C(C)=C(/[*])c1ccc(OC)c(C(=O)CCCCCN(C#N)c2ccc([N+](=O)[O-])cc2)c1,True,True,False,450.0,0.5,467.924560546875,[*]/C(C)=C(/[*])c1ccc(OC)c(C(=O)CCCCCN(C#N)c2ccc([N+](=O)[O-])cc2)c1,0.32558139534883723,5994.0,[*]c1ccc(NC(=O)OCCN(CCOC(=O)Nc2ccc([*])cc2OC)c2ccc(/N=N/c3ccc([N+](=O)[O-])cc3)cc2)c(OC)c1,low
1047,[*]CCC([*])C(=O)Oc1ccc(NC(=O)c2ccc(S(=O)(=O)/C=C/c3ccc(CCCC)cc3)cc2)cc1,True,True,False,450.0,0.5,389.95556640625,[*]CCC([*])C(=O)Oc1ccc(NC(=O)c2ccc(S(=O)(=O)/C=C/c3ccc(CCCC)cc3)cc2)cc1,0.38028169014084506,1715.0,[*]CC([*])C(=O)Oc1ccc(C(=O)OCCCC)cc1,low
1048,[*]CC([*])(C)CCCCCCC(=O)NOC(COC(C)=O)CO,True,True,False,450.0,0.5,315.6458435058594,[*]CC([*])(C)CCCCCCC(=O)NOC(COC(C)=O)CO,0.3148148148148148,1239.0,[*]CC([*])(C)C(=O)OCC(O)CO,low
1049,[*]CCC(=O)CCCCCCC(=O)NOC(=O)CCCCC(C)CS[*],True,True,False,450.0,0.5,369.4447937011719,[*]CCC(=O)CCCCCCC(=O)NOC(=O)CCCCC(C)CS[*],0.33962264150943394,2143.0,[*]CCC(C)OC(=O)CCCCCCCCC(=O)OC([*])C,low
1051,[*]Cc1ccc(OC(=O)CCCCCc2ccc(N3C(=O)c4ccc(C([*])=O)cc4C3=O)cc2)cc1,True,True,False,450.0,0.5,437.7823791503906,[*]Cc1ccc(OC(=O)CCCCCc2ccc(N3C(=O)c4ccc(C([*])=O)cc4C3=O)cc2)cc1,0.5967741935483871,2463.0,[*]CCCCCCCCCCCCCCCCCCCCC(=O)Oc1ccc(N2C(=O)c3ccc(-c4ccc5c(c4)C(=O)N(c4ccc(OC([*])=O)cc4)C5=O)cc3C2=O)cc1,medium
1052,[*]NCCCCCCCCC(=O)Nc1ccc(Oc2ccc(S[Si](Cl)(=O)NCC([*])=O)cc2)c(C)c1,True,True,False,450.0,0.5,339.7208557128906,[*]NCCCCCCCCC(=O)Nc1ccc(Oc2ccc(S[Si](Cl)(=O)NCC([*])=O)cc2)c(C)c1,0.37681159420289856,2276.0,[*]CCCCCC(=O)Nc1ccc(Oc2ccc(NC([*])=O)cc2)cc1,low
1053,[*]C=C[Si](Oc1cccc(C(C)(C)c2ccc(N([*])CCC)cc2)c1)c1ccccc1,True,True,False,450.0,0.5,347.02593994140625,[*]C=C[Si](Oc1cccc(C(C)(C)c2ccc(N([*])CCC)cc2)c1)c1ccccc1,0.3150684931506849,2675.0,[*]CCOC(=O)Oc1ccc(C(C)(C)c2ccc(OC(=O)OCCN([*])c3ccc(OC)cc3)cc2)cc1,low
1054,[*]C(=[*])CCCCN1C(=O)c2ccc(C#N)c(C(=O)OCC(CC)(C)C)c2C1,True,True,False,450.0,0.5,386.8846740722656,[*]C(=[*])CCCCN1C(=O)c2ccc(C#N)c(C(=O)OCC(CC)(C)C)c2C1,0.2753623188405797,2873.0,[*]COC(=O)c1ccc(C(=O)OCC([*])(C)CC)cc1,low
1056,[*]Oc1ccc(C(=O)c2ccc(OCCCCCN([*])C)cc2)c(C)c1,True,True,False,450.0,0.5,347.7853088378906,[*]Oc1ccc(C(=O)c2ccc(OCCCCCN([*])C)cc2)c(C)c1,0.43103448275862066,425.0,[*]C(=O)c1ccc(OCCCCCCOc2ccc(C(=O)N([*])c3cc(C)cc(C)c3)cc2)cc1,low
1057,[*]CC([*])(C)C(=O)Sc1ccc(OC)c(-c2ccc(C[Na])cc2CCCCC)c1,True,True,False,450.0,0.5,351.5777893066406,[*]CC([*])(C)C(=O)Sc1ccc(OC)c(-c2ccc(C[Na])cc2CCCCC)c1,0.36363636363636365,340.0,[*]C(=O)Oc1ccc([*])cc1CCCCC,low
1058,[*]CC(c1ccccc1)C(=O)c1ccc(OCCCCCC)cc1[*],True,True,False,450.0,0.5,325.8080444335937,[*]CC(c1ccccc1)C(=O)c1ccc(OCCCCCC)cc1[*],0.4067796610169492,2031.0,[*]CC([*])c1ccccc1C(=O)OCCCCCC,low
1062,[*]CC=Cc1ccc(/N=C/C(=O)OCCN(c2ccc(O[*])c(C#N)c2)c2ccccc2)cc1,True,True,False,450.0,0.5,415.6287841796875,[*]CC=Cc1ccc(/N=C/C(=O)OCCN(c2ccc(O[*])c(C#N)c2)c2ccccc2)cc1,0.29411764705882354,2257.0,[*]CCCCC(=O)OCCN(CCOC([*])=O)c1ccc(/C=N/N(c2ccccc2)c2ccccc2)cc1,low
1064,[*]CC(=O)Nc1cccc(SCCCCCCCOC(=O)c2ccc(C(=O)O[*])c(C=C)c2)c1,True,True,False,450.0,0.5,354.0008850097656,[*]CC(=O)Nc1cccc(SCCCCCCCOC(=O)c2ccc(C(=O)O[*])c(C=C)c2)c1,0.35294117647058826,4331.0,[*]OCCCCCCCCCCOC(=O)c1cccc(C([*])=O)c1,low
1065,[*]CC(=O)OC[Si]([*])(C)c1cc(CCCCCC)c(-c2ccc(F)cc2C)cc1,True,True,False,450.0,0.5,319.93048095703125,[*]CC(=O)OC[Si]([*])(C)c1cc(CCCCCC)c(-c2ccc(F)cc2C)cc1,0.3048780487804878,4684.0,[*]O[Si]([*])(C)CCc1cc(C(=O)Oc2ccc(OCCCCCCCCCCCC)cc2)ccc1-c1ccc(C(=O)Oc2ccc(OCCCCCCCCCCCC)cc2)cc1,low
1066,[*]CC([*])c1ccc2ccc(I)cc2c1c1ccc(OCCCCCC)cc1,True,True,False,450.0,0.5,407.13861083984375,[*]CC([*])c1ccc2ccc(I)cc2c1c1ccc(OCCCCCC)cc1,0.484375,1883.0,[*]CC([*])c1cc(C(=O)OC)ccc1-c1ccc(OCCCCCCCC)cc1,low
1067,[*]C(=O)c1ccc(Oc2ccc(C(Oc3cccc(C([*])=O)c3)c3ccc(N=O)cc3)cc2)cc1,True,True,False,450.0,0.5,445.3372192382813,[*]C(=O)c1ccc(Oc2ccc(C(Oc3cccc(C([*])=O)c3)c3ccc(N=O)cc3)cc2)cc1,0.5217391304347826,701.0,[*]C(=O)c1cccc(Oc2ccc([*])cc2)c1,medium
1068,[*]CC([*])c1ccc(OC(=O)C(C)(C)CCCCCCOc2ccc(OCCCOC(=O)c3ccc(F)cc3)cc2)cc1,True,True,False,450.0,0.5,320.7032470703125,[*]CC([*])c1ccc(OC(=O)C(C)(C)CCCCCCOc2ccc(OCCCOC(=O)c3ccc(F)cc3)cc2)cc1,0.5423728813559322,1931.0,[*]CC([*])c1ccc(C(=O)OCCCCCC)cc1,medium
1069,[*]CC([*])(C)C(=O)OCCN(CCCCC)c1ccc([SiH]C(=O)OC(C)C)cc1,True,True,False,450.0,0.5,313.9398803710937,[*]CC([*])(C)C(=O)OCCN(CCCCC)c1ccc([SiH]C(=O)OC(C)C)cc1,0.5166666666666667,1406.0,[*]CC([*])(C)C(=O)OCCN(CC)c1ccccc1,medium
1070,[*]OCc1ccc(S([*])(=O)=O)cc1OCCCCCCCCC,True,True,False,450.0,0.5,323.8572082519531,[*]OCc1ccc(S([*])(=O)=O)cc1OCCCCCCCCC,0.37254901960784315,4041.0,[*]Nc1ccc([*])cc1OCCCCCCCCCC,low
1073,[*]Cc1ccc(CCCCCCCCc2ccc([*])c(OC)c2)c(CCCCCCC)c1,True,True,False,450.0,0.5,305.0594482421875,[*]Cc1ccc(CCCCCCCCc2ccc([*])c(OC)c2)c(CCCCCCC)c1,0.3958333333333333,2738.0,[*]CCc1ccc([*])cc1CCCC,low
1074,[*]Oc1ccc(OC(=O)CN([*])CCCCCS(=O)(=O)Oc2ccc3ccc(C#N)cc3c2)cc1,True,True,False,450.0,0.5,341.24627685546875,[*]Oc1ccc(OC(=O)CN([*])CCCCCS(=O)(=O)Oc2ccc3ccc(C#N)cc3c2)cc1,0.32,1640.0,[*]CC([*])C(=O)OCCCCCC(=O)Oc1ccc(-c2ccc(C#N)cc2)cc1,low
1075,[*]OCc1ccc(C(O)COC(=O)Nc2ccc(S(=O)(=O)c3ccc(C(=O)NCCCCNC([*])=O)cc3)cc2)cc1,True,True,False,450.0,0.5,354.2413024902344,[*]OCc1ccc(C(O)COC(=O)Nc2ccc(S(=O)(=O)c3ccc(C(=O)NCCCCNC([*])=O)cc3)cc2)cc1,0.41935483870967744,3041.0,[*]Cc1ccc(C(=O)NCCCCNC([*])=O)cc1,low
1077,[*]CCOC(=O)Oc1ccc(C(Cl)(CC(F)(F)F)c2ccc([N+]([*])=O)c(Oc3ccc(F)cc3)c2)cc1,True,True,False,450.0,0.5,384.793212890625,[*]CCOC(=O)Oc1ccc(C(Cl)(CC(F)(F)F)c2ccc([N+]([*])=O)c(Oc3ccc(F)cc3)c2)cc1,0.34210526315789475,2675.0,[*]CCOC(=O)Oc1ccc(C(C)(C)c2ccc(OC(=O)OCCN([*])c3ccc(OC)cc3)cc2)cc1,low
1080,[*]CCCCCNC(=O)c1ccc(-c2ccccc2C(=O)Oc2ccc(C([*])=O)cc2)cc1,True,True,False,450.0,0.5,424.5745849609375,[*]CCCCCNC(=O)c1ccc(-c2ccccc2C(=O)Oc2ccc(C([*])=O)cc2)cc1,0.4915254237288136,4778.0,[*]Oc1ccc(-c2ccc(OC(=O)c3ccc(-c4ccc(C([*])=O)cc4)cc3-c3ccccc3)cc2)cc1,low
1081,[*]OCc1ccc(CC(C#N)C(=O)NCCCCCCOc2ccc(S(=O)(=O)c3ccc([*])cc3)cc2)cc1,True,True,False,450.0,0.5,335.2723388671875,[*]OCc1ccc(CC(C#N)C(=O)NCCCCCCOc2ccc(S(=O)(=O)c3ccc([*])cc3)cc2)cc1,0.391304347826087,6222.0,[*]c1ccc(OCCCCOc2ccc(C(C)(C)c3ccc(Oc4ccc(S(=O)(=O)c5ccc(Oc6ccc(C([*])(C)C)cc6)cc5)cc4)cc3)cc2)cc1,low
1082,[*]c1ccc(/N=C(\C)c2ccc(C(O)C(=O)Oc3ccc(P(=O)(c4ccc(O[*])cc4)c4ccc(OC)cc4)cc3)cc2)c(I)c1,True,True,False,450.0,0.5,447.7339477539063,[*]c1ccc(/N=C(\C)c2ccc(C(O)C(=O)Oc3ccc(P(=O)(c4ccc(O[*])cc4)c4ccc(OC)cc4)cc3)cc2)c(I)c1,0.3048780487804878,5070.0,[*]Oc1ccc(Oc2ccc(P(=O)(c3ccccc3)c3ccc(Oc4ccc(Oc5ccc6c(c5)C(=O)N(c5ccc(N7C(=O)c8ccc([*])cc8C7=O)cc5)C6=O)cc4)cc3)cc2)cc1,low
1083,[*]NNC(=O)/C=C/CCCC(=O)Nc1ccc(Sc2ccc(NC(=O)C([*])=O)s2)cc1-c1ccc(I)cc1,True,True,False,450.0,0.5,458.5253601074219,[*]NNC(=O)/C=C/CCCC(=O)Nc1ccc(Sc2ccc(NC(=O)C([*])=O)s2)cc1-c1ccc(I)cc1,0.24705882352941178,3618.0,[*]Nc1ccc(-c2cc(Br)ccc2NC(=O)c2ccc(C([*])=O)cc2)cc1,low
1085,[*]Oc1ccc(CC(C)(C)c2ccc(OC([*])=O)cc2)cc1OC(C)=NC(C)C,True,True,False,450.0,0.5,378.4071350097656,[*]Oc1ccc(CC(C)(C)c2ccc(OC([*])=O)cc2)cc1OC(C)=NC(C)C,0.38181818181818183,4939.0,[*]Oc1ccc(Cc2ccc(Cc3ccc(OC([*])=O)cc3)cc2)cc1,low
1086,[*]Nc1cc(OC)c([*])n1-c1ccc(N(C(=O)Nc2ccccc2)c2ccc(Oc3ccccc3)cc2)nc1,True,True,False,450.0,0.5,457.3116455078125,[*]Nc1cc(OC)c([*])n1-c1ccc(N(C(=O)Nc2ccccc2)c2ccc(Oc3ccccc3)cc2)nc1,0.3048780487804878,4110.0,[*]Nc1cccc(Oc2ccc(C(=O)c3ccc(Oc4cccc(NC(=O)c5ccc(C([*])=O)cn5)c4)cc3)cc2)c1,low
1087,[*]CC([*])(C)C(=O)OCCCCCCC(=O)Nc1ccc(C(C)(C)O[PH](=O)(OC)OCC)cc1,True,True,False,450.0,0.5,315.09637451171875,[*]CC([*])(C)C(=O)OCCCCCCC(=O)Nc1ccc(C(C)(C)O[PH](=O)(OC)OCC)cc1,0.4166666666666667,1276.0,[*]CC([*])(C)C(=O)OCCCCCCCC,low
1088,[*]CCN([*])C(=O)CCCCCCOC(=O)N(CCCN)c1ccccc1,True,True,False,450.0,0.5,291.6813659667969,[*]CCN([*])C(=O)CCCCCCOC(=O)N(CCCN)c1ccccc1,0.4117647058823529,2612.0,[*]CCN([*])C(=O)CCCCCC,low
1089,[*]C(=O)OC1CCCCCCC1[*],True,True,False,450.0,0.5,430.7019958496094,[*]C(=O)OC1CCCCCCC1[*],0.6071428571428571,4258.0,[*]OC1CCCCC1OC([*])=O,medium
1090,[*]CCC(=O)NCCCCCCNC(=O)c1ccc(C2(c3ccc(C(=O)OC(=O)O[*])cc3)cc2)cc1,True,True,False,450.0,0.5,398.77056884765625,[*]CCC(=O)NCCCCCCNC(=O)c1ccc(C2(c3ccc(C(=O)OC(=O)O[*])cc3)cc2)cc1,0.3870967741935484,2122.0,[*]CCC(=O)NCCCCCCNC(=O)CCC(C)(C)c1ccc(C([*])(C)C)cc1,low
1091,[*]NS(=O)(=O)c1ccc(Oc2ccc([*])c(C(=O)Oc3ccc(-c4ccccc4)cc3OC)c2)c(OC)c1,True,True,False,450.0,0.5,412.1056823730469,[*]NS(=O)(=O)c1ccc(Oc2ccc([*])c(C(=O)Oc3ccc(-c4ccccc4)cc3OC)c2)c(OC)c1,0.3472222222222222,4997.0,[*]Oc1ccc(OC(=O)c2ccc(C([*])=O)cc2Oc2ccc(-c3ccccc3)cc2)cc1,low
1092,[*]CCCN(Cc1ccccc1)c1ccc(C(=O)N[SH]CCCCCNC([*])=O)cc1,True,True,False,450.0,0.5,355.50714111328125,[*]CCCN(Cc1ccccc1)c1ccc(C(=O)N[SH]CCCCCNC([*])=O)cc1,0.43103448275862066,3039.0,[*]Cc1ccc(C(=O)NCCCCCCNC([*])=O)cc1,low
1093,[*]Nc1ccc(OCCC(=O)/C(C#N)=C/c2ccc(-c3ccc(C(=O)Oc4ccc([*])cc4)cc3)cc2)cc1,True,True,False,450.0,0.5,422.1315002441406,[*]Nc1ccc(OCCC(=O)/C(C#N)=C/c2ccc(-c3ccc(C(=O)Oc4ccc([*])cc4)cc3)cc2)cc1,0.4090909090909091,6107.0,[*]c1ccc(OC(=O)c2ccc(OCCCCCCCCCCOc3ccc(C(=O)Oc4ccc(C([*])(C)C)cc4)cc3)cc2)cc1,low
1094,[*]C=C([*])c1ccc(O)c(N)c1,True,True,False,450.0,0.5,395.6602783203125,[*]C=C([*])c1ccc(O)c(N)c1,0.43333333333333335,861.0,[*]C=C([*])c1ccccc1,low
1095,[*]C(=O)OCCCCCCCCNC(=O)Nc1ccc(C(C)(C)c2ccc(NC([*])=O)cc2[N+](C)(C)C)cc1,True,True,False,450.0,0.5,388.3482360839844,[*]C(=O)OCCCCCCCCNC(=O)Nc1ccc(C(C)(C)c2ccc(NC([*])=O)cc2[N+](C)(C)C)cc1,0.4126984126984127,3443.0,[*]NCCCCCCCCCCCCCCCCCCNC(=O)Nc1ccc(Cc2ccc(NC([*])=O)cc2)cc1,low
1096,[*]OCC(=O)c1ccc(Oc2ccc(C(=O)N([*])c3ccc(C)cc3)cc2)cc1,True,True,False,450.0,0.5,424.0425720214844,[*]OCC(=O)c1ccc(Oc2ccc(C(=O)N([*])c3ccc(C)cc3)cc2)cc1,0.43636363636363634,425.0,[*]C(=O)c1ccc(OCCCCCCOc2ccc(C(=O)N([*])c3cc(C)cc(C)c3)cc2)cc1,low
1099,[*]CC([*])Oc1ccc(C(=O)C(CCCCCCCC)c2ccc3ccc3c2C(=O)Nc2ccc(O[*])cc2)cc1,True,True,False,450.0,0.5,361.32861328125,[*]CC([*])Oc1ccc(C(=O)C(CCCCCCCC)c2ccc3ccc3c2C(=O)Nc2ccc(O[*])cc2)cc1,0.32142857142857145,1883.0,[*]CC([*])c1cc(C(=O)OC)ccc1-c1ccc(OCCCCCCCC)cc1,low
1101,[*]N=P([*])(C)Oc1ccc(-c2ccc(OC(=O)c3ccc([N+](=O)[O-])cc3)cc2)c(O)c1Oc1ccccc1,True,True,False,450.0,0.5,362.6856994628906,[*]N=P([*])(C)Oc1ccc(-c2ccc(OC(=O)c3ccc([N+](=O)[O-])cc3)cc2)c(O)c1Oc1ccccc1,0.3424657534246575,1491.0,[*]CC([*])(C)C(=O)Oc1ccc(C(=O)Oc2ccc(Oc3ccccc3)cc2)cc1,low
1102,[*][Se]c1ccc(OCCCCCCCCCNC(=O)c2ccc3c(c2)C(=O)OCC([*])(C)C3=O)cc1,True,True,False,450.0,0.5,411.3406982421875,[*][Se]c1ccc(OCCCCCCCCCNC(=O)c2ccc3c(c2)C(=O)OCC([*])(C)C3=O)cc1,0.4027777777777778,5814.0,[*]c1ccc(C(=O)NCCCCCCNC(=O)c2ccc3c(c2)C([*])(C)CC3(C)C)cc1,low
1103,[*]Cc1ccc(C(=O)Nc2cc(C)c(NC(=O)CCCCCCC([*])=O)cc2OC)o1,True,True,False,450.0,0.5,445.896728515625,[*]Cc1ccc(C(=O)Nc2cc(C)c(NC(=O)CCCCCCC([*])=O)cc2OC)o1,0.3283582089552239,3061.0,[*]Cc1ccc(NC(=O)CCCCCCCCC(=O)NC([*])(C)C)cc1,low
1104,[*]CC(=O)CCCCCOc1ccc(-c2cc(CCc3ccccc3)cc(O[*])c2)cc1,True,True,False,450.0,0.5,342.6362609863281,[*]CC(=O)CCCCCOc1ccc(-c2cc(CCc3ccccc3)cc(O[*])c2)cc1,0.4375,4777.0,[*]Oc1ccc(-c2ccc(OC(=O)c3cc(OCCCc4ccccc4)c(C([*])=O)cc3OCCCc3ccccc3)cc2)cc1,low
1105,[*]Cc1ccc(OCCCCCCOc2ccc(CNC(=O)CCCCCSC(=O)c3ccc([*])cc3)cc2)cc1,True,True,False,450.0,0.5,315.8705444335937,[*]Cc1ccc(OCCCCCCOc2ccc(CNC(=O)CCCCCSC(=O)c3ccc([*])cc3)cc2)cc1,0.45,2507.0,[*]CCCCCCSCCCCCCC(=O)NCc1ccc(CNC([*])=O)cc1,low
1106,[*]NC(=O)c1ccc(F)c(OC([*])(C)C)c1,True,True,False,450.0,0.5,406.4228515625,[*]NC(=O)c1ccc(F)c(OC([*])(C)C)c1,0.32075471698113206,2819.0,[*]COC(=O)NC(=O)c1cccc(C(=O)NC(=O)OCC([*])(C)C)c1,low
1107,[*]Nc1ccc(OCC[Si]([*])(C)OCCCOC=O)cc1,True,True,False,450.0,0.5,295.85089111328125,[*]Nc1ccc(OCC[Si]([*])(C)OCCCOC=O)cc1,0.36666666666666664,3828.0,[*]Nc1ccc(OCCCCCCCCOc2ccc(NC(=O)c3cccc(C([*])=O)c3)cc2)cc1,low
1109,[*]OCCCCCCOC(=O)c1ccc(O[*])c(OCCCCCC(C)(C)C)c1,True,True,False,450.0,0.5,281.8150634765625,[*]OCCCCCCOC(=O)c1ccc(O[*])c(OCCCCCC(C)(C)C)c1,0.5098039215686274,4308.0,[*]OCCCCCCCCCCCCOC(=O)c1ccc2cc(C([*])=O)ccc2c1,medium
1110,[*]C([*])C(=O)OCCCCCCCCCCO[Si](=O)(CCCCCC)c1ccc(N[Si](C)(C)O[Na])cc1,True,True,False,450.0,0.5,265.8658447265625,[*]C([*])C(=O)OCCCCCCCCCCO[Si](=O)(CCCCCC)c1ccc(N[Si](C)(C)O[Na])cc1,0.3508771929824561,1639.0,[*]CC([*])C(=O)OCCCCCC,low
1111,[*]c1ccc(N(C)C(=O)CCCCCCCC(=O)Nc2ccc(O[Si]([*])(OC(C)=O)c3ccccc3)cc2)c(F)c1,True,True,False,450.0,0.5,340.2928466796875,[*]c1ccc(N(C)C(=O)CCCCCCCC(=O)Nc2ccc(O[Si]([*])(OC(C)=O)c3ccccc3)cc2)c(F)c1,0.345679012345679,6189.0,[*]c1ccc(OCC(O)COc2ccc(NC(=O)CCCCCC(=O)Nc3ccc(OCC(O)COc4ccc(C([*])(C)C)cc4)cc3)cc2)cc1,low
1112,[*]CC(CCCCCC)COC(=O)c1ccc([N+](C)(C#N)C(=O)Nc2ccc([N+](=O)[O-])cc2)cc1,True,True,False,450.0,0.5,368.3305969238281,[*]CC(CCCCCC)COC(=O)c1ccc([N+](C)(C#N)C(=O)Nc2ccc([N+](=O)[O-])cc2)cc1,0.3783783783783784,2869.0,[*]COC(=O)c1ccc(C(=O)OCC(CCCCCC)C([*])CCCCCC)cc1,low
1114,[*]C=CC([*])c1ccc(S(=O)(=O)Oc2ccc(C(C)C)cc2)c(OCCCCCC)c1,True,True,False,450.0,0.5,322.3955383300781,[*]C=CC([*])c1ccc(S(=O)(=O)Oc2ccc(C(C)C)cc2)c(OCCCCCC)c1,0.34285714285714286,1014.0,[*]C=Cc1ccc(OCCCCCCCCOc2ccc(/C=C/c3cc(OCCCCCCCC)c([*])cc3OCCCCCCCC)cc2)cc1,low
1115,[*]Oc1cc(C)c(OC(=O)c2ccc(C([*])=O)cc2)c(OCCCCCCCC(C)(C)C)c1,True,True,False,450.0,0.5,367.4418029785156,[*]Oc1cc(C)c(OC(=O)c2ccc(C([*])=O)cc2)c(OCCCCCCCC(C)(C)C)c1,0.509090909090909,5034.0,[*]Oc1ccc(OCCCCCCOc2ccc(OC(=O)c3ccc(C([*])=O)cc3)cc2)cc1,medium
1116,[*]CCCCCCN(C)C(=O)CCCC/C=C(\c1ccccc1)c1ccc(CCC(=O)N[*])cc1,True,True,False,450.0,0.5,303.2081298828125,[*]CCCCCCN(C)C(=O)CCCC/C=C(\c1ccccc1)c1ccc(CCC(=O)N[*])cc1,0.3898305084745763,2497.0,[*]CCCCCCN(C)C(=O)CCCC(=O)N([*])C,low
1117,[*]OC(=O)c1ccc(-c2cc(OC(=[*])CCCCCCCC)ccc2[Si](=O)(=O)O)cc1,True,True,False,450.0,0.5,407.5724792480469,[*]OC(=O)c1ccc(-c2cc(OC(=[*])CCCCCCCC)ccc2[Si](=O)(=O)O)cc1,0.40540540540540543,4684.0,[*]O[Si]([*])(C)CCc1cc(C(=O)Oc2ccc(OCCCCCCCCCCCC)cc2)ccc1-c1ccc(C(=O)Oc2ccc(OCCCCCCCCCCCC)cc2)cc1,low
1118,[*]CCC(=O)N/C=C(/[*])Cc1ccc(C(Cl)(F)F)cc1,True,True,False,450.0,0.5,413.5480346679688,[*]CCC(=O)N/C=C(/[*])Cc1ccc(C(Cl)(F)F)cc1,0.36538461538461536,2617.0,[*]CCN([*])C(=O)Cc1ccc(C(F)(F)F)cc1,low
1119,[*]NC(=O)Oc1ccc(C(O)c2ccc(OC([*])=O)cc2)cc1Oc1ccc(F)cc1,True,True,False,450.0,0.5,380.5936279296875,[*]NC(=O)Oc1ccc(C(O)c2ccc(OC([*])=O)cc2)cc1Oc1ccc(F)cc1,0.3709677419354839,5001.0,[*]Oc1ccc(OC(=O)c2ccc(C([*])=O)cc2Oc2ccc(F)cc2)cc1,low
1120,[*]CCCCCC(=O)Oc1ccc(OCCCCCOC(=O)c2ccc(C([*])C=C)cc2)cc1,True,True,False,450.0,0.5,299.6728210449219,[*]CCCCCC(=O)Oc1ccc(OCCCCCOC(=O)c2ccc(C([*])C=C)cc2)cc1,0.5185185185185185,2255.0,[*]CCCCC(=O)OCCCCOC(=O)c1ccc(C(=O)OCCCCOC([*])=O)cc1,medium
1121,[*]CCC(=O)OCCCCC(CN)C(=O)C([*])OC,True,True,False,450.0,0.5,295.9627685546875,[*]CCC(=O)OCCCCC(CN)C(=O)C([*])OC,0.4523809523809524,2129.0,[*]CCC(=O)OCCCCOC([*])=O,low
1122,[*]C=Cc1ccc(Sc2ccc(NCCCCC(=O)Nc3ccc(O[*])cc3)cc2C)cc1,True,True,False,450.0,0.5,415.300048828125,[*]C=Cc1ccc(Sc2ccc(NCCCCC(=O)Nc3ccc(O[*])cc3)cc2C)cc1,0.34782608695652173,1005.0,[*]C=Cc1ccc(C=CC(=O)Nc2ccc(Oc3ccc(NC([*])=O)cc3)cc2)cc1,low
1124,[*]c1ccc(C(CC)COC(=O)CCCCCCC(=O)Oc2ccc(-c3nnc(C([*])=O)cc3)cc2)cc1,True,True,False,450.0,0.5,350.5724182128906,[*]c1ccc(C(CC)COC(=O)CCCCCCC(=O)Oc2ccc(-c3nnc(C([*])=O)cc3)cc2)cc1,0.40625,6033.0,[*]c1ccc(OC(=O)CCCCCCCCC(=O)Oc2ccc(C([*])(C)C)cc2)cc1,low
1125,[*]c1ccc(CN([*])C(=O)C(F)(F)F)c(OC)c1,True,True,False,450.0,0.5,366.30706787109375,[*]c1ccc(CN([*])C(=O)C(F)(F)F)c(OC)c1,0.36538461538461536,6009.0,[*]c1ccc(NC(=O)c2cccc(C(=O)Nc3ccc([*])cc3OC)c2)c(OC)c1,low
1126,[*]CCCCCP(CO)C(=O)NCCCCSCCN([*])c1ccc(OCC)cc1,True,True,False,450.0,0.5,291.8192749023437,[*]CCCCCP(CO)C(=O)NCCCCSCCN([*])c1ccc(OCC)cc1,0.3150684931506849,2487.0,[*]CCCCCCCCCCSCCCCCCCCCCC(=O)NCCc1ccc(CCNC([*])=O)cc1,low
1127,[*]NC([*])C(=O)OCCCCCCc1ccc(C2(OCCOC(=O)c3ccccc3)OC2)cc1,True,True,False,450.0,0.5,310.8434143066406,[*]NC([*])C(=O)OCCCCCCc1ccc(C2(OCCOC(=O)c3ccccc3)OC2)cc1,0.3283582089552239,1377.0,[*]CC([*])(C)C(=O)OCCCCc1ccccc1,low
1129,[*]CC([*])CCOC(=O)/C=C/CCCCCC,True,True,False,450.0,0.5,274.14666748046875,[*]CC([*])CCOC(=O)/C=C/CCCCCC,0.4473684210526316,1760.0,[*]CC([*])CCCCCCCC,low
1130,[*]C[Si]([*])(C)CCCCCCC(=O)Oc1ccc(C#C[Si](C)(C)CC)cc1,True,True,False,450.0,0.5,287.3208923339844,[*]C[Si]([*])(C)CCCCCCC(=O)Oc1ccc(C#C[Si](C)(C)CC)cc1,0.4461538461538462,4618.0,[*]O[Si]([*])(C)CCCCCCCCCCC(=O)Oc1ccc(-c2ccc(OC(=O)c3ccc(OCC)cc3)cc2)cc1,low
1132,[*]c1cc(CCCCC(=O)O)c([*])cc1[Si](OC)=O,True,True,False,450.0,0.5,403.060302734375,[*]c1cc(CCCCC(=O)O)c([*])cc1[Si](OC)=O,0.2982456140350877,5571.0,[*]c1cc(CCCCCCOC(=O)COC)c([*])s1,low
1133,[*]C([*])C(=O)Nc1ccc2c(CCCCCCCC)cc(OC(C)=O)cc2c1,True,True,False,450.0,0.5,357.3177490234375,[*]C([*])C(=O)Nc1ccc2c(CCCCCCCC)cc(OC(C)=O)cc2c1,0.3442622950819672,340.0,[*]C(=O)Oc1ccc([*])cc1CCCCC,low
1134,[*]CC([*])Cc1ccc(CCCCCCCCCOC(=O)c2ccc(/N=N/c3ccc(OC)cc3)cc2)c(O)c1,True,True,False,450.0,0.5,329.1481628417969,[*]CC([*])Cc1ccc(CCCCCCCCCOC(=O)c2ccc(/N=N/c3ccc(OC)cc3)cc2)c(O)c1,0.44594594594594594,299.0,[*]C(=O)OCCCCCCCCCCCOc1ccc(-c2ccc(OCCCCCCCCCCCOC(=O)c3cc([*])cc(OCCCCCCCCCCOc4ccc(/N=N/c5ccc(OC)cc5)cc4)c3)cc2)cc1,low
1135,[*]CC([*])c1ccc(/C=C/C(CCCCCCCC)OS(=O)(=O)CC)cc1,True,True,False,450.0,0.5,331.46746826171875,[*]CC([*])c1ccc(/C=C/C(CCCCCCCC)OS(=O)(=O)CC)cc1,0.44,1954.0,[*]CC([*])c1ccc(CCCCCC)cc1,low
1136,[*]N=P([*])(C)CCCC(=O)Oc1cc(CCN2CC3CC3CCC(C3)CC3C2)ccc1C,True,True,False,450.0,0.5,330.4267883300781,[*]N=P([*])(C)CCCC(=O)Oc1cc(CCN2CC3CC3CCC(C3)CC3C2)ccc1C,0.26436781609195403,3089.0,[*]Cc1ccc(OC(=O)CCCC(=O)Oc2ccc(CCC(=O)NC([*])C(=O)OCC)cc2)cc1,low
1137,[*]Nc1ccc(C([*])(C)C)cc1OC(=O)c1ccc(OC(=O)CCCC(=O)[N+](=O)[O-])cc1,True,True,False,450.0,0.5,352.9072265625,[*]Nc1ccc(C([*])(C)C)cc1OC(=O)c1ccc(OC(=O)CCCC(=O)[N+](=O)[O-])cc1,0.4426229508196721,6030.0,[*]c1ccc(OC(=O)CCCCC(=O)Oc2ccc(C([*])(C)C)cc2)cc1,low
1138,[*]NC(=O)Oc1ccc(C(C)(C)c2ccc(OC(=O)CCCCC([*])CN(C)C)cc2)cc1,True,True,False,450.0,0.5,342.4522705078125,[*]NC(=O)Oc1ccc(C(C)(C)c2ccc(OC(=O)CCCCC([*])CN(C)C)cc2)cc1,0.46551724137931033,2133.0,[*]CCC(=O)Oc1ccc(C(C)(C)c2ccc(OC(=O)CC([*])C)cc2)cc1,low
1139,[*]Cc1ccc(C(=O)c2ccc(NOCCOC)cc2)c(C(=O)c2ccc(O[*])cc2C)c1,True,True,False,450.0,0.5,375.0975036621094,[*]Cc1ccc(C(=O)c2ccc(NOCCOC)cc2)c(C(=O)c2ccc(O[*])cc2C)c1,0.3384615384615385,4970.0,[*]Oc1ccc(NC(=O)c2ccc(C(=O)Nc3c(C)c(C)c([*])c(C)c3C)cc2)cc1,low
1140,[*]C=C(Cc1ccc(NCCCCCC)cc1)Cc1cccc([*])c1,True,True,False,450.0,0.5,354.8804626464844,[*]C=C(Cc1ccc(NCCCCCC)cc1)Cc1cccc([*])c1,0.30612244897959184,2742.0,[*]CCc1cccc([*])c1,low
1142,[*]CCCCCCOC(=O)CCP(Cc1ccc(OC(=O)NCCCCP([*])=O)cc1)c1ccccc1,True,True,False,450.0,0.5,293.9013061523437,[*]CCCCCCOC(=O)CCP(Cc1ccc(OC(=O)NCCCCP([*])=O)cc1)c1ccccc1,0.375,2228.0,[*]CCCCC(=O)NCCCP(CCCNC([*])=O)c1ccccc1,low
1143,[*]CCCCCCCN1C(=O)c2ccc(-c3cccc(C(=O)NCC([*])C)c3)cc2C=CCCCCC1,True,True,False,450.0,0.5,365.76116943359375,[*]CCCCCCCN1C(=O)c2ccc(-c3cccc(C(=O)NCC([*])C)c3)cc2C=CCCCCC1,0.3611111111111111,2568.0,[*]CCCNC(=O)c1ccc(C(=O)NCC([*])C)cc1,low
1144,[*]CC=CCc1ccc(Oc2ccc(NC(=O)CCCCCCCCC(C)C(=O)N[*])cc2)cc1,True,True,False,450.0,0.5,365.0059814453125,[*]CC=CCc1ccc(Oc2ccc(NC(=O)CCCCCCCCC(C)C(=O)N[*])cc2)cc1,0.4827586206896552,2276.0,[*]CCCCCC(=O)Nc1ccc(Oc2ccc(NC([*])=O)cc2)cc1,low
1145,[*]CC(CCCCCCCCO[*])C(=O)C(C)C,True,True,False,450.0,0.5,328.1767578125,[*]CC(CCCCCCCCO[*])C(=O)C(C)C,0.40540540540540543,4459.0,[*]OCCCOC(=O)C([*])C,low
1146,[*]=C=Cc1ccc(OC(=O)CCCCCCC(=O)Oc2ccc(/C=N/c3ccc(CCN([*])C)cc3)cc2)cc1,True,True,False,450.0,0.5,348.1574401855469,[*]=C=Cc1ccc(OC(=O)CCCCCCC(=O)Oc2ccc(/C=N/c3ccc(CCN([*])C)cc3)cc2)cc1,0.49295774647887325,2195.0,[*]CCCC(=O)Oc1ccc(/C=N/c2ccc(Cc3ccc(/N=C/c4ccc(OC(=O)CCC[Si](C)(C)O[Si]([*])(C)C)cc4)cc3)cc2)cc1,low
1147,[*]O[Si]([*])(C)CCCOC(=O)c1ccc(-c2ccc(OC)cc2)cc1,True,True,False,450.0,0.5,308.2734680175781,[*]O[Si]([*])(C)CCCOC(=O)c1ccc(-c2ccc(OC)cc2)cc1,0.7021276595744681,4671.0,[*]O[Si]([*])(C)CCCOc1ccc(C(=O)Oc2ccc(C(=O)Oc3ccc(OC)cc3)cc2)cc1,medium
1149,[*]Nc1cc(CCCCNC([*])=O)c(Oc2ccc(/N=N/c3ccc(F)cc3)cc2C)cc1,True,True,False,450.0,0.5,396.4005432128906,[*]Nc1cc(CCCCNC([*])=O)c(Oc2ccc(/N=N/c3ccc(F)cc3)cc2C)cc1,0.3466666666666667,3514.0,[*]NCCCCCCNC(=O)c1ccc(C([*])=O)cc1Oc1ccc(F)cc1,low
1150,[*]Oc1cc(O)c(/C=C/c2ccc(C(=O)OCC(C)C(=O)Nc3ccc([*])cc3)cc2OC)c(C)c1,True,True,False,450.0,0.5,405.1624145507813,[*]Oc1cc(O)c(/C=C/c2ccc(C(=O)OCC(C)C(=O)Nc3ccc([*])cc3)cc2OC)c(C)c1,0.35443037974683544,4972.0,[*]Oc1ccc(NC(=O)c2ccc(Oc3ccc(Oc4ccc(C(=O)Nc5ccc(Oc6ccc([*])cc6C)cc5)cc4)cc3C)cc2)cc1,low
1151,[*]CCOC(=O)c1ccc(SCCCCCC(=O)Nc2ccc(-c3ccc(/C=C/c4ccc(C([*])=O)cc4)cc3)cc2)cc1,True,True,False,450.0,0.5,369.862548828125,[*]CCOC(=O)c1ccc(SCCCCCC(=O)Nc2ccc(-c3ccc(/C=C/c4ccc(C([*])=O)cc4)cc3)cc2)cc1,0.47540983606557374,4431.0,[*]OCCCCCOC(=O)c1ccc(/C=C/c2ccc(C([*])=O)cc2)cc1,low
1152,[*]CC([*])C(=O)OCCCCCCCCS(=O)(=O)C=Cc1ccc(OC=C(CCCC)C(=O)O)cc1,True,True,False,450.0,0.5,385.8350524902344,[*]CC([*])C(=O)OCCCCCCCCS(=O)(=O)C=Cc1ccc(OC=C(CCCC)C(=O)O)cc1,0.423728813559322,1639.0,[*]CC([*])C(=O)OCCCCCC,low
1153,[*]Nc1ccc(C(=O)c2ccc(-c3ccc([*])cc3)cc2)cc1C,True,True,False,450.0,0.5,440.0144653320313,[*]Nc1ccc(C(=O)c2ccc(-c3ccc([*])cc3)cc2)cc1C,0.5428571428571428,4039.0,[*]Nc1ccc([*])cc1C,medium
1154,[*]CCCCCCCOc1cc(OCC=CC)cc(C(=O)O[*])c1C,True,True,False,450.0,0.5,307.8780517578125,[*]CCCCCCCOc1cc(OCC=CC)cc(C(=O)O[*])c1C,0.3448275862068966,4217.0,[*]OC(=O)c1cccc(OCCCCCOc2cccc(C([*])=O)c2)c1,low
1156,[*]CC(O)COC(=O)CCCCC(=O)Oc1ccc(C(=O)OCCCSc2ccc(-c3ccc([*])cc3)cc2)cc1,True,True,False,450.0,0.5,334.3830871582031,[*]CC(O)COC(=O)CCCCC(=O)Oc1ccc(C(=O)OCCCSc2ccc(-c3ccc([*])cc3)cc2)cc1,0.4626865671641791,2250.0,[*]CCCCC(=O)OCC(O)COc1ccc(C(=O)Oc2ccc(OCC(O)COC([*])=O)cc2)cc1,low
1157,[*]OC(=O)c1ccc(C(N2C(=O)c3ccc(OC([*])CO)cc3)(CCCCO)c3ccccc32)cc1,True,True,False,450.0,0.5,458.20068359375,[*]OC(=O)c1ccc(C(N2C(=O)c3ccc(OC([*])CO)cc3)(CCCCO)c3ccccc32)cc1,0.3125,4192.0,[*]OC(=O)c1ccc(OCCCCOc2ccc(C([*])=O)cc2)cc1,low
1163,[*]=C=Cc1ccc(Oc2ccc(C(=O)c3ccc(C#CCCCCCCCO[Si]([*])=O)cc3C)cc2)cc1,True,True,False,450.0,0.5,344.8534240722656,[*]=C=Cc1ccc(Oc2ccc(C(=O)c3ccc(C#CCCCCCCCO[Si]([*])=O)cc3C)cc2)cc1,0.3150684931506849,5529.0,[*]c1cc(C)c(Oc2ccc(C(=O)c3ccccc3-c3ccccc3C(=O)c3ccc(Oc4c(C)cc([*])cc4C)cc3)cc2)c(C)c1,low
1164,[*]CCOCCOc1ccc(S(C)(=O)c2ccc(CC(C)C[Ca]CC)cc2)cc1[*],True,True,False,450.0,0.5,293.6171875,[*]CCOCCOc1ccc(S(C)(=O)c2ccc(CC(C)C[Ca]CC)cc2)cc1[*],0.3194444444444444,1451.0,[*]CC([*])(C)C(=O)OCc1ccc(OCCOCCOCC)c(OCCOCCOCC)c1,low
1165,[*]Oc1ccc(OP(=O)(Nc2ccccc2)c2ccc(OCCCCCCOC([*])=O)cc2)cc1,True,True,False,450.0,0.5,329.1818542480469,[*]Oc1ccc(OP(=O)(Nc2ccccc2)c2ccc(OCCCCCCOC([*])=O)cc2)cc1,0.5,3832.0,[*]Nc1ccc(OP(=O)(Oc2ccc(NC(=O)OCCCCCCOC([*])=O)cc2)c2ccccc2)cc1,medium
1167,[*]C=Cc1sc(Nc2cc(CCCCCCCCCCC)c([*])c(C#N)c2)cc1Br,True,True,False,450.0,0.5,333.1288146972656,[*]C=Cc1sc(Nc2cc(CCCCCCCCCCC)c([*])c(C#N)c2)cc1Br,0.3225806451612903,7070.0,[*]c1sc(-c2cc3sc(-c4cc(CCCCCCCCCCCCCC)c([*])s4)cc3s2)cc1CCCCCCCCCCCCCC,low
1168,[*]CC(CCOc1ccccc1)C(=O)Oc1ccc(C(=O)[SH]CC(=O)O[*])cc1,True,True,False,450.0,0.5,331.2578125,[*]CC(CCOc1ccccc1)C(=O)Oc1ccc(C(=O)[SH]CC(=O)O[*])cc1,0.40350877192982454,1110.0,[*]CC(CCOc1ccccc1)OC([*])=O,low
1169,[*]Cc1ccc(OCCCCS(=O)(=O)Nc2ccc(C([*])=O)cc2)cc1,True,True,False,450.0,0.5,347.9665832519531,[*]Cc1ccc(OCCCCS(=O)(=O)Nc2ccc(C([*])=O)cc2)cc1,0.4791666666666667,4192.0,[*]OC(=O)c1ccc(OCCCCOc2ccc(C([*])=O)cc2)cc1,low
1170,[*]Cc1ccc(OC(=O)CCCCC(F)(F)COC([*])=O)cc1,True,True,False,450.0,0.5,301.08447265625,[*]Cc1ccc(OC(=O)CCCCC(F)(F)COC([*])=O)cc1,0.5102040816326531,2264.0,[*]CCCCC(=O)Oc1ccc(Cc2ccc(OC([*])=O)cc2)cc1,medium
1171,[*]O[Si]([*])(C)OCCCCCCCOc1ccc(S(=O)(=O)c2ccc(Oc3ccc(/N=C/c4ccc(OC)cc4)cc3)cc2)cc1,True,True,False,450.0,0.5,332.941650390625,[*]O[Si]([*])(C)OCCCCCCCOc1ccc(S(=O)(=O)c2ccc(Oc3ccc(/N=C/c4ccc(OC)cc4)cc3)cc2)cc1,0.45588235294117646,4686.0,[*]O[Si]([*])(C)OCCCCCCCCCCCOc1ccc(C2COC(c3ccc(OC)cc3)OC2)cc1,low
1172,[*]CC([*])(C)C(=O)OC(=O)C(C#N)CCCCCCC(=O)OC,True,True,False,450.0,0.5,331.79412841796875,[*]CC([*])(C)C(=O)OC(=O)C(C#N)CCCCCCC(=O)OC,0.43137254901960786,1277.0,[*]CC([*])(C)C(=O)OCCCCCCCC(C)C,low
1173,[*]O[Si]([*])(C)c1ccc(OCCCCN(C)c2ccc(C#N)cc2)cc1,True,True,False,450.0,0.5,308.5140686035156,[*]O[Si]([*])(C)c1ccc(OCCCCN(C)c2ccc(C#N)cc2)cc1,0.5192307692307693,4649.0,[*]O[Si]([*])(C)CCCCOc1ccc(-c2ccc(C#N)cc2)cc1,medium
1174,[*]CCC(C)CN(C(=O)OCC[Se]CCN)C([*])=O,True,True,False,450.0,0.5,313.1788024902344,[*]CCC(C)CN(C(=O)OCC[Se]CCN)C([*])=O,0.27450980392156865,2199.0,[*]CCCC(C)C(=O)OC([*])C,low
1176,[*]Cc1cc(OC2CCCCCC2)c(-c2ccc(NC(=O)c3ccc([*])cc3)o2)cc1,True,True,False,450.0,0.5,499.053466796875,[*]Cc1cc(OC2CCCCCC2)c(-c2ccc(NC(=O)c3ccc([*])cc3)o2)cc1,0.3188405797101449,5820.0,[*]c1ccc(C(=O)Nc2ccc(C(=O)Nc3ccc(Cc4ccc(NC(=O)c5ccc(NC(=O)c6ccc([Si]([*])(C)C)cc6)cc5)cc4)cc3)cc2)cc1,low
1179,[*]CCCCCCCS(=O)(=O)c1ccc(C(=O)NCCCCCNC([*])=O)c(-c2ccccc2C)c1,True,True,False,450.0,0.5,337.9803466796875,[*]CCCCCCCS(=O)(=O)c1ccc(C(=O)NCCCCCNC([*])=O)c(-c2ccccc2C)c1,0.4098360655737705,3519.0,[*]NCCCCCCNC(=O)c1ccccc1-c1ccccc1C([*])=O,low
1180,[*]Oc1ccc(N2C(=O)c3ccc(C(=O)CCN=[*])cc3)cc2C1,True,True,False,450.0,0.5,384.3500061035156,[*]Oc1ccc(N2C(=O)c3ccc(C(=O)CCN=[*])cc3)cc2C1,0.25,1919.0,[*]CC([*])c1ccc(C(=O)CCN2CCCCC2)cc1,low
1183,[*]CC([*])=Nc1cc(C)cc(C(O)CCCn2cccc2)c2cc(Cl)ccc2c1,True,True,False,450.0,0.5,346.8994140625,[*]CC([*])=Nc1cc(C)cc(C(O)CCCn2cccc2)c2cc(Cl)ccc2c1,0.23076923076923078,1984.0,[*]CC([*])c1ccc(Cl)cc1C,low
1185,[*]CC([*])c1ccc(NS(=O)(=O)c2cc(CC(C)CCCC)cc([N+](=O)[O-])c2)o1,True,True,False,450.0,0.5,391.4784851074219,[*]CC([*])c1ccc(NS(=O)(=O)c2cc(CC(C)CCCC)cc([N+](=O)[O-])c2)o1,0.29577464788732394,1774.0,[*]CC([*])CNc1ccc([N+](=O)[O-])cc1C,low
1186,[*]C=CC(CC#C)CCN([*])c1ccc(CC)cc1,True,True,False,450.0,0.5,310.117919921875,[*]C=CC(CC#C)CCN([*])c1ccc(CC)cc1,0.29411764705882354,408.0,[*]C(=O)c1ccc(N([*])CCC)cc1,low
1187,[*]NC(=O)CCC(F)(F)Oc1ccc(C(=O)NC([*])=N)cc1,True,True,False,450.0,0.5,419.2934875488281,[*]NC(=O)CCC(F)(F)Oc1ccc(C(=O)NC([*])=N)cc1,0.3333333333333333,3572.0,[*]NNC(=O)c1ccc(Oc2ccc(C([*])=O)cc2)cc1,low
1188,[*]CCCCCCSC(=O)C1CCCCCOCC1[*],True,True,False,450.0,0.5,244.5331878662109,[*]CCCCCCSC(=O)C1CCCCCOCC1[*],0.37209302325581395,2518.0,[*]CCCCCSC([*])=O,low
1189,[*]CCCCCCCC(=O)N(OC(=O)c1ccc(C)cc1)c1ccc(-c2ccc(-c3ccc([*])o3)cc2)cc1,True,True,False,450.0,0.5,419.80950927734375,[*]CCCCCCCC(=O)N(OC(=O)c1ccc(C)cc1)c1ccc(-c2ccc(-c3ccc([*])o3)cc2)cc1,0.34782608695652173,4151.0,[*]OC(=O)CCCCCCCCCCCCCCC(=O)Oc1cc(OC(=O)c2ccc(C)cc2)c([*])cc1OC(=O)c1ccc(C)cc1,low
1190,[*]NC(=O)c1ccc2c(c1)C(=O)N(c1ccc(C(C)(C)c3ccc(Oc4ccc([*])cc4)cc3C)cc1)C2=O,True,True,False,450.0,0.5,480.6446533203125,[*]NC(=O)c1ccc2c(c1)C(=O)N(c1ccc(C(C)(C)c3ccc(Oc4ccc([*])cc4)cc3C)cc1)C2=O,0.6268656716417911,6505.0,[*]c1ccc(Oc2ccc(NC(=O)c3ccc(N4C(=O)c5ccc(C(=O)Nc6ccc(Oc7ccc(C([*])(C)C)cc7)cc6)cc5C4=O)cc3)cc2)cc1,medium
1191,[*]COc1ccc(/C(=C\C#N)C(=O)OCCCCOC(=O)Sc2ccc(Cc3ccc(OC([*])=O)cc3)cc2)c2ccc([N+](=O)[O-])cc21,True,True,False,450.0,0.5,385.1002502441406,[*]COc1ccc(/C(=C\C#N)C(=O)OCCCCOC(=O)Sc2ccc(Cc3ccc(OC([*])=O)cc3)cc2)c2ccc([N+](=O)[O-])cc21,0.30434782608695654,331.0,[*]C(=O)Oc1ccc(Cc2ccc(OC(=O)c3cc([*])cc(OCCCCC)c3)cc2)cc1,low
1192,[*]CC([*])(C)C(=O)Oc1ccc(Oc2ccccc2/C=C/c2ccc(-c3ccc([N+](=O)[O-])cc3)cc2)cc1,True,True,False,450.0,0.5,411.5451049804688,[*]CC([*])(C)C(=O)Oc1ccc(Oc2ccccc2/C=C/c2ccc(-c3ccc([N+](=O)[O-])cc3)cc2)cc1,0.5789473684210527,1476.0,[*]CC([*])(C)C(=O)Oc1ccc(/C=C/c2ccccc2)cc1,medium
1193,[*]O[Si](C)(C)c1ccc(-c2ccc3c(c2)C(=O)N(C([*])=O)C3=O)cc1O,True,True,False,450.0,0.5,371.2730102539063,[*]O[Si](C)(C)c1ccc(-c2ccc3c(c2)C(=O)N(C([*])=O)C3=O)cc1O,0.3728813559322034,4441.0,[*]OCCCCN1C(=O)c2ccc(-c3ccc4c(c3)C(=O)N(CCCCOC([*])=O)C4=O)cc2C1=O,low
1194,[*]CC(C)(C)COC(=O)c1ccc(C(=S)c2ccc(/N=C(\C)CCCCCCCC([*])=O)cc2)cc1,True,True,False,450.0,0.5,321.9573669433594,[*]CC(C)(C)COC(=O)c1ccc(C(=S)c2ccc(/N=C(\C)CCCCCCCC([*])=O)cc2)cc1,0.375,2872.0,[*]COC(=O)c1ccc(C(=O)OCC([*])(C)C)cc1,low
1195,[*]=Nc1ccc(Oc2ccc(S(=O)(=O)c3ccc([*])cc3N(C)c3ccccc3)cc2)c(C#N)c1,True,True,False,450.0,0.5,430.0465393066406,[*]=Nc1ccc(Oc2ccc(S(=O)(=O)c3ccc([*])cc3N(C)c3ccccc3)cc2)c(C#N)c1,0.3684210526315789,6584.0,[*]c1ccc(Oc2ccc(S(=O)(=O)c3ccc(Oc4ccc(C([*])(C)C)cc4N)cc3N)cc2)c(N)c1,low
1196,[*]CC([*])=C(Cc1ccccc1)c1ccc(C(=O)OC(C)C([2H])(F)F)cc1,True,True,False,450.0,0.5,413.2059631347656,[*]CC([*])=C(Cc1ccccc1)c1ccc(C(=O)OC(C)C([2H])(F)F)cc1,0.37254901960784315,1834.0,[*]CC([*])OC(=O)c1ccccc1,low
1199,[*]CC([*])(C)C(=O)Oc1ccc(N(C(=O)c2ccc(OC)cc2)OS(F)(F)F)cc1F,True,True,False,450.0,0.5,375.56549072265625,[*]CC([*])(C)C(=O)Oc1ccc(N(C(=O)c2ccc(OC)cc2)OS(F)(F)F)cc1F,0.48333333333333334,1490.0,[*]CC([*])(C)C(=O)Oc1ccc(C(=O)Oc2ccc(OC)cc2)cc1,low
1200,[*]CC(OCC(C)C)c1ccc(S(=O)(=O)c2ccc(OC([*])=O)cc2)cc1S(C)(=O)O,True,True,False,450.0,0.5,401.34710693359375,[*]CC(OCC(C)C)c1ccc(S(=O)(=O)c2ccc(OC([*])=O)cc2)cc1S(C)(=O)O,0.3611111111111111,339.0,[*]C(=O)Oc1ccc(S(=O)(=O)c2ccc(OC(=O)c3cc([*])cc(CCCCC)c3)cc2)cc1,low
1201,[*]OCC(OC(=O)c1ccc(C([*])=O)cc1)C(=O)OCC(CC#N)CCCCCC,True,True,False,450.0,0.5,311.6691589355469,[*]OCC(OC(=O)c1ccc(C([*])=O)cc1)C(=O)OCC(CC#N)CCCCCC,0.38461538461538464,2869.0,[*]COC(=O)c1ccc(C(=O)OCC(CCCCCC)C([*])CCCCCC)cc1,low
1204,[*]CCCCCOC(=O)NCCC(=O)Oc1ccc(C(COC(=O)c2ccccc2C(=O)O[*])COC(C)(C)C)cc1,True,True,False,450.0,0.5,318.121826171875,[*]CCCCCOC(=O)NCCC(=O)Oc1ccc(C(COC(=O)c2ccccc2C(=O)O[*])COC(C)(C)C)cc1,0.34146341463414637,1268.0,[*]CC([*])(C)C(=O)OCCCCCC(=O)Oc1ccc(OC(=O)c2ccc(OC)cc2)cc1,low
1205,[*]COC(=O)CCCCCOC(=O)c1ccc(C)c(NC(=O)c2ccc(C(=O)OC)cc2)c1[*],True,True,False,450.0,0.5,383.3387145996094,[*]COC(=O)CCCCCOC(=O)c1ccc(C)c(NC(=O)c2ccc(C(=O)OC)cc2)c1[*],0.4166666666666667,2255.0,[*]CCCCC(=O)OCCCCOC(=O)c1ccc(C(=O)OCCCCOC([*])=O)cc1,low
1206,[*]CC([*])CNc1ccc(S(=O)(=O)Nc2cccc(CCC(C)(C)CC)c2)cc1,True,True,False,450.0,0.5,424.2526245117188,[*]CC([*])CNc1ccc(S(=O)(=O)Nc2cccc(CCC(C)(C)CC)c2)cc1,0.3728813559322034,1773.0,[*]CC([*])CNc1ccc([N+](=O)[O-])cc1,low
1207,[*]=COc1ccc(S(=O)(=O)c2ccc(OCCCC)c([*])c2)cc1-c1ccc(Cl)cc1,True,True,False,450.0,0.5,444.019287109375,[*]=COc1ccc(S(=O)(=O)c2ccc(OCCCC)c([*])c2)cc1-c1ccc(Cl)cc1,0.3728813559322034,5708.0,[*]c1ccc(-c2ccc(OCCCC)c(-c3cc([*])ccc3OCCCC)c2)cc1,low
1209,[*]CC=CCCC(=O)CCCCCS(=O)(=O)C([*])=O,True,True,False,450.0,0.5,324.5927124023437,[*]CC=CCCC(=O)CCCCCS(=O)(=O)C([*])=O,0.3191489361702128,2069.0,[*]CC/C=C/CCC(=O)OCCCCCCCCCCCCCCCCOC([*])=O,low
1210,[*]CC([*])=CC(Cc1ccc(OC(=O)N(CCCCCC)c2ccc(S(=O)(=O)O)cc2)cc1)c1ccc(Cc2ccccc2)cc1,True,True,False,450.0,0.5,365.6179504394531,[*]CC([*])=CC(Cc1ccc(OC(=O)N(CCCCCC)c2ccc(S(=O)(=O)O)cc2)cc1)c1ccc(Cc2ccccc2)cc1,0.3,2729.0,[*]CCc1ccc(OC(=O)CCCCCCC(=O)Oc2ccc(CC(NC([*])=O)C(=O)OCc3ccccc3)cc2)cc1,low
1211,[*]Cc1ccc([Si]([*])(C)CCCCC(=O)Oc2ccc3c(c2)C(=O)N(CCCCCC)C3=O)cc1,True,True,False,450.0,0.5,333.7067565917969,[*]Cc1ccc([Si]([*])(C)CCCCC(=O)Oc2ccc3c(c2)C(=O)N(CCCCCC)C3=O)cc1,0.44871794871794873,6036.0,[*]c1ccc(OC(=O)CCCCCCCCCCCN2C(=O)c3ccc(C(=O)Oc4ccc(C([*])(C)C)cc4)cc3C2=O)cc1,low
1213,[*]/C=C/c1ccc(/C=C/c2ccc(OCCCCOC(=O)c3ccc(C([*])=O)cc3Sc3ccc(OCCCCCC)cc3)cc2)cc1,True,True,False,450.0,0.5,355.0860900878906,[*]/C=C/c1ccc(/C=C/c2ccc(OCCCCOC(=O)c3ccc(C([*])=O)cc3Sc3ccc(OCCCCCC)cc3)cc2)cc1,0.4594594594594595,1012.0,[*]C=Cc1ccc(OCCCCCCCCCCOC(=O)c2ccc(-c3nnc(-c4ccc(C(=O)OCCCCCCCCCCOc5ccc(/C=C/C([*])=O)cc5)cc4)o3)cc2)cc1,low
1214,[*]SCC([*])(C)C(=O)OCCCCN(C)c1ccc2ccccc2c1-c1ccc(OC(=O)C(O)CCCO)cc1,True,True,False,450.0,0.5,345.603515625,[*]SCC([*])(C)C(=O)OCCCCN(C)c1ccc2ccccc2c1-c1ccc(OC(=O)C(O)CCCO)cc1,0.35443037974683544,1322.0,[*]CC([*])(C)C(=O)OCCCCCCN(C)c1ccc(N(C)C)cc1,low
1215,[*]C=C(CCCCCCOc1ccc(/C=C/C(=O)O[Na])cc1)c1ccc(C([*])=O)cc1,True,True,False,450.0,0.5,390.5973815917969,[*]C=C(CCCCCCOc1ccc(/C=C/C(=O)O[Na])cc1)c1ccc(C([*])=O)cc1,0.46153846153846156,4190.0,[*]OC(=O)c1ccc(OCCCCCCOc2ccc(C([*])=O)cc2)cc1,low
1216,[*]CC([*])C(=O)NSCCCOC(=O)c1ccc(OC)cc1,True,True,False,450.0,0.5,314.69677734375,[*]CC([*])C(=O)NSCCCOC(=O)c1ccc(OC)cc1,0.5384615384615384,1715.0,[*]CC([*])C(=O)Oc1ccc(C(=O)OCCCC)cc1,medium
1218,[*]CCN(C)CCOC(=O)c1ccc(C(=O)OCCCc2ccc(C(=O)N[*])cc2)c([2H])c1,True,True,False,450.0,0.5,327.2898864746094,[*]CCN(C)CCOC(=O)c1ccc(C(=O)OCCCc2ccc(C(=O)N[*])cc2)c([2H])c1,0.3709677419354839,1932.0,[*]CC([*])c1ccc(C(=O)OCCN(C)C)cc1,low
1219,[*]COc1ccc(-c2ccc(C([*])=O)cc2S(=O)(=O)CCCCC)cc1,True,True,False,450.0,0.5,415.5650634765625,[*]COc1ccc(-c2ccc(C([*])=O)cc2S(=O)(=O)CCCCC)cc1,0.42424242424242425,1883.0,[*]CC([*])c1cc(C(=O)OC)ccc1-c1ccc(OCCCCCCCC)cc1,low
1220,[*]CCP([*])(CCCCCC(F)(F)F)C(=O)Nc1ccc(Cc2ccc(C)cc2O)c(Cl)c1,True,True,False,450.0,0.5,345.40673828125,[*]CCP([*])(CCCCCC(F)(F)F)C(=O)Nc1ccc(Cc2ccc(C)cc2O)c(Cl)c1,0.25675675675675674,1448.0,[*]CC([*])(C)C(=O)OCc1ccc(Cl)cc1Cl,low
1221,[*]OCC(F)(F)C(F)(F)C([*])(C)CCCOc1ccc(-c2ccc(C)cc2)c(C)c1,True,True,False,450.0,0.5,318.0722961425781,[*]OCC(F)(F)C(F)(F)C([*])(C)CCCOc1ccc(-c2ccc(C)cc2)c(C)c1,0.3188405797101449,4474.0,[*]OCCCc1nnc(-c2ccc(-c3nnc(CCCOc4ccc([*])c(C)c4)o3)cc2)o1,low
1223,[*]CC([*])CN(C)c1ccc(CCCCCCC(=O)Oc2ccc(C(=O)O[Na])cc2)cc1,True,True,False,450.0,0.5,320.5155639648437,[*]CC([*])CN(C)c1ccc(CCCCCCC(=O)Oc2ccc(C(=O)O[Na])cc2)cc1,0.42028985507246375,3113.0,[*]Cc1ccc(OC(=O)CCCCCCC(=O)Oc2ccc(CCC(=O)NC([*])C(=O)OC)cc2)cc1,low
1224,[*]Oc1ccc(C=C(C)NC(=O)c2ccc3c(c2)C(=O)N(c2cc([*])c(C(=O)OCCC(C)(C)CC)cc2)C3=O)cc1,True,True,False,450.0,0.5,452.0204162597656,[*]Oc1ccc(C=C(C)NC(=O)c2ccc3c(c2)C(=O)N(c2cc([*])c(C(=O)OCCC(C)(C)CC)cc2)C3=O)cc1,0.4069767441860465,4952.0,[*]Oc1ccc(N2C(=O)c3ccc(C(=O)c4ccc5c(c4)C(=O)N(c4ccc(Oc6cc(C(C)(C)C)c([*])cc6C(C)(C)C)cc4)C5=O)cc3C2=O)cc1,low
1225,[*][Si]([*])(CCCCC)c1cc(OCCN(C)C)ccc1-c1ccc(I)cc1,True,True,False,450.0,0.5,362.84967041015625,[*][Si]([*])(CCCCC)c1cc(OCCN(C)C)ccc1-c1ccc(I)cc1,0.3472222222222222,4680.0,[*]O[Si]([*])(C)CCc1cc(-c2nnc(-c3ccc(OCCCCCCCCCCCC)cc3)o2)ccc1-c1nnc(-c2ccc(OCCCCCCCCCCCC)cc2)o1,low
1228,[*]Oc1ccc(OC(=O)c2ccc(OCCO[Si](C)(C)c3ccc(C)cc3C(=O)c3ccc(C([*])=O)cc3)c(C)c2)cc1,True,True,False,450.0,0.5,349.36138916015625,[*]Oc1ccc(OC(=O)c2ccc(OCCO[Si](C)(C)c3ccc(C)cc3C(=O)c3ccc(C([*])=O)cc3)c(C)c2)cc1,0.4307692307692308,5034.0,[*]Oc1ccc(OCCCCCCOc2ccc(OC(=O)c3ccc(C([*])=O)cc3)cc2)cc1,low
1229,[*]Cc1ccccc1OCCCCN(C)C(=O)c1ccc(OC(=O)C([2H])(F)C(=O)Nc2ccc([*])cc2)cc1,True,True,False,450.0,0.5,372.5700073242188,[*]Cc1ccccc1OCCCCN(C)C(=O)c1ccc(OC(=O)C([2H])(F)C(=O)Nc2ccc([*])cc2)cc1,0.32894736842105265,189.0,[*]C(=O)N(C(=O)c1ccc(OCCCCCCOc2ccc([*])cc2)cc1)c1ccccc1,low
1230,[*]/C=C/c1ccc(OC(=O)Nc2cc(CCCCC(C)(C)C(=O)N[*])ccc2)cc1,True,True,False,450.0,0.5,365.29986572265625,[*]/C=C/c1ccc(OC(=O)Nc2cc(CCCCC(C)(C)C(=O)N[*])ccc2)cc1,0.3684210526315789,3375.0,[*]NC(=O)Oc1ccc(/N=C/CCC/C=N/c2ccc(OC(=O)Nc3ccc(C)c([*])c3)cc2)cc1,low
1231,[*]CC(=O)NCCCCCCCN1CCN([*])C(=O)NCC1,True,True,False,450.0,0.5,351.8150634765625,[*]CC(=O)NCCCCCCCN1CCN([*])C(=O)NCC1,0.4090909090909091,1052.0,[*]CC(=O)NCCCCCCCCNC([*])=O,low
1232,[*]CCOCCCCCCN1C(=O)c2ccc([*])cc2C1,True,True,False,450.0,0.5,295.59765625,[*]CCOCCCCCCN1C(=O)c2ccc([*])cc2C1,0.38181818181818183,5148.0,[*]Oc1ccc2c(c1)C(=O)N(CCCCCCCCCCCCN1C(=O)c3ccc([*])cc3C1=O)C2=O,low
1233,[*]Cc1ccc(-c2cc(Br)c(OC(=O)O[*])c(CCCCCCCC)c2C)cc1,True,True,False,450.0,0.5,386.9253234863281,[*]Cc1ccc(-c2cc(Br)c(OC(=O)O[*])c(CCCCCCCC)c2C)cc1,0.3472222222222222,3162.0,[*]Cc1ccc(OC(=O)Oc2ccc(CCC(=O)NC([*])C(=O)OCCCCCC)cc2)cc1,low
1234,[*]NC(=O)CCCC/C(=N\c1ccc(N(C)CC)cc1)c1ccc([*])cc1,True,True,False,450.0,0.5,365.3162841796875,[*]NC(=O)CCCC/C(=N\c1ccc(N(C)CC)cc1)c1ccc([*])cc1,0.32,3314.0,[*]NC(=O)CCCCC(=O)Nc1cc([N+](=O)[O-])c([*])cc1/C=C/c1ccc(N(C)C)cc1,low
1238,[*]OC(=O)c1ccc(/N=C/CC(=O)OCCCCCOc2ccc(NC(=O)c3ccc(C([*])=O)cc3)cc2)cc1,True,True,False,450.0,0.5,388.5947265625,[*]OC(=O)c1ccc(/N=C/CC(=O)OCCCCCOc2ccc(NC(=O)c3ccc(C([*])=O)cc3)cc2)cc1,0.5555555555555556,4190.0,[*]OC(=O)c1ccc(OCCCCCCOc2ccc(C([*])=O)cc2)cc1,medium
1239,[*]CCCCCCCCCCOc1ccc(CCOCCCCOC(=O)c2cc(C(=O)NCC3CCC(C)CC3)c(COc3ccc([*])o3)cc2OC)cc1,True,True,False,450.0,0.5,313.60284423828125,[*]CCCCCCCCCCOc1ccc(CCOCCCCOC(=O)c2cc(C(=O)NCC3CCC(C)CC3)c(COc3ccc([*])o3)cc2OC)cc1,0.35,4629.0,[*]O[Si]([*])(C)CCCCCCCCCCCOC(=O)c1cc(OC(=O)c2ccc(OCCOCCOCCOCCOCCOCCOCCOCCOC)cc2)ccc1OC(=O)c1ccc(OCCOCCOCCOCCOCCOCCOCCOCCOC)cc1,low
1242,[*]Oc1ccc(N2C(=O)c3ccc(C(=O)OCCCCCCCC)cc3[PH]([*])(=O)=O)cc2cc1,True,True,False,450.0,0.5,,[*]Oc1ccc(N2C(=O)c3ccc(C(=O)OCCCCCCCC)cc3[PH]([*])(=O)=O)cc2cc1,0.36231884057971014,1931.0,[*]CC([*])c1ccc(C(=O)OCCCCCC)cc1,low
1243,[*]N=C(C)c1ccc(C(=O)c2cccc(N(C)C([*])=O)c2)cc1-c1ccccc1,True,True,False,450.0,0.5,419.8836669921875,[*]N=C(C)c1ccc(C(=O)c2cccc(N(C)C([*])=O)c2)cc1-c1ccccc1,0.35294117647058826,691.0,[*]C(=O)c1cccc(N2C(=O)c3ccc(C(=O)c4ccc5c(c4)C(=O)N(c4ccc(N([*])C)cc4)C5=O)cc3C2=O)c1,low
1244,[*]Cc1cc([*])ccc1-c1ccc(C(=O)OCCC[Si](C)(C)C)c(O)c1,True,True,False,450.0,0.5,403.1539916992188,[*]Cc1cc([*])ccc1-c1ccc(C(=O)OCCC[Si](C)(C)C)c(O)c1,0.3559322033898305,5842.0,[*]c1ccc(C(=O)OCCCCOC(=O)c2ccc([Si]([*])(C)C)cc2)cc1,low
1245,[*]C(=O)C(F)(F)C(F)(F)c1ccc(OCC2CC([*])CC2)cc1,True,True,False,450.0,0.5,377.8468322753906,[*]C(=O)C(F)(F)C(F)(F)c1ccc(OCC2CC([*])CC2)cc1,0.3333333333333333,6048.0,[*]c1ccc(OC(=O)OCC2CCC(COC(=O)Oc3ccc(C([*])(C)C)cc3)CC2)cc1,low
1246,[*]CC(=O)Nc1ccc(NC(=O)CC(C)CCCCC(OC(=O)C([*])=O)C(=O)O)cc1,True,True,False,450.0,0.5,422.3044128417969,[*]CC(=O)Nc1ccc(NC(=O)CC(C)CCCCC(OC(=O)C([*])=O)C(=O)O)cc1,0.33962264150943394,2189.0,[*]CCCC(=O)Nc1ccc(NC([*])=O)cc1,low
1247,[*]CC(=O)OCc1ccc(C(c2cccc(OCC(C)OC([*])=O)c2)c2ccccc2)cc1,True,True,False,450.0,0.5,348.9252624511719,[*]CC(=O)OCc1ccc(C(c2cccc(OCC(C)OC([*])=O)c2)c2ccccc2)cc1,0.39655172413793105,1127.0,[*]CC(COc1ccccc1)OC([*])=O,low
1248,[*]CC([*])CCCCCC[Si](C)(c1ccccc1)c1ccc(NC(=O)[Se]C)cc1,True,True,False,450.0,0.5,306.2807006835937,[*]CC([*])CCCCCC[Si](C)(c1ccccc1)c1ccc(NC(=O)[Se]C)cc1,0.35185185185185186,7100.0,[*]CC([*])C(=O)Nc1ccccc1,low
1249,[*]C(=[*])c1ccc(OCCCCCC[Si](C#N)CN(C)CC)cc1,True,True,False,450.0,0.5,300.2408142089844,[*]C(=[*])c1ccc(OCCCCCC[Si](C#N)CN(C)CC)cc1,0.34545454545454546,4190.0,[*]OC(=O)c1ccc(OCCCCCCOc2ccc(C([*])=O)cc2)cc1,low
1251,[*]CCC(=O)/C=C/c1cc(OCCCCCC)cc(C)c1CN([*])C,True,True,False,450.0,0.5,367.8644409179688,[*]CCC(=O)/C=C/c1cc(OCCCCCC)cc(C)c1CN([*])C,0.3246753246753247,1654.0,[*]CC([*])C(=O)OCCCCCCOc1ccc(/C=N/c2ccc(OCCCCC)cc2)c(O)c1,low
1252,[*]COc1ccc(C)c(OC(=O)CSCCC([*])=O)c1Cl,True,True,False,450.0,0.5,318.0067749023437,[*]COc1ccc(C)c(OC(=O)CSCCC([*])=O)c1Cl,0.2909090909090909,5484.0,[*]c1cc(C)c(OC(=O)CCCCC(=O)Oc2c(C)cc([*])cc2C)c(C)c1,low
1253,[*]C=CC(CCCCOc1ccc(-c2ccc(NCCCCCC)cc2)cc1)C([*])=O,True,True,False,450.0,0.5,332.762451171875,[*]C=CC(CCCCOc1ccc(-c2ccc(NCCCCCC)cc2)cc1)C([*])=O,0.421875,37.0,[*]/C=C(/[*])CCCOc1ccc(OC(=O)c2ccc(OCCCCCCCC)cc2)cc1,low
1254,[*]CCCCCCCNS(=O)(=O)c1ccc(C(C)(C)Cc2ccc(OCCCCC([*])CC)c(C)c2)cc1,True,True,False,450.0,0.5,334.2823486328125,[*]CCCCCCCNS(=O)(=O)c1ccc(C(C)(C)Cc2ccc(OCCCCC([*])CC)c(C)c2)cc1,0.31666666666666665,2287.0,[*]CCCCCC([*])CC,low
1256,[*]C=Nc1ccc(/N=N/c2ccc(OC(=O)c3ccc([N+](=O)[O-])cc3)cc2C(=O)OC)cc1[*],True,True,False,450.0,0.5,432.6205139160156,[*]C=Nc1ccc(/N=N/c2ccc(OC(=O)c3ccc([N+](=O)[O-])cc3)cc2C(=O)OC)cc1[*],0.39473684210526316,4832.0,[*]Oc1ccc(/N=N/c2ccc(Cc3ccc(/N=N/c4ccc(OC(=O)c5ccc(/N=N/c6ccc(C([*])=O)cc6)cc5)cc4)cc3[N+](=O)[O-])c([N+](=O)[O-])c2)cc1,low
1257,[*]CC([*])C(=O)NCCCCCCCCNC(=O)N(CCC)CC(C)NC=C,True,True,False,450.0,0.5,319.3133850097656,[*]CC([*])C(=O)NCCCCCCCCNC(=O)N(CCC)CC(C)NC=C,0.5208333333333334,1592.0,[*]CC([*])C(=O)NCCCCCCCC,medium
1258,[*]c1ccc(C(=O)OCCCCCCNC(=O)Nc2cc(C(OC)C([*])OC(C)C)ccc2)s1,True,True,False,450.0,0.5,316.6142883300781,[*]c1ccc(C(=O)OCCCCCCNC(=O)Nc2cc(C(OC)C([*])OC(C)C)ccc2)s1,0.3013698630136986,2012.0,[*]CC([*])c1cccc(NC(C)=O)c1,low
1259,[*]Cc1ccc(OCCNC(=O)CCCCCCCCOc2ccc(CCNCCN([*])CC)cc2)cc1,True,True,False,450.0,0.5,311.02130126953125,[*]Cc1ccc(OCCNC(=O)CCCCCCCCOc2ccc(CCNCCN([*])CC)cc2)cc1,0.4166666666666667,2348.0,[*]CCCCCCCCC(=O)NCCc1ccc(CCNC([*])=O)cc1,low
1260,[*]CC([*])(C)C(=O)OCCCCCCNC(=O)c1ccc(-c2ccc(C#Cc3ccc(Br)cc3)cc2)cc1,True,True,False,450.0,0.5,389.1354675292969,[*]CC([*])(C)C(=O)OCCCCCCNC(=O)c1ccc(-c2ccc(C#Cc3ccc(Br)cc3)cc2)cc1,0.5409836065573771,1326.0,[*]CC([*])(C)C(=O)OCCCCCCOc1ccc(-c2ccc(C#N)cc2)cc1,medium
1261,[*]Cc1ccc(C(=O)Oc2ccc(/C([*])=N/c3ccc(Oc4ccccc4)cc3)c(-c3ccc(Oc4ccc(-c5ccc(O)cc5)cc4)cc3)c2)cc1,True,True,False,450.0,0.5,409.7245788574219,[*]Cc1ccc(C(=O)Oc2ccc(/C([*])=N/c3ccc(Oc4ccccc4)cc3)c(-c3ccc(Oc4ccc(-c5ccc(O)cc5)cc4)cc3)c2)cc1,0.4225352112676056,4988.0,[*]Oc1ccc(OC(=O)c2ccc(-c3ccc(C([*])=O)cc3)cc2-c2ccccc2)cc1-c1ccccc1,low
1262,[*]CC([*])OC(=O)Cc1ccc(CCCCC)c(S(=O)(=O)O)c1,True,True,False,450.0,0.5,398.1695251464844,[*]CC([*])OC(=O)Cc1ccc(CCCCC)c(S(=O)(=O)O)c1,0.3888888888888889,1821.0,[*]CC([*])OC(=O)c1ccc(CC)cc1,low
1263,[*]CC(CCCCNC(=O)Nc1cccc(NC(=O)O[*])c1)C(=O)O[Na],True,True,False,450.0,0.5,388.91790771484375,[*]CC(CCCCNC(=O)Nc1cccc(NC(=O)O[*])c1)C(=O)O[Na],0.3387096774193548,3443.0,[*]NCCCCCCCCCCCCCCCCCCNC(=O)Nc1ccc(Cc2ccc(NC([*])=O)cc2)cc1,low
1264,[*]CC([*])S(=O)(=O)CCCCCC(O)NC,True,True,False,450.0,0.5,354.6582946777344,[*]CC([*])S(=O)(=O)CCCCCC(O)NC,0.28205128205128205,1587.0,[*]CC([*])C(=O)NC,low
1265,[*]/C=C/CCCCCC(=O)OP(=O)(c1ccc(/N=C(\C)c2cccc(OCCCCCC)c2)cc1)C([*])CO,True,True,False,450.0,0.5,309.8424987792969,[*]/C=C/CCCCCC(=O)OP(=O)(c1ccc(/N=C(\C)c2cccc(OCCCCCC)c2)cc1)C([*])CO,0.32222222222222224,1654.0,[*]CC([*])C(=O)OCCCCCCOc1ccc(/C=N/c2ccc(OCCCCC)cc2)c(O)c1,low
1267,[*]/C=C(\C)CN([*])c1ccc(/C=C/c2ccc(C(=O)OC(CCCCCC)C(F)(F)F)cc2)cc1,True,True,False,450.0,0.5,349.408203125,[*]/C=C(\C)CN([*])c1ccc(/C=C/c2ccc(C(=O)OC(CCCCCC)C(F)(F)F)cc2)cc1,0.36507936507936506,411.0,[*]C(=O)c1ccc(N([*])CCCCCCC)cc1,low
1269,[*]CC([*])C(=O)Nc1cc(CCCCC)c(NC(=O)C(=O)c2ccc(OC)cc2C)o1,True,True,False,450.0,0.5,382.6664123535156,[*]CC([*])C(=O)Nc1cc(CCCCC)c(NC(=O)C(=O)c2ccc(OC)cc2C)o1,0.34375,1746.0,[*]CC([*])C(=O)c1ccc(OC)cc1,low
1270,[*]CNC(=O)c1ccc2c(c1)C(=O)NCCCCCCO[Si]([*])(C)COC2=O,True,True,False,450.0,0.5,410.7882690429688,[*]CNC(=O)c1ccc2c(c1)C(=O)NCCCCCCO[Si]([*])(C)COC2=O,0.2857142857142857,2781.0,[*]CNC(=O)c1ccc(C(=O)NCc2cc(C)c([*])cc2C)cc1,low
1271,[*]Oc1ccc(C2(C(=O)OCCCC)Nc3ccc(C([*])=O)cc3)cc2C1,True,True,False,450.0,0.5,411.5777893066406,[*]Oc1ccc(C2(C(=O)OCCCC)Nc3ccc(C([*])=O)cc3)cc2C1,0.35,7142.0,[*]OCCCCOC(=O)c1ccc(C([*])=O)cc1,low
1272,[*]NC(=O)c1cccc(OCC(F)(F)C(F)(F)CCCNS([*])=O)c1,True,True,False,450.0,0.5,375.0892333984375,[*]NC(=O)c1cccc(OCC(F)(F)C(F)(F)CCCNS([*])=O)c1,0.3793103448275862,3551.0,[*]NCCOc1cccc(C([*])=O)c1,low
1274,[*]Cc1cc(C(C#N)CCNC([*])=O)ccc1-c1ccc([N+](=O)[O-])cc1,True,True,False,450.0,0.5,440.8017883300781,[*]Cc1cc(C(C#N)CCNC([*])=O)ccc1-c1ccc([N+](=O)[O-])cc1,0.3,3425.0,[*]NC(CCC(=O)OCc1ccc([N+](=O)[O-])cc1)C([*])=O,low
1275,[*]Oc1cc(O[Na])c(OCCOC(=O)c2ccc(C([*])=O)cc2)cc1C,True,True,False,450.0,0.5,383.0278625488281,[*]Oc1cc(O[Na])c(OCCOC(=O)c2ccc(C([*])=O)cc2)cc1C,0.5,7315.0,[*]OCCOC(=O)c1ccc(C([*])=O)cc1,medium
1276,[*]/C=C/c1ccc(S(=O)(=O)Nc2ccc(C([*])=O)cc2OCCCCC#N)c(F)c1,True,True,False,450.0,0.5,395.4566955566406,[*]/C=C/c1ccc(S(=O)(=O)Nc2ccc(C([*])=O)cc2OCCCCC#N)c(F)c1,0.30952380952380953,1012.0,[*]C=Cc1ccc(OCCCCCCCCCCOC(=O)c2ccc(-c3nnc(-c4ccc(C(=O)OCCCCCCCCCCOc5ccc(/C=C/C([*])=O)cc5)cc4)o3)cc2)cc1,low
1277,[*]CC([*])c1ccc(S(=O)(=O)c2cccc(CCCOCCN(C)CC)c2)cc1,True,True,False,450.0,0.5,377.4871215820313,[*]CC([*])c1ccc(S(=O)(=O)c2cccc(CCCOCCN(C)CC)c2)cc1,0.4,1995.0,[*]CC([*])c1ccc(S(=O)(=O)OCCC)cc1,low
1278,[*]CC([*])(C)C(=O)Nc1ccc(NC(=O)c2ccc(C(=O)OC)cc2)cc1,True,True,False,450.0,0.5,415.7229614257813,[*]CC([*])(C)C(=O)Nc1ccc(NC(=O)c2ccc(C(=O)OC)cc2)cc1,0.5555555555555556,1486.0,[*]CC([*])(C)C(=O)Oc1ccc(C(=O)OC)cc1,medium
1279,[*]Nc1ccc(OC(=O)c2ccc(SCCCCCCCC(=O)NCCCCOc3ccc(C([*])=O)cc3)cc2)o1,True,True,False,450.0,0.5,337.2110900878906,[*]Nc1ccc(OC(=O)c2ccc(SCCCCCCCC(=O)NCCCCOc3ccc(C([*])=O)cc3)cc2)o1,0.42424242424242425,5034.0,[*]Oc1ccc(OCCCCCCOc2ccc(OC(=O)c3ccc(C([*])=O)cc3)cc2)cc1,low
1280,[*]CCCCCCCOC(=O)C(C)C(=O)O[*]CC[N+]CC,True,True,False,450.0,0.5,,[*]CCCCCCCOC(=O)C(C)C(=O)O[*]CC[N+]CC,0.37209302325581395,2468.0,[*]CCCCCCCCCCCCOC([*])=O,low
1281,[*]C(=O)/C=C/c1ccccc1OC(=O)N(CCCCCC)c1ccc(CC([*])=O)cc1,True,True,False,450.0,0.5,342.5183410644531,[*]C(=O)/C=C/c1ccccc1OC(=O)N(CCCCCC)c1ccc(CC([*])=O)cc1,0.3387096774193548,411.0,[*]C(=O)c1ccc(N([*])CCCCCCC)cc1,low
1282,[*]C#Cc1cc(OC(=O)CCCCCCCCC(=O)OCCOc2ccc(-c3ccc(NC([*])=O)cc3)cc2)cc(SSC#N)c1,True,True,False,450.0,0.5,336.6934814453125,[*]C#Cc1cc(OC(=O)CCCCCCCCC(=O)OCCOc2ccc(-c3ccc(NC([*])=O)cc3)cc2)cc(SSC#N)c1,0.38961038961038963,1640.0,[*]CC([*])C(=O)OCCCCCC(=O)Oc1ccc(-c2ccc(C#N)cc2)cc1,low
1283,[*]NC1CCC(OC(=O)COc2ccc(C([*])(C(F)(F)F)C(F)(F)F)cc2)(c2ccccc2)CC1,True,True,False,450.0,0.5,406.14990234375,[*]NC1CCC(OC(=O)COc2ccc(C([*])(C(F)(F)F)C(F)(F)F)cc2)(c2ccccc2)CC1,0.3559322033898305,6241.0,[*]c1ccc(OCOc2ccc(C([*])(C(F)(F)F)C(F)(F)F)cc2)cc1,low
1284,[*]CCCCCOc1ccccc1OC(=O)CCCCC(=O)N(c1ccc(OCC)cc1)C([*])=O,True,True,False,450.0,0.5,359.85546875,[*]CCCCCOc1ccccc1OC(=O)CCCCC(=O)N(c1ccc(OCC)cc1)C([*])=O,0.4426229508196721,2284.0,[*]CCCCCC(=O)Oc1ccccc1C(=O)OC(=O)c1ccccc1OC([*])=O,low
1285,[*]OC(=O)c1ccc(SCCCCCC(=O)Nc2ccc(C([*])(C)C)cc2)c(F)c1,True,True,False,450.0,0.5,370.5755004882813,[*]OC(=O)c1ccc(SCCCCCC(=O)Nc2ccc(C([*])(C)C)cc2)c(F)c1,0.4492753623188406,6189.0,[*]c1ccc(OCC(O)COc2ccc(NC(=O)CCCCCC(=O)Nc3ccc(OCC(O)COc4ccc(C([*])(C)C)cc4)cc3)cc2)cc1,low
1286,[*]CC([*])C(=O)OCCCCCCCCOc1ccc(C(=O)COCCC(F)(F)F)cc1,True,True,False,450.0,0.5,262.88739013671875,[*]CC([*])C(=O)OCCCCCCCCOc1ccc(C(=O)COCCC(F)(F)F)cc1,0.543859649122807,1657.0,[*]CC([*])C(=O)OCCCCCCOc1ccc(C(=O)Oc2ccc(OC)cc2)cc1,medium
1287,[*]/C=C/CC(O)C(C)c1ccccc1C(=O)OCCCCCCCC([*])OCC,True,True,False,450.0,0.5,307.0479736328125,[*]/C=C/CC(O)C(C)c1ccccc1C(=O)OCCCCCCCC([*])OCC,0.47540983606557374,2031.0,[*]CC([*])c1ccccc1C(=O)OCCCCCC,low
1288,[*]CCOCC(=S)Nc1ccc(Oc2ccc(C(=O)C(F)(F)C(F)(F)c3ccc(NC(=O)O[*])cc3)cc2)cc1,True,True,False,450.0,0.5,449.5565490722656,[*]CCOCC(=S)Nc1ccc(Oc2ccc(C(=O)C(F)(F)C(F)(F)c3ccc(NC(=O)O[*])cc3)cc2)cc1,0.35714285714285715,3803.0,[*]Nc1ccc(NC(=O)c2ccc(Oc3ccc(C(c4ccc(Oc5ccc(C([*])=O)cc5)cc4)(C(F)(F)F)C(F)(F)F)cc3)cc2)cc1,low
1289,[*]Oc1c(C)cc(C(=[*])c2ccccc2OC(=O)CCCCC)cc1Br,True,True,False,450.0,0.5,378.66943359375,[*]Oc1c(C)cc(C(=[*])c2ccccc2OC(=O)CCCCC)cc1Br,0.3870967741935484,2266.0,[*]CCCCC(=O)Oc1ccccc1C(=O)OC(=O)c1ccccc1OC([*])=O,low
1290,[*]C(=O)c1ccc(/C=C/c2ccc(N3C(=O)c4ccc([*])cc4C3=O)c(OCCCC)c2)cc1,True,True,False,450.0,0.5,444.1214599609375,[*]C(=O)c1ccc(/C=C/c2ccc(N3C(=O)c4ccc([*])cc4C3=O)c(OCCCC)c2)cc1,0.6666666666666666,532.0,[*]C(=O)c1ccc2c(c1)C(=O)N(c1ccc(-c3ccc(N4C(=O)c5ccc([*])cc5C4=O)c(OCCCCCCOc4ccc(/C=C/c5ccc(F)cc5)cc4)c3)cc1OCCCCCCOc1ccc(/C=C/c3ccc(F)cc3)cc1)C2=O,medium
1291,[*]OC1=CC=C([*])CCCCOc2ccc(-c3ccc([N+](=O)[O-])cc3)cc2C1,True,True,False,450.0,0.5,474.36077880859375,[*]OC1=CC=C([*])CCCCOc2ccc(-c3ccc([N+](=O)[O-])cc3)cc2C1,0.2602739726027397,6240.0,[*]c1ccc(OCOc2ccc(-c3oc(-c4ccc([N+](=O)[O-])cc4)nc3[*])cc2)cc1,low
1292,[*]N=P(Cl)c1ccc(N(C)C(=O)NC(C)(C)C([*])=O)cc1,True,True,False,450.0,0.5,340.1803894042969,[*]N=P(Cl)c1ccc(N(C)C(=O)NC(C)(C)C([*])=O)cc1,0.2708333333333333,407.0,[*]C(=O)c1ccc(N([*])C)cc1,low
1293,[*]C([*])(C)C(=O)Oc1ccc(/N=C/c2ccc(OCCCCCC(C)CCC)cc2)cc1,True,True,False,450.0,0.5,368.7840576171875,[*]C([*])(C)C(=O)Oc1ccc(/N=C/c2ccc(OCCCCCC(C)CCC)cc2)cc1,0.5147058823529411,1286.0,[*]CC([*])(C)C(=O)OCCCCCCCCCCCOc1ccc(/C=N/c2ccc(C#N)cc2)cc1,medium
1294,[*]OCCCC[Si](c1ccccc1)C(=O)N([*])C([2H])(CCCCC)C(=O)C#N,True,True,False,450.0,0.5,306.3065795898437,[*]OCCCC[Si](c1ccccc1)C(=O)N([*])C([2H])(CCCCC)C(=O)C#N,0.28169014084507044,2030.0,[*]CC([*])c1ccccc1C(=O)OCCCCC,low
1295,[*]Nc1ccc(C(C)(CCC)c2ccc(Oc3ccc(C([*])=O)cc3)cc2)cc1-c1ccccc1,True,True,False,450.0,0.5,408.3134765625,[*]Nc1ccc(C(C)(CCC)c2ccc(Oc3ccc(C([*])=O)cc3)cc2)cc1-c1ccccc1,0.4626865671641791,3912.0,[*]Nc1ccc(Oc2ccc(NC(=O)c3ccc(Oc4ccc(Oc5ccc(C([*])=O)cc5)cc4-c4ccccc4)cc3)cc2)cc1,low
1296,[*]CC(CCC)C(=O)[Se]CC([*])CC,True,True,False,450.0,0.5,273.49664306640625,[*]CC(CCC)C(=O)[Se]CC([*])CC,0.375,7255.0,[*]CC([*])CCC,low
1297,[*]c1cc(C(=O)OCCCCCC)cc(C=[*])c1C1CCC1,True,True,False,450.0,0.5,346.7890625,[*]c1cc(C(=O)OCCCCCC)cc(C=[*])c1C1CCC1,0.3898305084745763,1931.0,[*]CC([*])c1ccc(C(=O)OCCCCCC)cc1,low
1298,[*]CC(C)CCCCN(CCOC)C(=O)Nc1ccc(/N=C(\C)c2ccc([*])cc2)cc1,True,True,False,450.0,0.5,346.0575866699219,[*]CC(C)CCCCN(CCOC)C(=O)Nc1ccc(/N=C(\C)c2ccc([*])cc2)cc1,0.30985915492957744,6387.0,[*]c1ccc(Oc2ccc(C(=O)Nc3ccc(NC(=O)c4ccc(Oc5ccc(C([*])(C)C)cc5)cc4)cc3)cc2)cc1,low
1299,[*]CC([*])C(=O)OCc1ccccc1NC(=O)c1ccc(Oc2ccc(N3C(=O)c4ccc(OC)cc4C3=O)cc2)cc1,True,True,False,450.0,0.5,441.1231384277344,[*]CC([*])C(=O)OCc1ccccc1NC(=O)c1ccc(Oc2ccc(N3C(=O)c4ccc(OC)cc4C3=O)cc2)cc1,0.4457831325301205,4058.0,[*]Nc1ccc2ccccc2c1-c1c(NC(=O)c2ccc3c(c2)C(=O)N(c2ccc(Oc4ccc(N5C(=O)c6ccc(C([*])=O)cc6C5=O)cc4)cc2)C3=O)ccc2ccccc12,low
1300,[*]CC([*])CC(=O)Oc1ccc(COC(=O)CCCCCCCC(C)=Nc2ccc(OC)cc2)cc1,True,True,False,450.0,0.5,303.9989929199219,[*]CC([*])CC(=O)Oc1ccc(COC(=O)CCCCCCCC(C)=Nc2ccc(OC)cc2)cc1,0.43661971830985913,2802.0,[*]COC(=O)CCCCC(=O)OCC([*])CCCCCCOc1ccc(/N=N/c2ccc(OC)cc2)cc1,low
1301,[*]CC(O)CNC(=O)[Se]CCCCC(=O)NC1CCC(C(=O)O[*])CC1,True,True,False,450.0,0.5,376.9952697753906,[*]CC(O)CNC(=O)[Se]CCCCC(=O)NC1CCC(C(=O)O[*])CC1,0.36666666666666664,2102.0,[*]CC1CCC(NC(=O)CCCCC(=O)NC([*])(C)C)CC1,low
1302,[*]OC(=O)CCCc1cc(OC(C)O[*])cc(Cl)c1,True,True,False,450.0,0.5,289.7447204589844,[*]OC(=O)CCCc1cc(OC(C)O[*])cc(Cl)c1,0.31746031746031744,4141.0,[*]OC(=O)CCCC(=O)Oc1cc(OC(=O)c2ccc(OC)cc2)c([*])cc1OC(=O)c1ccc(OC)cc1,low
1303,[*]CCNC(=O)OCCOC(=O)c1ccc(I)c(NC(=O)Oc2ccc(O[*])cc2)c1,True,True,False,450.0,0.5,344.8555603027344,[*]CCNC(=O)OCCOC(=O)c1ccc(I)c(NC(=O)Oc2ccc(O[*])cc2)c1,0.43103448275862066,4842.0,[*]Oc1ccc(C(=O)OCCOCCOC(=O)c2ccc(OC([*])=O)cc2)cc1,low
1304,[*]Oc1ccccc1SCCCCCCN(C)C(=O)c1ccc(-c2ccc(C(=O)NOC([*])=O)cc2)c(OCCCC)c1,True,True,False,450.0,0.5,363.19921875,[*]Oc1ccccc1SCCCCCCN(C)C(=O)c1ccc(-c2ccc(C(=O)NOC([*])=O)cc2)c(OCCCC)c1,0.30434782608695654,332.0,[*]C(=O)Oc1ccc(OC(=O)c2cc(OCCCCCCCCCCCC)c([*])cc2OCCCCCCCCCCCC)cc1-c1ccccc1,low
1305,[*]NC(=O)c1ccc(NC(=O)CCCOc2ccc(-c3ccc(C([*])=O)cc3)cc2)cc1,True,True,False,450.0,0.5,501.0519409179688,[*]NC(=O)c1ccc(NC(=O)CCCOc2ccc(-c3ccc(C([*])=O)cc3)cc2)cc1,0.532258064516129,3609.0,[*]Nc1ccc(-c2c(-c3ccc(-c4ccccc4)cc3)cc(-c3ccc(OCCCCCCCCCCOc4ccc(-c5cc(-c6ccc(-c7ccccc7)cc6)c(-c6ccc(NC(=O)c7ccc(C([*])=O)cc7)cc6)c(-c6ccc(-c7ccccc7)cc6)c5)cc4)cc3)cc2-c2ccc(-c3ccccc3)cc2)cc1,medium
1306,[*]CCN(CC)c1ccc(C(=O)NC(=O)c2ccc(CCCCCCOC([*])=O)cc2)cc1,True,True,False,450.0,0.5,368.8992309570313,[*]CCN(CC)c1ccc(C(=O)NC(=O)c2ccc(CCCCCCOC([*])=O)cc2)cc1,0.4067796610169492,3710.0,[*]Nc1ccc(CCCCc2ccc(NC(=O)OCCOC([*])=O)cc2)cc1,low
1307,[*]NC#CC([*])CNC(=O)[Si](C)(C)C,True,True,False,450.0,0.5,375.5491333007813,[*]NC#CC([*])CNC(=O)[Si](C)(C)C,0.3055555555555556,2771.0,[*]CNC(=O)C([*])C,low
1308,[*]OCC(CBr)(COc1ccc(C(C)(C)c2ccccc2)cc1)Oc1ccc(C(OCc2ccc(O[*])cc2)cc1)O,True,True,False,450.0,0.5,339.5790710449219,[*]OCC(CBr)(COc1ccc(C(C)(C)c2ccccc2)cc1)Oc1ccc(C(OCc2ccc(O[*])cc2)cc1)O,0.25675675675675674,4884.0,[*]Oc1ccc(C(c2ccccc2)(c2ccccc2)c2ccc(OC([*])=O)cc2)cc1,low
1309,[*]CCCCCCN(C)C(=O)C1CCCCC(C(=O)OCC(CC)CO[*])C1,True,True,False,450.0,0.5,296.80108642578125,[*]CCCCCCN(C)C(=O)C1CCCCC(C(=O)OCC(CC)CO[*])C1,0.3103448275862069,2496.0,[*]CCCCCCN(C)C(=O)CCC(=O)N([*])C,low
1310,[*]OCCOc1cccc(NC(=O)c2ccc(Oc3cc(C([*])=O)cc(-c4ccc(C)cc4)c3)cc2C)c1,True,True,False,450.0,0.5,398.9415283203125,[*]OCCOc1cccc(NC(=O)c2ccc(Oc3cc(C([*])=O)cc(-c4ccc(C)cc4)c3)cc2C)c1,0.45714285714285713,4103.0,[*]Nc1cccc(OCCOCCOCCOc2cccc(NC(=O)c3ccc(C([*])=O)cc3)c2)c1,low
1311,[*]c1ccc([*])c(C(=O)OCC(COc2ccc(C)cc2)(OCC)c2ccc(/N=N/c3ccc(F)cc3)cc2)c1,True,True,False,450.0,0.5,366.0840759277344,[*]c1ccc([*])c(C(=O)OCC(COc2ccc(C)cc2)(OCC)c2ccc(/N=N/c3ccc(F)cc3)cc2)c1,0.47761194029850745,5808.0,[*]c1ccc(/N=N/c2ccc(OCC)cc2)cc1C(=O)OCCCOC(=O)c1cc(/N=N/c2ccc(OCC)cc2)ccc1[*],low
1314,[*]CC/C=C/CC(=O)OCCCCCCCC[N+](C)(C)C(=O)OCC([*])CC,True,True,False,450.0,0.5,236.5188140869141,[*]CC/C=C/CC(=O)OCCCCCCCC[N+](C)(C)C(=O)OCC([*])CC,0.4074074074074074,2069.0,[*]CC/C=C/CCC(=O)OCCCCCCCCCCCCCCCCOC([*])=O,low
1315,[*]C=C(C#N)c1cccc(N([*])C(=O)CCCCC(=O)OCC)c1,True,True,False,450.0,0.5,361.3773498535156,[*]C=C(C#N)c1cccc(N([*])C(=O)CCCCC(=O)OCC)c1,0.3103448275862069,4606.0,[*]O[Si]([*])(C)CCCC(=O)OCC,low
1316,[*]OCC(CC)CC(F)(F)C(F)(F)C(F)(F)c1cc(OCC([*])(C)C#C)c(C)cc1C,True,True,False,450.0,0.5,315.1409912109375,[*]OCC(CC)CC(F)(F)C(F)(F)C(F)(F)c1cc(OCC([*])(C)C#C)c(C)cc1C,0.22988505747126436,973.0,[*]C=Cc1cc(OCC(CC)CCCC)c([*])cc1-c1ccc(F)c(C(F)(F)F)c1,low
1318,[*]c1ccc(-c2cc(CN(CCCCCCCC)CCCC)c([*])cc2-c2ccc([N+](=O)[O-])cc2)cc1,True,True,False,450.0,0.5,405.3101806640625,[*]c1ccc(-c2cc(CN(CCCCCCCC)CCCC)c([*])cc2-c2ccc([N+](=O)[O-])cc2)cc1,0.38461538461538464,5735.0,[*]c1ccc(-c2ccc3ccc4ccc(-c5ccc(-c6cc(CCCCCC)c([*])cc6CCCCCC)cc5)nc4c3n2)cc1,low
1319,[*]CCCCCNC(=O)c1ccc(C(=O)NCCCOc2ccc(C([*])=O)cc2C#N)cc1,True,True,False,450.0,0.5,386.154052734375,[*]CCCCCNC(=O)c1ccc(C(=O)NCCCOc2ccc(C([*])=O)cc2C#N)cc1,0.47058823529411764,3450.0,[*]NCCCCCCCCCCCCNC(=O)c1ccc(C([*])=O)cc1,low
1320,[*]CC(=O)c1ccc(/C=N/N(C)C(=O)c2ccc(C(=O)O[*])cc2)cc1,True,True,False,450.0,0.5,421.4865417480469,[*]CC(=O)c1ccc(/C=N/N(C)C(=O)c2ccc(C(=O)O[*])cc2)cc1,0.3584905660377358,4176.0,[*]OC(=O)c1ccc(C(=O)O[Sn]([*])(CCCC)CCCC)cc1,low
1321,[*]C(C)c1ccc(-c2ccc(C(=O)c3ccc(OCCCCNC([*])C)cc3)c(F)c2)cc1Cl,True,True,False,450.0,0.5,388.403076171875,[*]C(C)c1ccc(-c2ccc(C(=O)c3ccc(OCCCCNC([*])C)cc3)c(F)c2)cc1Cl,0.35064935064935066,1883.0,[*]CC([*])c1cc(C(=O)OC)ccc1-c1ccc(OCCCCCCCC)cc1,low
1322,[*]C=CC(C)CCCCCCCC(=O)NCCOC(=O)C([2H])C(=O)O[*],True,True,False,450.0,0.5,299.24517822265625,[*]C=CC(C)CCCCCCCC(=O)NCCOC(=O)C([2H])C(=O)O[*],0.3559322033898305,2217.0,[*]CCCCC(=O)NCCCCCC(=O)OCCCCCCCCCCOC(=O)CCCCCNC([*])=O,low
1323,[*]CCOC(=O)CCCCC([*])(C)OCCN(C)c1ccc(C)cc1,True,True,False,450.0,0.5,270.6119384765625,[*]CCOC(=O)CCCCC([*])(C)OCCN(C)c1ccc(C)cc1,0.45,1322.0,[*]CC([*])(C)C(=O)OCCCCCCN(C)c1ccc(N(C)C)cc1,low
1324,[*]CCCCCOc1ccc(SC(=O)c2ccc(C(=O)Oc3ccc([*])cc3)cc2C(=O)OC(C)C)cc1,True,True,False,450.0,0.5,342.67431640625,[*]CCCCCOc1ccc(SC(=O)c2ccc(C(=O)Oc3ccc([*])cc3)cc2C(=O)OC(C)C)cc1,0.46875,6107.0,[*]c1ccc(OC(=O)c2ccc(OCCCCCCCCCCOc3ccc(C(=O)Oc4ccc(C([*])(C)C)cc4)cc3)cc2)cc1,low
1325,[*]CNC(=O)c1ccc(OCC(C)(C)CCCN)c(-c2ccc(N=C([*])C#N)cc2)c1,True,True,False,450.0,0.5,417.1849670410156,[*]CNC(=O)c1ccc(OCC(C)(C)CCCN)c(-c2ccc(N=C([*])C#N)cc2)c1,0.3150684931506849,2780.0,[*]CNC(=O)c1ccc(C(=O)NCCC(C)(C)CC([*])C)cc1,low
1326,[*]=Cc1ccc(NC(=O)CCCCCC[Si](OC)=N/c2cc(C#N)cc([*])c2)cc1,True,True,False,450.0,0.5,345.5292358398437,[*]=Cc1ccc(NC(=O)CCCCCC[Si](OC)=N/c2cc(C#N)cc([*])c2)cc1,0.3333333333333333,6189.0,[*]c1ccc(OCC(O)COc2ccc(NC(=O)CCCCCC(=O)Nc3ccc(OCC(O)COc4ccc(C([*])(C)C)cc4)cc3)cc2)cc1,low
1327,[*]c1cc(OCCCCCC)cc([*])c1OC(=O)C(F)(F)C(F)(F)C(F)(F)C(F)(F)F,True,True,False,450.0,0.5,317.413818359375,[*]c1cc(OCCCCCC)cc([*])c1OC(=O)C(F)(F)C(F)(F)C(F)(F)C(F)(F)F,0.4262295081967213,295.0,[*]C(=O)OCC(F)(F)C(F)(F)C(F)(F)COC(=O)c1cc([*])cc(OCCCCC)c1,low
1328,[*]c1cccc(C(CC)(C)c2ccc(NC(=O)C(=O)N([*])C)cc2)c1,True,True,False,450.0,0.5,452.0898742675781,[*]c1cccc(C(CC)(C)c2ccc(NC(=O)C(=O)N([*])C)cc2)c1,0.38596491228070173,6008.0,[*]c1ccc(NC(=O)c2cccc(C(=O)Nc3ccc(C([*])(C)C)cc3)c2)cc1,low
1329,[*]COCCCCS(=O)(=O)c1ccc(C)c(NC(=O)O[*])c1,True,True,False,450.0,0.5,341.1698913574219,[*]COCCCCS(=O)(=O)c1ccc(C)c(NC(=O)O[*])c1,0.41379310344827586,3345.0,[*]NC(=O)OCCCCOC(=O)Nc1cc([*])ccc1C,low
1330,[*]CCCCCCc1ccc(-c2ccccc2)c(O[Si]([*])(C)c2ccc([Si](C)(C)c3ccccc3)cc2)c1,True,True,False,450.0,0.5,320.7209777832031,[*]CCCCCCc1ccc(-c2ccccc2)c(O[Si]([*])(C)c2ccc([Si](C)(C)c3ccccc3)cc2)c1,0.38461538461538464,2522.0,[*]CCCCC[Si]([*])(C)c1ccccc1,low
1331,[*]Cc1ccc(/N=N/c2ccc(C(C)(C)c3ccc(OCCCC)cc3)cc2CCN([*])C)cc1,True,True,False,450.0,0.5,352.25244140625,[*]Cc1ccc(/N=N/c2ccc(C(C)(C)c3ccc(OCCCC)cc3)cc2CCN([*])C)cc1,0.38235294117647056,3271.0,[*]N=P([*])(OCCOc1ccc(/N=N/c2ccc(CCCC)cc2)cc1)OCCOc1ccc(/N=N/c2ccc(CCCC)cc2)cc1,low
1333,[*]c1ccc(N(CC)C(=O)CCCCCCC(=O)Nc2ccc(-c3nnc([*])cc3[N+](=O)[O-])cc2)cc1,True,True,False,450.0,0.5,460.8468627929688,[*]c1ccc(N(CC)C(=O)CCCCCCC(=O)Nc2ccc(-c3nnc([*])cc3[N+](=O)[O-])cc2)cc1,0.37349397590361444,3317.0,[*]NC(=O)CCCCCCC(=O)Nc1cc([N+](=O)[O-])c([*])cc1/C=C/c1ccc(N(C)C)cc1,low
1334,[*]Nc1ccc(Oc2ccc(NC(=O)c3ccc(P(=O)(N[*])CCCCCCC)cc3)cc2)cc1,True,True,False,450.0,0.5,444.23577880859375,[*]Nc1ccc(Oc2ccc(NC(=O)c3ccc(P(=O)(N[*])CCCCCCC)cc3)cc2)cc1,0.5490196078431373,3909.0,[*]Nc1ccc(Oc2ccc(NC(=O)c3ccc(C([*])=O)cc3)cc2)cc1,medium
1335,[*]CCOC(=O)c1cccc(-c2ccc(I)cc2S(=O)(=O)CCCCCCCCCCC(=O)OC([*])=O)c1,True,True,False,450.0,0.5,334.6117553710937,[*]CCOC(=O)c1cccc(-c2ccc(I)cc2S(=O)(=O)CCCCCCCCCCC(=O)OC([*])=O)c1,0.38461538461538464,2307.0,[*]CCCCCCC(=O)OCCOC(=O)c1ccc(C(=O)OCCOC([*])=O)cc1,low
1336,[*]C([*])(C)C(=O)CCCCCCCC(=O)Nc1ccc(/C=C/c2ccc(OC(C)C)cc2)cc1,True,True,False,450.0,0.5,418.62646484375,[*]C([*])(C)C(=O)CCCCCCCC(=O)Nc1ccc(/C=C/c2ccc(OC(C)C)cc2)cc1,0.46774193548387094,6189.0,[*]c1ccc(OCC(O)COc2ccc(NC(=O)CCCCCC(=O)Nc3ccc(OCC(O)COc4ccc(C([*])(C)C)cc4)cc3)cc2)cc1,low
1337,[*]C=CC1(CCO[Si](=O)(CCCCC)C(=O)O[*])CC1C,True,True,False,450.0,0.5,288.97418212890625,[*]C=CC1(CCO[Si](=O)(CCCCC)C(=O)O[*])CC1C,0.2711864406779661,4607.0,[*]O[Si]([*])(C)CCCC(=O)OCCCC,low
1338,[*]Oc1ccc(C(=O)N(C)c2ccc(OCCCCCCCCOC(=O)c3ccc(OC([*])=O)cc3)cc2)cc1OC,True,True,False,450.0,0.5,364.7430725097656,[*]Oc1ccc(C(=O)N(C)c2ccc(OCCCCCCCCOC(=O)c3ccc(OC([*])=O)cc3)cc2)cc1OC,0.4426229508196721,4842.0,[*]Oc1ccc(C(=O)OCCOCCOC(=O)c2ccc(OC([*])=O)cc2)cc1,low
1339,[*]NC(C(=O)Oc1ccc(C(C)(C)C)cc1)c1ccc(N2C(=O)c3ccc(Oc4ccccc4C([*])=O)cc3C2=O)c(Cl)c1,True,True,False,450.0,0.5,469.5366821289063,[*]NC(C(=O)Oc1ccc(C(C)(C)C)cc1)c1ccc(N2C(=O)c3ccc(Oc4ccccc4C([*])=O)cc3C2=O)c(Cl)c1,0.35714285714285715,5985.0,[*]c1ccc(N2C(=O)c3ccc(Oc4cccc5c(Oc6ccc7c(c6)C(=O)N(c6ccc(C([*])(C)C)cc6)C7=O)cccc45)cc3C2=O)cc1,low
1341,[*]Nc1cc([*])c(C(=O)c2ccc(Cl)cc2C)c(C)c1,True,True,False,450.0,0.5,460.7638549804688,[*]Nc1cc([*])c(C(=O)c2ccc(Cl)cc2C)c(C)c1,0.35185185185185186,3331.0,[*]NC(=O)Nc1ccc(Oc2ccc(NC(=O)Nc3ccc(C)c([*])c3)cc2)cc1,low
1342,[*]C([*])OC(C)C(=O)Oc1ccc(C#CCC(C)(C)O)cc1,True,True,False,450.0,0.5,350.0584716796875,[*]C([*])OC(C)C(=O)Oc1ccc(C#CCC(C)(C)O)cc1,0.39215686274509803,1711.0,[*]CC([*])C(=O)Oc1ccc(C#N)cc1,low
1343,[*]CC([*])C(=O)Nc1cc(OCCCCCC)cc(C(=O)Oc2ccc(F)cc2)c1,True,True,False,450.0,0.5,337.8261108398437,[*]CC([*])C(=O)Nc1cc(OCCCCCC)cc(C(=O)Oc2ccc(F)cc2)c1,0.559322033898305,1718.0,[*]CC([*])C(=O)Oc1ccc(C(=O)Oc2ccc(OC(=O)c3ccc(OCCCCC)cc3)cc2)cc1,medium
1344,[*]OC(C)CCCC(=O)Oc1ccc(N2C(=O)c3ccc(C(=O)Oc4ccc([*])cc4)cc3)cc2C1=O,True,True,False,450.0,0.5,359.4997863769531,[*]OC(C)CCCC(=O)Oc1ccc(N2C(=O)c3ccc(C(=O)Oc4ccc([*])cc4)cc3)cc2C1=O,0.44285714285714284,4141.0,[*]OC(=O)CCCC(=O)Oc1cc(OC(=O)c2ccc(OC)cc2)c([*])cc1OC(=O)c1ccc(OC)cc1,low
1347,[*]/C=C/C([*])C(=O)OCCCCCC,True,True,False,450.0,0.5,217.8067626953125,[*]/C=C/C([*])C(=O)OCCCCCC,0.5882352941176471,1639.0,[*]CC([*])C(=O)OCCCCCC,medium
1348,[*]CC([*])O[Si](C)(C)C(=O)Oc1ccc(-c2ccc(/C=C/CC(F)(F)C(F)(F)F)cc2)cc1,True,True,False,450.0,0.5,338.1141967773437,[*]CC([*])O[Si](C)(C)C(=O)Oc1ccc(-c2ccc(/C=C/CC(F)(F)C(F)(F)F)cc2)cc1,0.3709677419354839,1476.0,[*]CC([*])(C)C(=O)Oc1ccc(/C=C/c2ccccc2)cc1,low
1349,[*]NC(CCCOc1ccc(C(=O)OCC(C)c2ccc([*])cc2)cc1)[Se]O,True,True,False,450.0,0.5,343.96240234375,[*]NC(CCCOc1ccc(C(=O)OCC(C)c2ccc([*])cc2)cc1)[Se]O,0.4166666666666667,6239.0,[*]c1ccc(OCCOC(=O)c2ccc(C(=O)OCCOc3ccc(C([*])(C)C)cc3)cc2)cc1,low
1353,[*]CC(=O)OCCCCCCCCOc1ccc2cc([*])ccc2Sc1,True,True,False,450.0,0.5,282.80047607421875,[*]CC(=O)OCCCCCCCCOc1ccc2cc([*])ccc2Sc1,0.3829787234042553,1072.0,[*]CC(=O)OCCCCCCCCCCCCCCCCCCCCOC([*])=O,low
1354,[*]COc1ccc(C(=[*])c2ccc(OCCCS(=O)(=O)N[Na])cc2)cc1,True,True,False,450.0,0.5,384.3294372558594,[*]COc1ccc(C(=[*])c2ccc(OCCCS(=O)(=O)N[Na])cc2)cc1,0.3541666666666667,3550.0,[*]NCCOc1ccc(C([*])=O)cc1,low
1357,[*]C([*])(C)C(=O)OCCCCCCOc1ccc(/N=N/[Si](C#N)=O)cc1,True,True,False,450.0,0.5,352.70758056640625,[*]C([*])(C)C(=O)OCCCCCCOc1ccc(/N=N/[Si](C#N)=O)cc1,0.5964912280701754,1291.0,[*]CC([*])(C)C(=O)OCCCCCCCCCCOc1ccc(/N=N/c2ccc(C#N)cc2)cc1,medium
1359,[*]N=P([*])(C(=O)OCCCCCC)c1ccc(-c2ccc(-c3ccc([N+](=O)[O-])cc3)cc2-c2ccccc2)cc1,True,True,False,450.0,0.5,354.16070556640625,[*]N=P([*])(C(=O)OCCCCCC)c1ccc(-c2ccc(-c3ccc([N+](=O)[O-])cc3)cc2-c2ccccc2)cc1,0.3291139240506329,1296.0,[*]CC([*])(C)C(=O)OCCCCCCCCCCOc1ccc(/N=N/c2ccc([N+](=O)[O-])cc2)cc1,low
1360,[*]c1ccc(COC(=O)O[Na])cc1,True,True,False,450.0,0.5,367.5362854003906,[*]c1ccc(COC(=O)O[Na])cc1,0.4375,2929.0,[*]COCc1ccc([*])cc1,low
1362,[*]O[Si](C)(C)CCCCCC(NC(=O)C([*])=O)CCC,True,True,False,450.0,0.5,283.3062744140625,[*]O[Si](C)(C)CCCCCC(NC(=O)C([*])=O)CCC,0.3181818181818182,4612.0,[*]O[Si]([*])(C)CCCCCC,low
1364,[*]N=CCCC(=O)Nc1ccc(OC(=O)c2ccc(N=CCN([*])C(=O)OCC(F)COC)cc2)cc1,True,True,False,450.0,0.5,341.24530029296875,[*]N=CCCC(=O)Nc1ccc(OC(=O)c2ccc(N=CCN([*])C(=O)OCC(F)COC)cc2)cc1,0.3103448275862069,3758.0,[*]Nc1ccc(Cc2ccc(NC(=O)Oc3ccc(/N=C/CCC/C=N/c4ccc(OC([*])=O)cc4)cc3)cc2)cc1,low
1365,[*]CC=CCCCNC(=O)c1ccc(-c2cc(CCSC(=O)O[*])cc(SCCCCCC)c2)cc1,True,True,False,450.0,0.5,365.9669799804688,[*]CC=CCCCNC(=O)c1ccc(-c2cc(CCSC(=O)O[*])cc(SCCCCCC)c2)cc1,0.3103448275862069,5418.0,[*]c1cc(C(=O)NCCCCCC)cc(N2C(=O)c3ccc(-c4ccc5c(c4)C(=O)N([*])C5=O)cc3C2=O)c1,low
1367,[*]CC(=O)Nc1ccc(Oc2ccc(C(CCCCCCC)c3ccc(N4C(=O)c5ccc(C(=O)OC([*])C)cc5C4=O)cc3)o2)cc1C,True,True,False,450.0,0.5,417.6474304199219,[*]CC(=O)Nc1ccc(Oc2ccc(C(CCCCCCC)c3ccc(N4C(=O)c5ccc(C(=O)OC([*])C)cc5C4=O)cc3)o2)cc1C,0.3473684210526316,3003.0,[*]Cc1cc(C)c(Oc2ccc(N3C(=O)c4ccc(C(=O)c5ccc6c(c5)C(=O)N(c5ccc(Oc7c(C)cc([*])cc7C)cc5)C6=O)cc4C3=O)cc2)c(C)c1,low
1368,[*]NC(=O)c1cc(C([*])=N)cc(CCCCC[N+](C)N)c1,True,True,False,450.0,0.5,454.0138854980469,[*]NC(=O)c1cc(C([*])=N)cc(CCCCC[N+](C)N)c1,0.27586206896551724,3473.0,[*]NCCCCCCCCNC(=O)c1cccc(C([*])=O)c1,low
1369,[*]CC([*])(C)C(=O)Oc1ccc(C(=O)c2ccc(OCCN(C)C)cc2)c(C)c1,True,True,False,450.0,0.5,392.0617980957031,[*]CC([*])(C)C(=O)Oc1ccc(C(=O)c2ccc(OCCN(C)C)cc2)c(C)c1,0.5614035087719298,1493.0,[*]CC([*])(C)C(=O)Oc1ccc(C(=O)c2ccccc2)c(O)c1,medium
1370,[*]CCN1CCCCCCC(=O)c2cc(O[*])c(S(=O)(=O)OCCC(C)C)cc2C1,True,True,False,450.0,0.5,363.40435791015625,[*]CCN1CCCCCCC(=O)c2cc(O[*])c(S(=O)(=O)OCCC(C)C)cc2C1,0.22388059701492538,1785.0,[*]CC([*])N1CCCCCC1=O,low
1371,[*]NC([*])CC[Si](=O)(C)c1ccc(C(=O)OC)cc1,True,True,False,450.0,0.5,383.133056640625,[*]NC([*])CC[Si](=O)(C)c1ccc(C(=O)OC)cc1,0.4444444444444444,7274.0,[*]CC([*])c1ccc(C(=O)OC)cc1,low
1372,[*]CCC([*])C(=O)C(CCCCCCC)Oc1ccc(C(=O)OCCCC)cc1,True,True,False,450.0,0.5,300.2961120605469,[*]CCC([*])C(=O)C(CCCCCCC)Oc1ccc(C(=O)OCCCC)cc1,0.5576923076923077,1715.0,[*]CC([*])C(=O)Oc1ccc(C(=O)OCCCC)cc1,medium
1373,[*]C=Cc1ccc(NC(=O)OCCCCCCCCN([*])C#N)c(S(=O)(=O)CC)c1,True,True,False,450.0,0.5,338.7744445800781,[*]C=Cc1ccc(NC(=O)OCCCCCCCCN([*])C#N)c(S(=O)(=O)CC)c1,0.34782608695652173,3336.0,[*]NC(=O)OCCCCCCCCCCOC(=O)Nc1cc([*])ccc1C,low
1374,[*]CC(O)CN(CCC(=O)c1ccc(/C=C/C(=O)Nc2ccc(OC([*])=O)cc2)cc1)CC,True,True,False,450.0,0.5,452.7413940429688,[*]CC(O)CN(CCC(=O)c1ccc(/C=C/C(=O)Nc2ccc(OC([*])=O)cc2)cc1)CC,0.42424242424242425,1005.0,[*]C=Cc1ccc(C=CC(=O)Nc2ccc(Oc3ccc(NC([*])=O)cc3)cc2)cc1,low
1375,[*]NC(=O)c1ccc(C/C=C/C(=O)OCCCCCCOC([*])=O)c(C(=O)O)c1,True,True,False,450.0,0.5,383.8212585449219,[*]NC(=O)c1ccc(C/C=C/C(=O)OCCCCCCOC([*])=O)c(C(=O)O)c1,0.38461538461538464,895.0,[*]C=CC(=O)OCCCCOC([*])=O,low
1377,[*]c1cc([*])cc(C(=O)NCC(O)CCCCCC(=O)Nc2ccc(C(C)(C)C)cc2)c1,True,True,False,450.0,0.5,383.1460266113281,[*]c1cc([*])cc(C(=O)NCC(O)CCCCCC(=O)Nc2ccc(C(C)(C)C)cc2)c1,0.47692307692307695,6189.0,[*]c1ccc(OCC(O)COc2ccc(NC(=O)CCCCCC(=O)Nc3ccc(OCC(O)COc4ccc(C([*])(C)C)cc4)cc3)cc2)cc1,low
1378,[*]N=C([*])c1cc(Oc2ccc3ccccc3c2)cc(CCCCC)c1C,True,True,False,450.0,0.5,372.9446716308594,[*]N=C([*])c1cc(Oc2ccc3ccccc3c2)cc(CCCCC)c1C,0.35294117647058826,5041.0,[*]Oc1ccc(Oc2ccc(-c3ccc(Oc4ccc(Oc5cc([*])ccc5CCCCCC)cc4)c4ccccc34)c3ccccc23)cc1,low
1379,[*]NC(=O)CCCCCCCCC(=O)Oc1ccc(C(=O)c2ccc([*])cc2[N+](=O)[O-])c2ccccc12,True,True,False,450.0,0.5,383.9282531738281,[*]NC(=O)CCCCCCCCC(=O)Oc1ccc(C(=O)c2ccc([*])cc2[N+](=O)[O-])c2ccccc12,0.35294117647058826,6031.0,[*]c1ccc(OC(=O)CCCCC(=O)Oc2ccc(C([*])(C)C)cc2C)c(C)c1,low
1380,[*]Oc1ccc(N(c2ccc(C(=O)OCc3ccc(CCCCC([*])C)cc3)cc2)c2ccccc2)cc1,True,True,False,450.0,0.5,363.4009704589844,[*]Oc1ccc(N(c2ccc(C(=O)OCc3ccc(CCCCC([*])C)cc3)cc2)c2ccccc2)cc1,0.45,1716.0,[*]CC([*])C(=O)Oc1ccc(C(=O)OCc2ccccc2)cc1,low
1381,[*]Oc1ccc(C2(c3ccc(OC([*])=O)c(Cl)c3)CCCCC2C(=O)O)cc1Br,True,True,False,450.0,0.5,449.246826171875,[*]Oc1ccc(C2(c3ccc(OC([*])=O)c(Cl)c3)CCCCC2C(=O)O)cc1Br,0.5614035087719298,4908.0,[*]Oc1ccc(C2(c3ccc(OC([*])=O)c(Cl)c3)CCCCC2)cc1Cl,medium
1382,[*]CC([*])(C)C(=O)OCCOC(=O)c1ccc(/C=C/C(=O)OCCCC)cc1,True,True,False,450.0,0.5,332.03619384765625,[*]CC([*])(C)C(=O)OCCOC(=O)c1ccc(/C=C/C(=O)OCCCC)cc1,0.5892857142857143,1372.0,[*]CC([*])(C)C(=O)OCCCCOc1ccc(OC(=O)c2ccc(OCCCC)cc2)cc1,medium
1383,[*]C(=O)Oc1cccc(N(C)C(=O)/C=C/c2ccc(OCCC([*])=O)cc2)c1,True,True,False,450.0,0.5,362.4423522949219,[*]C(=O)Oc1cccc(N(C)C(=O)/C=C/c2ccc(OCCC([*])=O)cc2)c1,0.38596491228070173,991.0,[*]C=Cc1ccc(/C=C/C(=O)Oc2ccc(OC([*])=O)cc2)cc1,low
1384,[*]Nc1ccc(C(=O)Nc2ccc(Oc3ccc(C=C(C)c4ccc(NC([*])=O)cc4)cc3)cc2C)cc1O,True,True,False,450.0,0.5,514.8468017578125,[*]Nc1ccc(C(=O)Nc2ccc(Oc3ccc(C=C(C)c4ccc(NC([*])=O)cc4)cc3)cc2C)cc1O,0.4225352112676056,3788.0,[*]Nc1ccc(N2C(=O)c3ccc(C(=O)Nc4ccc(Oc5ccc(NC(=O)c6ccc7c(c6)C(=O)N(c6ccc(NC([*])=O)cc6)C7=O)cc5)cc4)cc3C2=O)cc1,low
1385,[*]C=C(C)CC(=N)N([*])c1ccc(C(F)(F)F)c(C)c1,True,True,False,450.0,0.5,447.0222778320313,[*]C=C(C)CC(=N)N([*])c1ccc(C(F)(F)F)c(C)c1,0.28,41.0,[*]/C=C(/[*])c1ccccc1C(F)(F)F,low
1386,[*]CC(F)(F)C(=Nc1ccc(C(C)C)cc1)[Si](C)(C)CCCC(=[*])O,True,True,False,450.0,0.5,308.6921691894531,[*]CC(F)(F)C(=Nc1ccc(C(C)C)cc1)[Si](C)(C)CCCC(=[*])O,0.3076923076923077,1506.0,[*]CC([*])(C)c1ccc(C(C)C)cc1,low
1387,[*]CCCCNC(=O)c1ccc(/C(C#N)=C/c2ccc(O[*])c(F)c2F)cc1,True,True,False,450.0,0.5,468.3228454589844,[*]CCCCNC(=O)c1ccc(/C(C#N)=C/c2ccc(O[*])c(F)c2F)cc1,0.3770491803278688,2570.0,[*]CCCNC(=O)c1ccc(C(=O)NCCC([*])CC)cc1,low
1388,[*]CC1CC(=O)CCCCCCCCCCCCCCCC(=O)N(CCCCCOc2ccc(C(=O)c3ccc([*])cc3)cc2)C(=O)C1C,True,True,False,450.0,0.5,350.7476501464844,[*]CC1CC(=O)CCCCCCCCCCCCCCCC(=O)N(CCCCCOc2ccc(C(=O)c3ccc([*])cc3)cc2)C(=O)C1C,0.3625,6419.0,[*]c1ccc(Oc2ccc(C(=O)c3ccc(Oc4ccc(-c5c6c(c([*])c7ccccc57)C(=O)N(CCCCCCCCCCCC)C6=O)cc4)cc3)cc2)cc1,low
1389,[*]Oc1ccc(C([*])(Oc2ccccc2)c2ccccc2C(=O)OCCCCC)cc1,True,True,False,450.0,0.5,362.89013671875,[*]Oc1ccc(C([*])(Oc2ccccc2)c2ccccc2C(=O)OCCCCC)cc1,0.47368421052631576,2030.0,[*]CC([*])c1ccccc1C(=O)OCCCCC,low
1390,[*]NCC(CCCCCCOc1ccc(/C=N/[Si](C)(C)OC(C)C)cc1)C(=O)OCC(O)C(F)(F)C(F)(F)C([*])=O,True,True,False,450.0,0.5,283.6796875,[*]NCC(CCCCCCOc1ccc(/C=N/[Si](C)(C)OC(C)C)cc1)C(=O)OCC(O)C(F)(F)C(F)(F)C([*])=O,0.32608695652173914,2247.0,[*]CCCCC(=O)OCC(CCCCCCOc1ccc(/N=N/c2ccc(C(F)(F)F)cc2)cc1)COC([*])=O,low
1391,[*]c1nc([*])ccc1CNC(=O)OCCCCOc1ccc(-c2ccccc2)cc1,True,True,False,450.0,0.5,359.2249450683594,[*]c1nc([*])ccc1CNC(=O)OCCCCOc1ccc(-c2ccccc2)cc1,0.3939393939393939,3335.0,[*]NC(=O)OCCCCCCCCCCCOc1ccc(-c2ccc(OCCCCCCCCCCCOC(=O)Nc3ccc([*])cc3C)cc2)cc1,low
1392,[*]NC(=O)C(C([*])=O)c1cccc(C(=O)OCCCOc2ccc(C(F)(F)F)cc2)c1,True,True,False,450.0,0.5,376.005126953125,[*]NC(=O)C(C([*])=O)c1cccc(C(=O)OCCCOc2ccc(C(F)(F)F)cc2)c1,0.4,4463.0,[*]OCCCOC(=O)c1cccc(C([*])=O)c1,low
1393,[*]C=CCc1ccc(C(=O)c2ccc([Se]Oc3cccc(-c4ccc(C([*])=O)cc4)c3)cc2)cc1C,True,True,False,450.0,0.5,383.22467041015625,[*]C=CCc1ccc(C(=O)c2ccc([Se]Oc3cccc(-c4ccc(C([*])=O)cc4)c3)cc2)cc1C,0.36923076923076925,648.0,[*]C(=O)c1cccc(-c2cccc(C(=O)c3ccc(Oc4ccc(Oc5ccc([*])cc5)cc4)cc3)c2)c1,low
1394,[*]C=CC([*])c1ccc(Oc2ccc(C(=O)NCCCCCC)cc2)cc1,True,True,False,450.0,0.5,347.50018310546875,[*]C=CC([*])c1ccc(Oc2ccc(C(=O)NCCCCCC)cc2)cc1,0.45614035087719296,2572.0,[*]CCCNC(=O)c1ccc(Oc2ccc(C(=O)NCC([*])(C)C)cc2)cc1,low
1395,[*]NC(=O)c1ccc(C(=O)Nc2cccc(NC(=O)Oc3ccc([*])c(OCCCCC(C)(C)C)c3)c2)cc1C,True,True,False,450.0,0.5,446.6184692382813,[*]NC(=O)c1ccc(C(=O)Nc2cccc(NC(=O)Oc3ccc([*])c(OCCCCC(C)(C)C)c3)c2)cc1C,0.3783783783783784,6403.0,[*]c1ccc(Oc2ccc(C(=O)Nc3cccc(NC(=O)c4ccc(Oc5ccc(C([*])(C)C)cc5)cc4)c3)cc2)cc1,low
1397,[*]Nc1cc(OC(=O)c2ccccc2C(=O)OCCCCCCCCC)cc(N(C)C(=O)c2ccc([*])cc2)c1,True,True,False,450.0,0.5,352.93731689453125,[*]Nc1cc(OC(=O)c2ccccc2C(=O)OCCCCCCCCC)cc(N(C)C(=O)c2ccc([*])cc2)c1,0.4358974358974359,3386.0,[*]NC(=O)c1ccc(NC(=O)CCCCCCC(=O)Nc2ccc(C(=O)Nc3ccc([*])cc3C(=O)OCCCCCCCCCCCCCCCCCC)cc2)cc1,low
1398,[*]C=C1CC(=O)N(c2ccc(OCCCCC)c(C=[*])c2)C1=O,True,True,False,450.0,0.5,484.7483825683594,[*]C=C1CC(=O)N(c2ccc(OCCCCC)c(C=[*])c2)C1=O,0.34285714285714286,1032.0,[*]C=Cc1ccc2c3ccc([*])cc3n(-c3ccc(OCCCCCCCCCC)c(OCCCCCCCCCC)c3)c2c1,low
1399,[*]/C=C/C([*])C=C/c1cccc(OCCCCC)c1S,True,True,False,450.0,0.5,341.4921264648437,[*]/C=C/C([*])C=C/c1cccc(OCCCCC)c1S,0.40384615384615385,7124.0,[*]CC([*])c1ccccc1OCCCCCCCC,low
1401,[*]CNC(=O)CCCCCOC(=O)OCC(C)(CSC)C(=O)N[*],True,True,False,450.0,0.5,289.2972717285156,[*]CNC(=O)CCCCCOC(=O)OCC(C)(CSC)C(=O)N[*],0.3389830508474576,2774.0,[*]CNC(=O)CCCCC(=O)NCCC(C)(C)CC([*])C,low
1402,[*]/C=C/c1ccc(OC(=O)c2ccc(C(=O)Nc3ccc(CCOCCN([*])C)cc3)cc2)cc1,True,True,False,450.0,0.5,398.2952270507813,[*]/C=C/c1ccc(OC(=O)c2ccc(C(=O)Nc3ccc(CCOCCN([*])C)cc3)cc2)cc1,0.417910447761194,5829.0,[*]c1ccc(C(=O)Nc2ccc(OC(=O)c3ccc([Si]([*])(C)C)cc3)cc2)cc1,low
1403,[*]C(=N)CC(CNc1ccc(/N=N/c2ccc([2H])cc2)c(S([*])(=O)=O)c1)=C(C)C,True,True,False,450.0,0.5,445.2886352539063,[*]C(=N)CC(CNc1ccc(/N=N/c2ccc([2H])cc2)c(S([*])(=O)=O)c1)=C(C)C,0.24242424242424243,2124.0,[*]CCC(=O)Nc1ccc(N=Nc2ccc(NC([*])=O)cc2)cc1,low
1404,[*]CCC(C)(C)C([*])C(=O)Nc1cccc(C(F)(F)F)c1,True,True,False,450.0,0.5,380.0928039550781,[*]CCC(C)(C)C([*])C(=O)Nc1cccc(C(F)(F)F)c1,0.40384615384615385,1600.0,[*]CC([*])C(=O)Nc1cccc(Cl)c1,low
1405,[*]c1cc(C)c(OCCCC)cc1-c1ccc([PH]([*])(=O)c2cccc(C(=O)Oc3ccc(C(F)(F)F)cc3)c2)cc1S(C)(=O)=O,True,True,False,450.0,0.5,457.2446594238281,[*]c1cc(C)c(OCCCC)cc1-c1ccc([PH]([*])(=O)c2cccc(C(=O)Oc3ccc(C(F)(F)F)cc3)c2)cc1S(C)(=O)=O,0.34615384615384615,7178.0,[*]c1ccc(OC(=O)c2cccc(C(=O)Oc3ccc(C([*])(C)C)cc3)c2)cc1,low
1406,[*]/C=C/CCCCCOC(=O)c1cc(S(=O)(=O)N(C)c2ccc(C#N)cc2)ccc1S([*])=O,True,True,False,450.0,0.5,419.7958679199219,[*]/C=C/CCCCCOC(=O)c1cc(S(=O)(=O)N(C)c2ccc(C#N)cc2)ccc1S([*])=O,0.30864197530864196,1642.0,[*]CC([*])C(=O)OCCCCCCCCCCCCOC(=O)c1ccc(OC(=O)c2ccc(C#N)cc2)cc1,low
1407,[*]C([*])c1cccc(CO[Na])c1,True,True,False,450.0,0.5,376.3697204589844,[*]C([*])c1cccc(CO[Na])c1,0.4166666666666667,7122.0,[*]CC([*])c1cccc(CO)c1,low
1408,[*]OC(=O)CCCCCC(=O)Nc1ccc([N+](=O)[O-])c(OC(=O)Cc2ccc(C([*])=O)cc2C)c1,True,True,False,450.0,0.5,394.16937255859375,[*]OC(=O)CCCCCC(=O)Nc1ccc([N+](=O)[O-])c(OC(=O)Cc2ccc(C([*])=O)cc2C)c1,0.36,4151.0,[*]OC(=O)CCCCCCCCCCCCCCC(=O)Oc1cc(OC(=O)c2ccc(C)cc2)c([*])cc1OC(=O)c1ccc(C)cc1,low
1409,[*]Nc1ccc(-c2ccc(Oc3ccc(C(=O)NC(C)(C)c4ccccc4)cc3)cc2)cc1C(=O)N[*],True,True,False,450.0,0.5,426.1162414550781,[*]Nc1ccc(-c2ccc(Oc3ccc(C(=O)NC(C)(C)c4ccccc4)cc3)cc2)cc1C(=O)N[*],0.40625,3804.0,[*]Nc1ccc(NC(=O)c2ccc(Oc3ccc(C(c4ccccc4)(c4ccccc4)c4ccc(Oc5ccc(C([*])=O)cc5)cc4)cc3)cc2)cc1,low
1410,[*]CCCC(=O)OCCCCCCOC(=O)Nc1ccc2ccc(C)cc2c1CC(=O)N[*],True,True,False,450.0,0.5,326.453857421875,[*]CCCC(=O)OCCCCCCOC(=O)Nc1ccc2ccc(C)cc2c1CC(=O)N[*],0.421875,3336.0,[*]NC(=O)OCCCCCCCCCCOC(=O)Nc1cc([*])ccc1C,low
1411,[*]CC([*])OC(=O)CCCC(=O)Nc1ccc(C(C)(C)C)cc1,True,True,False,450.0,0.5,339.3548278808594,[*]CC([*])OC(=O)CCCC(=O)Nc1ccc(C(C)(C)C)cc1,0.5319148936170213,1818.0,[*]CC([*])OC(=O)c1ccc(C(C)(C)C)cc1,medium
1412,[*]/C=C(/[*])C(=O)OCCCCCCOc1ccc(P(=O)(OCC)c2ccc(C#N)cc2)cc1,True,True,False,450.0,0.5,315.37139892578125,[*]/C=C(/[*])C(=O)OCCCCCCOc1ccc(P(=O)(OCC)c2ccc(C#N)cc2)cc1,0.4444444444444444,1326.0,[*]CC([*])(C)C(=O)OCCCCCCOc1ccc(-c2ccc(C#N)cc2)cc1,low
1414,[*]Cc1ccc(N(c2ccccc2)C(=O)c2ccc(C([*])(C)C#Cc3ccccc3)cc2)cc1,True,True,False,450.0,0.5,512.0508422851562,[*]Cc1ccc(N(c2ccccc2)C(=O)c2ccc(C([*])(C)C#Cc3ccccc3)cc2)cc1,0.3559322033898305,3062.0,[*]Cc1ccc(NC(=O)c2ccc(C(=O)NC([*])(C)C)cc2)cc1,low
1415,[*]C=Cc1ccc(C(C)(CC)CCCCCOC(=O)c2ccc(OCCN)cc2)c([*])c1,True,True,False,450.0,0.5,335.8175354003906,[*]C=Cc1ccc(C(C)(CC)CCCCCOC(=O)c2ccc(OCCN)cc2)c([*])c1,0.4864864864864865,1012.0,[*]C=Cc1ccc(OCCCCCCCCCCOC(=O)c2ccc(-c3nnc(-c4ccc(C(=O)OCCCCCCCCCCOc5ccc(/C=C/C([*])=O)cc5)cc4)o3)cc2)cc1,low
1416,[*]CC([*])C(C)(C)C(=O)OC(C[2H])(C(F)(F)F)C(F)(F)F,True,True,False,450.0,0.5,319.66259765625,[*]CC([*])C(C)(C)C(=O)OC(C[2H])(C(F)(F)F)C(F)(F)F,0.36585365853658536,1606.0,[*]CC([*])C(=O)OC(F)(C(F)(F)F)C(F)(F)F,low
1417,[*]c1ccc(N(C)C([*])C)c(OCCCC(C)C)c1,True,True,False,450.0,0.5,385.0458984375,[*]c1ccc(N(C)C([*])C)c(OCCCC(C)C)c1,0.3728813559322034,1023.0,[*]C=Cc1ccc([*])cc1-c1cc(OCCC(C)C)c(OCCC(C)C)cc1-c1ccccc1,low
1418,[*]CC([*])CCCCCCOc1ccc(-c2ccc(C(=O)OCCCCCC)cc2)s1,True,True,False,450.0,0.5,286.8335876464844,[*]CC([*])CCCCCCOc1ccc(-c2ccc(C(=O)OCCCCCC)cc2)s1,0.5357142857142857,1931.0,[*]CC([*])c1ccc(C(=O)OCCCCCC)cc1,medium
1419,[*]CCc1ccc(NC(=O)c2ccc(C(=O)NCC(C)C(=O)c3ccc(C([*])=O)cc3)cc2)cc1,True,True,False,450.0,0.5,488.4513549804688,[*]CCc1ccc(NC(=O)c2ccc(C(=O)NCC(C)C(=O)c3ccc(C([*])=O)cc3)cc2)cc1,0.49019607843137253,3765.0,[*]Nc1ccc(Cc2ccc(NC(=O)c3ccc(C([*])=O)cc3)cc2)cc1,low
1420,[*]c1cccc(OCCCCC)c1-c1ccc(-c2ccc(C)c([*])c2)c(Sc2ccc(C)cc2)c1,True,True,False,450.0,0.5,381.4406127929688,[*]c1cccc(OCCCCC)c1-c1ccc(-c2ccc(C)c([*])c2)c(Sc2ccc(C)cc2)c1,0.36507936507936506,5709.0,[*]c1ccc(-c2ccc(OCCCCCC)c(-c3cc([*])ccc3OCCCCCC)c2)cc1,low
1422,[*]Cc1ccc(NC(=O)CCCCCCC(=O)Nc2ccc([*])cc2)c2ccccc12,True,True,False,450.0,0.5,448.2543029785156,[*]Cc1ccc(NC(=O)CCCCCCC(=O)Nc2ccc([*])cc2)c2ccccc12,0.46808510638297873,2275.0,[*]CCCCCC(=O)Nc1ccc(NC([*])=O)cc1,low
1423,[*]CC([*])C#CCCCCCCc1ccc(/N=N/c2ccc(C(C#N)=C(CO)COCCCC)cc2)cc1,True,True,False,450.0,0.5,358.1302185058594,[*]CC([*])C#CCCCCCCc1ccc(/N=N/c2ccc(C(C#N)=C(CO)COCCCC)cc2)cc1,0.3116883116883117,3271.0,[*]N=P([*])(OCCOc1ccc(/N=N/c2ccc(CCCC)cc2)cc1)OCCOc1ccc(/N=N/c2ccc(CCCC)cc2)cc1,low
1425,[*]CC(C[*])(C)CCCCCCCNC(=O)C(C)CCCCC(=O)OC,True,True,False,450.0,0.5,318.989501953125,[*]CC(C[*])(C)CCCCCCCNC(=O)C(C)CCCCC(=O)OC,0.38,1591.0,[*]CC([*])C(=O)NCCCCCC(=O)O,low
1426,[*]CC([*])(C)COC(=O)N1CC(C=C)C(=O)C1CCCC,True,True,False,450.0,0.5,364.0379943847656,[*]CC([*])(C)COC(=O)N1CC(C=C)C(=O)C1CCCC,0.2982456140350877,1254.0,[*]CC([*])(C)C(=O)OCC=C,low
1427,[*]C=CC(=O)c1ccc(CCCCNC(=Nc2ccccc2)C(=[*])CCCCO)cc1,True,True,False,450.0,0.5,394.1556396484375,[*]C=CC(=O)c1ccc(CCCCNC(=Nc2ccccc2)C(=[*])CCCCO)cc1,0.2835820895522388,2722.0,[*]CCc1ccc(CCC(=O)NCCCCCCCCCCCCCCCCCCNC([*])=O)cc1,low
1429,[*]NCCCCCCNC(=O)c1ccc(C(=O)ON([*])CCOc2ccc(Br)cc2)c(OC)c1,True,True,False,450.0,0.5,349.57977294921875,[*]NCCCCCCNC(=O)c1ccc(C(=O)ON([*])CCOc2ccc(Br)cc2)c(OC)c1,0.5217391304347826,3512.0,[*]NCCCCCCNC(=O)c1ccc(C([*])=O)cc1Oc1ccc(Br)cc1,medium
1430,[*]C(=O)CCc1ccc(Oc2cccc([Si]([*])(C)CCCC)c2)cc1,True,True,False,450.0,0.5,329.84918212890625,[*]C(=O)CCc1ccc(Oc2cccc([Si]([*])(C)CCCC)c2)cc1,0.36363636363636365,2590.0,[*]CCC[Si]([*])(C)c1cccc(C)c1,low
1431,[*]Cc1ccc([*])c(OCC(=O)Nc2ccc(CCCCCCCC)cc2)c1,True,True,False,450.0,0.5,335.3134155273437,[*]Cc1ccc([*])c(OCC(=O)Nc2ccc(CCCCCCCC)cc2)c1,0.3898305084745763,3061.0,[*]Cc1ccc(NC(=O)CCCCCCCCC(=O)NC([*])(C)C)cc1,low
1432,[*]CC(=O)OCCOc1ccc(S(=O)(=O)c2ccc(O[*])cc2C(=O)OC(F)(F)C(F)(F)C(F)(F)C(F)(F)F)c(Br)c1,True,True,False,450.0,0.5,367.711669921875,[*]CC(=O)OCCOc1ccc(S(=O)(=O)c2ccc(O[*])cc2C(=O)OC(F)(F)C(F)(F)C(F)(F)C(F)(F)F)c(Br)c1,0.3170731707317073,4978.0,[*]Oc1ccc(OC(=O)c2cc(OCCCCCCCCCCC(F)(F)C(F)(F)C(F)(F)C(F)(F)C(F)(F)C(F)(F)C(F)(F)C(F)(F)C(F)(F)C(F)(F)F)cc(C([*])=O)c2)cc1,low
1434,[*]CCCCCCCCC(=S)Oc1ccc(OC(=O)C(C#N)c2ccc(Cc3ccc(O[*])cc3)cc2)cc1,True,True,False,450.0,0.5,330.80780029296875,[*]CCCCCCCCC(=S)Oc1ccc(OC(=O)C(C#N)c2ccc(Cc3ccc(O[*])cc3)cc2)cc1,0.43103448275862066,2264.0,[*]CCCCC(=O)Oc1ccc(Cc2ccc(OC([*])=O)cc2)cc1,low
1436,[*]COc1ccc(NC(=O)CCCCCC(=O)Oc2nc(S(=O)(=O)COC(=O)c3ccc(O[*])cc3)cc(C)c2)cc1[N+](=O)[O-],True,True,False,450.0,0.5,350.87677001953125,[*]COc1ccc(NC(=O)CCCCCC(=O)Oc2nc(S(=O)(=O)COC(=O)c3ccc(O[*])cc3)cc(C)c2)cc1[N+](=O)[O-],0.330188679245283,4990.0,[*]Oc1ccc(OC(=O)c2ccc(-c3ccc(OCCCCCCCCCC[Si](C)(C)O[Si](C)(C)CCCCCCOC(=O)C([*])C)cc3)cc2)cc1[N+](=O)[O-],low
1437,[*]CC(=O)OCc1ccc(C=C(c2ccc([*])cc2)C(OC(F)(F)F)C(F)(F)F)cc1,True,True,False,450.0,0.5,397.47265625,[*]CC(=O)OCc1ccc(C=C(c2ccc([*])cc2)C(OC(F)(F)F)C(F)(F)F)cc1,0.3384615384615385,3423.0,[*]NC(CCC(=O)OCc1ccc(C(F)(F)F)cc1)C([*])=O,low
1438,[*]c1cc(C)c([N+]([*])c2ccc(C(=O)O)cc2)c(O)c1C,True,True,False,450.0,0.5,491.9706726074219,[*]c1cc(C)c([N+]([*])c2ccc(C(=O)O)cc2)c(O)c1C,0.2909090909090909,2781.0,[*]CNC(=O)c1ccc(C(=O)NCc2cc(C)c([*])cc2C)cc1,low
1439,[*]c1ccc(NC(=O)OC([*])COc2ccc(C(F)(F)F)cc2C([2H])(C)C)o1,True,True,False,450.0,0.5,356.4967041015625,[*]c1ccc(NC(=O)OC([*])COc2ccc(C(F)(F)F)cc2C([2H])(C)C)o1,0.3188405797101449,6057.0,[*]c1ccc(OC(=O)Oc2ccc(C([*])(C)C)cc2C(C)C)c(C(C)C)c1,low
1440,[*]OC(=O)c1ccc2c(c1)C(=O)N(C([*])=O)C(=O)Oc1ccc(C2(c3ccccc3)cc1)OC(F)(F)C(F)(F)F,True,True,False,450.0,0.5,500.1865234375,[*]OC(=O)c1ccc2c(c1)C(=O)N(C([*])=O)C(=O)Oc1ccc(C2(c3ccccc3)cc1)OC(F)(F)C(F)(F)F,0.2727272727272727,5199.0,[*]Oc1ccc2c(c1)Oc1cc(OC(=O)c3ccc(C([*])=O)cc3)ccc1C21c2ccccc2-c2ccccc21,low
1441,[*]C=CC(COc1ccc(N(C)CCNC(=O)c2ccc(C([*])=O)cc2)cc1)c1ccccc1,True,True,False,450.0,0.5,395.9886169433594,[*]C=CC(COc1ccc(N(C)CCNC(=O)c2ccc(C([*])=O)cc2)cc1)c1ccccc1,0.35714285714285715,3541.0,[*]NCCN(CCNC(=O)c1ccc([Si](c2ccccc2)(c2ccccc2)c2ccc(C([*])=O)cc2)cc1)c1ccc(/C=C/c2ccc([N+](=O)[O-])cc2)cc1,low
1442,[*]CC([*])OCCc1cccc([Si](=O)(=O)C(C)(C)C)c1,True,True,False,450.0,0.5,323.6966552734375,[*]CC([*])OCCc1cccc([Si](=O)(=O)C(C)(C)C)c1,0.37037037037037035,1833.0,[*]CC([*])OC(=O)c1cccc([Si](C)(C)C)c1,low
1444,[*]CCCCCC[Sn](C)(C)CNC(=O)C(=CCCCCCCC(=O)NCCO)C([*])=O,True,True,False,450.0,0.5,356.9783630371094,[*]CCCCCC[Sn](C)(C)CNC(=O)C(=CCCCCCCC(=O)NCCO)C([*])=O,0.40384615384615385,2220.0,[*]CCCCC(=O)NCCCCCCCCCCNC([*])=O,low
1445,[*]Cc1c(C)cc(OC(=O)C([*])=Nc2ccc(CCCCCCCC(=O)O[Na])cc2C)c(C)c1,True,True,False,450.0,0.5,344.15777587890625,[*]Cc1c(C)cc(OC(=O)C([*])=Nc2ccc(CCCCCCCC(=O)O[Na])cc2C)c(C)c1,0.31746031746031744,5486.0,[*]c1cc(C)c(OC(=O)CCCCCC(=O)Oc2c(C)cc([*])cc2C)c(C)c1,low
1446,[*]CC([*])(C)Oc1cc(C(OC(C)(C)C)C(O)(C)C)ccc1OC(=O)c1ccc(C(O)(C(F)(F)F)C(F)(F)F)cc1,True,True,False,450.0,0.5,387.752685546875,[*]CC([*])(C)Oc1cc(C(OC(C)(C)C)C(O)(C)C)ccc1OC(=O)c1ccc(C(O)(C(F)(F)F)C(F)(F)F)cc1,0.375,6091.0,[*]c1ccc(OC(=O)c2ccc(C(=O)Oc3ccc(C([*])(C)C)cc3C(C)CC)cc2)c(C(C)CC)c1,low
1447,[*]Nc1ccc(OC(=O)c2cccc(N(C)C(=O)CCCCC(C)(C)[Si]([*])(C)C)c2)cc1,True,True,False,450.0,0.5,371.409423828125,[*]Nc1ccc(OC(=O)c2cccc(N(C)C(=O)CCCCC(C)(C)[Si]([*])(C)C)c2)cc1,0.3815789473684211,3693.0,[*]Nc1ccc(C(c2ccc(NC(=O)c3ccc(OC(=O)c4cccc(C(=O)Oc5ccc(C([*])=O)cc5)c4)cc3)cc2)(C(F)(F)F)C(F)(F)F)cc1,low
1448,[*]=Cc1cc(OCCCC(F)CO[Si]([*])(C)CCl)cc(-c2ccc([N+](=O)[O-])cc2)c1,True,True,False,450.0,0.5,324.4623413085937,[*]=Cc1cc(OCCCC(F)CO[Si]([*])(C)CCl)cc(-c2ccc([N+](=O)[O-])cc2)c1,0.3146067415730337,2576.0,[*]CCCOC(=O)C(CCCCCCOc1ccc(-c2ccc(OCc3ccc([N+](=O)[O-])cc3)cc2)cc1)C(=O)OCCC[Sn]([*])(C)C,low
1449,[*]CCOc1ccc(S(=O)(=O)Nc2ccc(CC([*])=O)cc2)c(N(C)C)c1O,True,True,False,450.0,0.5,376.6949462890625,[*]CCOc1ccc(S(=O)(=O)Nc2ccc(CC([*])=O)cc2)c(N(C)C)c1O,0.28378378378378377,2827.0,[*]COC(=O)Nc1ccc(Cc2ccc(NC(=O)OCC(C)(C)CS(=O)(=O)CC([*])(C)C)cc2)cc1,low
1450,[*]OC(CCc1ccc(/C=N/c2ccccc2CCCOC([*])=O)cc1)C(=O)C1CCCC1,True,True,False,450.0,0.5,349.3033447265625,[*]OC(CCc1ccc(/C=N/c2ccccc2CCCOC([*])=O)cc1)C(=O)C1CCCC1,0.3116883116883117,4453.0,[*]OCCCCOCCCCOCCCCOC(=O)c1ccc(/N=C/c2ccc(/C=N/c3ccc(C([*])=O)cc3)cc2)cc1,low
1451,[*]NC(C)C(=O)OC(CC([*])=O)c1ccc(-c2cccc(OC(C)=O)c2)cc1,True,True,False,450.0,0.5,355.6220703125,[*]NC(C)C(=O)OC(CC([*])=O)c1ccc(-c2cccc(OC(C)=O)c2)cc1,0.39655172413793105,2014.0,[*]CC([*])c1cccc(OC(C)=O)c1,low
1452,[*]CCCCCC(=O)Oc1ccc(Oc2ccc(NC(=O)CCCCCCCCOc3ccc(C(=O)c4ccc(OCC([*])C)cc4)cc3)cc2)cc1C(=O)Cl,True,True,False,450.0,0.5,355.2216796875,[*]CCCCCC(=O)Oc1ccc(Oc2ccc(NC(=O)CCCCCCCCOc3ccc(C(=O)c4ccc(OCC([*])C)cc4)cc3)cc2)cc1C(=O)Cl,0.5217391304347826,2358.0,[*]CCCCCCCCC(=O)Nc1ccc(C(=O)c2ccc(Oc3ccc(Oc4ccc(C(=O)c5ccc(NC([*])=O)cc5)cc4)cc3)cc2)cc1,medium
1454,[*]COc1cccc(NC(=O)OCCCCCC)c1-c1ccc(N(CC)c2ccc([Si](C)(C)O[*])cc2)cc1,True,True,False,450.0,0.5,310.73553466796875,[*]COc1cccc(NC(=O)OCCCCCC)c1-c1ccc(N(CC)c2ccc([Si](C)(C)O[*])cc2)cc1,0.32098765432098764,3335.0,[*]NC(=O)OCCCCCCCCCCCOc1ccc(-c2ccc(OCCCCCCCCCCCOC(=O)Nc3ccc([*])cc3C)cc2)cc1,low
1455,[*]CON([*])c1ccc(-c2cc(OCC(=O)OC)c(C[N+](=O)[O-])cc2)o1,True,True,False,450.0,0.5,378.0549621582031,[*]CON([*])c1ccc(-c2cc(OCC(=O)OC)c(C[N+](=O)[O-])cc2)o1,0.23595505617977527,2922.0,[*]COCCCCCCCOc1ccc(-c2ccc(C(=O)Oc3ccc(OC([*])C)c([N+](=O)[O-])c3)cc2)cc1,low
1456,[*]CC(=O)Oc1ccc(-c2ccc3c(c2)C(=O)OCCOCCOCCN([*])OC3=O)cc1,True,True,False,450.0,0.5,420.0010986328125,[*]CC(=O)Oc1ccc(-c2ccc3c(c2)C(=O)OCCOCCOCCN([*])OC3=O)cc1,0.3472222222222222,2463.0,[*]CCCCCCCCCCCCCCCCCCCCC(=O)Oc1ccc(N2C(=O)c3ccc(-c4ccc5c(c4)C(=O)N(c4ccc(OC([*])=O)cc4)C5=O)cc3C2=O)cc1,low
1458,[*]CCC(=O)N(CCCNC(=O)O[*])c1ccc(C(=O)Oc2ccc(CSC)cc2)cc1,True,True,False,450.0,0.5,368.21630859375,[*]CCC(=O)N(CCCNC(=O)O[*])c1ccc(C(=O)Oc2ccc(CSC)cc2)cc1,0.32,4669.0,[*]O[Si]([*])(C)CCCOc1ccc(C(=O)Oc2ccc(-c3ccc(OC(=O)c4ccc(OCC)cc4)cc3)cc2)cc1,low
1459,[*]NCC(=O)C(C#N)c1ccc(/N=N/c2ccc(C([*])=O)cc2)c(OCC(C)C)c1,True,True,False,450.0,0.5,395.22564697265625,[*]NCC(=O)C(C#N)c1ccc(/N=N/c2ccc(C([*])=O)cc2)c(OCC(C)C)c1,0.35384615384615387,3533.0,[*]NCCCCNC(=O)c1ccc(N=Nc2ccc(C([*])=O)cc2)cc1,low
1460,[*]C(=O)c1ccc(/N=C/c2ccc([Si](=O)(OC)OCCOc3ccccc3)cc2)c([*])c1Cl,True,True,False,450.0,0.5,357.43182373046875,[*]C(=O)c1ccc(/N=C/c2ccc([Si](=O)(OC)OCCOc3ccccc3)cc2)c([*])c1Cl,0.2987012987012987,4343.0,[*]OCCCCCCCCCCOc1ccc(/N=C/c2ccc(/C=N/c3ccc([*])cc3C)cc2)c(C)c1,low
1462,[*]Oc1ccccc1C(=O)Oc1ccc(Oc2ccc(/N=C(\C)c3ccc(S(=O)(=O)c4ccc([*])cc4)cc3)cc2)cc1,True,True,False,450.0,0.5,460.1612548828125,[*]Oc1ccccc1C(=O)Oc1ccc(Oc2ccc(/N=C(\C)c3ccc(S(=O)(=O)c4ccc([*])cc4)cc3)cc2)cc1,0.45614035087719296,492.0,[*]C(=O)c1ccc(Oc2ccc(S(=O)(=O)c3ccc(Oc4ccc(Oc5ccc([*])cc5)cc4)cc3)cc2)cc1,low
1463,[*]NC(=O)OCCCCCCOc1ccc(-c2sc(N=[*])cc2C)cc1,True,True,False,450.0,0.5,322.8954772949219,[*]NC(=O)OCCCCCCOc1ccc(-c2sc(N=[*])cc2C)cc1,0.576271186440678,3335.0,[*]NC(=O)OCCCCCCCCCCCOc1ccc(-c2ccc(OCCCCCCCCCCCOC(=O)Nc3ccc([*])cc3C)cc2)cc1,medium
1464,[*]CC(CCCCc1ccc(OC)c(C([*])=O)c1)C(=O)Oc1ccc([N+](=O)[O-])cc1,True,True,False,450.0,0.5,329.6723022460937,[*]CC(CCCCc1ccc(OC)c(C([*])=O)c1)C(=O)Oc1ccc([N+](=O)[O-])cc1,0.4745762711864407,1725.0,[*]CC([*])C(=O)Oc1ccc([N+](=O)[O-])cc1,low
1465,[*]O[Si]([*])(C)CCCCCOc1ccc(S(=O)(=O)c2ccccc2)cc1OCC(C)CCC,True,True,False,450.0,0.5,310.00390625,[*]O[Si]([*])(C)CCCCCOc1ccc(S(=O)(=O)c2ccccc2)cc1OCC(C)CCC,0.4,4634.0,[*]O[Si]([*])(C)CCCCCCCCCCCOc1ccc(/C=C/c2ccc(OCCCC)cc2)cc1,low
1466,[*]C=C([*])c1cc(Cl)c(OC)cc1O,True,True,False,450.0,0.5,376.38958740234375,[*]C=C([*])c1cc(Cl)c(OC)cc1O,0.35,43.0,[*]/C=C(/[*])c1ccccc1[Ge](C)(C)C,low
1467,[*]CCN(CCCCCCO[*])C(=O)N(CC[Se]C)C(=O)NCCCCCCc1ccc(C)cc1,True,True,False,450.0,0.5,322.0218505859375,[*]CCN(CCCCCCO[*])C(=O)N(CC[Se]C)C(=O)NCCCCCCc1ccc(C)cc1,0.3181818181818182,2721.0,[*]CCc1ccc(CC(=O)NCCCCCCNC([*])=O)cc1,low
1468,[*]O[Si]([*])(C)C(=O)OCCCCCCCCOc1c(C)cc(-c2cccc(OC(=O)C)c2)cc1[Si](C)(C)C,True,True,False,450.0,0.5,319.13446044921875,[*]O[Si]([*])(C)C(=O)OCCCCCCCCOc1c(C)cc(-c2cccc(OC(=O)C)c2)cc1[Si](C)(C)C,0.345679012345679,1643.0,[*]CC([*])C(=O)OCCCCCCCCCCCCOc1ccc(C(=O)Oc2ccc(-c3cccc(OC(=O)c4ccc(OC(=O)c5ccc(OCCCCCCCCCCCC)cc5)cc4)c3)cc2)cc1,low
1469,[*]C=CC(O)CS(=O)(=O)c1cc(Br)cc(CC#CCNC(=O)c2ccccc2C(=O)O[*])c1,True,True,False,450.0,0.5,404.1423950195313,[*]C=CC(O)CS(=O)(=O)c1cc(Br)cc(CC#CCNC(=O)c2ccccc2C(=O)O[*])c1,0.2714285714285714,2023.0,[*]CC([*])c1ccccc1C(=O)OC,low
1471,[*]CCN(c1ccc(OC(=O)c2ccc([N+](=O)[O-])cc2)cc1)C(=O)OCCCCCCCCOc1ccc(-c2ccc(CNC([*])=O)cc2Cl)cc1,True,True,False,450.0,0.5,362.1898193359375,[*]CCN(c1ccc(OC(=O)c2ccc([N+](=O)[O-])cc2)cc1)C(=O)OCCCCCCCCOc1ccc(-c2ccc(CNC([*])=O)cc2Cl)cc1,0.38,4990.0,[*]Oc1ccc(OC(=O)c2ccc(-c3ccc(OCCCCCCCCCC[Si](C)(C)O[Si](C)(C)CCCCCCOC(=O)C([*])C)cc3)cc2)cc1[N+](=O)[O-],low
1472,[*]C=CC(=O)c1ccc(Oc2ccc(C(C)CCCNc3ccc([*])cc3)c(OCC)c2)cc1,True,True,False,450.0,0.5,437.90283203125,[*]C=CC(=O)c1ccc(Oc2ccc(C(C)CCCNc3ccc([*])cc3)c(OCC)c2)cc1,0.3472222222222222,6363.0,[*]c1ccc(Oc2ccc(/C=C/C(=O)c3ccc(Oc4ccc(C([*])(C)C)cc4)cc3)cc2)cc1,low
1473,[*]C=C([*])c1ccc(COC(=O)Nc2ccc(/N=C/c3ccc(C(=O)OCCCCCC)cc3)cc2)cc1,True,True,False,450.0,0.5,354.64569091796875,[*]C=C([*])c1ccc(COC(=O)Nc2ccc(/N=C/c3ccc(C(=O)OCCCCCC)cc3)cc2)cc1,0.4852941176470588,4453.0,[*]OCCCCOCCCCOCCCCOC(=O)c1ccc(/N=C/c2ccc(/C=N/c3ccc(C([*])=O)cc3)cc2)cc1,low
1474,[*]Oc1ccc(S(=O)(=O)c2ccc([*])cc2)c2c(C#N)cccc12,True,True,False,450.0,0.5,506.9197998046875,[*]Oc1ccc(S(=O)(=O)c2ccc([*])cc2)c2c(C#N)cccc12,0.39285714285714285,6304.0,[*]c1ccc(Oc2ccc(-c3ccc(Oc4ccc(S(=O)(=O)c5cccc6c(S([*])(=O)=O)cccc56)cc4)cc3)cc2)cc1,low
1475,[*]NC(=O)COC(=O)c1ccc(C(=O)NC(=O)NC(CCCSC)NC(=O)c2ccc(C([*])=O)cc2)cc1,True,True,False,450.0,0.5,405.810302734375,[*]NC(=O)COC(=O)c1ccc(C(=O)NC(=O)NC(CCCSC)NC(=O)c2ccc(C([*])=O)cc2)cc1,0.32786885245901637,7142.0,[*]OCCCCOC(=O)c1ccc(C([*])=O)cc1,low
1477,[*]CC([*])(CCCCCCC)C(=O)OC[Si]([*])(c1ccccc1)c1ccc(F)cc1,True,True,False,450.0,0.5,320.85888671875,[*]CC([*])(CCCCCCC)C(=O)OC[Si]([*])(c1ccccc1)c1ccc(F)cc1,0.46153846153846156,1556.0,[*]CC([*])(CCCCCCCC)C(=O)OC,low
1478,[*]CC([*])(C)C(=O)OCC1(CC(C)C)C2CCCCC2CC1C(=O)OCCCl,True,True,False,450.0,0.5,375.7892761230469,[*]CC([*])(C)C(=O)OCC1(CC(C)C)C2CCCCC2CC1C(=O)OCCCl,0.43636363636363634,7231.0,[*]CC([*])(C)C(=O)OCCCl,low
1479,[*]Oc1ccccc1C(=O)Oc1ccc(S(=O)(=O)c2ccc(OC(C)CCCCCCCNC([*])=O)cc2)cc1,True,True,False,450.0,0.5,358.6136169433594,[*]Oc1ccccc1C(=O)Oc1ccc(S(=O)(=O)c2ccc(OC(C)CCCCCCCNC([*])=O)cc2)cc1,0.36764705882352944,5091.0,[*]Oc1ccc(S(=O)(=O)c2ccc(OC(=O)c3cccc(C([*])=O)c3)cc2)cc1,low
1480,[*]Cc1ccc(OC(=O)CC(C)N2C(=O)c3ccc(C(=O)OCCOc4ccc([*])cc4C3=O)cc2)cc1,True,True,False,450.0,0.5,449.2113037109375,[*]Cc1ccc(OC(=O)CC(C)N2C(=O)c3ccc(C(=O)OCCOc4ccc([*])cc4C3=O)cc2)cc1,0.3,3063.0,[*]Cc1ccc(OC(=O)CC(C)CCC(=O)Oc2ccc(CCC(=O)NC([*])C(=O)OC)cc2)cc1,low
1481,[*]CC(C)CCCCOc1ccc(OC(=O)C(C)(C)C(=O)OCCCCCCCCOc2ccc(C(=O)OC)cc2)cc1[*],True,True,False,450.0,0.5,317.0252685546875,[*]CC(C)CCCCOc1ccc(OC(=O)C(C)(C)C(=O)OCCCCCCCCOc2ccc(C(=O)OC)cc2)cc1[*],0.4927536231884058,1304.0,[*]CC([*])(C)C(=O)OCCCCCCCCCCOc1ccc(OC(=O)c2ccc(OC)cc2)cc1,low
1482,[*]Cc1ccc([*])c(C(=O)OCCCCCCC)c1,True,True,False,450.0,0.5,291.8988952636719,[*]Cc1ccc([*])c(C(=O)OCCCCCCC)c1,0.5306122448979592,2031.0,[*]CC([*])c1ccccc1C(=O)OCCCCCC,medium
1486,[*]CCCCOc1ccc(C(=O)c2ccc(-c3ccc(OCCCCOC(=O)c4ccc(O[*])cc4)cc3)cc2)cc1,True,True,False,450.0,0.5,332.63726806640625,[*]CCCCOc1ccc(C(=O)c2ccc(-c3ccc(OCCCCOC(=O)c4ccc(O[*])cc4)cc3)cc2)cc1,0.5434782608695652,4501.0,[*]OCCOC(=O)c1ccc(OCCCCOc2ccc(C([*])=O)cc2)cc1,medium
1487,[*]CCCC(F)(F)C(F)(F)C(=O)NC1CCCC1C(=O)N[*],True,True,False,450.0,0.5,428.1448669433594,[*]CCCC(F)(F)C(F)(F)C(=O)NC1CCCC1C(=O)N[*],0.2545454545454545,2539.0,[*]CCCN([*])C(=O)C(F)(F)C(F)(F)C(F)(F)C(F)(F)C(F)(F)C(F)(F)C(F)(F)F,low
1488,[*]CC([*])(C)C(=O)Oc1ccc(C(c2ccccc2)(C(F)(F)F)C(F)(F)F)cc1,True,True,False,450.0,0.5,377.7334289550781,[*]CC([*])(C)C(=O)Oc1ccc(C(c2ccccc2)(C(F)(F)F)C(F)(F)F)cc1,0.6923076923076923,1502.0,[*]CC([*])(C)C(=O)Oc1ccccc1,medium
1489,[*]/C=C(\C)c1ccc(S(=O)(=O)c2ccc(O[Si](C)(C)c3cccc(C([*])=O)c3)cc2)cc1,True,True,False,450.0,0.5,377.5423583984375,[*]/C=C(\C)c1ccc(S(=O)(=O)c2ccc(O[Si](C)(C)c3cccc(C([*])=O)c3)cc2)cc1,0.47368421052631576,5091.0,[*]Oc1ccc(S(=O)(=O)c2ccc(OC(=O)c3cccc(C([*])=O)c3)cc2)cc1,low
1490,[*]CNC(=O)C1CC(COC(=O)NCSCCCCNC(=O)O[*])C1C,True,True,False,450.0,0.5,327.2432861328125,[*]CNC(=O)C1CC(COC(=O)NCSCCCCNC(=O)O[*])C1C,0.28125,2825.0,[*]COC(=O)NCCCCCCNC(=O)OCC([*])(C)C(=O)O,low
1491,[*]Cc1cc(NC(=O)c2ccc(/N=C/c3ccc(S(=O)(=O)c4ccc(C(=O)Nc5ccccc5)cc4)cc3)cc2)ccc1[*],True,True,False,450.0,0.5,503.9308471679688,[*]Cc1cc(NC(=O)c2ccc(/N=C/c3ccc(S(=O)(=O)c4ccc(C(=O)Nc5ccccc5)cc4)cc3)cc2)ccc1[*],0.42424242424242425,4018.0,[*]Nc1ccc(S(=O)(=O)c2ccc(NC(=O)c3cc(C([*])=O)cc(S(=O)(=O)c4ccccc4)c3)cc2)cc1,low
1492,[*]N=C[PH]([*])(=O)C=CCCOc1ccc(C(=O)Nc2ccc([Si](=O)[O-])cc2)cc1,True,True,False,450.0,0.5,359.78631591796875,[*]N=C[PH]([*])(=O)C=CCCOc1ccc(C(=O)Nc2ccc([Si](=O)[O-])cc2)cc1,0.3380281690140845,3828.0,[*]Nc1ccc(OCCCCCCCCOc2ccc(NC(=O)c3cccc(C([*])=O)c3)cc2)cc1,low
1493,[*]CC([*])C(=O)OCc1ccc(C=CCCC(C)CC)cc1,True,True,False,450.0,0.5,273.7142944335937,[*]CC([*])C(=O)OCc1ccc(C=CCCC(C)CC)cc1,0.48936170212765956,1703.0,[*]CC([*])C(=O)OCc1ccccc1,low
1495,[*]CCCC(=O)Nc1ccc(CN[Si](C)(C)CCCCOC(=O)N[*])cc1,True,True,False,450.0,0.5,274.1333312988281,[*]CCCC(=O)Nc1ccc(CN[Si](C)(C)CCCCOC(=O)N[*])cc1,0.4423076923076923,2189.0,[*]CCCC(=O)Nc1ccc(NC([*])=O)cc1,low
1496,[*]COC(=O)c1cccc(C(=O)[Se]C([*])(F)C(F)(F)C(F)(F)F)c1,True,True,False,450.0,0.5,332.37921142578125,[*]COC(=O)c1cccc(C(=O)[Se]C([*])(F)C(F)(F)C(F)(F)F)c1,0.4791666666666667,2882.0,[*]COC(=O)c1cccc(C(=O)OC([*])C)c1,low
1497,[*]Nc1ccc(C(C)(C)c2ccc(N=[*])cc2OCC(F)(F)F)c(O)c1,True,True,False,450.0,0.5,381.27142333984375,[*]Nc1ccc(C(C)(C)c2ccc(N=[*])cc2OCC(F)(F)F)c(O)c1,0.29310344827586204,146.0,[*]=Nc1ccc(Cc2ccc(NC(=[*])C)cc2)cc1,low
1498,[*]C=CCCCCCCOc1ccc(S(=O)(=O)c2ccc(OCCCCC)cc2)c([*])c1C#N,True,True,False,450.0,0.5,347.0016174316406,[*]C=CCCCCCCOc1ccc(S(=O)(=O)c2ccc(OCCCCC)cc2)c([*])c1C#N,0.36619718309859156,1014.0,[*]C=Cc1ccc(OCCCCCCCCOc2ccc(/C=C/c3cc(OCCCCCCCC)c([*])cc3OCCCCCCCC)cc2)cc1,low
1499,[*]CCCC([*])C(=O)OCc1ccc(C(C)(C)C(=O)Oc2ccccc2C#N)cc1,True,True,False,450.0,0.5,306.69793701171875,[*]CCCC([*])C(=O)OCc1ccc(C(C)(C)C(=O)Oc2ccccc2C#N)cc1,0.4166666666666667,1702.0,[*]CC([*])C(=O)OCc1ccc(C#N)cc1,low
1500,[*]Oc1ccc(Oc2ccc(N3C(=O)c4ccc([*])cc4C3=O)cc2)c(C(=O)Oc2ccc(C(C)(C)CCCCCCC[N+](C)(C)C)cc2)c1,True,True,False,450.0,0.5,429.5052185058594,[*]Oc1ccc(Oc2ccc(N3C(=O)c4ccc([*])cc4C3=O)cc2)c(C(=O)Oc2ccc(C(C)(C)CCCCCCC[N+](C)(C)C)cc2)c1,0.48717948717948717,2399.0,[*]CCCCCCCCC(C)(C)c1ccc2c(c1)C(=O)N(c1ccc(Oc3ccc(N4C(=O)c5ccc(C([*])(C)C)cc5C4=O)cc3)cc1)C2=O,low
1501,[*]O[Si](C)(C)CNC(=O)c1ccc(-c2ccccc2C(=O)S(C)C([*])=O)c(OC)c1,True,True,False,450.0,0.5,324.05816650390625,[*]O[Si](C)(C)CNC(=O)c1ccc(-c2ccccc2C(=O)S(C)C([*])=O)c(OC)c1,0.32142857142857145,5948.0,[*]c1ccc(N2C(=O)c3ccc(C(=O)Nc4ccc(C5(c6ccc(NC(=O)c7ccc8c(c7)C(=O)N(c7ccc([*])cc7OC)C8=O)cc6)c6ccccc6-c6ccccc65)cc4)cc3C2=O)c(OC)c1,low
1502,[*]CC/C=C(/[*])C(=O)OCCCC(C#N)(Br)O,True,True,False,450.0,0.5,292.1456604003906,[*]CC/C=C(/[*])C(=O)OCCCC(C#N)(Br)O,0.3137254901960784,1183.0,[*]CC([*])(C#N)C(=O)OCCCC,low
1503,[*]CC(=O)Nc1cc(C)c(N=[*])c(CC(F)(F)C(F)(F)F)c1,True,True,False,450.0,0.5,490.1144409179688,[*]CC(=O)Nc1cc(C)c(N=[*])c(CC(F)(F)C(F)(F)F)c1,0.3888888888888889,1061.0,[*]CC(=O)Nc1ccc(NC(=O)Cc2cc(C)c([*])cc2C)cc1,low
1504,[*]Oc1ccc(OC(=O)CCCCC(=O)Nc2ccc(C([*])=O)c(S(=O)(=O)c3ccc(-c4ccc(C)cc4)cc3)c2)cc1,True,True,False,450.0,0.5,439.7278442382813,[*]Oc1ccc(OC(=O)CCCCC(=O)Nc2ccc(C([*])=O)c(S(=O)(=O)c3ccc(-c4ccc(C)cc4)cc3)c2)cc1,0.3939393939393939,2237.0,[*]CCCCC(=O)Nc1ccc(S(=O)(=O)c2ccc(NC([*])=O)cc2)cc1,low
1505,[*]COc1ccc(C(=O)c2ccc(Oc3ccc(-c4ccc(OC(=O)c5ccc(C=[*])cc5)cc4)c(-c4ccccc4)c3)cc2)cc1C,True,True,False,450.0,0.5,490.43646240234375,[*]COc1ccc(C(=O)c2ccc(Oc3ccc(-c4ccc(OC(=O)c5ccc(C=[*])cc5)cc4)c(-c4ccccc4)c3)cc2)cc1C,0.4305555555555556,366.0,[*]C(=O)c1ccc(-c2ccc(C(=O)c3ccc(Oc4ccc(Oc5ccc([*])cc5)cc4-c4ccccc4)cc3)cc2)cc1,low
1506,[*]c1ccc(O[Si](C)(C)C(=O)Oc2ccc(-c3ccc(C([*])(F)F)cc3)cc2)cc1,True,True,False,450.0,0.5,349.98394775390625,[*]c1ccc(O[Si](C)(C)C(=O)Oc2ccc(-c3ccc(C([*])(F)F)cc3)cc2)cc1,0.45652173913043476,6083.0,[*]c1ccc(OC(=O)Oc2ccc(OC(=O)Oc3ccc(C([*])(C)C)cc3)cc2)cc1,low
1507,[*]Nc1ccc(/C=C/c2cccc(O[Si](C)(C)c3ccc(Oc4cc([*])cc(OCCCCCCCC)c4)cc3)c2)cc1C,True,True,False,450.0,0.5,341.91387939453125,[*]Nc1ccc(/C=C/c2cccc(O[Si](C)(C)c3ccc(Oc4cc([*])cc(OCCCCCCCC)c4)cc3)c2)cc1C,0.36231884057971014,4041.0,[*]Nc1ccc([*])cc1OCCCCCCCCCC,low
1508,[*]c1ccc(C(=O)CN(CCCCCC(=O)N[Na])C(=O)c2cccc(C([*])=O)c2)cc1,True,True,False,450.0,0.5,418.4676208496094,[*]c1ccc(C(=O)CN(CCCCCC(=O)N[Na])C(=O)c2cccc(C([*])=O)c2)cc1,0.3728813559322034,681.0,[*]C(=O)c1cccc(C(=O)c2ccc(Oc3ccc(Oc4ccc([*])cc4)cc3)cc2)c1,low
1509,[*]C=CCCCCCCOC(=O)c1ccc([*])cc1-c1ccc(N(CC)CCC(=O)OCCCC)cc1,True,True,False,450.0,0.5,341.0718688964844,[*]C=CCCCCCCOC(=O)c1ccc([*])cc1-c1ccc(N(CC)CCC(=O)OCCCC)cc1,0.3764705882352941,316.0,[*]C(=O)OCCN(CCOC(=O)c1ccc([*])cc1OCCC)c1ccc(C=C(C#N)C#N)cc1,low
1510,[*]/C(=C/CC(O)COc1ccc(C(=O)c2ccc3c(c2)C(=O)N([*])C3(C)CCCCC(C)C)cc1)c1ccc([N+](=O)[O-])cc1,True,True,False,450.0,0.5,459.3972778320313,[*]/C(=C/CC(O)COc1ccc(C(=O)c2ccc3c(c2)C(=O)N([*])C3(C)CCCCC(C)C)cc1)c1ccc([N+](=O)[O-])cc1,0.3229166666666667,6162.0,[*]c1ccc(OCC(O)CN(CC(O)COc2ccc(C([*])(C)C)cc2)c2ccc(/C=C/c3ccc([N+](=O)[O-])cc3)cc2)cc1,low
1511,[*]CC[Si]([*])(C)c1ccc(CCCCCCOc2ccc(C(C)CCC#N)cc2)cc1SCC,True,True,False,450.0,0.5,290.18310546875,[*]CC[Si]([*])(C)c1ccc(CCCCCCOc2ccc(C(C)CCC#N)cc2)cc1SCC,0.34285714285714286,3027.0,[*]Cc1ccc(-c2ccc(OCCCCCCCCCCCCOc3ccc(C([*])C)cc3)cc2)cc1,low
1513,[*]O[Si]([*])(C)CCc1cccc(-c2ccc(C(C)(C)c3cccc(F)c3)cc2)c1,True,True,False,450.0,0.5,329.8065185546875,[*]O[Si]([*])(C)CCc1cccc(-c2ccc(C(C)(C)c3cccc(F)c3)cc2)c1,0.37735849056603776,4685.0,[*]O[Si]([*])(C)CCc1ccc(O)cc1,low
1514,[*]Oc1ccc(CCCCCCNC(=O)c2ccc(S([*])=O)cc2OC)cc1,True,True,False,450.0,0.5,411.0740661621094,[*]Oc1ccc(CCCCCCNC(=O)c2ccc(S([*])=O)cc2OC)cc1,0.37142857142857144,3512.0,[*]NCCCCCCNC(=O)c1ccc(C([*])=O)cc1Oc1ccc(Br)cc1,low
1515,[*]Cc1ccc(COC(=O)CCCCCOc2ccc(OC)c([*])c2OCC(C)C)cc1,True,True,False,450.0,0.5,334.1120910644531,[*]Cc1ccc(COC(=O)CCCCCOc2ccc(OC)c([*])c2OCC(C)C)cc1,0.3888888888888889,3114.0,[*]Cc1ccc(OC(=O)CCCCCCC(=O)Oc2ccc(CCC(=O)NC([*])C(=O)OCC(C)C)cc2)cc1,low
1517,[*]CCNC(=O)c1ccc(C(=O)Nc2ccc(CCCCCNC(=O)c3ccc(O[*])cc3)cc2)cc1C(C)(C)C,True,True,False,450.0,0.5,472.9181823730469,[*]CCNC(=O)c1ccc(C(=O)Nc2ccc(CCCCCNC(=O)c3ccc(O[*])cc3)cc2)cc1C(C)(C)C,0.4520547945205479,4836.0,[*]Oc1ccc(C(=O)Nc2ccc(C(C)(C)c3ccc(NC(=O)c4ccc(Oc5cc(C(C)(C)C)c([*])cc5C(C)(C)C)cc4)cc3)cc2)cc1,low
1519,[*]CC([*])(C)c1ccc(-c2ccc([N+](C)(C)CC)cc2)cc1,True,True,False,450.0,0.5,452.2270812988281,[*]CC([*])(C)c1ccc(-c2ccc([N+](C)(C)CC)cc2)cc1,0.5,1508.0,[*]CC([*])(C)c1ccc(C)cc1,medium
1520,[*]CC(Cl)CCCCSC(=O)C(=O)O[*],True,True,False,450.0,0.5,321.82379150390625,[*]CC(Cl)CCCCSC(=O)C(=O)O[*],0.3076923076923077,2518.0,[*]CCCCCSC([*])=O,low
1521,[*]CC(=O)Nc1ccc(C(=O)CCCCCCc2ccc(O[*])cc2)c(S(=O)(=O)C(=O)Nc2ccccc2)c1,True,True,False,450.0,0.5,408.4697265625,[*]CC(=O)Nc1ccc(C(=O)CCCCCCc2ccc(O[*])cc2)c(S(=O)(=O)C(=O)Nc2ccccc2)c1,0.3698630136986301,2278.0,[*]CCCCCC(=O)Nc1cccc(Oc2ccc(NC([*])=O)cc2)c1,low
1522,[*]Nc1ccc(C(=CCCCCC)CC([*])c2ccccc2OCCc2ccc(OC)cc2)cc1,True,True,False,450.0,0.5,360.03912353515625,[*]Nc1ccc(C(=CCCCCC)CC([*])c2ccccc2OCCc2ccc(OC)cc2)cc1,0.40625,7124.0,[*]CC([*])c1ccccc1OCCCCCCCC,low
1524,[*]C=NC(=O)N(OCc1ccc(C(=O)NC=O)cc1)C(O)c1ccccc1C=NC([*])=O,True,True,False,450.0,0.5,385.8049011230469,[*]C=NC(=O)N(OCc1ccc(C(=O)NC=O)cc1)C(O)c1ccccc1C=NC([*])=O,0.25,907.0,[*]C=CC(C(=O)OCc1ccccc1)C([*])C(=O)OCc1ccccc1,low
1525,[*]COC(=O)c1ccc(N(C([*])=O)OCCCCCC[Si](C)(C)c2ccccc2)cc1,True,True,False,450.0,0.5,309.8914489746094,[*]COC(=O)c1ccc(N(C([*])=O)OCCCCCC[Si](C)(C)c2ccccc2)cc1,0.38028169014084506,4642.0,[*]O[Si]([*])(C)CCCCCCOc1ccc(C(=O)Oc2ccc(C(=O)OCC(C)CC)cc2)cc1,low
1526,[*]NCC([*])(C)C(=O)CCCCC#Cc1ccc(Cl)c(C)c1,True,True,False,450.0,0.5,341.2437438964844,[*]NCC([*])(C)C(=O)CCCCC#Cc1ccc(Cl)c(C)c1,0.2878787878787879,6031.0,[*]c1ccc(OC(=O)CCCCC(=O)Oc2ccc(C([*])(C)C)cc2C)c(C)c1,low
1528,[*]C=CCOC(=O)N([*])C(=O)c1ccc(C(=O)Oc2ccc([N+](=O)[O-])cc2)cc1,True,True,False,450.0,0.5,367.6456604003906,[*]C=CCOC(=O)N([*])C(=O)c1ccc(C(=O)Oc2ccc([N+](=O)[O-])cc2)cc1,0.4107142857142857,1725.0,[*]CC([*])C(=O)Oc1ccc([N+](=O)[O-])cc1,low
1530,[*]CCN(CCCCCCOC(=O)Oc1ccc(C)c(C(=O)OC([*])=O)c1)CS(=O)(=O)Oc1ccccc1,True,True,False,450.0,0.5,328.04150390625,[*]CCN(CCCCCCOC(=O)Oc1ccc(C)c(C(=O)OC([*])=O)c1)CS(=O)(=O)Oc1ccccc1,0.30952380952380953,4513.0,[*]OCCOCCOC(=O)Oc1cccc(N(c2ccccc2)c2ccc(-c3ccc(N(c4ccccc4)c4cccc(OC([*])=O)c4)cc3)cc2)c1,low
1531,[*]CC([*])(C)C(=O)Nc1ccc(OCC(F)(F)C(F)(F)F)cc1-c1ccc(/N=N/c2ccc(OC)cc2)cc1,True,True,False,450.0,0.5,387.5187683105469,[*]CC([*])(C)C(=O)Nc1ccc(OCC(F)(F)C(F)(F)F)cc1-c1ccc(/N=N/c2ccc(OC)cc2)cc1,0.46774193548387094,1478.0,[*]CC([*])(C)C(=O)Oc1ccc(/N=N/c2ccc(OC)cc2)cc1,low
1532,[*]C=CSCCCCCCCC(=O)NCCNC(=O)c1ccc(CN[*])cc1,True,True,False,450.0,0.5,365.5200805664063,[*]C=CSCCCCCCCC(=O)NCCNC(=O)c1ccc(CN[*])cc1,0.4067796610169492,2507.0,[*]CCCCCCSCCCCCCC(=O)NCc1ccc(CNC([*])=O)cc1,low
1533,[*]CC(=O)Oc1ccc(OC(=O)c2ccc(CCCC(=O)OC)cc2)cc1NC([*])=O,True,True,False,450.0,0.5,377.2212524414063,[*]CC(=O)Oc1ccc(OC(=O)c2ccc(CCCC(=O)OC)cc2)cc1NC([*])=O,0.4090909090909091,4141.0,[*]OC(=O)CCCC(=O)Oc1cc(OC(=O)c2ccc(OC)cc2)c([*])cc1OC(=O)c1ccc(OC)cc1,low
1534,[*]CCCCCC(C)N(C)C(=O)CCCCCC(=O)c1ccc(/N=N/c2ccc(C(=O)OCCO[Si](C)(C)COC([*])=O)cc2)cc1,True,True,False,450.0,0.5,302.4891357421875,[*]CCCCCC(C)N(C)C(=O)CCCCCC(=O)c1ccc(/N=N/c2ccc(C(=O)OCCO[Si](C)(C)COC([*])=O)cc2)cc1,0.4117647058823529,2307.0,[*]CCCCCCC(=O)OCCOC(=O)c1ccc(C(=O)OCCOC([*])=O)cc1,low
1535,[*]=C=Cc1ccc(/C=C/c2ccccc2-c2ccc(C(=O)c3cc(OCCCCCC)c(OC(=O)C(F)(F)F)cc3)cc2)c(N)c1[*],True,True,False,450.0,0.5,414.8968200683594,[*]=C=Cc1ccc(/C=C/c2ccccc2-c2ccc(C(=O)c3cc(OCCCCCC)c(OC(=O)C(F)(F)F)cc3)cc2)c(N)c1[*],0.32608695652173914,332.0,[*]C(=O)Oc1ccc(OC(=O)c2cc(OCCCCCCCCCCCC)c([*])cc2OCCCCCCCCCCCC)cc1-c1ccccc1,low
1536,[*]CC=CC(C#N)OCCCOC(=O)N[*],True,True,False,450.0,0.5,267.98834228515625,[*]CC=CC(C#N)OCCCOC(=O)N[*],0.32142857142857145,3347.0,[*]NC(=O)OCCCOC(=O)Nc1ccc(C)c([*])c1,low
1537,[*]CC(=O)Nc1ccc(Cc2ccc(OCC=COC(=O)c3cc(C([*])=O)ccc3C)cc2)cc1,True,True,False,450.0,0.5,450.889404296875,[*]CC(=O)Nc1ccc(Cc2ccc(OCC=COC(=O)c3cc(C([*])=O)ccc3C)cc2)cc1,0.3880597014925373,3767.0,[*]Nc1ccc(Cc2ccc(NC(=O)c3ccc(Oc4ccc(Oc5ccc(C([*])=O)cc5)cc4)cc3)cc2)cc1,low
1543,[*]CCCCCCCOC(=O)c1ccc(/C=C(/C(=O)O[*])c2cc([N+](=O)[O-])ccc2-c2ccccc2)cc1,True,True,False,450.0,0.5,394.0880737304688,[*]CCCCCCCOC(=O)c1ccc(/C=C(/C(=O)O[*])c2cc([N+](=O)[O-])ccc2-c2ccccc2)cc1,0.38235294117647056,4431.0,[*]OCCCCCOC(=O)c1ccc(/C=C/c2ccc(C([*])=O)cc2)cc1,low
1544,[*]C(=O)Nc1ccc(OC(=O)c2ccccc2Oc2ccc(CN(CCCC)c3ccc(O[*])cc3)cc2)o1,True,True,False,450.0,0.5,387.8455810546875,[*]C(=O)Nc1ccc(OC(=O)c2ccccc2Oc2ccc(CN(CCCC)c3ccc(O[*])cc3)cc2)o1,0.352112676056338,5057.0,[*]Oc1ccc(Oc2ccc(OC(=O)c3ccccc3-c3ccccc3C([*])=O)cc2)cc1,low
1545,[*]CCc1ccc(C(=O)NNC(=O)c2ccc(-c3ccccc3SN([*])C)cc2)cc1,True,True,False,450.0,0.5,422.22564697265625,[*]CCc1ccc(C(=O)NNC(=O)c2ccc(-c3ccccc3SN([*])C)cc2)cc1,0.3114754098360656,3641.0,[*]Nc1ccc(-c2ccccc2NC(=O)c2ccc(C([*])=O)cc2)cc1,low
1546,[*]Cc1ccc(-c2ccc(/C=C/C(=O)c3ccc(CCCCC)cc3)cc2C)c(C([*])=O)c1,True,True,False,450.0,0.5,426.2840576171875,[*]Cc1ccc(-c2ccc(/C=C/C(=O)c3ccc(CCCCC)cc3)cc2C)c(C([*])=O)c1,0.32,1483.0,[*]CC([*])(C)C(=O)Oc1ccc(C(=O)/C=C/c2ccc(OC)c(OC)c2)cc1,low
1549,[*]CCOc1ccc(NC(=O)c2ccc(OCCN(CCCC)c3ccc(C(=O)Nc4ccc(NC([*])=O)cc4)cc3)cc2)c([Si](C)(C)C)c1,True,True,False,450.0,0.5,434.2567138671875,[*]CCOc1ccc(NC(=O)c2ccc(OCCN(CCCC)c3ccc(C(=O)Nc4ccc(NC([*])=O)cc4)cc3)cc2)c([Si](C)(C)C)c1,0.39473684210526316,254.0,[*]C(=O)Nc1ccc(OCCCCCCOc2ccc(NC(=O)c3cc([*])cc(C(C)(C)C)c3)cc2)cc1,low
1550,[*]CC([*])(C=CCCC(=O)OCc1ccc(-c2ccc(Cl)cc2)cc1O)CC(F)(F)C(F)(F)F,True,True,False,450.0,0.5,361.6501159667969,[*]CC([*])(C=CCCC(=O)OCc1ccc(-c2ccc(Cl)cc2)cc1O)CC(F)(F)C(F)(F)F,0.3333333333333333,1448.0,[*]CC([*])(C)C(=O)OCc1ccc(Cl)cc1Cl,low
1551,[*]CCN(C)C(=O)CCCC(=O)NC(C[Si](C)(C)C)C(=O)O[*],True,True,False,450.0,0.5,290.304443359375,[*]CCN(C)C(=O)CCCC(=O)NC(C[Si](C)(C)C)C(=O)O[*],0.4166666666666667,2597.0,[*]CCN(C)C(=O)CCCCCCCCC(=O)N([*])C,low
1552,[*]C=CC(=O)Nc1ccc(C(=O)CCCCCCC(=O)NCCOCC[*])cc1,True,True,False,450.0,0.5,382.3548889160156,[*]C=CC(=O)Nc1ccc(C(=O)CCCCCCC(=O)NCCOCC[*])cc1,0.3888888888888889,2275.0,[*]CCCCCC(=O)Nc1ccc(NC([*])=O)cc1,low
1553,[*]Oc1ccc(Oc2ccc(C(C)(C)c3ccc(OC(=O)c4cnc([*])cc4)cc3)c(O)c2)cc1C,True,True,False,450.0,0.5,470.24810791015625,[*]Oc1ccc(Oc2ccc(C(C)(C)c3ccc(OC(=O)c4cnc([*])cc4)cc3)c(O)c2)cc1C,0.38461538461538464,6103.0,[*]c1ccc(OC(=O)c2ccc(C(C)(C)c3ccc(C(=O)Oc4ccc(C([*])(C)C)cc4)cc3)cc2)cc1,low
1554,[*]NCc1ccc(C(=O)C([*])=O)cc1S(=O)(=O)c1ccccc1,True,True,False,450.0,0.5,486.28466796875,[*]NCc1ccc(C(=O)C([*])=O)cc1S(=O)(=O)c1ccccc1,0.3684210526315789,3799.0,[*]Nc1ccc(NC(=O)c2cc(C([*])=O)cc(S(=O)(=O)c3ccccc3)c2)cc1,low
1555,[*]NC1CCC(C(=O)OC(C)C)CC1C([*])(C)C,True,True,False,450.0,0.5,381.253173828125,[*]NC1CCC(C(=O)OC(C)C)CC1C([*])(C)C,0.3111111111111111,7087.0,[*]CC([*])(C)C(=O)OC(C)C,low
1556,[*]CCCCCCCOC(=O)c1ccc(C(=O)O[*])cc1C=CC1CCCCOCC1,True,True,False,450.0,0.5,329.5393981933594,[*]CCCCCCCOC(=O)c1ccc(C(=O)O[*])cc1C=CC1CCCCOCC1,0.3333333333333333,2255.0,[*]CCCCC(=O)OCCCCOC(=O)c1ccc(C(=O)OCCCCOC([*])=O)cc1,low
1557,[*]CCc1ccc(COc2ccc([*])c(OCCCCCCC[N+](C)(C)c3ccc(P(=O)(=O)c4ccccc4)cc3)c2OC)cc1,True,True,False,450.0,0.5,332.02557373046875,[*]CCc1ccc(COc2ccc([*])c(OCCCCCCC[N+](C)(C)c3ccc(P(=O)(=O)c4ccccc4)cc3)c2OC)cc1,0.2597402597402597,983.0,[*]C=Cc1cc(OCCc2ccccc2)c([*])cc1OC,low
1559,[*]Oc1ccc(NC(=O)c2ccc(C(=O)OCCN(C)c3ccc(C([*])=O)cc3)cc2)c(C(=O)Oc2ccc(C(F)(F)C(F)(F)F)cc2)c1,True,True,False,450.0,0.5,427.58203125,[*]Oc1ccc(NC(=O)c2ccc(C(=O)OCCN(C)c3ccc(C([*])=O)cc3)cc2)c(C(=O)Oc2ccc(C(F)(F)C(F)(F)F)cc2)c1,0.43478260869565216,4858.0,[*]Oc1ccc(C(c2ccc(OC(=O)c3ccc(C(c4ccc(C([*])=O)cc4)(C(F)(F)F)C(F)(F)F)cc3)cc2)(C(F)(F)F)C(F)(F)F)cc1,low
1561,[*]CCCCCCCCc1ccc(C(=O)Nc2ccc(OC(=O)S[*])cc2)cc1,True,True,False,450.0,0.5,423.3419799804688,[*]CCCCCCCCc1ccc(C(=O)Nc2ccc(OC(=O)S[*])cc2)cc1,0.42105263157894735,3767.0,[*]Nc1ccc(Cc2ccc(NC(=O)c3ccc(Oc4ccc(Oc5ccc(C([*])=O)cc5)cc4)cc3)cc2)cc1,low
1563,[*]Cc1c(C)cc(NC(=O)[Si](C)(C)Oc2ccc(-c3cnc([*])c(C)c3)c(C)c2)cc1C,True,True,False,450.0,0.5,420.957275390625,[*]Cc1c(C)cc(NC(=O)[Si](C)(C)Oc2ccc(-c3cnc([*])c(C)c3)c(C)c2)cc1C,0.2835820895522388,5831.0,[*]c1ccc(C(=O)Nc2ccc(Oc3ccc(Oc4ccc(NC(=O)c5ccc([*])cc5C)cc4)cc3)cc2)c(C)c1,low
1564,[*]=Cc1ccc(OCCCCCC(=O)Nc2ccc(NC(=[*])Cc3ccccc3)cc2)cc1,True,True,False,450.0,0.5,416.6091918945313,[*]=Cc1ccc(OCCCCCC(=O)Nc2ccc(NC(=[*])Cc3ccccc3)cc2)cc1,0.41379310344827586,2276.0,[*]CCCCCC(=O)Nc1ccc(Oc2ccc(NC([*])=O)cc2)cc1,low
1566,[*]Oc1ccc(N(CCCC)C(=O)S(=O)(=O)Oc2ccc(C([*])C(=O)C#N)cc2)cc1,True,True,False,450.0,0.5,382.7937622070313,[*]Oc1ccc(N(CCCC)C(=O)S(=O)(=O)Oc2ccc(C([*])C(=O)C#N)cc2)cc1,0.30303030303030304,1930.0,[*]CC([*])c1ccc(C(=O)OCCCC)cc1,low
1567,[*]N=P(C)(CCCCOc1ccc(C(=O)OC(C#N)(C)C)cc1)c1ccc(Br)cc1[*],True,True,False,450.0,0.5,326.708251953125,[*]N=P(C)(CCCCOc1ccc(C(=O)OC(C#N)(C)C)cc1)c1ccc(Br)cc1[*],0.3835616438356164,5413.0,[*]c1cc(Br)c(OC(=O)c2ccc(OCCCCCCCCCCOc3ccc(C(=O)Oc4c(Br)cc(C([*])(C)C)cc4Br)cc3)cc2)c(Br)c1,low
1568,[*]CC1CCCN(CCOC(=O)O)C([*])C1,True,True,False,450.0,0.5,341.73028564453125,[*]CC1CCCN(CCOC(=O)O)C([*])C1,0.29310344827586204,2097.0,[*]CC1CCC(N2C(=O)C3C4C=CC(C5C(=O)N(C6CCC([*])CC6C)C(=O)C45)C3C2=O)C(C)C1,low
1569,[*]Oc1ccc(/N=C/CCCC)cc1-c1ccc(Sc2ccc(NC([*])=O)cc2)cc1,True,True,False,450.0,0.5,400.2565002441406,[*]Oc1ccc(/N=C/CCCC)cc1-c1ccc(Sc2ccc(NC([*])=O)cc2)cc1,0.3466666666666667,3758.0,[*]Nc1ccc(Cc2ccc(NC(=O)Oc3ccc(/N=C/CCC/C=N/c4ccc(OC([*])=O)cc4)cc3)cc2)cc1,low
1570,[*]NCCCCCCNC(=O)CCCCc1ccc(C([*])=O)cc1,True,True,False,450.0,0.5,330.0761108398437,[*]NCCCCCCNC(=O)CCCCc1ccc(C([*])=O)cc1,0.6136363636363636,3461.0,[*]NCCCCCCCCCCNC(=O)c1ccc(Cc2ccc(C([*])=O)cc2)cc1,medium
1571,[*]CC([*])c1ccc(CCCCC(Cl)C(C)C)c(C)c1,True,True,False,450.0,0.5,354.3404235839844,[*]CC([*])c1ccc(CCCCC(Cl)C(C)C)c(C)c1,0.4883720930232558,1981.0,[*]CC([*])c1ccc(Cl)c(C)c1,low
1572,[*]CC(=O)CCCCCCc1ccc(COC(=O)SCCCCC(=O)O[*])cc1,True,True,False,450.0,0.5,287.44012451171875,[*]CC(=O)CCCCCCc1ccc(COC(=O)SCCCCC(=O)O[*])cc1,0.35185185185185186,4184.0,[*]OC(=O)c1ccc(CCCCCCc2ccc(C([*])=O)cc2)cc1,low
1574,[*]Oc1cc(Br)c(/C=C/CCCCCCNC(=O)c2ccc(C([*])=O)cc2C(C)C)cc1,True,True,False,450.0,0.5,414.3688049316406,[*]Oc1cc(Br)c(/C=C/CCCCCCNC(=O)c2ccc(C([*])=O)cc2C(C)C)cc1,0.4383561643835616,3512.0,[*]NCCCCCCNC(=O)c1ccc(C([*])=O)cc1Oc1ccc(Br)cc1,low
1577,[*]CC(C)(C)C([*])(c1ccc(F)cc1)C(F)(F)C(F)(F)C(F)(F)C(F)(F)F,True,True,False,450.0,0.5,393.8568115234375,[*]CC(C)(C)C([*])(c1ccc(F)cc1)C(F)(F)C(F)(F)C(F)(F)C(F)(F)F,0.36363636363636365,1943.0,[*]CC([*])c1ccc(C(F)(F)C(F)(F)C(F)(F)C(F)(F)C(F)(F)C(F)(F)C(F)(F)F)cc1,low
1578,[*]OP(=O)(OCCCCCC)C([*])CN1C(=O)c2ccc(OC)cc2C1=O,True,True,False,450.0,0.5,312.2475280761719,[*]OP(=O)(OCCCCCC)C([*])CN1C(=O)c2ccc(OC)cc2C1=O,0.391304347826087,5599.0,[*]c1cc(OCCCCCCCC)cc(N2C(=O)c3ccc(Oc4ccc5c(c4)C(=O)N([*])C5=O)cc3C2=O)c1,low
1579,[*]C(C[Ge]([*])(C)C)C1CCCCCCC1,True,True,False,450.0,0.5,290.0665588378906,[*]C(C[Ge]([*])(C)C)C1CCCCCCC1,0.5185185185185185,7253.0,[*]CC([*])C1CCCCC1,medium
1580,[*]O[Se]C(=O)Oc1ccc(C(O)CCCCCOC(=O)c2ccc(C([*])=O)cc2)c2ccccc12,True,True,False,450.0,0.5,319.5858764648437,[*]O[Se]C(=O)Oc1ccc(C(O)CCCCCOC(=O)c2ccc(C([*])=O)cc2)c2ccccc12,0.4642857142857143,4328.0,[*]OCCCCCCCCCCOC(=O)c1ccc(C([*])=O)cc1,low
1582,[*]CC([*])c1ccccc1OC(=O)c1cc(C(C)C(=O)OCc2ccc(CNC(C)=O)cc2)ccc1,True,True,False,450.0,0.5,343.0943603515625,[*]CC([*])c1ccccc1OC(=O)c1cc(C(C)C(=O)OCc2ccc(CNC(C)=O)cc2)ccc1,0.4576271186440678,2047.0,[*]CC([*])c1ccccc1OC(C)=O,low
1585,[*]CC=CCOc1ccc(NC(=O)Cc2ccc(COCCCC)cc2)c(C(=O)O[*])c1,True,True,False,450.0,0.5,345.11004638671875,[*]CC=CCOc1ccc(NC(=O)Cc2ccc(COCCCC)cc2)c(C(=O)O[*])c1,0.359375,1969.0,[*]CC([*])c1ccc(COCCCC)cc1,low
1586,[*]C=CCCCCCC(=O)N(CCCCBr)CO[Si]([*])=O,True,True,False,450.0,0.5,324.3016662597656,[*]C=CCCCCCC(=O)N(CCCCBr)CO[Si]([*])=O,0.265625,2208.0,[*]CCCCC(=O)N(CCCCCCN(CC(F)(F)C(F)(F)C(F)(F)C(F)(F)C(F)(F)C(F)(F)C(F)(F)F)C([*])=O)CC(F)(F)C(F)(F)C(F)(F)C(F)(F)C(F)(F)C(F)(F)C(F)(F)F,low
1587,[*]c1cc(-c2ccc(/C=C(\C)C)cc2)c(C([*])F)cc1O,True,True,False,450.0,0.5,410.3446044921875,[*]c1cc(-c2ccc(/C=C(\C)C)cc2)c(C([*])F)cc1O,0.22807017543859648,5624.0,[*]c1ccc(-c2cc(-c3ccccc3)c(/N=C/c3ccc(C=Nc4c(-c5ccccc5)cc([*])cc4-c4ccccc4)cc3)c(-c3ccccc3)c2)cc1,low
1588,[*]NC1CCC(CC([*])(C)NC(=O)CCC)CC1=O,True,True,False,450.0,0.5,383.57818603515625,[*]NC1CCC(CC([*])(C)NC(=O)CCC)CC1=O,0.3392857142857143,2102.0,[*]CC1CCC(NC(=O)CCCCC(=O)NC([*])(C)C)CC1,low
1589,[*]CCN(CCCC)C(=S)O[*],True,True,False,450.0,0.5,327.6534423828125,[*]CCN(CCCC)C(=S)O[*],0.35135135135135137,2610.0,[*]CCN([*])C(=O)CCCC,low
1590,[*]CC([*])c1cc(COCCCC)cc(C2(O)c3ccc(OC)cc3C2=O)c1,True,True,False,450.0,0.5,374.4905395507813,[*]CC([*])c1cc(COCCCC)cc(C2(O)c3ccc(OC)cc3C2=O)c1,0.4576271186440678,1969.0,[*]CC([*])c1ccc(COCCCC)cc1,low
1592,[*]CC(=O)OCCOc1ccc(C(=O)c2ccc(OCOCOc3ccc(C(=O)COc4ccc([*])cc4)cc3)cc2)cc1,True,True,False,450.0,0.5,362.5889892578125,[*]CC(=O)OCCOc1ccc(C(=O)c2ccc(OCOCOc3ccc(C(=O)COc4ccc([*])cc4)cc3)cc2)cc1,0.4444444444444444,6239.0,[*]c1ccc(OCCOC(=O)c2ccc(C(=O)OCCOc3ccc(C([*])(C)C)cc3)cc2)cc1,low
1593,[*]Cc1ccc(-c2cc([*])c(-c3ccccc3)cc2OCCCCCCCC)cc1,True,True,False,450.0,0.5,344.4966125488281,[*]Cc1ccc(-c2cc([*])c(-c3ccccc3)cc2OCCCCCCCC)cc1,0.47058823529411764,5709.0,[*]c1ccc(-c2ccc(OCCCCCC)c(-c3cc([*])ccc3OCCCCCC)c2)cc1,low
1594,[*]COC(=O)C(C)Oc1ccc(S(=O)(=O)CCCC(=O)Nc2ccc(N=C([*])O[Si](C)(C)C)cc2)cc1,True,True,False,450.0,0.5,360.5142822265625,[*]COC(=O)C(C)Oc1ccc(S(=O)(=O)CCCC(=O)Nc2ccc(N=C([*])O[Si](C)(C)C)cc2)cc1,0.36231884057971014,2237.0,[*]CCCCC(=O)Nc1ccc(S(=O)(=O)c2ccc(NC([*])=O)cc2)cc1,low
1596,[*]=C=Cc1ccc(C(=O)C[Se]CC([*])=O)cc1,True,True,False,450.0,0.5,352.2528991699219,[*]=C=Cc1ccc(C(=O)C[Se]CC([*])=O)cc1,0.2692307692307692,2857.0,[*]COC(=O)c1ccc(/C=C/c2ccc(C(=O)OCC([*])(C)C)cc2)cc1,low
1597,[*]CCCCCOC(=O)c1cccc(C(=O)OC(=O)C/C=C/c2ccc(OC)cc2)c1C(=O)O[*],True,True,False,450.0,0.5,339.0549621582031,[*]CCCCCOC(=O)c1cccc(C(=O)OC(=O)C/C=C/c2ccc(OC)cc2)c1C(=O)O[*],0.35294117647058826,2031.0,[*]CC([*])c1ccccc1C(=O)OCCCCCC,low
1599,[*]C=Cc1ccc(OCCCCCCOc2ccc(NC(=O)SN3C(=O)c4ccc(OCCC([*])CCC4C)cc3)cc2)cc1,True,True,False,450.0,0.5,366.4436645507813,[*]C=Cc1ccc(OCCCCCCOc2ccc(NC(=O)SN3C(=O)c4ccc(OCCC([*])CCC4C)cc3)cc2)cc1,0.29591836734693877,952.0,[*]C=CC1CC([*])CC1C(=O)OCCCCCCCCOc1ccc(/C=C/c2ccc([N+](=O)[O-])cc2)cc1,low
1601,[*]COc1ccc(C(C)(C)C(=O)OCCCCCC)cc1-c1ccc([*])cc1,True,True,False,450.0,0.5,329.1457214355469,[*]COc1ccc(C(C)(C)C(=O)OCCCCCC)cc1-c1ccc([*])cc1,0.48214285714285715,5709.0,[*]c1ccc(-c2ccc(OCCCCCC)c(-c3cc([*])ccc3OCCCCCC)c2)cc1,low
1602,[*]CCCCCCCCC(=O)Nc1ccc(-c2ccc(CCCCCCCOCC=CCOCCO[*])cc2)cc1,True,True,False,450.0,0.5,322.88067626953125,[*]CCCCCCCCC(=O)Nc1ccc(-c2ccc(CCCCCCCOCC=CCOCCO[*])cc2)cc1,0.4827586206896552,2233.0,[*]CCCCC(=O)Nc1ccc(CCNC([*])=O)cc1,low
1603,[*]Nc1ccc(-c2ccc(C([*])=O)c(OC#N)c2)cc1C(C)(C)C,True,True,False,450.0,0.5,443.67578125,[*]Nc1ccc(-c2ccc(C([*])=O)c(OC#N)c2)cc1C(C)(C)C,0.359375,3656.0,[*]Nc1ccc(-c2nnc(-c3ccc(C([*])=O)c(Oc4ccccc4)c3)o2)cc1,low
1606,[*]C(=O)c1ccc(C(=O)OCCCCCCOC(=O)c2ccc(C(=O)[SH]=[*])cc2)cc1,True,True,False,450.0,0.5,320.88055419921875,[*]C(=O)c1ccc(C(=O)OCCCCCCOC(=O)c2ccc(C(=O)[SH]=[*])cc2)cc1,0.6944444444444444,4328.0,[*]OCCCCCCCCCCOC(=O)c1ccc(C([*])=O)cc1,medium
1607,[*]COc1ccc(NC(=O)OCCCCOc2ccc(C(C)(C)c3ccc(NC(=O)O[*])cc3)cc2)cc1,True,True,False,450.0,0.5,362.2464599609375,[*]COc1ccc(NC(=O)OCCCCOc2ccc(C(C)(C)c3ccc(NC(=O)O[*])cc3)cc2)cc1,0.5084745762711864,6236.0,[*]c1ccc(OCCOC(=O)Nc2ccc(Cc3ccc(NC(=O)OCCOc4ccc(C([*])(C)C)cc4)cc3)cc2)cc1,medium
1608,[*]CC([*])C(=O)Nc1c(O)cc(C2(C)CCCCOC2)cc1S(=O)(=O)O,True,True,False,450.0,0.5,483.1536560058594,[*]CC([*])C(=O)Nc1c(O)cc(C2(C)CCCCOC2)cc1S(=O)(=O)O,0.30303030303030304,1600.0,[*]CC([*])C(=O)Nc1cccc(Cl)c1,low
1609,[*]C=CC([*])NC(=O)OCCCCCCC1CC1C(=O)N(C)C,True,True,False,450.0,0.5,311.9013977050781,[*]C=CC([*])NC(=O)OCCCCCCC1CC1C(=O)N(C)C,0.3283582089552239,904.0,[*]C=CC(C(=O)OCCCCCCN(C)c1ccc(N(C)C)cc1)C([*])C,low
1610,[*]OC(C)C(C#C)c1ccc([Si]([*])(C)[Si](C)(C)C)cc1,True,True,False,450.0,0.5,389.5286865234375,[*]OC(C)C(C#C)c1ccc([Si]([*])(C)[Si](C)(C)C)cc1,0.2926829268292683,4575.0,[*]O[Si](C)(C)c1ccc([Si]([*])(C)C)cc1,low
1611,[*]NC(=O)c1ccc(-c2ccc(C(=O)NNC(=O)c3ccc(OCC(C)(C)CCOc4ccc([*])o4)cc3)cc2)o1,True,True,False,450.0,0.5,447.4099426269531,[*]NC(=O)c1ccc(-c2ccc(C(=O)NNC(=O)c3ccc(OCC(C)(C)CCOc4ccc([*])o4)cc3)cc2)o1,0.2916666666666667,6239.0,[*]c1ccc(OCCOC(=O)c2ccc(C(=O)OCCOc3ccc(C([*])(C)C)cc3)cc2)cc1,low
1612,[*]CCC(OC)C(=O)OCCCCCCCCNC(=O)C1CC1C(=O)OCCCC,True,True,False,450.0,0.5,304.239990234375,[*]CCC(OC)C(=O)OCCCCCCCCNC(=O)C1CC1C(=O)OCCCC,0.35185185185185186,1639.0,[*]CC([*])C(=O)OCCCCCC,low
1613,[*]CCCCCN1C(=O)C(CCCCOC(=O)O[*])CC1,True,True,False,450.0,0.5,296.02667236328125,[*]CCCCCN1C(=O)C(CCCCOC(=O)O[*])CC1,0.3404255319148936,2468.0,[*]CCCCCCCCCCCCOC([*])=O,low
1614,[*]C(=O)Oc1ccc(Oc2ccc(Oc3ccc(C(=O)c4cc([*])c(C)c(S(=O)(=O)c5ccc(C)cc5)c4)cc3CCC(F)(F)F)cc2)cc1,True,True,False,450.0,0.5,402.0880737304688,[*]C(=O)Oc1ccc(Oc2ccc(Oc3ccc(C(=O)c4cc([*])c(C)c(S(=O)(=O)c5ccc(C)cc5)c4)cc3CCC(F)(F)F)cc2)cc1,0.38961038961038963,491.0,[*]C(=O)c1ccc(Oc2ccc(S(=O)(=O)c3ccc(Oc4ccc(C(=O)c5cc([*])cc(C(C)(C)C)c5)cc4)cc3)cc2)cc1,low
1615,[*]O[Si]([*])(C)CCCCCc1ccc(Oc2ccc(C(O)CCC(C)C)cc2)c(SC)c1,True,True,False,450.0,0.5,295.80303955078125,[*]O[Si]([*])(C)CCCCCc1ccc(Oc2ccc(C(O)CCC(C)C)cc2)c(SC)c1,0.3333333333333333,4637.0,[*]O[Si]([*])(C)CCCCCCCCOc1ccc(C(=O)Oc2ccc(C#N)cc2C)cc1,low
1616,[*]Cc1ccc(NC(=O)O[Si](C)(C)c2ccc(C(=O)NNC(=O)CCCCCCNC([*])=O)cc2)cc1,True,True,False,450.0,0.5,341.76177978515625,[*]Cc1ccc(NC(=O)O[Si](C)(C)c2ccc(C(=O)NNC(=O)CCCCCCNC([*])=O)cc2)cc1,0.5,3039.0,[*]Cc1ccc(C(=O)NCCCCCCNC([*])=O)cc1,medium
1618,[*]C[Si](CCCCC([*])CC)c1ccc(COC(=O)[N+](C)O)cc1,True,True,False,450.0,0.5,278.4084167480469,[*]C[Si](CCCCC([*])CC)c1ccc(COC(=O)[N+](C)O)cc1,0.3064516129032258,2570.0,[*]CCCNC(=O)c1ccc(C(=O)NCCC([*])CC)cc1,low
1619,[*]CCCCCCCN(C)c1ccc(CC(C)NC(=O)CCc2ccc(N(C(=O)O[*])c3ccccc3)o2)cc1,True,True,False,450.0,0.5,347.01824951171875,[*]CCCCCCCN(C)c1ccc(CC(C)NC(=O)CCc2ccc(N(C(=O)O[*])c3ccccc3)o2)cc1,0.33783783783783783,2491.0,[*]CCCCCCCCN(C)c1ccc(C(=O)c2ccc(N([*])C)cc2)cc1,low
1620,[*]NC([*])C(=O)c1ccc(C(c2ccc(OC)cc2)c2ccc(I)cc2)cc1,True,True,False,450.0,0.5,398.39398193359375,[*]NC([*])C(=O)c1ccc(C(c2ccc(OC)cc2)c2ccc(I)cc2)cc1,0.4666666666666667,1746.0,[*]CC([*])C(=O)c1ccc(OC)cc1,low
1622,[*]Oc1ccc(C(=O)CCCCC(=O)Nc2ccc(O[Si](C)(C)c3cccc(C([*])=O)c3)cc2)cc1,True,True,False,450.0,0.5,340.256591796875,[*]Oc1ccc(C(=O)CCCCC(=O)Nc2ccc(O[Si](C)(C)c3cccc(C([*])=O)c3)cc2)cc1,0.42857142857142855,2366.0,[*]CCCCCCCCC(=O)Nc1cccc(C(=O)c2ccc(Oc3ccc(C(=O)c4ccc(NC([*])=O)cc4)cc3)cc2)c1,low
1623,[*]Cc1ccc(C(=O)N(CCCCC)c2ccc(SCCS(=O)(=O)COc3ccc(C([*])=O)cc3)c(SC)c2)cc1,True,True,False,450.0,0.5,358.11932373046875,[*]Cc1ccc(C(=O)N(CCCCC)c2ccc(SCCS(=O)(=O)COc3ccc(C([*])=O)cc3)c(SC)c2)cc1,0.36231884057971014,410.0,[*]C(=O)c1ccc(N([*])CCCCC)cc1,low
1624,[*]CC([*])OC1=CC=C(Oc2ccc(C)c([SH](=O)(Cl)CCl)c2)CC1,True,True,False,450.0,0.5,335.4159851074219,[*]CC([*])OC1=CC=C(Oc2ccc(C)c([SH](=O)(Cl)CCl)c2)CC1,0.2711864406779661,7121.0,[*]CC([*])c1ccc(OC)cc1C,low
1625,[*]/C=C(/[*])CCC(=O)OC(CCCCCCC)CC[Si](C)(C)C,True,True,False,450.0,0.5,252.58555603027344,[*]/C=C(/[*])CCC(=O)OC(CCCCCCC)CC[Si](C)(C)C,0.3958333333333333,33.0,[*]/C=C(/[*])C(CCCCCCC)[Si](C)(C)C,low
1627,[*]c1c(CCCCCCCCC(=O)O)cc(-c2ccc(OC(=O)C([*])OC)cc2)cc1C=C(F)F,True,True,False,450.0,0.5,389.542236328125,[*]c1c(CCCCCCCCC(=O)O)cc(-c2ccc(OC(=O)C([*])OC)cc2)cc1C=C(F)F,0.328125,1708.0,[*]CC([*])C(=O)Oc1ccc(-c2ccccc2)cc1,low
1628,[*]C[Si]([*])(C)c1ccc(C(O)COCC)cc1C(F)(F)F,True,True,False,450.0,0.5,297.974853515625,[*]C[Si]([*])(C)c1ccc(C(O)COCC)cc1C(F)(F)F,0.26785714285714285,1507.0,[*]CC([*])(C)c1ccc(C(O)C(F)(F)F)cc1,low
1629,[*]OC([*])CCCCCCOc1ccc(C(=O)OC(CCCCC)C(=O)O[Na])cc1,True,True,False,450.0,0.5,301.2018737792969,[*]OC([*])CCCCCCOc1ccc(C(=O)OC(CCCCC)C(=O)O[Na])cc1,0.48333333333333334,1718.0,[*]CC([*])C(=O)Oc1ccc(C(=O)Oc2ccc(OC(=O)c3ccc(OCCCCC)cc3)cc2)cc1,low
1630,[*]CC(=O)Nc1ccc(NC(=O)c2cc(C)c(NC(=O)[PH](=O)(=O)N[*])c(S(=O)(=O)OCCCC)c2)cc1,True,True,False,450.0,0.5,431.2315979003906,[*]CC(=O)Nc1ccc(NC(=O)c2cc(C)c(NC(=O)[PH](=O)(=O)N[*])c(S(=O)(=O)OCCCC)c2)cc1,0.3333333333333333,1061.0,[*]CC(=O)Nc1ccc(NC(=O)Cc2cc(C)c([*])cc2C)cc1,low
1632,[*]Oc1ccc(C(=O)c2ccc(/C=C/c3ccc(P(=O)(c4ccccc4)c4ccc([*])cc4)cc3)cc2)cc1,True,True,False,450.0,0.5,487.5391540527344,[*]Oc1ccc(C(=O)c2ccc(/C=C/c3ccc(P(=O)(c4ccccc4)c4ccc([*])cc4)cc3)cc2)cc1,0.6382978723404256,509.0,[*]C(=O)c1ccc(P(=O)(c2ccccc2)c2ccc(C(=O)c3ccc(Oc4ccc(Oc5ccc([*])cc5)cc4)cc3)cc2)cc1,medium
1633,[*]NC(=O)OC1CCCCC(CO[Si](C)(C)C)=C([*])CCCCO1,True,True,False,450.0,0.5,330.4506225585937,[*]NC(=O)OC1CCCCC(CO[Si](C)(C)C)=C([*])CCCCO1,0.25,1246.0,[*]CC([*])(C)C(=O)OCC1CCCO1,low
1634,[*]Cc1ccc(NC(=O)C2CCCCC(=O)Nc3ccc(S([*])(=O)=O)cc3C2=O)cc1,True,True,False,450.0,0.5,544.9613647460938,[*]Cc1ccc(NC(=O)C2CCCCC(=O)Nc3ccc(S([*])(=O)=O)cc3C2=O)cc1,0.3,6689.0,[*]c1ccc2c(c1)C(=O)N(C1CCC(N3C(=O)c4ccc(S([*])(=O)=O)cc4C3=O)CC1)C2=O,low
1635,[*]C=C(C)C(=O)OCc1ccc2ccccc2ccccc1C(=O)N(CC)c1ccc(O[*])cc1,True,True,False,450.0,0.5,383.2116088867188,[*]C=C(C)C(=O)OCc1ccc2ccccc2ccccc1C(=O)N(CC)c1ccc(O[*])cc1,0.2916666666666667,5003.0,[*]Oc1ccc(OC(=O)c2ccc(C([*])=O)cc2Oc2ccc3ccccc3c2)cc1,low
1637,[*]c1ccc(/C=N/c2ccc([Si]([*])(C)C(=O)N(CCCCCC)c3ccccc3[N+](=O)[O-])cc2)cc1,True,True,False,450.0,0.5,385.85595703125,[*]c1ccc(/C=N/c2ccc([Si]([*])(C)C(=O)N(CCCCCC)c3ccccc3[N+](=O)[O-])cc2)cc1,0.367816091954023,5817.0,[*]c1ccc(C(=O)NCCN(CCNC(=O)c2ccc([Si]([*])(CCCC)CCCC)cc2)c2ccc(/C=C/c3ccc([N+](=O)[O-])cc3)cc2)cc1,low
1639,[*]OC[Si]([*])(C)CCCCCOc1ccc(-c2ccccc2)c(C#C)c1,True,True,False,450.0,0.5,292.92706298828125,[*]OC[Si]([*])(C)CCCCCOc1ccc(-c2ccccc2)c(C#C)c1,0.4067796610169492,2110.0,[*]CC=CC[Si]([*])(C)CCCOc1ccc(-c2ccccc2)cc1,low
1640,[*]NC(=O)CCCC(=O)Oc1ccc(C(F)=C([*])COCCCC)cc1,True,True,False,450.0,0.5,321.7787475585937,[*]NC(=O)CCCC(=O)Oc1ccc(C(F)=C([*])COCCCC)cc1,0.39705882352941174,3090.0,[*]Cc1ccc(OC(=O)CCCC(=O)Oc2ccc(CCC(=O)NC([*])C(=O)OCCCC)cc2)cc1,low
1641,[*]c1cc(-c2cccc(SC)c2)c(C(=O)NCCCC([*])=O)cc1-c1ccccc1,True,True,False,450.0,0.5,418.9021301269531,[*]c1cc(-c2cccc(SC)c2)c(C(=O)NCCCC([*])=O)cc1-c1ccccc1,0.36764705882352944,3532.0,[*]NCCCCNC(=O)c1ccc(C([*])=O)cc1Sc1ccccc1,low
1642,[*]CC([*])Oc1ccc(CCCCCSc2ccccc2Oc2ccc([PH](=O)=O)cc2)cc1,True,True,False,450.0,0.5,335.70050048828125,[*]CC([*])Oc1ccc(CCCCCSc2ccccc2Oc2ccc([PH](=O)=O)cc2)cc1,0.288135593220339,1994.0,[*]CC([*])c1ccc(Oc2ccccc2)cc1,low
1643,[*]Oc1ccc(S(=O)(=O)c2ccc(OC([*])=O)cc2)cc1,True,True,False,450.0,0.5,438.3153381347656,[*]Oc1ccc(S(=O)(=O)c2ccc(OC([*])=O)cc2)cc1,0.6666666666666666,5058.0,[*]Oc1ccc(Oc2ccc(OC([*])=O)cc2)cc1,medium
1644,[*]CC(=O)NC1CCC(c2ccc(OC=C)cc2)C([*])CO1,True,True,False,450.0,0.5,473.4662170410156,[*]CC(=O)NC1CCC(c2ccc(OC=C)cc2)C([*])CO1,0.2714285714285714,2235.0,[*]CCCCC(=O)Nc1ccc(OC2COC3C(Oc4ccc(NC([*])=O)cc4)COC23)cc1,low
1646,[*]CC([*])(C)C(=O)OC(=O)CN1CCCC(C(F)(F)F)CC1=O,True,True,False,450.0,0.5,361.1209716796875,[*]CC([*])(C)C(=O)OC(=O)CN1CCCC(C(F)(F)F)CC1=O,0.37735849056603776,1216.0,[*]CC([*])(C)C(=O)OC1CCC1,low
1647,[*]C=CNC(=O)Nc1ccc(C(=O)OC)c([Si](C)(C)NC(=O)c2ccccc2C([*])=O)c1,True,True,False,450.0,0.5,359.2908630371094,[*]C=CNC(=O)Nc1ccc(C(=O)OC)c([Si](C)(C)NC(=O)c2ccccc2C([*])=O)c1,0.3235294117647059,249.0,[*]C(=O)Nc1ccc(NC(=O)c2cc(-c3ccc(C(=O)OC)c([*])c3)ccc2C(=O)OC)cc1,low
1648,[*]CCCCCc1ccc(C(=O)OOC(=[*])CCCCN)cc1,True,True,False,450.0,0.5,320.6833801269531,[*]CCCCCc1ccc(C(=O)OOC(=[*])CCCCN)cc1,0.44680851063829785,4184.0,[*]OC(=O)c1ccc(CCCCCCc2ccc(C([*])=O)cc2)cc1,low
1651,[*]NC(C)C(=O)N(CC([*])(C)CNC(=O)C(F)(F)C(F)(F)F)C(=O)[N+]C,True,True,False,450.0,0.5,352.2437744140625,[*]NC(C)C(=O)N(CC([*])(C)CNC(=O)C(F)(F)C(F)(F)F)C(=O)[N+]C,0.22807017543859648,1095.0,[*]CC(C)CC([*])(C)C(=O)OC,low
1652,[*]CCOCCOc1ccc(OC(=O)c2ccc(-c3ccc(C(=O)OCCCCCOc4ccc(C([*])=O)cc4)cc3)o2)cc1,True,True,False,450.0,0.5,332.3734130859375,[*]CCOCCOc1ccc(OC(=O)c2ccc(-c3ccc(C(=O)OCCCCCOc4ccc(C([*])=O)cc4)cc3)o2)cc1,0.559322033898305,5033.0,[*]Oc1ccc(OCCCCCCCCCCOc2ccc(OC(=O)c3ccc(OCCOCCOCCOc4ccc(C([*])=O)cc4)cc3)cc2)cc1,medium
1654,[*]/C=C/c1ccc(SCCN2C(=O)c3ccc([*])cc3C2=O)c(C(C)(C)c2ccccc2)c1C(=O)O,True,True,False,450.0,0.5,441.1282653808594,[*]/C=C/c1ccc(SCCN2C(=O)c3ccc([*])cc3C2=O)c(C(C)(C)c2ccccc2)c1C(=O)O,0.35294117647058826,6445.0,[*]c1ccc(Oc2ccc(C(C)(C)c3ccccc3)cc2)c(N2C(=O)c3ccc(C(=O)c4ccc5c(c4)C(=O)N([*])C5=O)cc3C2=O)c1,low
1655,[*]CC=CC(O)COc1ccc(C(=O)NCCCCCNC(=O)c2ccc(/C=C/c3ccc([*])cc3)cc2)cc1,True,True,False,450.0,0.5,403.7994995117188,[*]CC=CC(O)COc1ccc(C(=O)NCCCCCNC(=O)c2ccc(/C=C/c3ccc([*])cc3)cc2)cc1,0.4166666666666667,5813.0,[*]c1ccc(C(=O)NCCCCCCNC(=O)c2ccc(C([*])(C)CC)cc2)cc1,low
1656,[*]NCC(=O)c1ccccc1Oc1c(C)cc(C(Sc2ccccc2)c2ccc(NC([*])=O)cc2)c(N)c1,True,True,False,450.0,0.5,459.6016540527344,[*]NCC(=O)c1ccccc1Oc1c(C)cc(C(Sc2ccccc2)c2ccc(NC([*])=O)cc2)c(N)c1,0.2875,265.0,[*]C(=O)Nc1ccc(Oc2ccc(NC(=O)c3cc([*])c(C(=O)OCC)cc3C(=O)OCC)cc2)cc1,low
1657,[*]CC([*])(C)C(=O)OCC(CCCCCCC)c1ccc(/N=N/c2ccc(CCCCC)cc2)cc1,True,True,False,450.0,0.5,305.80841064453125,[*]CC([*])(C)C(=O)OCC(CCCCCCC)c1ccc(/N=N/c2ccc(CCCCC)cc2)cc1,0.55,1332.0,[*]CC([*])(C)C(=O)OCCCCCCOc1ccc(/N=N/c2ccc(OCCCCCCCCCC)cc2)cc1,medium
1658,[*]/C=C(/[*])C#CCCCCN(CC)C,True,True,False,450.0,0.5,323.1307373046875,[*]/C=C(/[*])C#CCCCCN(CC)C,0.2222222222222222,32.0,[*]/C=C(/[*])C(CCCCC)[Si](C)(C)C,low
1659,[*]OCCOc1cccc(S(=O)(=O)c2ccc(OCCCCCCCOc3ccc(/C=C/c4ccc([*])cc4)cc3)cc2)c1,True,True,False,450.0,0.5,347.7319641113281,[*]OCCOc1cccc(S(=O)(=O)c2ccc(OCCCCCCCOc3ccc(/C=C/c4ccc([*])cc4)cc3)cc2)c1,0.6086956521739131,4412.0,[*]OCCCCCCOc1ccc(/C=C/c2ccc([*])cc2)cc1,medium
1664,[*]/C=N/c1ccc(CN(CC(=O)OCCCCCC)C(=O)Nc2ccc(Cc3ccc(OC([*])=O)cc3)cc2Cl)cc1,True,True,False,450.0,0.5,348.50811767578125,[*]/C=N/c1ccc(CN(CC(=O)OCCCCCC)C(=O)Nc2ccc(Cc3ccc(OC([*])=O)cc3)cc2Cl)cc1,0.4074074074074074,331.0,[*]C(=O)Oc1ccc(Cc2ccc(OC(=O)c3cc([*])cc(OCCCCC)c3)cc2)cc1,low
1665,[*]Oc1cc(Cl)ccc1-c1ccc(OC(=O)c2ccc(C([*])=O)cc2)cc1-c1ccc(CCCC)cc1,True,True,False,450.0,0.5,463.5984191894531,[*]Oc1cc(Cl)ccc1-c1ccc(OC(=O)c2ccc(C([*])=O)cc2)cc1-c1ccc(CCCC)cc1,0.43283582089552236,4780.0,[*]Oc1ccc(-c2ccc(OC(=O)c3ccc(C([*])=O)cc3)c(-c3ccccc3)c2)cc1,low
1666,[*]C(=C(C)C)C([*])(COP(=O)(O)c1ccc(C(=O)OCCCCC)cc1)C(F)(F)F,True,True,False,450.0,0.5,288.5500183105469,[*]C(=C(C)C)C([*])(COP(=O)(O)c1ccc(C(=O)OCCCCC)cc1)C(F)(F)F,0.4032258064516129,1931.0,[*]CC([*])c1ccc(C(=O)OCCCCCC)cc1,low
1667,[*]OC(=O)c1ccc(OCCCCCOc2ccc(CN3C(=O)CCCC3)cc2)cc1C([*])=O,True,True,False,450.0,0.5,353.0177917480469,[*]OC(=O)c1ccc(OCCCCCOc2ccc(CN3C(=O)CCCC3)cc2)cc1C([*])=O,0.42105263157894735,4190.0,[*]OC(=O)c1ccc(OCCCCCCOc2ccc(C([*])=O)cc2)cc1,low
1668,[*]CC(CCCCCCC)C(=O)OCCN(CCCCCCC)O[*],True,True,False,450.0,0.5,234.53636169433597,[*]CC(CCCCCCC)C(=O)OCCN(CCCCCCC)O[*],0.4318181818181818,1639.0,[*]CC([*])C(=O)OCCCCCC,low
1670,[*]CCOc1ccc(NC(=O)c2ccc(OCCCCCC(=O)Nc3ccc(C#N)cc3)cc2OC([*])=O)cc1,True,True,False,450.0,0.5,402.12689208984375,[*]CCOc1ccc(NC(=O)c2ccc(OCCCCCC(=O)Nc3ccc(C#N)cc3)cc2OC([*])=O)cc1,0.43548387096774194,2276.0,[*]CCCCCC(=O)Nc1ccc(Oc2ccc(NC([*])=O)cc2)cc1,low
1671,[*]O[Si]([*])(C)c1cc(C(C#N)(C(F)(F)F)C(F)(F)F)cc(C(=O)Oc2ccccc2)c1,True,True,False,450.0,0.5,326.2817687988281,[*]O[Si]([*])(C)c1cc(C(C#N)(C(F)(F)F)C(F)(F)F)cc(C(=O)Oc2ccccc2)c1,0.3770491803278688,5857.0,[*]c1ccc(C(=O)Oc2cccc(OC(=O)c3ccc([Si]([*])(C)C)cc3)c2)cc1,low
1673,[*]CCCCCSCCCCCOC(=O)C1CCC(C(=O)OCCCCC)C(=O)C1[*],True,True,False,450.0,0.5,255.09263610839844,[*]CCCCCSCCCCCOC(=O)C1CCC(C(=O)OCCCCC)C(=O)C1[*],0.3389830508474576,2712.0,[*]CCSCCCCCCSCCC(=O)OCCCCOC([*])=O,low
1674,[*]=CCCCCNc1ccc(CNC(=O)c2cccc(/C=N/CCOC([*])=O)c2)cc1,True,True,False,450.0,0.5,393.2198181152344,[*]=CCCCCNc1ccc(CNC(=O)c2cccc(/C=N/CCOC([*])=O)c2)cc1,0.32857142857142857,3556.0,[*]NCc1ccc(CNC(=O)OCCCCCCCCCCCCCCCCOC([*])=O)cc1,low
1675,[*]C([*])C(=O)NCCCCCCOC(=O)c1ccc(C(=O)c2ccc(OC(=O)C(OC)COc3ccc(-c4ccccc4)cc3)cc2)cc1,True,True,False,450.0,0.5,340.5378723144531,[*]C([*])C(=O)NCCCCCCOC(=O)c1ccc(C(=O)c2ccc(OC(=O)C(OC)COc3ccc(-c4ccccc4)cc3)cc2)cc1,0.4125,1643.0,[*]CC([*])C(=O)OCCCCCCCCCCCCOc1ccc(C(=O)Oc2ccc(-c3cccc(OC(=O)c4ccc(OC(=O)c5ccc(OCCCCCCCCCCCC)cc5)cc4)c3)cc2)cc1,low
1676,[*]C=C(c1cccc(N(C)c2ccc(-c3ccccc3C(=O)Oc3ccc(C([*])(C)CCCCC)cc3)cc2)c1)c1ccccc1,True,True,False,450.0,0.5,383.8804931640625,[*]C=C(c1cccc(N(C)c2ccc(-c3ccccc3C(=O)Oc3ccc(C([*])(C)CCCCC)cc3)cc2)c1)c1ccccc1,0.3815789473684211,6130.0,[*]c1ccc(OC(=O)c2ccccc2-c2ccccc2C(=O)Oc2ccc(C([*])(C)c3ccccc3)cc2)cc1,low
1677,[*]C=CCCCCN1CC(F)(F)C(F)(F)C(F)(F)C(=O)N([*])CCCCC1,True,True,False,450.0,0.5,295.8492126464844,[*]C=CCCCCN1CC(F)(F)C(F)(F)C(F)(F)C(=O)N([*])CCCCC1,0.21212121212121213,1919.0,[*]CC([*])c1ccc(C(=O)CCN2CCCCC2)cc1,low
1678,[*]Oc1ccc(C(C(=O)OCC(C)C)c2ccc(CNc3ccc([*])cc3)cc2)cc1,True,True,False,450.0,0.5,385.4763488769531,[*]Oc1ccc(C(C(=O)OCC(C)C)c2ccc(CNc3ccc([*])cc3)cc2)cc1,0.38181818181818183,1927.0,[*]CC([*])c1ccc(C(=O)OCC(C)C)cc1,low
1679,[*]CCCCCOc1ccc(/C=N/CC(Cc2ccc(NC([*])=O)cc2)OC)cc1,True,True,False,450.0,0.5,329.82501220703125,[*]CCCCCOc1ccc(/C=N/CC(Cc2ccc(NC([*])=O)cc2)OC)cc1,0.4032258064516129,2276.0,[*]CCCCCC(=O)Nc1ccc(Oc2ccc(NC([*])=O)cc2)cc1,low
1680,[*]CC([*])C(=O)Oc1ccc(C(CCCCCC)NC([*])=O)cc1,True,True,False,450.0,0.5,348.4336853027344,[*]CC([*])C(=O)Oc1ccc(C(CCCCCC)NC([*])=O)cc1,0.5384615384615384,1715.0,[*]CC([*])C(=O)Oc1ccc(C(=O)OCCCC)cc1,medium
1682,[*]C#CC(=O)NCCCCCc1nnc(S[*])c(OC)c1,True,True,False,450.0,0.5,368.1323547363281,[*]C#CC(=O)NCCCCCc1nnc(S[*])c(OC)c1,0.26666666666666666,5591.0,[*]c1cc(OC)c(OC(=O)CCCCCCCCC(=O)Oc2c(OC)cc([*])cc2OC)c(OC)c1,low
1683,[*]O[Si](C)(C)CCCOc1ccc(N2C(=O)c3ccc(C(=O)OCCC[Si]([*])=O)cc3C2=O)cc1,True,True,False,450.0,0.5,323.0078125,[*]O[Si](C)(C)CCCOc1ccc(N2C(=O)c3ccc(C(=O)OCCC[Si]([*])=O)cc3C2=O)cc1,0.5303030303030303,4450.0,[*]OCCCCOC(=O)c1ccc2c(c1)C(=O)N(c1ccc(C([*])=O)cc1)C2=O,medium
1684,[*]Oc1ccc(/N=C/c2ccc(CCCCOC(=O)c3ccc(S(=O)(=O)c4ccc(O[*])cc4)cc3)c(O)c2)cc1-c1ccc(C)cc1,True,True,False,450.0,0.5,392.2421875,[*]Oc1ccc(/N=C/c2ccc(CCCCOC(=O)c3ccc(S(=O)(=O)c4ccc(O[*])cc4)cc3)c(O)c2)cc1-c1ccc(C)cc1,0.37349397590361444,4453.0,[*]OCCCCOCCCCOCCCCOC(=O)c1ccc(/N=C/c2ccc(/C=N/c3ccc(C([*])=O)cc3)cc2)cc1,low
1685,[*]Nc1ccc(Oc2ccccc2C(=O)OC(=O)c2ccc(C(=O)OCCCCCCC(C)(C)CNC([*])=O)cc2)cc1,True,True,False,450.0,0.5,341.0993347167969,[*]Nc1ccc(Oc2ccccc2C(=O)OC(=O)c2ccc(C(=O)OCCCCCCC(C)(C)CNC([*])=O)cc2)cc1,0.38235294117647056,4397.0,[*]OCCCCCCOC(=O)c1ccc(Oc2ccc(C([*])=O)cc2)cc1,low
1686,[*]CCCCC1CCC(NC(=O)NCCCOC(=O)Nc2ccc(C(=O)O[*])cc2)C1,True,True,False,450.0,0.5,373.8579711914063,[*]CCCCC1CCC(NC(=O)NCCCOC(=O)Nc2ccc(C(=O)O[*])cc2)C1,0.3194444444444444,3735.0,[*]Nc1ccc(Cc2ccc(NC(=O)OCC3CCC(COC([*])=O)CC3)cc2)cc1,low
1687,[*]O[Si]([*])(C)CCCOC(=O)c1ccc(OC(=O)Nc2ccccc2)cc1,True,True,False,450.0,0.5,320.5943298339844,[*]O[Si]([*])(C)CCCOC(=O)c1ccc(OC(=O)Nc2ccccc2)cc1,0.5535714285714286,4671.0,[*]O[Si]([*])(C)CCCOc1ccc(C(=O)Oc2ccc(C(=O)Oc3ccc(OC)cc3)cc2)cc1,medium
1688,[*]CN(CCC)c1ccc(S(=O)(=O)c2cccc(C(=[*])C#C)c2)cc1,True,True,False,450.0,0.5,395.7851257324219,[*]CN(CCC)c1ccc(S(=O)(=O)c2cccc(C(=[*])C#C)c2)cc1,0.3055555555555556,1167.0,[*]CC(O)COc1ccc(S(=O)(=O)c2ccc(OCC(O)CN(C)S(=O)(=O)c3cccc(S(=O)(=O)N([*])C)c3)cc2)cc1,low
1689,[*]CC([*])(CC(=O)Oc1ccccc1)OC(=O)c1ccc(-c2ccc(C(=O)/C=C/CC(C)CCC)cc2)cc1,True,True,False,450.0,0.5,391.0888366699219,[*]CC([*])(CC(=O)Oc1ccccc1)OC(=O)c1ccc(-c2ccc(C(=O)/C=C/CC(C)CCC)cc2)cc1,0.391304347826087,1487.0,[*]CC([*])(C)C(=O)Oc1ccc(C(=O)Oc2ccc(-c3ccccc3)cc2)cc1,low
1691,[*]CCN(CCCCCOC(=O)NCC(C)(C)CCl)CS([*])(=O)=O,True,True,False,450.0,0.5,339.3734436035156,[*]CCN(CCCCCOC(=O)NCC(C)(C)CCl)CS([*])(=O)=O,0.32786885245901637,3435.0,[*]NCC(F)(F)C(F)(F)C(F)(F)C(F)(F)CNC(=O)OCCCCCCOC([*])=O,low
1692,[*]OC=CCCS(=O)(=O)c1ccc(Cc2ccc(Oc3ccc([*])cc3)cc2)cc1,True,True,False,450.0,0.5,348.67926025390625,[*]OC=CCCS(=O)(=O)c1ccc(Cc2ccc(Oc3ccc([*])cc3)cc2)cc1,0.5681818181818182,6481.0,[*]c1ccc(Oc2ccc(Cc3ccc(Oc4ccc(S([*])(=O)=O)cc4)cc3)cc2)cc1,medium
1693,[*]CN1CCCCCC1OC(=O)Oc1ccc(S(=O)(=O)c2ccc([*])cc2)cc1,True,True,False,450.0,0.5,428.2315979003906,[*]CN1CCCCCC1OC(=O)Oc1ccc(S(=O)(=O)c2ccc([*])cc2)cc1,0.4067796610169492,4168.0,[*]OC(=O)Oc1ccc(S(=O)(=O)c2ccc(OC(=O)OC3C(C)(C)C([*])C3(C)C)cc2)cc1,low
1694,[*]CC=Cc1ccc(C(=O)OCCNc2ccc(N=CCCCC[N+]([*])CC)cc2)cc1,True,True,False,450.0,0.5,355.20037841796875,[*]CC=Cc1ccc(C(=O)OCCNc2ccc(N=CCCCC[N+]([*])CC)cc2)cc1,0.35526315789473684,4448.0,[*]OCCCCOC(=O)c1ccc(N/C=N/c2ccc(C([*])=O)cc2)cc1,low
1695,[*]Oc1ccc(C(=O)Nc2cccc(P(=O)(CCCCCC)c3ccc(OC([*])=O)cc3)c2)cc1,True,True,False,450.0,0.5,406.4110107421875,[*]Oc1ccc(C(=O)Nc2cccc(P(=O)(CCCCCC)c3ccc(OC([*])=O)cc3)c2)cc1,0.43661971830985913,4122.0,[*]Nc1cccc(P(=O)(c2ccccc2)c2cccc(NC(=O)c3ccc(OCCCCOc4ccc(C([*])=O)cc4)cc3)c2)c1,low
1696,[*]C=CCCCCOc1ccc(C(C(=O)OC)c2ccc([*])cc2)cc1,True,True,False,450.0,0.5,318.92291259765625,[*]C=CCCCCOc1ccc(C(C(=O)OC)c2ccc([*])cc2)cc1,0.39285714285714285,5936.0,[*]c1ccc(N(c2ccc(C)cc2)c2ccc(C([*])c3ccc(OCCCC)cc3)cc2)cc1,low
1697,[*]/C=C(\C)c1ccc(C(=O)OCCCc2ccc([*])c(OC)c2)cc1F,True,True,False,450.0,0.5,328.6522216796875,[*]/C=C(\C)c1ccc(C(=O)OCCCc2ccc([*])c(OC)c2)cc1F,0.3283582089552239,864.0,[*]C=C(c1ccc(F)cc1)c1ccc(C(=Cc2cc(OC)c([*])cc2OC)c2ccc(F)cc2)cc1,low
1698,[*]CCCCN(C)C(=O)CCCCC(=O)OCCC[Si](C)(CCc1ccccc1)NC([*])=O,True,True,False,450.0,0.5,244.9560394287109,[*]CCCCN(C)C(=O)CCCCC(=O)OCCC[Si](C)(CCc1ccccc1)NC([*])=O,0.375,2258.0,[*]CCCCC(=O)OCCOC(=O)c1ccc(C(=O)OCCOC([*])=O)cc1,low
1700,[*]NC(=CCC)c1ccc(CNC(=O)S[*])c(/C=C/c2ccc([N+](=O)[O-])cc2)c1C,True,True,False,450.0,0.5,391.7958679199219,[*]NC(=CCC)c1ccc(CNC(=O)S[*])c(/C=C/c2ccc([N+](=O)[O-])cc2)c1C,0.3372093023255814,3363.0,[*]NC(=O)OCCN(CCOC(=O)Nc1cccc([*])c1C)c1ccc(/C=C/c2ccc([N+](=O)[O-])cc2)cc1,low
1701,[*]CC(=O)c1ccc(S(=O)(=O)c2ccc(OCCc3ccc([*])cc3)cc2)cc1,True,True,False,450.0,0.5,417.6629638671875,[*]CC(=O)c1ccc(S(=O)(=O)c2ccc(OCCc3ccc([*])cc3)cc2)cc1,0.48936170212765956,492.0,[*]C(=O)c1ccc(Oc2ccc(S(=O)(=O)c3ccc(Oc4ccc(Oc5ccc([*])cc5)cc4)cc3)cc2)cc1,low
1704,[*]Nc1ccc(NC(=O)c2ccccc2Oc2ccc(CCCCCCC([*])=O)cc2)cc1,True,True,False,450.0,0.5,417.04974365234375,[*]Nc1ccc(NC(=O)c2ccccc2Oc2ccc(CCCCCCC([*])=O)cc2)cc1,0.509090909090909,3710.0,[*]Nc1ccc(CCCCc2ccc(NC(=O)OCCOC([*])=O)cc2)cc1,medium
1705,[*]CC([*])C(=O)Oc1ccc2c(c1)C(=O)N(CCCCCCCCOc1ccc(-c3ccc(OC)cc3)cc1)C2=O,True,True,False,450.0,0.5,342.1054992675781,[*]CC([*])C(=O)Oc1ccc2c(c1)C(=O)N(CCCCCCCCOc1ccc(-c3ccc(OC)cc3)cc1)C2=O,0.5079365079365079,1657.0,[*]CC([*])C(=O)OCCCCCCOc1ccc(C(=O)Oc2ccc(OC)cc2)cc1,medium
1706,[*]CN1C(=O)C1CCC(=O)NCCCCNc1cccc([*])c1-c1ccc(C(=O)NCC)cc1,True,True,False,450.0,0.5,384.570068359375,[*]CN1C(=O)C1CCC(=O)NCCCCNc1cccc([*])c1-c1ccc(C(=O)NCC)cc1,0.3055555555555556,5815.0,[*]c1ccc(C(=O)NCCCCNC(=O)c2ccc(C([*])(C)CC)cc2)cc1,low
1707,[*]NC([*])(O)COC(=O)C(CC(F)(F)F)Sc1ccccc1,True,True,False,450.0,0.5,302.13494873046875,[*]NC([*])(O)COC(=O)C(CC(F)(F)F)Sc1ccccc1,0.3050847457627119,2601.0,[*]CCN([*])C(=O)C(OC)(c1ccccc1)C(F)(F)F,low
1710,[*]CC([*])CCCCCCCN(C#N)C(=O)c1cc(F)cc([Si](=O)(=O)OC(C)CCC)c1,True,True,False,450.0,0.5,325.4360046386719,[*]CC([*])CCCCCCCN(C#N)C(=O)c1cc(F)cc([Si](=O)(=O)OC(C)CCC)c1,0.2891566265060241,1874.0,[*]CC([*])c1cc(-c2ccc(C(=O)OC(C)CCCCCC)cc2)ccc1-c1ccc(C(=O)OC(C)CCCCCC)cc1,low
1711,[*]CC(=O)OCCCCCCN1C(=O)CC(C)(C)c2ccc(OC(=O)CS[*])cc2C1=O,True,True,False,450.0,0.5,322.99151611328125,[*]CC(=O)OCCCCCCN1C(=O)CC(C)(C)c2ccc(OC(=O)CS[*])cc2C1=O,0.3717948717948718,2477.0,[*]CCCCCCCCCCN1C(=O)c2ccc(-c3ccc(-c4ccc5c(c4)C(=O)N(CCCCCCCCCCC(=O)OCCCCCN4C(=O)c6ccc(-c7ccc8c(c7)C(=O)N(CCCCCOC([*])=O)C8=O)cc6C4=O)C5=O)cc3)cc2C1=O,low
1712,[*]NC(=O)c1ccc(C(C)(C)c2ccc([*])cc2)c(C(=O)Oc2ccc(OC(=O)CC(F)(F)F)cc2)c1,True,True,False,450.0,0.5,455.8484497070313,[*]NC(=O)c1ccc(C(C)(C)c2ccc([*])cc2)c(C(=O)Oc2ccc(OC(=O)CC(F)(F)F)cc2)c1,0.45,6103.0,[*]c1ccc(OC(=O)c2ccc(C(C)(C)c3ccc(C(=O)Oc4ccc(C([*])(C)C)cc4)cc3)cc2)cc1,low
1714,[*]CC([*])C(=O)NCCCCCCCCCCS(=O)(=O)CCc1ccc(CCCCCC)cc1,True,True,False,450.0,0.5,331.27154541015625,[*]CC([*])C(=O)NCCCCCCCCCCS(=O)(=O)CCc1ccc(CCCCCC)cc1,0.6,1592.0,[*]CC([*])C(=O)NCCCCCCCC,medium
1715,[*]NC(CC(C)C)C(C)(C)O[Si](C)(C)O[Si](C)(C)c1ccccc1S([*])(=O)=O,True,True,False,450.0,0.5,319.2119445800781,[*]NC(CC(C)C)C(C)(C)O[Si](C)(C)O[Si](C)(C)c1ccccc1S([*])(=O)=O,0.25862068965517243,6654.0,[*]c1ccc(Oc2ccccc2S([*])(=O)=O)cc1,low
1716,[*]C=CCCCCNC(=O)c1ccc(-c2cc(C([*])=O)c(C(=O)OCCCCCCCC)cc2S(=O)(=O)N[Na])c(C)c1,True,True,False,450.0,0.5,420.0380554199219,[*]C=CCCCCNC(=O)c1ccc(-c2cc(C([*])=O)c(C(=O)OCCCCCCCC)cc2S(=O)(=O)N[Na])c(C)c1,0.3125,319.0,[*]C(=O)OCCOC(=O)c1ccc(-c2ccc([*])cc2C)c(C)c1,low
1717,[*]OC(F)(F)COc1ccc(P(=O)(N=[*])c2ccc(OC)cc2)cc1,True,True,False,450.0,0.5,317.2554626464844,[*]OC(F)(F)COc1ccc(P(=O)(N=[*])c2ccc(OC)cc2)cc1,0.31746031746031744,4337.0,[*]OCCCCCCCCCCOc1ccc(/C=C/c2ccc(OCCCCCCCCCCOP([*])(=O)OCCCCCCCCCCOc3ccc(/N=N/c4ccc(OC)cc4)cc3)cc2)cc1,low
1718,[*]OCC(=Cc1ccc(C(=[*])OC)c(C=C)c1)CCC(C)(C)C,True,True,False,450.0,0.5,380.8524475097656,[*]OCC(=Cc1ccc(C(=[*])OC)c(C=C)c1)CCC(C)(C)C,0.23529411764705882,58.0,[*]=C(OC)c1ccc(C(=[*])OC)s1,low
1719,[*]C(=O)Oc1ccc(-c2ccc(C)cc2[*])cc1O,True,True,False,450.0,0.5,484.969482421875,[*]C(=O)Oc1ccc(-c2ccc(C)cc2[*])cc1O,0.35294117647058826,340.0,[*]C(=O)Oc1ccc([*])cc1CCCCC,low
1720,[*]O[Si]([*])(C)CCC/C=C(\C)c1ccc(C[Se]C(=O)O)cc1,True,True,False,450.0,0.5,284.1382141113281,[*]O[Si]([*])(C)CCC/C=C(\C)c1ccc(C[Se]C(=O)O)cc1,0.391304347826087,4635.0,[*]O[Si]([*])(C)CCCCCCCCCCCOc1ccc(C(=O)OC/C=C(\C)CCC=C(C)C)cc1,low
1721,[*]C=CCCCOc1ccc(C(=O)NC(=O)c2cccc(N=CC(=O)c3ccc(Oc4ccc(C([*])=O)cc4)cc3)c2)cc1,True,True,False,450.0,0.5,452.3437805175781,[*]C=CCCCOc1ccc(C(=O)NC(=O)c2cccc(N=CC(=O)c3ccc(Oc4ccc(C([*])=O)cc4)cc3)c2)cc1,0.38028169014084506,3828.0,[*]Nc1ccc(OCCCCCCCCOc2ccc(NC(=O)c3cccc(C([*])=O)c3)cc2)cc1,low
1722,[*]Nc1ccc(Sc2ccc(OC(=O)c3cc(C)cc(C([*])=NCCCC(=O)c4ccccc4)c3)cc2)cc1C,True,True,False,450.0,0.5,404.7711181640625,[*]Nc1ccc(Sc2ccc(OC(=O)c3cc(C)cc(C([*])=NCCCC(=O)c4ccccc4)c3)cc2)cc1C,0.35365853658536583,4220.0,[*]OC(=O)c1cccc(Sc2ccc(OC(=O)c3ccc(C(=O)Oc4ccc(Sc5cccc(C(=O)Oc6ccc([*])cc6C)c5)cc4)cc3)cc2)c1,low
1723,[*]CCCN(C)C(=O)CCCCCOC(=O)C(C)C(=O)NCCCCOC(=O)NC(C)C(=O)O[*],True,True,False,450.0,0.5,303.66241455078125,[*]CCCN(C)C(=O)CCCCCOC(=O)C(C)C(=O)NCCCCOC(=O)NC(C)C(=O)O[*],0.35,2497.0,[*]CCCCCCN(C)C(=O)CCCC(=O)N([*])C,low
1724,[*]CC([*])OC(=O)c1ccc(OCCCCOc2ccc(C(C)(C)c3ccc(OC)cc3)cc2)cc1,True,True,False,450.0,0.5,329.6410827636719,[*]CC([*])OC(=O)c1ccc(OCCCCOc2ccc(C(C)(C)c3ccc(OC)cc3)cc2)cc1,0.6976744186046512,1825.0,[*]CC([*])OC(=O)c1ccc(OC)cc1,medium
1725,[*]CC(O)CO[Si]([*])(C(=O)O)c1ccc(C(F)(F)F)cc1,True,True,False,450.0,0.5,289.78668212890625,[*]CC(O)CO[Si]([*])(C(=O)O)c1ccc(C(F)(F)F)cc1,0.3269230769230769,2617.0,[*]CCN([*])C(=O)Cc1ccc(C(F)(F)F)cc1,low
1726,[*]CCCCCCCCCc1ccc(/C([*])=C(\C)c2ccccc2)cc1,True,True,False,450.0,0.5,340.7374572753906,[*]CCCCCCCCCc1ccc(/C([*])=C(\C)c2ccccc2)cc1,0.5789473684210527,4.0,[*]/C(=C(/[*])c1ccc(CCCC)cc1)c1ccccc1,medium
1727,[*]CC(O)COC(=O)NNC(=O)c1ccc(OC(=O)CCCCC(=O)OCCCCCCOc2ccc(-c3ccc(C([*])=O)cc3)cc2)cc1,True,True,False,450.0,0.5,338.8649597167969,[*]CC(O)COC(=O)NNC(=O)c1ccc(OC(=O)CCCCC(=O)OCCCCCCOc2ccc(-c3ccc(C([*])=O)cc3)cc2)cc1,0.45714285714285713,1640.0,[*]CC([*])C(=O)OCCCCCC(=O)Oc1ccc(-c2ccc(C#N)cc2)cc1,low
1728,[*]N=P([*])(OCC=COC)c1ccc(C(C)(C)c2ccccc2)cc1,True,True,False,450.0,0.5,293.7539367675781,[*]N=P([*])(OCC=COC)c1ccc(C(C)(C)c2ccccc2)cc1,0.38,3230.0,[*]N=P([*])(OC/C=C/c1ccccc1)OC/C=C/c1ccccc1,low
1730,[*]Nc1cc(OC(=O)CCCCCCC)c(/N=N/c2ccc(C(=O)Oc3ccc([*])cc3)cc2)c(C)c1OCC(C)C,True,True,False,450.0,0.5,372.72119140625,[*]Nc1cc(OC(=O)CCCCCCC)c(/N=N/c2ccc(C(=O)Oc3ccc([*])cc3)cc2)c(C)c1OCC(C)C,0.4074074074074074,4149.0,[*]OC(=O)CCCCCC(=O)Oc1cc(OC(=O)c2ccc(OCCCC)cc2)c([*])cc1OC(=O)c1ccc(OCCCC)cc1,low
1731,[*]Oc1ccc(NC(=O)c2ccc(P(=O)(=O)c3ccc(C([*])=O)cc3)cc2C)cc1COCCOCCOc1ccc([N+](=O)[O-])cc1,True,True,False,450.0,0.5,412.4549560546875,[*]Oc1ccc(NC(=O)c2ccc(P(=O)(=O)c3ccc(C([*])=O)cc3)cc2C)cc1COCCOCCOc1ccc([N+](=O)[O-])cc1,0.37362637362637363,3650.0,[*]Nc1ccc(-c2nc3cc(NC(=O)c4ccc(OCCOCCOCCOCCOCCOc5ccc(C([*])=O)cc5)cc4)ccc3[nH]2)cc1,low
1733,[*]O[Si]([*])(C)CCCOc1ccc(C(O)(c2ccccc2)c2ccc(NC(=O)c3ccc(S(=O)(=O)OC)cc3)cc2)c(-c2ccccc2)c1,True,True,False,450.0,0.5,358.3715209960937,[*]O[Si]([*])(C)CCCOc1ccc(C(O)(c2ccccc2)c2ccc(NC(=O)c3ccc(S(=O)(=O)OC)cc3)cc2)c(-c2ccccc2)c1,0.38636363636363635,3609.0,[*]Nc1ccc(-c2c(-c3ccc(-c4ccccc4)cc3)cc(-c3ccc(OCCCCCCCCCCOc4ccc(-c5cc(-c6ccc(-c7ccccc7)cc6)c(-c6ccc(NC(=O)c7ccc(C([*])=O)cc7)cc6)c(-c6ccc(-c7ccccc7)cc6)c5)cc4)cc3)cc2-c2ccc(-c3ccccc3)cc2)cc1,low
1734,[*]C(=O)OCCCCCCN1C(=O)c2cc([*])ccc2C(Cl)(C)C1=O,True,True,False,450.0,0.5,406.94537353515625,[*]C(=O)OCCCCCCN1C(=O)c2cc([*])ccc2C(Cl)(C)C1=O,0.48333333333333334,4379.0,[*]OCCCCCCN1C(=O)c2ccc(-c3ccc4c(c3)C(=O)N(CCCCCCOC([*])=O)C4=O)cc2C1=O,low
1735,[*]NC(=O)c1ccc(C(C)(CC)SCCCS([*])(=O)=O)cc1,True,True,False,450.0,0.5,435.0186767578125,[*]NC(=O)c1ccc(C(C)(CC)SCCCS([*])(=O)=O)cc1,0.35714285714285715,5815.0,[*]c1ccc(C(=O)NCCCCNC(=O)c2ccc(C([*])(C)CC)cc2)cc1,low
1737,[*]N=CCCCCCOc1ccc(C(=O)c2ccc(Oc3ccc(OCCCC)cc3)cc2)cc1-c1cccc([*])c1,True,True,False,450.0,0.5,354.1596069335937,[*]N=CCCCCCOc1ccc(C(=O)c2ccc(Oc3ccc(OCCCC)cc3)cc2)cc1-c1cccc([*])c1,0.4305555555555556,4846.0,[*]Oc1ccc(C(=O)c2ccc(C(=O)c3ccc(Oc4ccc([*])cc4-c4cccc(C)c4)cc3)cc2)cc1,low
1738,[*]OC(=O)CCCCC(=O)Nc1ccc(/C=C(\C)c2ccc([N+]([*])(C)CCC(F)(F)F)cc2)cc1,True,True,False,450.0,0.5,376.6251220703125,[*]OC(=O)CCCCC(=O)Nc1ccc(/C=C(\C)c2ccc([N+]([*])(C)CCC(F)(F)F)cc2)cc1,0.323943661971831,2358.0,[*]CCCCCCCCC(=O)Nc1ccc(C(=O)c2ccc(Oc3ccc(Oc4ccc(C(=O)c5ccc(NC([*])=O)cc5)cc4)cc3)cc2)cc1,low
1739,[*]Nc1cccc(C(=O)[Si]([*])(C)OCC(C)C)c1,True,True,False,450.0,0.5,316.0628356933594,[*]Nc1cccc(C(=O)[Si]([*])(C)OCC(C)C)c1,0.37254901960784315,4097.0,[*]Nc1cccc(NC(=O)c2cccc(C([*])=O)c2)c1,low
1740,[*]C([*])(C)C(=O)Oc1ccc(C(=O)N(CCCCCCC)C(=O)OCCCCO)cc1,True,True,False,450.0,0.5,351.3558959960937,[*]C([*])(C)C(=O)Oc1ccc(C(=O)N(CCCCCCC)C(=O)OCCCCO)cc1,0.49206349206349204,1306.0,[*]CC([*])(C)C(=O)OCCCCCCCCCCOc1ccc(OC(=O)c2ccc(OCCCCCC)cc2)cc1,low
1741,[*]CCC(CCCC)Oc1ccc(C(=O)c2ccc(NCC(O)CSC([*])=O)cc2)c2ccccc12,True,True,False,450.0,0.5,354.11309814453125,[*]CCC(CCCC)Oc1ccc(C(=O)c2ccc(NCC(O)CSC([*])=O)cc2)c2ccccc12,0.2972972972972973,397.0,[*]C(=O)c1ccc(C(=O)c2ccc(Oc3ccc(Oc4ccc([*])cc4)cc3)cc2)c2ccccc12,low
1742,[*]CC([*])(CC(=O)OCC)C(=O)OC(C#C)C(C)(C)C,True,True,False,450.0,0.5,378.1153259277344,[*]CC([*])(CC(=O)OCC)C(=O)OC(C#C)C(C)(C)C,0.6,1526.0,[*]CC([*])(CC(=O)OCC)C(=O)OCC,medium
1744,[*]NC(=O)Oc1ccc(CC(c2ccc(NC([*])=O)cc2)(C)C)c2ccccc2C1=O,True,True,False,450.0,0.5,487.8175354003906,[*]NC(=O)Oc1ccc(CC(c2ccc(NC([*])=O)cc2)(C)C)c2ccccc2C1=O,0.323943661971831,2951.0,[*]COc1ccc2ccccc2c1Sc1c(OCC(=O)Nc2ccc(NC([*])=O)cc2)ccc2ccccc12,low
1745,[*]CCCOC(=O)Nc1ccc(OC(=O)CCCCC(=O)OCC)cc1-c1ccc([Si]([*])(C)C)cc1,True,True,False,450.0,0.5,317.1053466796875,[*]CCCOC(=O)Nc1ccc(OC(=O)CCCCC(=O)OCC)cc1-c1ccc([Si]([*])(C)C)cc1,0.3783783783783784,3335.0,[*]NC(=O)OCCCCCCCCCCCOc1ccc(-c2ccc(OCCCCCCCCCCCOC(=O)Nc3ccc([*])cc3C)cc2)cc1,low
1746,[*]CCN([*])C(=O)Oc1ccc(-c2ccc(OCCCCCC)cc2)cc1,True,True,False,450.0,0.5,348.5929260253906,[*]CCN([*])C(=O)Oc1ccc(-c2ccc(OCCCCCC)cc2)cc1,0.48148148148148145,1550.0,[*]CC([*])(CC(=O)Oc1ccc(OCCCCCCC)cc1)C(=O)Oc1ccc(OCCCCCCC)cc1,low
1747,[*]/C=C(/[*])OC(CCCCC)CCOC(=O)c1c(C)cc(C(F)(F)C(F)(F)F)cc1S(=O)(=O)O[Na],True,True,False,450.0,0.5,320.9047241210937,[*]/C=C(/[*])OC(CCCCC)CCOC(=O)c1c(C)cc(C(F)(F)C(F)(F)F)cc1S(=O)(=O)O[Na],0.26506024096385544,295.0,[*]C(=O)OCC(F)(F)C(F)(F)C(F)(F)COC(=O)c1cc([*])cc(OCCCCC)c1,low
1748,[*]CC([*])(C)C(=O)OCCCCCCOc1ccccc1C(=O)OCc1ccc(CC(C)C)cc1,True,True,False,450.0,0.5,314.0550231933594,[*]CC([*])(C)C(=O)OCCCCCCOc1ccccc1C(=O)OCc1ccc(CC(C)C)cc1,0.5087719298245614,1377.0,[*]CC([*])(C)C(=O)OCCCCc1ccccc1,medium
1749,[*]NCc1ccc(Cc2ccc(C(=O)CCCCN(C)c3ccc(C([*])=O)cc3)cc2)cc1,True,True,False,450.0,0.5,344.4976806640625,[*]NCc1ccc(Cc2ccc(C(=O)CCCCN(C)c3ccc(C([*])=O)cc3)cc2)cc1,0.41818181818181815,3461.0,[*]NCCCCCCCCCCNC(=O)c1ccc(Cc2ccc(C([*])=O)cc2)cc1,low
1753,[*]NC([*])c1ccc(CNC(=O)OP(=O)(O)c2ccc(Br)cc2)cc1,True,True,False,450.0,0.5,370.4667663574219,[*]NC([*])c1ccc(CNC(=O)OP(=O)(O)c2ccc(Br)cc2)cc1,0.3220338983050847,3556.0,[*]NCc1ccc(CNC(=O)OCCCCCCCCCCCCCCCCOC([*])=O)cc1,low
1754,[*]CC([*])(C)C(=O)OC(F)(F)CCCCCCC(=O)OCC(C)=O,True,True,False,450.0,0.5,301.42108154296875,[*]CC([*])(C)C(=O)OC(F)(F)CCCCCCC(=O)OCC(C)=O,0.4339622641509434,1275.0,[*]CC([*])(C)C(=O)OCCCCCCC(F)(F)C(F)(F)C(F)(F)C(F)(F)F,low
1756,[*]CC(=O)NCCCCCCCN(C)C(=O)/C=C(\Cl)c1ccc(C(=O)Oc2ccc([*])cc2)cc1,True,True,False,450.0,0.5,372.99462890625,[*]CC(=O)NCCCCCCCN(C)C(=O)/C=C(\Cl)c1ccc(C(=O)Oc2ccc([*])cc2)cc1,0.3880597014925373,6107.0,[*]c1ccc(OC(=O)c2ccc(OCCCCCCCCCCOc3ccc(C(=O)Oc4ccc(C([*])(C)C)cc4)cc3)cc2)cc1,low
1757,[*]CCC/N=C(\c1ccccc1)c1ccc(-c2ccc(OC(C)=O)cc2C)cc1[*],True,True,False,450.0,0.5,368.5606994628906,[*]CCC/N=C(\c1ccccc1)c1ccc(-c2ccc(OC(C)=O)cc2C)cc1[*],0.3380281690140845,1493.0,[*]CC([*])(C)C(=O)Oc1ccc(C(=O)c2ccccc2)c(O)c1,low
1758,[*]/C=N/CC([*])(C)C(=O)NCc1cc(O)c(N2C(=O)c3ccc(Cl)cc3C2=O)cc1OC,True,True,False,450.0,0.5,471.70648193359375,[*]/C=N/CC([*])(C)C(=O)NCc1cc(O)c(N2C(=O)c3ccc(Cl)cc3C2=O)cc1OC,0.3188405797101449,6725.0,[*]c1ccc2c(c1)C(=O)N(c1cc(N3C(=O)c4ccc([*])cc4C3=O)c(O)cc1O)C2=O,low
1759,[*]c1ccc([*])c(CCCC[Si](C)(C)Oc2ccccc2)c1-c1ccc(F)cc1,True,True,False,450.0,0.5,334.9810485839844,[*]c1ccc([*])c(CCCC[Si](C)(C)Oc2ccccc2)c1-c1ccc(F)cc1,0.29508196721311475,6528.0,[*]c1ccc(Oc2ccc(Oc3ccc(-c4nnc([*])c5c(-c6ccc(F)cc6)c(-c6ccc(F)cc6)c(-c6ccc(F)cc6)c(-c6ccc(F)cc6)c45)cc3)cc2)cc1,low
1760,[*]CC(=O)Nc1ccc(C)c(NC(=O)C(CCCCCNC(=O)c2ccc(C(=O)O[*])cc2)CC)c1,True,True,False,450.0,0.5,462.1337585449219,[*]CC(=O)Nc1ccc(C)c(NC(=O)C(CCCCCNC(=O)c2ccc(C(=O)O[*])cc2)CC)c1,0.36764705882352944,2570.0,[*]CCCNC(=O)c1ccc(C(=O)NCCC([*])CC)cc1,low
1761,[*]CC1CCCC(OC)C(=[*])CCCCCCC1,True,True,False,450.0,0.5,367.7316284179688,[*]CC1CCCC(OC)C(=[*])CCCCCCC1,0.28205128205128205,1757.0,[*]CC([*])CC1CCCCC1,low
1762,[*]Cc1ccc(-c2ccc(C(=O)Oc3ccc(C([*])=O)cc3)cc2)cc1,True,True,False,450.0,0.5,459.6437683105469,[*]Cc1ccc(-c2ccc(C(=O)Oc3ccc(C([*])=O)cc3)cc2)cc1,0.6944444444444444,4781.0,[*]Oc1ccc(-c2ccc(OC(=O)c3ccc(C([*])=O)cc3)cc2)cc1,medium
1763,[*]OCc1cc(C)c(OC[Si](C)(C)CCN2C(=O)c3ccc(C([*])(C)C)cc3C2=O)c(Cl)c1,True,True,False,450.0,0.5,360.9534606933594,[*]OCc1cc(C)c(OC[Si](C)(C)CCN2C(=O)c3ccc(C([*])(C)C)cc3C2=O)c(Cl)c1,0.35,6114.0,[*]c1ccc(OC(=O)c2ccc3c(c2)C(=O)N(CCOCCOCCN2C(=O)c4ccc(C(=O)Oc5ccc(C([*])(C)C)cc5)cc4C2=O)C3=O)cc1,low
1764,[*]CC(C)CCSC(=O)c1ccc(NCC(C)(C)C(=[*])C#N)cc1,True,True,False,450.0,0.5,379.37603759765625,[*]CC(C)CCSC(=O)c1ccc(NCC(C)(C)C(=[*])C#N)cc1,0.2727272727272727,2656.0,[*]CCNC(=O)c1ccc(C(=O)NCC(C)(C)CC([*])C)cc1,low
1765,[*]NC(=O)CCCCC(C)CC([*])N(C)C(=O)c1c(C)cc(C(=O)OC(C)(C)C)cc1N,True,True,False,450.0,0.5,368.0296020507813,[*]NC(=O)CCCCC(C)CC([*])N(C)C(=O)c1c(C)cc(C(=O)OC(C)(C)C)cc1N,0.2619047619047619,3311.0,[*]NC(=O)CCCCC(=O)NC(CC(C)C)C(=O)OC1COC2C(OC(=O)C([*])CC(C)C)COC12,low
1766,[*]Oc1cc(CCCCCC)ccc1OC(=O)C(=O)Nc1ccc(-c2ccc([*])cc2)o1,True,True,False,450.0,0.5,414.0355224609375,[*]Oc1cc(CCCCCC)ccc1OC(=O)C(=O)Nc1ccc(-c2ccc([*])cc2)o1,0.36363636363636365,340.0,[*]C(=O)Oc1ccc([*])cc1CCCCC,low
1768,[*]CC([*])C(=O)Oc1ccc2ccccc2c1C(=O)OCCCCCOCC(C)=O,True,True,False,450.0,0.5,331.73516845703125,[*]CC([*])C(=O)Oc1ccc2ccccc2c1C(=O)OCCCCCOCC(C)=O,0.509090909090909,1730.0,[*]CC([*])C(=O)Oc1cccc2ccccc12,medium
1769,[*]N=P([*])(Oc1ccc(C(=O)O)cc1)c1ccc(/C=N/c2ccc(CN(C#N)C#N)cc2)cc1,True,True,False,450.0,0.5,347.80718994140625,[*]N=P([*])(Oc1ccc(C(=O)O)cc1)c1ccc(/C=N/c2ccc(CN(C#N)C#N)cc2)cc1,0.3375,2195.0,[*]CCCC(=O)Oc1ccc(/C=N/c2ccc(Cc3ccc(/N=C/c4ccc(OC(=O)CCC[Si](C)(C)O[Si]([*])(C)C)cc4)cc3)cc2)cc1,low
1770,[*]c1ccc(OCC(C)=Nc2ccc(N([*])C(=O)OC=O)cc2)cc1,True,True,False,450.0,0.5,387.5988464355469,[*]c1ccc(OCC(C)=Nc2ccc(N([*])C(=O)OC=O)cc2)cc1,0.3448275862068966,6153.0,[*]c1ccc(OCC(=O)OC(=O)COc2ccc(C([*])(C)C)cc2)cc1,low
1772,[*]CC(C)CCOC(=CCCCC)c1ccc([*])cc1,True,True,False,450.0,0.5,284.8175354003906,[*]CC(C)CCOC(=CCCCC)c1ccc([*])cc1,0.37037037037037035,1930.0,[*]CC([*])c1ccc(C(=O)OCCCC)cc1,low
1773,[*]C=C(CCCOc1ccc(OC([*])=O)c(N)c1)CC([2H])=O,True,True,False,450.0,0.5,322.6318664550781,[*]C=C(CCCOc1ccc(OC([*])=O)c(N)c1)CC([2H])=O,0.3548387096774194,36.0,[*]/C=C(/[*])CCCOc1ccc(OC(=O)c2ccc(OCCCC)cc2)cc1,low
1774,[*]CCNC(=O)C([*])(C)C(=O)OCCCCP(=O)(O)C(C)=O,True,True,False,450.0,0.5,362.526611328125,[*]CCNC(=O)C([*])(C)C(=O)OCCCCP(=O)(O)C(C)=O,0.36,1264.0,[*]CC([*])(C)C(=O)OCCCCC,low
1777,[*]CCCCCCCOc1ccc(C(=O)OC(=O)c2ccc(OCCCCCCOC(=O)C(F)(F)C(F)(F)F)cc2)c([*])c1,True,True,False,450.0,0.5,307.6663818359375,[*]CCCCCCCOc1ccc(C(=O)OC(=O)c2ccc(OCCCCCCOC(=O)C(F)(F)C(F)(F)F)cc2)c([*])c1,0.453125,1305.0,[*]CC([*])(C)C(=O)OCCCCCCCCCCOc1ccc(OC(=O)c2ccc(OCCCC)cc2)cc1,low
1778,[*]/C=C(/[*])CCCCCCOc1ccc(C(=O)c2ccc(OC(=O)N(C)CCCCC)cc2)cc1,True,True,False,450.0,0.5,334.6482849121094,[*]/C=C(/[*])CCCCCCOc1ccc(C(=O)c2ccc(OC(=O)N(C)CCCCC)cc2)cc1,0.6545454545454545,37.0,[*]/C=C(/[*])CCCOc1ccc(OC(=O)c2ccc(OCCCCCCCC)cc2)cc1,medium
1779,[*]CC([*])c1cc(Oc2ccc(CC)cc2)ccc1-c1ccc(C(=O)N(c2ccc(C)cc2)S(=O)(=O)O[Na])cc1,True,True,False,450.0,0.5,436.7853393554688,[*]CC([*])c1cc(Oc2ccc(CC)cc2)ccc1-c1ccc(C(=O)N(c2ccc(C)cc2)S(=O)(=O)O[Na])cc1,0.42857142857142855,1885.0,[*]CC([*])c1cc(C(=O)OCCCC)ccc1-c1ccc(OCCCCCCCC)cc1,low
1780,[*]CC(O)COc1cc(C)c(S(=O)(=O)CC(C)(C)c2ccc(Oc3ccc(C([*])=O)cc3)cc2)cc1,True,True,False,450.0,0.5,380.2756652832031,[*]CC(O)COc1cc(C)c(S(=O)(=O)CC(C)(C)c2ccc(Oc3ccc(C([*])=O)cc3)cc2)cc1,0.42105263157894735,424.0,[*]C(=O)c1ccc(OCC(O)COc2ccc([*])cc2)cc1,low
1781,[*]C=C([*])CCCC[Si](C)(c1ccccc1)N(C)C,True,True,False,450.0,0.5,283.358154296875,[*]C=C([*])CCCC[Si](C)(c1ccccc1)N(C)C,0.38636363636363635,2522.0,[*]CCCCC[Si]([*])(C)c1ccccc1,low
1782,[*]Nc1ccc(OC(=O)CS[PH](=O)(=O)N([*])CCC(=O)N2CC([2H])(F)C2=O)cc1,True,True,False,450.0,0.5,333.7675170898437,[*]Nc1ccc(OC(=O)CS[PH](=O)(=O)N([*])CCC(=O)N2CC([2H])(F)C2=O)cc1,0.27848101265822783,3759.0,[*]Nc1ccc(Cc2ccc(NC(=O)Oc3ccc(C(c4ccc(OC([*])=O)cc4)(C(F)(F)F)C(F)(F)F)cc3)cc2)cc1,low
1784,[*]OCCCCCCCCOc1ccc(NC(=O)c2ccc([Si](C)(C)CCc3ccc([*])cc3)cc2)cc1C(C)=O,True,True,False,450.0,0.5,373.5133666992188,[*]OCCCCCCCCOc1ccc(NC(=O)c2ccc([Si](C)(C)CCc3ccc([*])cc3)cc2)cc1C(C)=O,0.4393939393939394,5820.0,[*]c1ccc(C(=O)Nc2ccc(C(=O)Nc3ccc(Cc4ccc(NC(=O)c5ccc(NC(=O)c6ccc([Si]([*])(C)C)cc6)cc5)cc4)cc3)cc2)cc1,low
1785,[*]CC([*])(C)OCCC[Si](C)(C)C=C,True,True,False,450.0,0.5,264.0687866210937,[*]CC([*])(C)OCCC[Si](C)(C)C=C,0.34375,1505.0,[*]CC([*])(C)OC,low
1786,[*]Oc1ccc(SC(=O)c2ccc(Oc3ccc([*])cc3)cc2)c(-c2ccccc2)c1,True,True,False,450.0,0.5,398.2428894042969,[*]Oc1ccc(SC(=O)c2ccc(Oc3ccc([*])cc3)cc2)c(-c2ccccc2)c1,0.5384615384615384,485.0,[*]C(=O)c1ccc(Oc2ccc(Oc3ccc([*])cc3)cc2-c2ccccc2)cc1,medium
1788,[*]CCCNS(=O)(=O)c1ccc(/N=C/c2ccc(Cc3ccc(O[*])cc3C(=O)OCCCC)cc2)c(F)c1,True,True,False,450.0,0.5,365.2163696289063,[*]CCCNS(=O)(=O)c1ccc(/N=C/c2ccc(Cc3ccc(O[*])cc3C(=O)OCCCC)cc2)c(F)c1,0.29473684210526313,2195.0,[*]CCCC(=O)Oc1ccc(/C=N/c2ccc(Cc3ccc(/N=C/c4ccc(OC(=O)CCC[Si](C)(C)O[Si]([*])(C)C)cc4)cc3)cc2)cc1,low
1789,[*]C=C(C)CCCOC(=O)c1c(C([*])=O)cccc1Br,True,True,False,450.0,0.5,312.728271484375,[*]C=C(C)CCCOC(=O)c1c(C([*])=O)cccc1Br,0.4117647058823529,4332.0,[*]OCCCCCCCCCCOC(=O)c1ccccc1C([*])=O,low
1791,[*]CC([*])[PH](=O)(CCCC)COC(=O)c1ccc(N(C)C)cc1,True,True,False,450.0,0.5,307.8865966796875,[*]CC([*])[PH](=O)(CCCC)COC(=O)c1ccc(N(C)C)cc1,0.4444444444444444,1930.0,[*]CC([*])c1ccc(C(=O)OCCCC)cc1,low
1792,[*]NCCCCCNC(=O)c1ccc(-c2ccc(C(=O)OCC)cc2)c(C(=O)OCP([*])(=O)=S)c1,True,True,False,450.0,0.5,398.48248291015625,[*]NCCCCCNC(=O)c1ccc(-c2ccc(C(=O)OCC)cc2)c(C(=O)OCP([*])(=O)=S)c1,0.39344262295081966,3450.0,[*]NCCCCCCCCCCCCNC(=O)c1ccc(C([*])=O)cc1,low
1793,[*]Nc1ccc(NC(=O)CCCCCCC(=O)OC(C)C(=O)O[*])cc1-c1ccc(-c2ccc([N+](=O)[O-])cc2)cc1,True,True,False,450.0,0.5,365.234130859375,[*]Nc1ccc(NC(=O)CCCCCCC(=O)OC(C)C(=O)O[*])cc1-c1ccc(-c2ccc([N+](=O)[O-])cc2)cc1,0.3157894736842105,3425.0,[*]NC(CCC(=O)OCc1ccc([N+](=O)[O-])cc1)C([*])=O,low
1794,[*]c1ccc(C(=O)OCCCCCCOc2ccc(C(=O)C(C)c3ccc(N([*])CCCCC)cc3)cc2)cc1,True,True,False,450.0,0.5,341.4073181152344,[*]c1ccc(C(=O)OCCCCCCOc2ccc(C(=O)C(C)c3ccc(N([*])CCCCC)cc3)cc2)cc1,0.47540983606557374,1931.0,[*]CC([*])c1ccc(C(=O)OCCCCCC)cc1,low
1795,[*]C=CCCCNC(=O)c1ccc(/C=C/c2ccc(C([*])=O)cc2)cc1,True,True,False,450.0,0.5,420.38812255859375,[*]C=CCCCNC(=O)c1ccc(/C=C/c2ccc(C([*])=O)cc2)cc1,0.5476190476190477,3536.0,[*]NCCCNC(=O)c1ccc(C([*])=O)cc1,medium
1796,[*]OCCCCCCC(=O)Oc1cc(N(CC)C(=O)c2ccc([*])cc2)ccc1-c1ccc([Si](C)(C)CCCCC)cc1,True,True,False,450.0,0.5,389.0674743652344,[*]OCCCCCCC(=O)Oc1cc(N(CC)C(=O)c2ccc([*])cc2)ccc1-c1ccc([Si](C)(C)CCCCC)cc1,0.4146341463414634,4619.0,[*]O[Si]([*])(C)CCCCCCCCCCC(=O)Oc1ccc(-c2ccc(OC(=O)c3ccc(OCCCCCCC)cc3)cc2)cc1,low
1797,[*]CCC([*])COC(=O)CCCCCSC(=O)Nc1cccc(C(=O)OCC=CN(C)C)c1,True,True,False,450.0,0.5,298.3095397949219,[*]CCC([*])COC(=O)CCCCCSC(=O)Nc1cccc(C(=O)OCC=CN(C)C)c1,0.32926829268292684,2821.0,[*]COC(=O)NC(=O)c1cccc(C(=O)NC(=O)OCC([*])CCCCCCCC)c1,low
1799,[*]CC(=O)[PH](=O)(CCCCC)C(=O)NCCOC(=O)[PH]([*])(C)C(F)(F)F,True,True,False,450.0,0.5,317.1893005371094,[*]CC(=O)[PH](=O)(CCCCC)C(=O)NCCOC(=O)[PH]([*])(C)C(F)(F)F,0.2909090909090909,1574.0,[*]CC([*])(F)C(=O)OCCC,low
1801,[*]CCCCCC(=O)N1C(=O)c2ccc(N(C)C(=O)O[*])cc2C1=O,True,True,False,450.0,0.5,388.2732238769531,[*]CCCCCC(=O)N1C(=O)c2ccc(N(C)C(=O)O[*])cc2C1=O,0.373134328358209,2463.0,[*]CCCCCCCCCCCCCCCCCCCCC(=O)Oc1ccc(N2C(=O)c3ccc(-c4ccc5c(c4)C(=O)N(c4ccc(OC([*])=O)cc4)C5=O)cc3C2=O)cc1,low
1802,[*]Cc1ccc(C(O)(c2ccccc2)c2ccc([Si]([*])(C)CC(F)(F)F)c(Br)c2)cc1,True,True,False,450.0,0.5,377.6557922363281,[*]Cc1ccc(C(O)(c2ccccc2)c2ccc([Si]([*])(C)CC(F)(F)F)c(Br)c2)cc1,0.27450980392156865,2976.0,[*]C[Si]([*])(C)c1ccccc1,low
1804,[*]CC(CC)c1cccc(COC(=O)c2ccc(C(=O)O[*])cc2)c1,True,True,False,450.0,0.5,359.8442077636719,[*]CC(CC)c1cccc(COC(=O)c2ccc(C(=O)O[*])cc2)c1,0.44,1928.0,[*]CC([*])c1ccc(C(=O)OCC)cc1,low
1805,[*]Oc1c(C)cc(/C=C/CC(C)(C)C)cc1[*],True,True,False,450.0,0.5,399.5253601074219,[*]Oc1c(C)cc(/C=C/CC(C)(C)C)cc1[*],0.3783783783783784,4725.0,[*]Oc1c(C)cc([*])cc1C,low
1806,[*]CC([*])c1cc(C(=O)OCCCCCCCS(=O)(=O)C(C)C)c(Cl)cc1F,True,True,False,450.0,0.5,344.6097412109375,[*]CC([*])c1cc(C(=O)OCCCCCCCS(=O)(=O)C(C)C)c(Cl)cc1F,0.4426229508196721,2031.0,[*]CC([*])c1ccccc1C(=O)OCCCCCC,low
1807,[*]Nc1ccc(C(=O)c2cc(C([*])=O)c(Oc3ccc(CCCCC)cc3)c3ccccc23)cc1,True,True,False,450.0,0.5,481.9913635253906,[*]Nc1ccc(C(=O)c2cc(C([*])=O)c(Oc3ccc(CCCCC)cc3)c3ccccc23)cc1,0.41935483870967744,397.0,[*]C(=O)c1ccc(C(=O)c2ccc(Oc3ccc(Oc4ccc([*])cc4)cc3)cc2)c2ccccc12,low
1808,[*]COc1ccc(C(=O)NCCN([*])C(=O)c2ccccc2C(C)C)cc1,True,True,False,450.0,0.5,381.122802734375,[*]COc1ccc(C(=O)NCCN([*])C(=O)c2ccccc2C(C)C)cc1,0.3684210526315789,2635.0,[*]CCN([*])C(=O)c1ccc2ccccc2c1,low
1811,[*]NCc1ccc(C#C[Si](C)(C)CC([*])=O)cc1-c1ccc(C(C)C)cc1,True,True,False,450.0,0.5,406.2348327636719,[*]NCc1ccc(C#C[Si](C)(C)CC([*])=O)cc1-c1ccc(C(C)C)cc1,0.27419354838709675,1819.0,[*]CC([*])OC(=O)c1ccc(C(C)C)cc1,low
1812,[*]=C=CCCCOc1ccc(Oc2ccc(NC(=O)CCCCCCCCC(=O)Oc3ccc(OCC[*])cc3)cc2)cc1,True,True,False,450.0,0.5,336.9439697265625,[*]=C=CCCCOc1ccc(Oc2ccc(NC(=O)CCCCCCCCC(=O)Oc3ccc(OCC[*])cc3)cc2)cc1,0.5178571428571429,2276.0,[*]CCCCCC(=O)Nc1ccc(Oc2ccc(NC([*])=O)cc2)cc1,medium
1813,[*]/C=C/c1ccc(C(=O)OCCc2ccc(Cc3ccc([*])cc3)cc2)cc1C,True,True,False,450.0,0.5,376.7169189453125,[*]/C=C/c1ccc(C(=O)OCCc2ccc(Cc3ccc([*])cc3)cc2)cc1C,0.46296296296296297,319.0,[*]C(=O)OCCOC(=O)c1ccc(-c2ccc([*])cc2C)c(C)c1,low
1814,[*]C(=O)c1ccc(NCCCCCC(=O)SN([*])C(=O)c2ccc(C(C)(C)c3ccccc3)cc2)cc1,True,True,False,450.0,0.5,390.7238159179688,[*]C(=O)c1ccc(NCCCCCC(=O)SN([*])C(=O)c2ccc(C(C)(C)c3ccccc3)cc2)cc1,0.3559322033898305,3450.0,[*]NCCCCCCCCCCCCNC(=O)c1ccc(C([*])=O)cc1,low
1815,[*]O[Si]([*])(C)CC(=O)NC(COCCOCCCCCCC)C(C)C(O)COCCCC,True,True,False,450.0,0.5,274.67236328125,[*]O[Si]([*])(C)CC(=O)NC(COCCOCCCCCCC)C(C)C(O)COCCCC,0.3620689655172414,4607.0,[*]O[Si]([*])(C)CCCC(=O)OCCCC,low
1816,[*]Nc1ccc([*])cc1OC(=O)c1ccc([Si](CCCCCC(=O)OCCC)NC(C)=O)cc1,True,True,False,450.0,0.5,319.9218139648437,[*]Nc1ccc([*])cc1OC(=O)c1ccc([Si](CCCCCC(=O)OCCC)NC(C)=O)cc1,0.40789473684210525,4154.0,[*]OC(=O)CCCCCCCCCCCCCCC(=O)Oc1cc(OC(=O)c2ccc(OCCC)cc2)c([*])cc1OC(=O)c1ccc(OCCC)cc1,low
1817,[*]CCC(=O)Nc1ccc(C(=O)CNCCN[Se]CCO[*])cc1,True,True,False,450.0,0.5,332.00555419921875,[*]CCC(=O)Nc1ccc(C(=O)CNCCN[Se]CCO[*])cc1,0.38181818181818183,2124.0,[*]CCC(=O)Nc1ccc(N=Nc2ccc(NC([*])=O)cc2)cc1,low
1818,[*]c1ccc(-c2ccc(C([*])C)cc2)cc1CCCCCC,True,True,False,450.0,0.5,330.2196655273437,[*]c1ccc(-c2ccc(C([*])C)cc2)cc1CCCCCC,0.4,1954.0,[*]CC([*])c1ccc(CCCCCC)cc1,low
1819,[*]CC([*])c1cc(C(=O)OCCCO)c(OC(=O)C/C=C/c2ccc(C(=O)Cc3ccccc3)cc2)cc1,True,True,False,450.0,0.5,357.81817626953125,[*]CC([*])c1cc(C(=O)OCCCO)c(OC(=O)C/C=C/c2ccc(C(=O)Cc3ccccc3)cc2)cc1,0.47619047619047616,1921.0,[*]CC([*])c1ccc(C(=O)Cc2ccccc2)cc1,low
1820,[*]N=C([*])Oc1ccc(Oc2ccc([Si](C)(C)c3ccccc3)cc2)c(OC)c1,True,True,False,450.0,0.5,359.3998718261719,[*]N=C([*])Oc1ccc(Oc2ccc([Si](C)(C)c3ccccc3)cc2)c(OC)c1,0.2903225806451613,485.0,[*]C(=O)c1ccc(Oc2ccc(Oc3ccc([*])cc3)cc2-c2ccccc2)cc1,low
1821,[*]CC([*])c1ccccc1OC(=O)C(C)=C(Br)CC,True,True,False,450.0,0.5,338.6595153808594,[*]CC([*])c1ccccc1OC(=O)C(C)=C(Br)CC,0.6585365853658537,2047.0,[*]CC([*])c1ccccc1OC(C)=O,medium
1822,[*]Cc1c([*])cc(CCCCC(C)(C)C)c(B)c1,True,True,False,450.0,0.5,314.0000305175781,[*]Cc1c([*])cc(CCCCC(C)(C)C)c(B)c1,0.32558139534883723,2984.0,[*]Cc1cc(C(C)(C)C)cc([*])c1O,low
1823,[*]N=C(C)c1ccc(N/C(=C/C([*])(C)C)C(F)(F)F)cc1,True,True,False,450.0,0.5,363.3211364746094,[*]N=C(C)c1ccc(N/C(=C/C([*])(C)C)C(F)(F)F)cc1,0.32075471698113206,3062.0,[*]Cc1ccc(NC(=O)c2ccc(C(=O)NC([*])(C)C)cc2)cc1,low
1826,[*]CCN(C)C(=O)c1ccc(OC(=O)c2ccc(C([*])=O)cc2C(=O)NNC(=O)CCCCCOc2cccc(C(C)=O)c2)cc1,True,True,False,450.0,0.5,386.43695068359375,[*]CCN(C)C(=O)c1ccc(OC(=O)c2ccc(C([*])=O)cc2C(=O)NNC(=O)CCCCCOc2cccc(C(C)=O)c2)cc1,0.3972602739726027,4217.0,[*]OC(=O)c1cccc(OCCCCCOc2cccc(C([*])=O)c2)c1,low
1828,[*]CCCCCCCCC(F)(F)C(F)(C=[*])C(C)(C)C,True,True,False,450.0,0.5,269.39044189453125,[*]CCCCCCCCC(F)(F)C(F)(C=[*])C(C)(C)C,0.3225806451612903,2201.0,[*]CCCC([*])(C)C,low
1829,[*]Oc1ccc(NC(=O)c2ccc(OCCCC)cc2)c(-c2ccc(/N=C/c3ccc([*])cc3)cc2)c1,True,True,False,450.0,0.5,409.0140380859375,[*]Oc1ccc(NC(=O)c2ccc(OCCCC)cc2)c(-c2ccc(/N=C/c3ccc([*])cc3)cc2)c1,0.4262295081967213,5049.0,[*]Oc1ccc(Oc2ccc(/C=N/c3ccc(/N=C/c4ccc([*])cc4)cc3)cc2)cc1,low
1830,[*]C=CC(C[*])CCCCOC(=O)N(CC)c1cc(OC)ccc1C,True,True,False,450.0,0.5,317.9363098144531,[*]C=CC(C[*])CCCCOC(=O)N(CC)c1cc(OC)ccc1C,0.3194444444444444,1657.0,[*]CC([*])C(=O)OCCCCCCOc1ccc(C(=O)Oc2ccc(OC)cc2)cc1,low
1832,[*]Nc1c([*])cc(C(=O)OCCCCCC)cc1-c1ccc(/C=C/c2ccc(OC)cc2)c(S(=O)(=O)O)c1,True,True,False,450.0,0.5,409.2080078125,[*]Nc1c([*])cc(C(=O)OCCCCCC)cc1-c1ccc(/C=C/c2ccc(OC)cc2)c(S(=O)(=O)O)c1,0.36470588235294116,299.0,[*]C(=O)OCCCCCCCCCCCOc1ccc(-c2ccc(OCCCCCCCCCCCOC(=O)c3cc([*])cc(OCCCCCCCCCCOc4ccc(/N=N/c5ccc(OC)cc5)cc4)c3)cc2)cc1,low
1833,[*]CC([*])OC(=O)c1cc(Oc2ccc3ccccc3c2)c(-c2ccc(C(=O)COc3ccc(C#N)cc3)cc2)cc1,True,True,False,450.0,0.5,446.5853271484375,[*]CC([*])OC(=O)c1cc(Oc2ccc3ccccc3c2)c(-c2ccc(C(=O)COc3ccc(C#N)cc3)cc2)cc1,0.4533333333333333,2880.0,[*]COC(=O)c1ccc2cc(C(=O)OC([*])COc3ccc(/N=N/c4ccc(C#N)cc4)cc3)ccc2c1,low
1835,[*]OC([*])CCCCCC(=O)Oc1cccc(OC(C)(C)C)c1,True,True,False,450.0,0.5,285.1635131835937,[*]OC([*])CCCCCC(=O)Oc1cccc(OC(C)(C)C)c1,0.4489795918367347,2136.0,[*]CCC(=O)Oc1cccc(OC([*])=O)c1,low
1836,[*]CC([*])c1ccc(OCCCCCCOC(=O)Sc2ccc(CC(C)(C)C)cc2)cc1,True,True,False,450.0,0.5,321.4518737792969,[*]CC([*])c1ccc(OCCCCCCOC(=O)Sc2ccc(CC(C)(C)C)cc2)cc1,0.46551724137931033,1992.0,[*]CC([*])c1ccc(OCCOCCOC(C)=O)cc1,low
1837,[*]Oc1ccc([Si](C)(C)c2ccc(NC(=O)c3ccc4c(c3)C(=O)N(c3ccc(S(=O)(=O)c5ccc([*])cc5C(=O)O)cc3)C4=O)cc2C)cc1,True,True,False,450.0,0.5,538.8700561523438,[*]Oc1ccc([Si](C)(C)c2ccc(NC(=O)c3ccc4c(c3)C(=O)N(c3ccc(S(=O)(=O)c5ccc([*])cc5C(=O)O)cc3)C4=O)cc2C)cc1,0.4659090909090909,3924.0,[*]Nc1ccc(Oc2ccc(NC(=O)c3ccc4c(c3)C(=O)N(c3ccc(S(=O)(=O)c5ccc(N6C(=O)c7ccc(C([*])=O)cc7C6=O)cc5)cc3)C4=O)cc2)cc1,low
1838,[*]CCC([*])CNC(=O)CCCCCCN1C(=O)C(C(C)(C)C=O)CC1,True,True,False,450.0,0.5,307.4491882324219,[*]CCC([*])CNC(=O)CCCCCCN1C(=O)C(C(C)(C)C=O)CC1,0.296875,2565.0,[*]CCCNC(=O)CCCCCC(=O)NCC([*])(C)C,low
1839,[*]CC=CC(C)CCCCC(=O)Oc1ccc(O[*])cc1,True,True,False,450.0,0.5,285.8212890625,[*]CC=CC(C)CCCCC(=O)Oc1ccc(O[*])cc1,0.4782608695652174,2265.0,[*]CCCCC(=O)Oc1ccc(OC([*])=O)cc1,low
1840,[*]C=C([*])CCc1ccc(B(C)C)cc1,True,True,False,450.0,0.5,308.94586181640625,[*]C=C([*])CCc1ccc(B(C)C)cc1,0.29411764705882354,36.0,[*]/C=C(/[*])CCCOc1ccc(OC(=O)c2ccc(OCCCC)cc2)cc1,low
1841,[*]CC(CCCC)C1CCN([*])C(=O)O[Si]1,True,True,False,450.0,0.5,301.6579284667969,[*]CC(CCCC)C1CCN([*])C(=O)O[Si]1,0.2962962962962963,1086.0,[*]CC(C)(C)C1C(=O)N(CCCC)C(=O)C1[*],low
1843,[*]C(=S)Oc1ccc(C(O)COc2ccc(NC([*])=O)cc2)cc1,True,True,False,450.0,0.5,457.8538513183594,[*]C(=S)Oc1ccc(C(O)COc2ccc(NC([*])=O)cc2)cc1,0.3877551020408163,4887.0,[*]Oc1ccc(C(c2ccccc2)c2ccc(OC([*])=S)cc2)cc1,low
1844,[*]Oc1ccc(NC(=O)c2cc(Br)c(Oc3ccc(OCCCCC([*])=O)cc3[N+](=O)[O-])cc2OCC)cc1,True,True,False,450.0,0.5,398.14739990234375,[*]Oc1ccc(NC(=O)c2cc(Br)c(Oc3ccc(OCCCCC([*])=O)cc3[N+](=O)[O-])cc2OCC)cc1,0.3333333333333333,2922.0,[*]COCCCCCCCOc1ccc(-c2ccc(C(=O)Oc3ccc(OC([*])C)c([N+](=O)[O-])c3)cc2)cc1,low
1847,[*]C=CC([*])COc1ccc(C(=O)C(CCCC)CO)cc1,True,True,False,450.0,0.5,315.9698181152344,[*]C=CC([*])COc1ccc(C(=O)C(CCCC)CO)cc1,0.36666666666666664,36.0,[*]/C=C(/[*])CCCOc1ccc(OC(=O)c2ccc(OCCCC)cc2)cc1,low
1850,[*]/C=C/c1ccc(Cl)cc1OCCOc1ccc(Nc2ccc(S(=O)(=O)c3ccc(NC([*])=O)cc3)cc2)cc1,True,True,False,450.0,0.5,438.4980773925781,[*]/C=C/c1ccc(Cl)cc1OCCOc1ccc(Nc2ccc(S(=O)(=O)c3ccc(NC([*])=O)cc3)cc2)cc1,0.359375,2237.0,[*]CCCCC(=O)Nc1ccc(S(=O)(=O)c2ccc(NC([*])=O)cc2)cc1,low
1853,[*]c1cc(C(=O)O[Si](C)(C)CCCCCCCNC([*])=O)ccc1OCCO,True,True,False,450.0,0.5,302.8087158203125,[*]c1cc(C(=O)O[Si](C)(C)CCCCCCCNC([*])=O)ccc1OCCO,0.391304347826087,296.0,[*]C(=O)OCC(F)(F)C(F)(F)C(F)(F)COC(=O)c1ccc(OCCCCC)c([*])c1,low
1855,[*]OCC([*])CCCCCCP(=O)c1cccc(OC)c1O,True,True,False,450.0,0.5,303.738525390625,[*]OCC([*])CCCCCCP(=O)c1cccc(OC)c1O,0.31343283582089554,2821.0,[*]COC(=O)NC(=O)c1cccc(C(=O)NC(=O)OCC([*])CCCCCCCC)c1,low
1856,[*]Oc1ccc(OC(=O)C([*])(C#N)C(=O)Oc2ccc(CCCCCCc3ccccc3)cc2)cc1,True,True,False,450.0,0.5,367.0853271484375,[*]Oc1ccc(OC(=O)C([*])(C#N)C(=O)Oc2ccc(CCCCCCc3ccccc3)cc2)cc1,0.4827586206896552,4777.0,[*]Oc1ccc(-c2ccc(OC(=O)c3cc(OCCCc4ccccc4)c(C([*])=O)cc3OCCCc3ccccc3)cc2)cc1,low
1857,[*]CC([*])(C)C(=O)OCCCCCCCN1CCC1c1ccc(CS(=O)(=O)c2ccccc2)cc1,True,True,False,450.0,0.5,363.2593078613281,[*]CC([*])(C)C(=O)OCCCCCCCN1CCC1c1ccc(CS(=O)(=O)c2ccccc2)cc1,0.47058823529411764,1290.0,[*]CC([*])(C)C(=O)OCCCCCCCCCCCn1c2ccccc2c2ccccc21,low
1858,[*]C#CC(=O)CCCCCCC(=O)Nc1ccc(Oc2ccc(C([*])C)cc2)cc1,True,True,False,450.0,0.5,389.14056396484375,[*]C#CC(=O)CCCCCCC(=O)Nc1ccc(Oc2ccc(C([*])C)cc2)cc1,0.5192307692307693,2276.0,[*]CCCCCC(=O)Nc1ccc(Oc2ccc(NC([*])=O)cc2)cc1,medium
1859,[*]NC(CC([*])C)C(=O)NCC(C)(C)CCCC(F)(F)C(F)(F)C(F)(F)C(F)(F)F,True,True,False,450.0,0.5,298.826904296875,[*]NC(CC([*])C)C(=O)NCC(C)(C)CCCC(F)(F)C(F)(F)C(F)(F)C(F)(F)F,0.3448275862068966,1266.0,[*]CC([*])(C)C(=O)OCCCCC(F)(F)C(F)(F)C(F)(F)C(F)(F)F,low
1860,[*]CCOCC(=O)SCCCCCCCCC(O)COc1ccc(C=Cc2cccc([*])c2)cc1,True,True,False,450.0,0.5,306.8614501953125,[*]CCOCC(=O)SCCCCCCCCC(O)COc1ccc(C=Cc2cccc([*])c2)cc1,0.3373493975903614,959.0,[*]C=CCC([*])COCC(=O)OCCCCCCCCOc1ccc(/C=C/c2ccc([N+](=O)[O-])cc2)cc1,low
1861,[*]CCC/C=C/c1cccc(NC(=O)c2cc(CCCCCC)c(SCCCCSCCCS[*])nc2-c2ccccc2)c1,True,True,False,450.0,0.5,420.6668090820313,[*]CCC/C=C/c1cccc(NC(=O)c2cc(CCCCCC)c(SCCCCSCCCS[*])nc2-c2ccccc2)c1,0.25806451612903225,1196.0,[*]CC([*])(C)C(=O)Nc1cccc(-c2nnc(-c3ccccc3)o2)c1,low
1862,[*]C(=[*])CCCCN(C)C(=O)OCCCCC,True,True,False,450.0,0.5,263.8561706542969,[*]C(=[*])CCCCN(C)C(=O)OCCCCC,0.3829787234042553,3419.0,[*]NC(CCC(=O)OCCCCC)C([*])=O,low
1863,[*]CC([*])CSC(=O)OCCCCCCOc1ccc(C=CC(F)(F)F)cc1,True,True,False,450.0,0.5,311.3409423828125,[*]CC([*])CSC(=O)OCCCCCCOc1ccc(C=CC(F)(F)F)cc1,0.38095238095238093,1653.0,[*]CC([*])C(=O)OCCCCCCOc1ccc(-c2ccc(C#N)cc2)cc1,low
1864,[*]c1ccc(C(=O)OCC(C#N)CCCCCOC(=O)c2ccc(-c3nnc([*])cc3)cc2)cc1,True,True,False,450.0,0.5,384.7643432617188,[*]c1ccc(C(=O)OCC(C#N)CCCCCOC(=O)c2ccc(-c3nnc([*])cc3)cc2)cc1,0.41379310344827586,5842.0,[*]c1ccc(C(=O)OCCCCOC(=O)c2ccc([Si]([*])(C)C)cc2)cc1,low
1865,[*]CCN([*])C(=O)c1ccc(-c2ccc(CCCCCCCC)cc2)cc1,True,True,False,450.0,0.5,347.4704284667969,[*]CCN([*])C(=O)c1ccc(-c2ccc(CCCCCCCC)cc2)cc1,0.5116279069767442,2632.0,[*]CCN([*])C(=O)c1ccc(F)cc1,medium
1866,[*]C=C(C(=O)C(CCCCC(=O)Nc1ccc(Oc2ccc([N+](=O)[O-])cc2)cc1)c1ccccc1)C([*])=O,True,True,False,450.0,0.5,454.9044189453125,[*]C=C(C(=O)C(CCCCC(=O)Nc1ccc(Oc2ccc([N+](=O)[O-])cc2)cc1)c1ccccc1)C([*])=O,0.421875,2236.0,[*]CCCCC(=O)Nc1ccc(Oc2ccc(NC([*])=O)cc2)cc1,low
1867,[*]CC/C=N/[Si](C)(C)CC(O[*])c1ccccc1,True,True,False,450.0,0.5,269.76544189453125,[*]CC/C=N/[Si](C)(C)CC(O[*])c1ccccc1,0.46153846153846156,1176.0,[*]CC(O[*])c1ccccc1,low
1869,[*]OC(=O)c1cc(C=[*])cc(N=C(C)O)c1,True,True,False,450.0,0.5,388.9651184082031,[*]OC(=O)c1cc(C=[*])cc(N=C(C)O)c1,0.3181818181818182,4216.0,[*]OC(=O)c1cccc(C([*])=O)c1,low
1870,[*]NC([*])C(=O)OC1CCCCC(OC(C)=O)CO1,True,True,False,450.0,0.5,367.4046630859375,[*]NC([*])C(=O)OC1CCCCC(OC(C)=O)CO1,0.36363636363636365,754.0,[*]C([*])C(=O)OC1CCCCC1,low
1872,[*]CC=C(COC(=O)CCCCCCC#N)C(=O)OCC(CO)COC(=O)c1ccc(C([*])=O)cc1,True,True,False,450.0,0.5,302.8612365722656,[*]CC=C(COC(=O)CCCCCCC#N)C(=O)OCC(CO)COC(=O)c1ccc(C([*])=O)cc1,0.375,2307.0,[*]CCCCCCC(=O)OCCOC(=O)c1ccc(C(=O)OCCOC([*])=O)cc1,low
1873,[*]C=C(C)CN(CCOC(=O)Nc1ccccc1)CCN[*],True,True,False,450.0,0.5,334.8817138671875,[*]C=C(C)CN(CCOC(=O)Nc1ccccc1)CCN[*],0.421875,3362.0,[*]NC(=O)OCCN(CCOC(=O)Nc1ccc(C)c([*])c1)c1ccccc1,low
1875,[*]C=Cc1cc(-c2ccccc2)c(C(=O)NCCCCCCCNC([*])=O)c(O[Na])c1,True,True,False,450.0,0.5,382.16302490234375,[*]C=Cc1cc(-c2ccccc2)c(C(=O)NCCCCCCCNC([*])=O)c(O[Na])c1,0.3611111111111111,3511.0,[*]NCCCCCCNC(=O)c1ccc(C([*])=O)cc1Oc1ccc(-c2ccccc2)cc1,low
1876,[*]N=Cc1ccc(C(=O)CCCCCCC(=O)OC)c(O[Si]([*])(C)c2ccccc2OC(=O)C(F)(F)F)c1,True,True,False,450.0,0.5,304.39013671875,[*]N=Cc1ccc(C(=O)CCCCCCC(=O)OC)c(O[Si]([*])(C)c2ccccc2OC(=O)C(F)(F)F)c1,0.2777777777777778,880.0,[*]C=C1CCC/C(=C\c2ccc(OC(=O)CCCCCCCCC(=O)Oc3ccc([*])cc3OC)c(OC)c2)C1=O,low
1877,[*]Nc1ccc(OC(=O)c2ccc(Oc3ccc(S([*])(=O)=O)cc3)cc2CCN)o1,True,True,False,450.0,0.5,421.8379821777344,[*]Nc1ccc(OC(=O)c2ccc(Oc3ccc(S([*])(=O)=O)cc3)cc2CCN)o1,0.35,6635.0,[*]c1ccc(Oc2ccc3cc(Oc4ccc(S([*])(=O)=O)cc4)ccc3c2)cc1,low
1878,[*]CC(CCCCOc1ccc(C(C)CC)cc1)C1C(=O)N(c2ccc(O[*])cc2)C1=O,True,True,False,450.0,0.5,344.5680236816406,[*]CC(CCCCOc1ccc(C(C)CC)cc1)C1C(=O)N(c2ccc(O[*])cc2)C1=O,0.375,7288.0,[*]CC([*])c1ccc(OCCCC)cc1,low
1880,[*]Cc1ccc(Oc2ccc([*])cc2C(C)CCCCC)cc1,True,True,False,450.0,0.5,339.055908203125,[*]Cc1ccc(Oc2ccc([*])cc2C(C)CCCCC)cc1,0.4423076923076923,4728.0,[*]Oc1c(C)cc([*])cc1C(C)CCCCC,low
1881,[*]Nc1ccc([*])cc1Oc1ccc(C(=O)Oc2ccc(N(c3ccccc3)c3ccc(C#N)cc3)cc2)cc1,True,True,False,450.0,0.5,448.5926513671875,[*]Nc1ccc([*])cc1Oc1ccc(C(=O)Oc2ccc(N(c3ccccc3)c3ccc(C#N)cc3)cc2)cc1,0.4057971014492754,1662.0,[*]CC([*])C(=O)OCCCCOC(=O)c1ccc(OC(=O)c2ccc(C#N)cc2)cc1,low
1882,[*]CCCCCCC([*])c1ccc(O[Si](C)(C)Cc2ccccc2)cc1,True,True,False,450.0,0.5,297.6458740234375,[*]CCCCCCC([*])c1ccc(O[Si](C)(C)Cc2ccccc2)cc1,0.3829787234042553,1864.0,[*]CC([*])[Si](C)(C)Cc1ccccc1,low
1883,[*]C(=O)N[Si](C)(C)CCCCCNC(=O)c1cc(OCC(C)(C)C)cc([*])c1C(F)(F)F,True,True,False,450.0,0.5,387.824462890625,[*]C(=O)N[Si](C)(C)CCCCCNC(=O)c1cc(OCC(C)(C)C)cc([*])c1C(F)(F)F,0.34328358208955223,206.0,[*]C(=O)NCCCCCCNC(=O)c1c([*])ncn1C,low
1884,[*]NC(CCCCCC)C(=O)C(C)(C)C[Si]([*])(C)C(F)(F)F,True,True,False,450.0,0.5,276.82781982421875,[*]NC(CCCCCC)C(=O)C(C)(C)C[Si]([*])(C)C(F)(F)F,0.3584905660377358,3420.0,[*]NC(CCC(=O)OCCCCCC)C([*])=O,low
1885,[*]Nc1ccc(OCCCCCCC(C)CS(=O)(=O)c2ccc(NCC([*])=O)cc2)cc1,True,True,False,450.0,0.5,354.89715576171875,[*]Nc1ccc(OCCCCCCC(C)CS(=O)(=O)c2ccc(NCC([*])=O)cc2)cc1,0.4,3828.0,[*]Nc1ccc(OCCCCCCCCOc2ccc(NC(=O)c3cccc(C([*])=O)c3)cc2)cc1,low
1886,[*]CC([*])c1cc(C(=O)OC)cc(C(=O)OCCCC(=O)Oc2ccc(/N=N/c3ccc(OC)cc3)cc2)c1,True,True,False,450.0,0.5,388.9195556640625,[*]CC([*])c1cc(C(=O)OC)cc(C(=O)OCCCC(=O)Oc2ccc(/N=N/c3ccc(OC)cc3)cc2)c1,0.4915254237288136,1709.0,[*]CC([*])C(=O)Oc1ccc(/N=N/c2ccc(OC)cc2)cc1,low
1888,[*]Nc1ccccc1C(=O)c1ccc(N(c2ccc(C(C)=Nc3ccc([N+](=O)[O-])cc3)cc2)C([*])=O)cc1,True,True,False,450.0,0.5,465.6641540527344,[*]Nc1ccccc1C(=O)c1ccc(N(c2ccc(C(C)=Nc3ccc([N+](=O)[O-])cc3)cc2)C([*])=O)cc1,0.3373493975903614,3364.0,[*]NC(=O)OCCN(CCOC(=O)Nc1cccc([*])c1C)c1ccc(/N=N/c2ccc([N+](=O)[O-])cc2)cc1,low
1889,[*]CC=CCc1cc(CCCCCC(=O)O)c([*])c(OCCCC[N+](C)(C)C)c1C,True,True,False,450.0,0.5,298.7676696777344,[*]CC=CCc1cc(CCCCCC(=O)O)c([*])c(OCCCC[N+](C)(C)C)c1C,0.2702702702702703,5573.0,[*]c1cc(CCCCCCOC(=O)Cc2ccccc2)c([*])s1,low
1892,[*]CC(C)CCOC(=O)c1ccc(/N=N/CCC(=O)Nc2ccc(S(=O)(=O)C(F)COC([*])=O)cc2)cc1,True,True,False,450.0,0.5,360.12066650390625,[*]CC(C)CCOC(=O)c1ccc(/N=N/CCC(=O)Nc2ccc(S(=O)(=O)C(F)COC([*])=O)cc2)cc1,0.34285714285714286,2124.0,[*]CCC(=O)Nc1ccc(N=Nc2ccc(NC([*])=O)cc2)cc1,low
1893,[*]c1cc(OC)c(SNc2ccc(N[Si]([*])(C)C)cc2)cc1,True,True,False,450.0,0.5,341.2191162109375,[*]c1cc(OC)c(SNc2ccc(N[Si]([*])(C)C)cc2)cc1,0.38636363636363635,4040.0,[*]Nc1ccc([*])cc1OC,low
1894,[*]CC([*])C(=O)Nc1ccc(C(F)(F)F)cc1,True,True,False,450.0,0.5,373.8988952636719,[*]CC([*])C(=O)Nc1ccc(C(F)(F)F)cc1,0.6388888888888888,1598.0,[*]CC([*])C(=O)Nc1ccc(Cl)cc1,medium
1895,[*]Cc1ccc(S(=O)(=O)C(c2ccc(C)cc2S(=O)(=O)O[*])C(C)C)cc1C,True,True,False,450.0,0.5,357.4395751953125,[*]Cc1ccc(S(=O)(=O)C(c2ccc(C)cc2S(=O)(=O)O[*])C(C)C)cc1C,0.2962962962962963,7271.0,[*]CC([*])c1cc(C)ccc1C,low
1896,[*]CC(SC#N)C(=O)Oc1ccc(NC(=O)c2cccc(C(=O)OCC([*])C)c2)cc1,True,True,False,450.0,0.5,398.2107238769531,[*]CC(SC#N)C(=O)Oc1ccc(NC(=O)c2cccc(C(=O)OCC([*])C)c2)cc1,0.4153846153846154,1726.0,[*]CC([*])C(=O)Oc1cccc(C(=O)OC)c1,low
1897,[*]CC[Se]CCOc1ccc(P([*])(=O)C(=O)OCCCCC)cc1,True,True,False,450.0,0.5,284.9718017578125,[*]CC[Se]CCOc1ccc(P([*])(=O)C(=O)OCCCCC)cc1,0.4262295081967213,1332.0,[*]CC([*])(C)C(=O)OCCCCCCOc1ccc(/N=N/c2ccc(OCCCCCCCCCC)cc2)cc1,low
1898,[*]CC1(C)CC(OC(=O)Nc2ccc(S([*])(=O)=O)cc2C)C=C1,True,True,False,450.0,0.5,462.9119567871094,[*]CC1(C)CC(OC(=O)Nc2ccc(S([*])(=O)=O)cc2C)C=C1,0.31343283582089554,6196.0,[*]c1ccc(OCC(O)COc2ccc(S([*])(=O)=O)cc2C)c(C)c1,low
1899,[*]CCN([*])C(=O)CCCCCCCCCCCOC(=O)c1cc(BC)cc(-c2ccccc2)c1,True,True,False,450.0,0.5,299.7435302734375,[*]CCN([*])C(=O)CCCCCCCCCCCOC(=O)c1cc(BC)cc(-c2ccccc2)c1,0.39285714285714285,2612.0,[*]CCN([*])C(=O)CCCCCC,low
1900,[*]OCc1ccc(S(=O)(=O)c2ccc(OCC(C)CCCCCOCC([*])C)cc2)c(O)c1,True,True,False,450.0,0.5,320.834228515625,[*]OCc1ccc(S(=O)(=O)c2ccc(OCC(C)CCCCCOCC([*])C)cc2)c(O)c1,0.32857142857142857,2949.0,[*]COc1ccc(S(=O)(=O)c2ccc(OCC([*])OC(C)=O)cc2)cc1,low
1901,[*]NC(=O)c1cccc(COC(=O)OCCCSc2ccc(-c3ccc(C([*])=O)cc3)cc2)c1,True,True,False,450.0,0.5,408.3262634277344,[*]NC(=O)c1cccc(COC(=O)OCCCSc2ccc(-c3ccc(C([*])=O)cc3)cc2)c1,0.41379310344827586,4199.0,[*]OC(=O)c1ccc(SCCCCSc2ccc(C([*])=O)cc2)cc1,low
1902,[*]/C=C(/[*])Oc1ccc(OCCCCCC)cc1/C=C(\C)c1ccc(N(C)CCC[Si](C)(C)C)cc1,True,True,False,450.0,0.5,354.1054992675781,[*]/C=C(/[*])Oc1ccc(OCCCCCC)cc1/C=C(\C)c1ccc(N(C)CCC[Si](C)(C)C)cc1,0.36,37.0,[*]/C=C(/[*])CCCOc1ccc(OC(=O)c2ccc(OCCCCCCCC)cc2)cc1,low
1903,[*]COC(=O)C(CCCCCCC)C(=O)O[*],True,True,False,450.0,0.5,279.1820373535156,[*]COC(=O)C(CCCCCCC)C(=O)O[*],0.45,7101.0,[*]CC([*])C(=O)OC(C)CCCCC,low
1904,[*]CCSc1ccc(C([*])S(=O)(=O)CCCCCCCNC(F)(F)F)cc1,True,True,False,450.0,0.5,355.3008728027344,[*]CCSc1ccc(C([*])S(=O)(=O)CCCCCCCNC(F)(F)F)cc1,0.25,1054.0,[*]CC(=O)NCCCCCCNC(=O)CC(C)c1ccc(C([*])C)cc1,low
1905,[*]COc1cc(C=C(C)c2ccc(OCc3ccc(NC(=O)O)cc3)cc2)c(CCCC(=O)O[*])cc1C,True,True,False,450.0,0.5,387.6866760253906,[*]COc1cc(C=C(C)c2ccc(OCc3ccc(NC(=O)O)cc3)cc2)c(CCCC(=O)O[*])cc1C,0.32926829268292684,4143.0,[*]OC(=O)CCCC(=O)Oc1cc(OC(=O)c2ccc(OCC)cc2)c([*])cc1OC(=O)c1ccc(OCC)cc1,low
1906,[*]NC([*])CCOC(=O)c1ccc(C(=O)Oc2ccc(C)cc2)c([N+](=O)[O-])c1,True,True,False,450.0,0.5,330.81353759765625,[*]NC([*])CCOC(=O)c1ccc(C(=O)Oc2ccc(C)cc2)c([N+](=O)[O-])c1,0.3787878787878788,1890.0,[*]CC([*])c1cc(C(=O)Oc2ccc(OC)cc2)ccc1C(=O)Oc1ccc(OC)cc1,low
1907,[*]CC([*])C(=O)OCCCCCOc1ccc2c(c1)C(=O)N(c1ccc(OC(C)CO)cc1)C2=O,True,True,False,450.0,0.5,334.0709228515625,[*]CC([*])C(=O)OCCCCCOc1ccc2c(c1)C(=O)N(c1ccc(OC(C)CO)cc1)C2=O,0.48333333333333334,6777.0,[*]c1ccc2c(c1)C(=O)N(c1ccc(OCCCCCCCCCCOc3ccc(N4C(=O)c5ccc([*])cc5C4=O)cc3)cc1)C2=O,low
1908,[*]CCN(CCCC(=O)Oc1cccc(C=C(C)CCC[N+](=O)[O-])c1)O[*],True,True,False,450.0,0.5,296.0679016113281,[*]CCN(CCCC(=O)Oc1cccc(C=C(C)CCC[N+](=O)[O-])c1)O[*],0.3548387096774194,2136.0,[*]CCC(=O)Oc1cccc(OC([*])=O)c1,low
1909,[*]C=CC(=O)OCCCCCCOc1ccc(-c2cc(Cl)c([*])cc2C)cc1,True,True,False,450.0,0.5,329.19317626953125,[*]C=CC(=O)OCCCCCCOc1ccc(-c2cc(Cl)c([*])cc2C)cc1,0.40298507462686567,3335.0,[*]NC(=O)OCCCCCCCCCCCOc1ccc(-c2ccc(OCCCCCCCCCCCOC(=O)Nc3ccc([*])cc3C)cc2)cc1,low
1910,[*]C=COc1ccc(C(=O)OCc2cccc(O[*])c2)cc1,True,True,False,450.0,0.5,347.0531005859375,[*]C=COc1ccc(C(=O)OCc2cccc(O[*])c2)cc1,0.4230769230769231,4547.0,[*]OCc1ccc(COC(=O)c2cccc(C([*])=O)c2)cc1,low
1911,[*]O[Si](C)(C)c1ccc(N(CCOC(=O)c2ccc(C([*])=O)cc2)C(=O)Oc2ccc([Si](C)(C)C)cc2)cc1,True,True,False,450.0,0.5,326.05078125,[*]O[Si](C)(C)c1ccc(N(CCOC(=O)c2ccc(C([*])=O)cc2)C(=O)Oc2ccc([Si](C)(C)C)cc2)cc1,0.43333333333333335,4373.0,[*]OCCCCCCCOC(=O)c1ccc(OC(=O)c2ccc(C(=O)Oc3ccc(C([*])=O)cc3)cc2)cc1,low
1912,[*]c1ccc(Oc2cc(CCCCC(C)C)cc(C(=O)c3ccc([*])cc3)c2)cc1,True,True,False,450.0,0.5,391.46002197265625,[*]c1ccc(Oc2cc(CCCCC(C)C)cc(C(=O)c3ccc([*])cc3)c2)cc1,0.4727272727272727,404.0,[*]C(=O)c1ccc(C(=O)c2ccc(Oc3cccc(Cc4cccc(Oc5ccc([*])cc5)c4)c3)cc2)cc1,low
1913,[*]CCCCCCN(C)c1ccc(OC(=O)NCCCc2cc(C#N)ccc2)c(O[*])c1,True,True,False,450.0,0.5,317.5741577148437,[*]CCCCCCN(C)c1ccc(OC(=O)NCCCc2cc(C#N)ccc2)c(O[*])c1,0.3380281690140845,2491.0,[*]CCCCCCCCN(C)c1ccc(C(=O)c2ccc(N([*])C)cc2)cc1,low
1914,[*]CCCCCCC(O)C(=O)OCCN(C)C(=O)CCCCCOC(=O)c1ccc(OCC([*])CC)cc1C,True,True,False,450.0,0.5,267.09588623046875,[*]CCCCCCC(O)C(=O)OCCN(C)C(=O)CCCCCOC(=O)c1ccc(OCC([*])CC)cc1C,0.32978723404255317,5437.0,[*]c1cc(C(=O)OCCCCCCCCCCOc2ccc(-c3ccc(OC(=O)c4ccc(OCC(F)CCCCCC)cc4)cc3)cc2)c([*])s1,low
1915,[*]/C=C/C1COC(=O)C(C(=O)NCCCCCCNC([*])=O)=C1,True,True,False,450.0,0.5,333.3104248046875,[*]/C=C/C1COC(=O)C(C(=O)NCCCCCCNC([*])=O)=C1,0.37037037037037035,3039.0,[*]Cc1ccc(C(=O)NCCCCCCNC([*])=O)cc1,low
1916,[*]CNC(=S)Nc1ccccc1C(=O)Oc1ccc(/N=C/c2ccc(N([*])C)cc2)cc1,True,True,False,450.0,0.5,450.28607177734375,[*]CNC(=S)Nc1ccccc1C(=O)Oc1ccc(/N=C/c2ccc(N([*])C)cc2)cc1,0.36363636363636365,2194.0,[*]CCCC(=O)Oc1ccc(/C=N/c2ccc(/N=C/c3ccc(OC(=O)CCC[Si](C)(C)O[Si]([*])(C)C)cc3)cc2)cc1,low
1917,[*]C=CC([*])c1ccc(/N=C/c2ccc(OCC(F)C(F)(F)C(F)(F)C(F)(F)F)cc2)cc1OCCN(CC)OC,True,True,False,450.0,0.5,337.61053466796875,[*]C=CC([*])c1ccc(/N=C/c2ccc(OCC(F)C(F)(F)C(F)(F)C(F)(F)F)cc2)cc1OCCN(CC)OC,0.2976190476190476,1046.0,[*]C=Nc1ccc(N=Cc2cc(OCCCCCCCC)c([*])cc2OCCCCCCCC)cc1,low
1918,[*]CC(OCCO)C(=O)c1ccc(P(=O)(=O)c2ccc(O[*])cc2)cc1C(=O)Oc1ccc([N+](=O)[O-])cc1,True,True,False,450.0,0.5,400.0630493164063,[*]CC(OCCO)C(=O)c1ccc(P(=O)(=O)c2ccc(O[*])cc2)cc1C(=O)Oc1ccc([N+](=O)[O-])cc1,0.390625,1725.0,[*]CC([*])C(=O)Oc1ccc([N+](=O)[O-])cc1,low
1919,[*]OCCCCCCCCOc1ccc(C(C)(C)c2ccc([N+](=O)[O-])cc2Oc2ccc(C(=O)c3ccc([*])cc3)cc2)cc1,True,True,False,450.0,0.5,380.2276916503906,[*]OCCCCCCCCOc1ccc(C(C)(C)c2ccc([N+](=O)[O-])cc2Oc2ccc(C(=O)c3ccc([*])cc3)cc2)cc1,0.4375,6416.0,[*]c1ccc(Oc2ccc(C(=O)c3ccc(C(C)(C)c4ccc(C(=O)c5ccc(Oc6ccc(C([*])(C)C)cc6)cc5)cc4)cc3)cc2)cc1,low
1920,[*]NCC([*])(C)C(=O)OCCCCCCCCOc1ccc(-c2ccc(S(=O)(=O)NCC)cc2)cc1,True,True,False,450.0,0.5,345.04522705078125,[*]NCC([*])(C)C(=O)OCCCCCCCCOc1ccc(-c2ccc(S(=O)(=O)NCC)cc2)cc1,0.5081967213114754,1326.0,[*]CC([*])(C)C(=O)OCCCCCCOc1ccc(-c2ccc(C#N)cc2)cc1,medium
1921,[*]Oc1ccc(OC(=O)N(c2ccccc2)c2ccc(OC(=O)/C(C)=C/c3ccc(C([*])=O)cc3)cc2)cc1C(F)(F)F,True,True,False,450.0,0.5,458.3527221679688,[*]Oc1ccc(OC(=O)N(c2ccccc2)c2ccc(OC(=O)/C(C)=C/c3ccc(C([*])=O)cc3)cc2)cc1C(F)(F)F,0.44776119402985076,4992.0,[*]Oc1ccc(OC(=O)c2ccc(C([*])=O)cc2)c(C(F)(F)F)c1,low
1923,[*]c1ccc2c(c1)C(=O)N(CCCCCCOc1ccc([SiH]([*])C=O)cc1)C2=O,True,True,False,450.0,0.5,358.6617431640625,[*]c1ccc2c(c1)C(=O)N(CCCCCCOc1ccc([SiH]([*])C=O)cc1)C2=O,0.6,5148.0,[*]Oc1ccc2c(c1)C(=O)N(CCCCCCCCCCCCN1C(=O)c3ccc([*])cc3C1=O)C2=O,medium
1924,[*]/C=C/c1ccc(OC(CCCCCC)Oc2ccc(-c3ccccc3[*])cc2)c(C)c1,True,True,False,450.0,0.5,344.7638244628906,[*]/C=C/c1ccc(OC(CCCCCC)Oc2ccc(-c3ccccc3[*])cc2)c(C)c1,0.391304347826087,1014.0,[*]C=Cc1ccc(OCCCCCCCCOc2ccc(/C=C/c3cc(OCCCCCCCC)c([*])cc3OCCCCCCCC)cc2)cc1,low
1925,[*]CCN(C)CCCC(=O)Oc1ccc(C#C)cc1[*],True,True,False,450.0,0.5,345.56512451171875,[*]CCN(C)CCCC(=O)Oc1ccc(C#C)cc1[*],0.3484848484848485,4143.0,[*]OC(=O)CCCC(=O)Oc1cc(OC(=O)c2ccc(OCC)cc2)c([*])cc1OC(=O)c1ccc(OCC)cc1,low
1926,[*]Oc1ccc(C(=O)OCCCCCCOc2ccc(-c3ccc([Si](C)(C)c4cccc(C([*])=O)c4)cc3)cc2)c(S(=O)(=O)O)c1,True,True,False,450.0,0.5,379.6022338867188,[*]Oc1ccc(C(=O)OCCCCCCOc2ccc(-c3ccc([Si](C)(C)c4cccc(C([*])=O)c4)cc3)cc2)c(S(=O)(=O)O)c1,0.4666666666666667,4315.0,[*]OCCCCCCCCCCCOc1ccc(-c2nnc(-c3ccc(OCCCCCCCCCCCOC(=O)c4cccc(C([*])=O)c4)cc3)s2)cc1,low
1927,[*]NC1CCCC1C(=O)OCCCCCNC(=O)c1ccc([Si](C#N)CC([*])=O)cc1,True,True,False,450.0,0.5,351.11016845703125,[*]NC1CCCC1C(=O)OCCCCCNC(=O)c1ccc([Si](C#N)CC([*])=O)cc1,0.35384615384615387,3450.0,[*]NCCCCCCCCCCCCNC(=O)c1ccc(C([*])=O)cc1,low
1928,[*]CC([*])(C)C(=O)Oc1ccc(NC(=O)CCCCCC(=O)N(c2ccc(OC)cc2)c2ccc(OC(=O)c3ccccc3)cc2)cc1C(C#N)C,True,True,False,450.0,0.5,345.4988098144531,[*]CC([*])(C)C(=O)Oc1ccc(NC(=O)CCCCCC(=O)N(c2ccc(OC)cc2)c2ccc(OC(=O)c3ccccc3)cc2)cc1C(C#N)C,0.425,1488.0,[*]CC([*])(C)C(=O)Oc1ccc(C(=O)Oc2ccc(C(=O)c3ccccc3)cc2)cc1,low
1929,[*]Nc1ccc(O[Si]([*])(=O)OCCCCCOc2ccc(C(=O)O[Na])cc2)cc1OC,True,True,False,450.0,0.5,333.5404968261719,[*]Nc1ccc(O[Si]([*])(=O)OCCCCCOc2ccc(C(=O)O[Na])cc2)cc1OC,0.39705882352941174,4644.0,[*]O[Si]([*])(C)CCCCCCOc1ccc(C(=O)Oc2ccc(OC)cc2)cc1,low
1930,[*]Nc1ccc(-c2ccc(S(=O)(=O)c3ccccc3C)cc2)c(OCCCCCO[*])c1C,True,True,False,450.0,0.5,393.1578063964844,[*]Nc1ccc(-c2ccc(S(=O)(=O)c3ccccc3C)cc2)c(OCCCCCO[*])c1C,0.3,4546.0,[*]OCCOc1ccc(S(=O)(=O)c2ccc(OCCOP([*])(=O)Oc3ccccc3)cc2)cc1,low
1932,[*]OCCCCCC([*])C(=O)Oc1ccc(/N=N/c2ccc(OC)cc2)c(S(=O)(=O)OC)c1,True,True,False,450.0,0.5,335.272705078125,[*]OCCCCCC([*])C(=O)Oc1ccc(/N=N/c2ccc(OC)cc2)c(S(=O)(=O)OC)c1,0.47540983606557374,1709.0,[*]CC([*])C(=O)Oc1ccc(/N=N/c2ccc(OC)cc2)cc1,low
1934,[*]Oc1ccc(C(=O)OC(=O)c2ccc(OCCCCN3C(=O)c4ccc([*])cc4C3=O)cc2)cc1,True,True,False,450.0,0.5,398.0168762207031,[*]Oc1ccc(C(=O)OC(=O)c2ccc(OCCCCN3C(=O)c4ccc([*])cc4C3=O)cc2)cc1,0.64,5148.0,[*]Oc1ccc2c(c1)C(=O)N(CCCCCCCCCCCCN1C(=O)c3ccc([*])cc3C1=O)C2=O,medium
1935,[*]COC(=O)C(C(=O)O[*])c1ccccc1CCCCCCl,True,True,False,450.0,0.5,330.1671142578125,[*]COC(=O)C(C(=O)O[*])c1ccccc1CCCCCCl,0.32075471698113206,2886.0,[*]COC(=O)c1ccccc1C(=O)OC([*])C,low
1936,[*]CCNC(=O)CCCCCCCCCC(=O)Oc1cc(OC(=O)c2ccc(S(=O)(=O)N[*])cc2Cl)cc(/N=N/c2ccc([N+](C)(C)C)cc2)c1,True,True,False,450.0,0.5,349.9068298339844,[*]CCNC(=O)CCCCCCCCCC(=O)Oc1cc(OC(=O)c2ccc(S(=O)(=O)N[*])cc2Cl)cc(/N=N/c2ccc([N+](C)(C)C)cc2)c1,0.31868131868131866,2279.0,[*]CCCCCC(=O)OCCCCCCS(=O)(=O)c1ccc(/N=N/c2ccc(N([*])C)cc2)cc1,low
1937,[*]NCCCCc1ccc(OC)c(CC([*])COC([2H])=O)c1,True,True,False,450.0,0.5,295.4437255859375,[*]NCCCCc1ccc(OC)c(CC([*])COC([2H])=O)c1,0.26229508196721313,1876.0,[*]CC([*])c1cc(Br)ccc1OC,low
1938,[*]OCCCC(=O)OC(COC)C([*])C,True,True,False,450.0,0.5,242.00411987304688,[*]OCCCC(=O)OC(COC)C([*])C,0.42105263157894735,4459.0,[*]OCCCOC(=O)C([*])C,low
1939,[*]CC(OCCCCCC)[Si]([*])(OCC)OCCCC,True,True,False,450.0,0.5,222.2552032470703,[*]CC(OCCCCCC)[Si]([*])(OCC)OCCCC,0.4594594594594595,7267.0,[*]CC([*])OCCCCCC,low
1940,[*]CC([*])=C/C(=O)Nc1ccc(Oc2c(C)cc(-c3ccccc3OCCCCOC(C)=O)cc2)c(S(=O)(=O)O)c1,True,True,False,450.0,0.5,412.5600280761719,[*]CC([*])=C/C(=O)Nc1ccc(Oc2c(C)cc(-c3ccccc3OCCCCOC(C)=O)cc2)c(S(=O)(=O)O)c1,0.29213483146067415,4845.0,[*]Oc1ccc(C(=O)c2ccc(C(=O)c3ccc(Oc4ccc([*])cc4-c4ccc(S(=O)(=O)O)c(C)c4)cc3)cc2)cc1,low
1941,[*]Cc1cccc(OCC(=O)CCCCCCCN2C(=O)c3ccc([*])cc3C2=O)c1,True,True,False,450.0,0.5,354.453857421875,[*]Cc1cccc(OCC(=O)CCCCCCCN2C(=O)c3ccc([*])cc3C2=O)c1,0.5178571428571429,5148.0,[*]Oc1ccc2c(c1)C(=O)N(CCCCCCCCCCCCN1C(=O)c3ccc([*])cc3C1=O)C2=O,medium
1942,[*]CCN([*])C(=O)CCCCCCC(=O)NCCC(C)c1ccc(NC(=O)c2ccc(OC)cc2)cc1,True,True,False,450.0,0.5,351.18609619140625,[*]CCN([*])C(=O)CCCCCCC(=O)NCCC(C)c1ccc(NC(=O)c2ccc(OC)cc2)cc1,0.3611111111111111,2358.0,[*]CCCCCCCCC(=O)Nc1ccc(C(=O)c2ccc(Oc3ccc(Oc4ccc(C(=O)c5ccc(NC([*])=O)cc5)cc4)cc3)cc2)cc1,low
1944,[*]/C=C(/[*])c1ccc(/C=N/CCCC(C)C(=O)OCC)cc1,True,True,False,450.0,0.5,308.54327392578125,[*]/C=C(/[*])c1ccc(/C=N/CCCC(C)C(=O)OCC)cc1,0.3333333333333333,5045.0,[*]Oc1ccc(Oc2ccc(/C=N/CCCC/N=C/c3ccc([*])cc3)cc2)cc1,low
1945,[*]CC([*])OC(=O)CN(CCCCCCC)c1ccc(SCC(=O)OC)cc1,True,True,False,450.0,0.5,282.90069580078125,[*]CC([*])OC(=O)CN(CCCCCCC)c1ccc(SCC(=O)OC)cc1,0.35185185185185186,7113.0,[*]CC([*])OC(=O)CCC,low
1946,[*]CC[Si](C)(C)OCC(=O)N(CCCCCC)S([*])(=O)=O,True,True,False,450.0,0.5,287.10357666015625,[*]CC[Si](C)(C)OCC(=O)N(CCCCCC)S([*])(=O)=O,0.3541666666666667,2612.0,[*]CCN([*])C(=O)CCCCCC,low
1947,[*]Cc1ccc(Oc2cc(C(=O)NCCCCCCNC(=O)C(C)(C)C)ccc2C([*])=O)cc1,True,True,False,450.0,0.5,437.4223937988281,[*]Cc1ccc(Oc2cc(C(=O)NCCCCCCNC(=O)C(C)(C)C)ccc2C([*])=O)cc1,0.515625,3512.0,[*]NCCCCCCNC(=O)c1ccc(C([*])=O)cc1Oc1ccc(Br)cc1,medium
1948,[*]CCCCCCCCCCCN1C(=O)N(c2ccc(C([*])CCC)cc2)S1[Se],True,True,False,450.0,0.5,325.6776733398437,[*]CCCCCCCCCCCN1C(=O)N(c2ccc(C([*])CCC)cc2)S1[Se],0.3275862068965517,7331.0,[*]c1ccc(OC(=O)Oc2ccc(C([*])CCC)cc2)cc1,low
1949,[*]Cc1cc(C)c(Oc2ccc(C(C)(CCCC)c3ccc(O[*])cc3)cc2Sc2ccccc2)c(C)c1,True,True,False,450.0,0.5,348.58935546875,[*]Cc1cc(C)c(Oc2ccc(C(C)(CCCC)c3ccc(O[*])cc3)cc2Sc2ccccc2)c(C)c1,0.3,3005.0,[*]Cc1cc(C)c(Oc2ccc(S(=O)(=O)c3ccc(Oc4c(C)cc([*])cc4C)cc3)cc2)c(C)c1,low
1950,[*]CC([*])(C)CCCCC(c1ccccc1)(OC)C(O)[Si](C)(C)O,True,True,False,450.0,0.5,391.6336364746094,[*]CC([*])(C)CCCCC(c1ccccc1)(OC)C(O)[Si](C)(C)O,0.38,1185.0,[*]CC([*])(C(=O)OC)c1ccccc1,low
1951,[*]CCCCC(=O)Oc1ccc(OCC=CCNC(=O)c2ccc3c(c2)C(=O)N([*])C3=O)cc1,True,True,False,450.0,0.5,417.2672119140625,[*]CCCCC(=O)Oc1ccc(OCC=CCNC(=O)c2ccc3c(c2)C(=O)N([*])C3=O)cc1,0.4507042253521127,2463.0,[*]CCCCCCCCCCCCCCCCCCCCC(=O)Oc1ccc(N2C(=O)c3ccc(-c4ccc5c(c4)C(=O)N(c4ccc(OC([*])=O)cc4)C5=O)cc3C2=O)cc1,low
1952,[*]NC(=O)C(C[*])COCC#Cc1cc(C(=O)Cl)ccc1-c1ccccc1,True,True,False,450.0,0.5,466.426513671875,[*]NC(=O)C(C[*])COCC#Cc1cc(C(=O)Cl)ccc1-c1ccccc1,0.2878787878787879,1599.0,[*]CC([*])C(=O)Nc1ccc2c(c1)C(=O)c1ccccc1C2=O,low
1954,[*]CC=Cc1ccc(OC(=O)c2ccc(CCCN)cc2C(=[*])OC)c(F)c1,True,True,False,450.0,0.5,380.9906005859375,[*]CC=Cc1ccc(OC(=O)c2ccc(CCCN)cc2C(=[*])OC)c(F)c1,0.2948717948717949,4171.0,[*]OC(=O)c1cc(OCCCc2ccccc2)c(C(=O)Oc2ccc([*])cc2C)cc1OCCCc1ccccc1,low
1955,[*]N=Cc1ccc(OCCCc2ccc(/C=C/C(=O)N([*])c3ccc(CC)cc3)cc2OC(C)(C)C)s1,True,True,False,450.0,0.5,359.49029541015625,[*]N=Cc1ccc(OCCCc2ccc(/C=C/C(=O)N([*])c3ccc(CC)cc3)cc2OC(C)(C)C)s1,0.24719101123595505,6093.0,[*]c1ccc(OC(=O)c2ccc(C(=O)Oc3ccc(C([*])(C)C)cc3CCCC)cc2)c(CCCC)c1,low
1956,[*]CC([*])O[Si](C)(C)c1ccc(CN(C)CCC)cc1,True,True,False,450.0,0.5,295.30523681640625,[*]CC([*])O[Si](C)(C)c1ccc(CN(C)CCC)cc1,0.40425531914893614,1999.0,[*]CC([*])c1ccc([Si](C)(C)OC(C)C)cc1,low
1957,[*]CNC(=O)C(c1ccc(C(C)=O)cc1)c1cc([*])ccc1Br,True,True,False,450.0,0.5,485.4230651855469,[*]CNC(=O)C(c1ccc(C(C)=O)cc1)c1cc([*])ccc1Br,0.3958333333333333,1941.0,[*]CC([*])c1ccc(C(C)=O)cc1,low
1958,[*]COc1ccc(C(=O)O[Si](C)(C)O[Si](C)(CCC)NC([*])=O)cc1,True,True,False,450.0,0.5,261.4181213378906,[*]COc1ccc(C(=O)O[Si](C)(C)O[Si](C)(CCC)NC([*])=O)cc1,0.3684210526315789,2944.0,[*]COc1ccc(OCC(=O)NCCCCCCNC([*])=O)cc1,low
1959,[*]CC([*])C(=O)NCCCCCCCCN[PH](=O)c1ccc(NCC(C)=O)cc1,True,True,False,450.0,0.5,333.7429504394531,[*]CC([*])C(=O)NCCCCCCCCN[PH](=O)c1ccc(NCC(C)=O)cc1,0.46,1592.0,[*]CC([*])C(=O)NCCCCCCCC,low
1960,[*]COc1ccc(C(C)(C)CCCN2C(=O)OCCCCCC(C)CC2)cc1[*],True,True,False,450.0,0.5,349.1742858886719,[*]COc1ccc(C(C)(C)CCCN2C(=O)OCCCCCC(C)CC2)cc1[*],0.25882352941176473,2399.0,[*]CCCCCCCCC(C)(C)c1ccc2c(c1)C(=O)N(c1ccc(Oc3ccc(N4C(=O)c5ccc(C([*])(C)C)cc5C4=O)cc3)cc1)C2=O,low
1961,[*]Nc1ccc([Si](C)(C)COc2ccc(C(=O)NC(CCCCCCCNc3ccc(OC([*])=C)cc3)cc2)C=C)cc1,True,True,False,450.0,0.5,359.711181640625,[*]Nc1ccc([Si](C)(C)COc2ccc(C(=O)NC(CCCCCCCNc3ccc(OC([*])=C)cc3)cc2)C=C)cc1,0.25,3824.0,[*]Nc1ccc(OC(=O)c2ccc([Si](c3ccccc3)(c3ccccc3)c3ccc(C([*])=O)cc3)cc2)cc1,low
1962,[*]N=P([*])(Oc1ccc(Br)cc1)c1ccc(C(=O)Oc2ccc([N+](=O)[O-])cc2[SH]=S)c(F)c1,True,True,False,450.0,0.5,330.7396850585937,[*]N=P([*])(Oc1ccc(Br)cc1)c1ccc(C(=O)Oc2ccc([N+](=O)[O-])cc2[SH]=S)c(F)c1,0.2878787878787879,3280.0,[*]N=P([*])(Oc1ccc(Br)cc1)Oc1ccc(Br)cc1,low
1963,[*]C=C([*])c1ccc(CO[Si](C)(CC)[Si](C)(C)CCC(C)(C)C)cc1,True,True,False,450.0,0.5,318.98895263671875,[*]C=C([*])c1ccc(CO[Si](C)(CC)[Si](C)(C)CCC(C)(C)C)cc1,0.3111111111111111,861.0,[*]C=C([*])c1ccccc1,low
1965,[*]C([*])c1ccc(/N=C/[Si](C)(C)c2ccc(CC(=O)OCCCl)cc2)cc1,True,True,False,450.0,0.5,377.9495849609375,[*]C([*])c1ccc(/N=C/[Si](C)(C)c2ccc(CC(=O)OCCCl)cc2)cc1,0.27692307692307694,2814.0,[*]COC(=O)Cc1ccc(C(=O)OCC([*])(C)C)cc1,low
1966,[*]Oc1ccc(C(=O)N(c2ccc(OC(=O)c3ccc(OCCCCCCCCOc4ccc(/N=C/c5ccc([*])cc5)cc4)cc3)cc2)C(C)(C)C)cc1,True,True,False,450.0,0.5,401.6898498535156,[*]Oc1ccc(C(=O)N(c2ccc(OC(=O)c3ccc(OCCCCCCCCOc4ccc(/N=C/c5ccc([*])cc5)cc4)cc3)cc2)C(C)(C)C)cc1,0.5076923076923077,6107.0,[*]c1ccc(OC(=O)c2ccc(OCCCCCCCCCCOc3ccc(C(=O)Oc4ccc(C([*])(C)C)cc4)cc3)cc2)cc1,medium
1968,[*]C=C(CCC(=O)c1ccc(Oc2ccc(N([*])C)cc2)cc1)C(=O)CC(C)C,True,True,False,450.0,0.5,385.22021484375,[*]C=C(CCC(=O)c1ccc(Oc2ccc(N([*])C)cc2)cc1)C(=O)CC(C)C,0.41304347826086957,407.0,[*]C(=O)c1ccc(N([*])C)cc1,low
1969,[*]SCC[N+](C)(C)CCCOC(=O)c1cccc(C(C)(C)c2ccc(C([*])=O)cc2)c1,True,True,False,450.0,0.5,292.1073303222656,[*]SCC[N+](C)(C)CCCOC(=O)c1cccc(C(C)(C)c2ccc(C([*])=O)cc2)c1,0.423728813559322,4463.0,[*]OCCCOC(=O)c1cccc(C([*])=O)c1,low
1970,[*]NC(CC(=O)Oc1ccc(OC(=O)c2ccc(C([*])=O)cc2)cc1)c1ccc(/N=N/c2ccc(C#N)cc2)cc1,True,True,False,450.0,0.5,471.7959289550781,[*]NC(CC(=O)Oc1ccc(OC(=O)c2ccc(C([*])=O)cc2)cc1)c1ccc(/N=N/c2ccc(C#N)cc2)cc1,0.4411764705882353,2861.0,[*]COC(=O)c1ccc(C(=O)OC([*])COc2ccc(/N=N/c3ccc(C#N)cc3)cc2)cc1,low
1971,[*]CCCCC(N)C=C[Si](C)(C)C[*],True,True,False,450.0,0.5,260.61798095703125,[*]CCCCC(N)C=C[Si](C)(C)C[*],0.3333333333333333,2286.0,[*]CCCCCC([*])C,low
1972,[*]c1cc([*])c(CCCCCC(=O)O[Si](C)(C)C)cc1-c1ccccc1,True,True,False,450.0,0.5,409.0670166015625,[*]c1cc([*])c(CCCCCC(=O)O[Si](C)(C)C)cc1-c1ccccc1,0.3898305084745763,2388.0,[*]CCCCCCCCC(=O)Oc1c(-c2ccccc2)cc(-c2cc(-c3ccccc3)c(OC([*])=O)c(-c3ccccc3)c2)cc1-c1ccccc1,low
1973,[*]C(=C)OCCP(=O)(CCCC)c1ccc([*])cc1O,True,True,False,450.0,0.5,315.1935119628906,[*]C(=C)OCCP(=O)(CCCC)c1ccc([*])cc1O,0.35,217.0,[*]C(=O)NNC(=O)c1ccc([*])cc1OCCCCC,low
1976,[*]CC([*])C(=O)OCCCCCNC(=O)c1cc(F)c(O[Si](C)(C)C)cc1C#N,True,True,False,450.0,0.5,374.2680969238281,[*]CC([*])C(=O)OCCCCCNC(=O)c1cc(F)c(O[Si](C)(C)C)cc1C#N,0.4090909090909091,1653.0,[*]CC([*])C(=O)OCCCCCCOc1ccc(-c2ccc(C#N)cc2)cc1,low
1979,[*]COc1c(Br)cc(C(=O)OCC(O)c2ccc([Si]([*])(C)C)s2)cc1C#N,True,True,False,450.0,0.5,317.5587463378906,[*]COc1c(Br)cc(C(=O)OCC(O)c2ccc([Si]([*])(C)C)s2)cc1C#N,0.2891566265060241,2883.0,[*]COC(=O)c1cccc(C(=O)OC([*])COc2ccc(/N=N/c3ccc(C#N)cc3)cc2)c1,low
1981,[*]CC([*])C(=O)N(CCCCC)C(=O)CC(=CC(F)(F)F)NC(=O)CC,True,True,False,450.0,0.5,347.77117919921875,[*]CC([*])C(=O)N(CCCCC)C(=O)CC(=CC(F)(F)F)NC(=O)CC,0.32727272727272727,1592.0,[*]CC([*])C(=O)NCCCCCCCC,low
1982,[*]CC(O)COc1ccc(C=C(CCCCC(=O)OCc2ccccc2)CCC(=[*])Cl)cc1,True,True,False,450.0,0.5,335.57879638671875,[*]CC(O)COc1ccc(C=C(CCCCC(=O)OCc2ccccc2)CCC(=[*])Cl)cc1,0.43478260869565216,91.0,[*]=Cc1ccc(OCC(O)COC(=O)CCCCC(=O)OCC(O)COc2ccc(C(=[*])C)cc2)cc1,low
1983,[*]Cc1ccc(NC(=O)C(C)OCCCOc2ccc(C(=O)OC(=O)c3ccc([N+](=O)[O-])cc3)cc2)c(O[*])c1,True,True,False,450.0,0.5,376.8160705566406,[*]Cc1ccc(NC(=O)C(C)OCCCOc2ccc(C(=O)OC(=O)c3ccc([N+](=O)[O-])cc3)cc2)c(O[*])c1,0.3684210526315789,1670.0,[*]CC([*])C(=O)OCCCOc1ccc(/N=N/c2ccc([N+](=O)[O-])cc2)cc1,low
1984,[*]C(=O)c1ccc(-c2ccccc2)c([*])c1C(C)=N,True,True,False,450.0,0.5,502.8076171875,[*]C(=O)c1ccc(-c2ccccc2)c([*])c1C(C)=N,0.32608695652173914,4759.0,[*]Oc1cc(C)c([*])c(-c2ccccc2)c1,low
1985,[*]c1cc(OC)c(NC(=O)CCCCCCC(=O)Nc2ccc(C([*])=O)cc2)c(OCCOc2ccc(C#N)cc2)c1,True,True,False,450.0,0.5,437.0008544921875,[*]c1cc(OC)c(NC(=O)CCCCCCC(=O)Nc2ccc(C([*])=O)cc2)c(OCCOc2ccc(C#N)cc2)c1,0.39436619718309857,3828.0,[*]Nc1ccc(OCCCCCCCCOc2ccc(NC(=O)c3cccc(C([*])=O)c3)cc2)cc1,low
1986,[*]Oc1ccc(-c2ccc(NC(=O)CCC(=O)Nc3ccc([*])cc3C)c(C(=O)O)c2)cc1,True,True,False,450.0,0.5,481.7879943847656,[*]Oc1ccc(-c2ccc(NC(=O)CCC(=O)Nc3ccc([*])cc3C)c(C(=O)O)c2)cc1,0.4603174603174603,3335.0,[*]NC(=O)OCCCCCCCCCCCOc1ccc(-c2ccc(OCCCCCCCCCCCOC(=O)Nc3ccc([*])cc3C)cc2)cc1,low
1987,[*]CC(O)COc1cccc(CCCCC(=O)Nc2ccc(C=C([*])C)cc2)c1,True,True,False,450.0,0.5,396.2083129882813,[*]CC(O)COc1cccc(CCCCC(=O)Nc2ccc(C=C([*])C)cc2)c1,0.44594594594594594,6201.0,[*]c1ccc(OCC(O)COc2cccc(NC(=O)CCCCC(=O)Nc3cccc(OCC(O)COc4ccc(C([*])(C)C)cc4)c3)c2)cc1,low
1989,[*]CCCCCOC(=O)SC(CCCC(=O)O[*])C(C)(C)C,True,True,False,450.0,0.5,283.3229064941406,[*]CCCCCOC(=O)SC(CCCC(=O)O[*])C(C)(C)C,0.40425531914893614,2253.0,[*]CCCCC(=O)OCCCCCCOC([*])=O,low
1991,[*]CC([*])(CNC(=O)CCCCC(=O)Oc1cc(/N=N/c2ccc(OC)cc2)ccc1)C(=O)OCCN(C)C,True,True,False,450.0,0.5,328.4716796875,[*]CC([*])(CNC(=O)CCCCC(=O)Oc1cc(/N=N/c2ccc(OC)cc2)ccc1)C(=O)OCCN(C)C,0.40789473684210525,1295.0,[*]CC([*])(C)C(=O)OCCCCCCCCCCOc1ccc(/N=N/c2ccc(OC)cc2)cc1,low
1992,[*]CCCCCCNC(=O)Sc1ccc(C)c(C2([*])CC(CC)OC2=O)c1,True,True,False,450.0,0.5,338.77471923828125,[*]CCCCCCNC(=O)Sc1ccc(C)c(C2([*])CC(CC)OC2=O)c1,0.27631578947368424,5814.0,[*]c1ccc(C(=O)NCCCCCCNC(=O)c2ccc3c(c2)C([*])(C)CC3(C)C)cc1,low
1993,[*]CC1(C)C(=O)CCCCC([*])(Oc2ccccc2)C1[N+](=O)[O-],True,True,False,450.0,0.5,432.564697265625,[*]CC1(C)C(=O)CCCCC([*])(Oc2ccccc2)C1[N+](=O)[O-],0.25,2076.0,[*]CC1([*])CC(=O)N(c2ccccc2)C1=O,low
1994,[*]CCCCCNC(=O)c1ccc(OCCCCCC(C)CN[*])cc1,True,True,False,450.0,0.5,380.9334106445313,[*]CCCCCNC(=O)c1ccc(OCCCCCC(C)CN[*])cc1,0.5294117647058824,2568.0,[*]CCCNC(=O)c1ccc(C(=O)NCC([*])C)cc1,medium
1995,[*]C=CCCCCCNC(=O)c1ccc(/C=C/c2ccc(NC(=O)CCCCCCC(=O)N[*])cc2)c(C)c1,True,True,False,450.0,0.5,398.8556518554688,[*]C=CCCCCCNC(=O)c1ccc(/C=C/c2ccc(NC(=O)CCCCCCC(=O)N[*])cc2)c(C)c1,0.37349397590361444,3317.0,[*]NC(=O)CCCCCCC(=O)Nc1cc([N+](=O)[O-])c([*])cc1/C=C/c1ccc(N(C)C)cc1,low
1996,[*]Nc1ccc(C(=O)Oc2ccc(OC(=O)c3ccc(OC(=O)CCCCC([*])=O)cc3)cc2C)cc1,True,True,False,450.0,0.5,374.9029541015625,[*]Nc1ccc(C(=O)Oc2ccc(OC(=O)c3ccc(OC(=O)CCCCC([*])=O)cc3)cc2C)cc1,0.4262295081967213,3824.0,[*]Nc1ccc(OC(=O)c2ccc([Si](c3ccccc3)(c3ccccc3)c3ccc(C([*])=O)cc3)cc2)cc1,low
1997,[*]OC(=O)c1ccc(Nc2ccc(P(=O)(c3ccccc3)c3ccc(C(=O)Nc4ccc([*])cc4)cc3)cc2)c(C)c1,True,True,False,450.0,0.5,504.6649169921875,[*]OC(=O)c1ccc(Nc2ccc(P(=O)(c3ccccc3)c3ccc(C(=O)Nc4ccc([*])cc4)cc3)cc2)c(C)c1,0.46551724137931033,3805.0,[*]Nc1ccc(NC(=O)c2ccc(P(=O)(c3ccccc3)c3ccc(C(=O)Nc4ccc(C([*])=O)cc4)cc3)cc2)cc1,low
1998,[*]Oc1cc(OCCCCCC)c(N2C(=O)c3ccc(C(=O)OCCCCCCCCOc4ccc([*])cc4)cc3)cc2C1=O,True,True,False,450.0,0.5,353.8219909667969,[*]Oc1cc(OCCCCCC)c(N2C(=O)c3ccc(C(=O)OCCCCCCCCOc4ccc([*])cc4)cc3)cc2C1=O,0.4383561643835616,4147.0,[*]OC(=O)CCCC(=O)Oc1cc(OC(=O)c2ccc(OCCCCCCCCCCCC)cc2)c([*])cc1OC(=O)c1ccc(OCCCCCCCCCCCC)cc1,low
2000,[*]c1ccc(C([*])=CCCCO)c(C(=O)N(OC)CC(C)=O)c1,True,True,False,500.0,0.5,384.4397888183594,[*]c1ccc(C([*])=CCCCO)c(C(=O)N(OC)CC(C)=O)c1,0.2923076923076923,217.0,[*]C(=O)NNC(=O)c1ccc([*])cc1OCCCCC,low
2001,[*]C(=O)NCCCc1ccc(COC([*])=CCC)cc1,True,True,False,500.0,0.5,327.0984802246094,[*]C(=O)NCCCc1ccc(COC([*])=CCC)cc1,0.42,2721.0,[*]CCc1ccc(CC(=O)NCCCCCCNC([*])=O)cc1,low
2002,[*]CC(CCCC)c1ccc(/N=C(\C)COC(=O)c2ccc(C([*])=O)cc2)nc1,True,True,False,500.0,0.5,346.11846923828125,[*]CC(CCCC)c1ccc(/N=C(\C)COC(=O)c2ccc(C([*])=O)cc2)nc1,0.4032258064516129,1930.0,[*]CC([*])c1ccc(C(=O)OCCCC)cc1,low
2003,[*]Oc1ccccc1C(=O)Oc1ccc(-c2ccc(C([*])CCCCCC)cc2)c([N+](C)(C)C)c1,True,True,False,500.0,0.5,383.6955261230469,[*]Oc1ccccc1C(=O)Oc1ccc(-c2ccc(C([*])CCCCCC)cc2)c([N+](C)(C)C)c1,0.3924050632911392,332.0,[*]C(=O)Oc1ccc(OC(=O)c2cc(OCCCCCCCCCCCC)c([*])cc2OCCCCCCCCCCCC)cc1-c1ccccc1,low
2004,[*]O[Si]([*])(C)CCCNC(=O)Nc1ccc(CC(=O)OC)cc1,True,True,False,500.0,0.5,316.8507385253906,[*]O[Si]([*])(C)CCCNC(=O)Nc1ccc(CC(=O)OC)cc1,0.4782608695652174,4605.0,[*]O[Si]([*])(C)CCCC(=O)OC,low
2005,[*]N[Se]C(=O)c1ccc(NC(=O)c2ccc(C(=O)Oc3ccc(C([*])=O)cc3CCCCCCC)cc2)c(C)c1,True,True,False,500.0,0.5,369.8004150390625,[*]N[Se]C(=O)c1ccc(NC(=O)c2ccc(C(=O)Oc3ccc(C([*])=O)cc3CCCCCCC)cc2)c(C)c1,0.4166666666666667,6093.0,[*]c1ccc(OC(=O)c2ccc(C(=O)Oc3ccc(C([*])(C)C)cc3CCCC)cc2)c(CCCC)c1,low
2006,[*]C(=O)NCCC/C=C/COC(=O)c1ccc([*])cc1S(=O)(=O)O,True,True,False,500.0,0.5,370.8619995117188,[*]C(=O)NCCC/C=C/COC(=O)c1ccc([*])cc1S(=O)(=O)O,0.35294117647058826,336.0,[*]C(=O)Oc1ccc(OCCCCOc2ccc(OC(=O)c3ccc([*])cc3C(=O)OCC=C)cc2)cc1,low
2007,[*]C=C([*])c1ccc([SiH](CCCC)Nc2ccc(C#N)cc2)cc1S(C)(C)C,True,True,False,500.0,0.5,378.5917053222656,[*]C=C([*])c1ccc([SiH](CCCC)Nc2ccc(C#N)cc2)cc1S(C)(C)C,0.2318840579710145,1481.0,[*]CC([*])(C)C(=O)Oc1ccc(C#N)cc1,low
2008,[*]Nc1ccc(OCCCCCCCOC(=O)Nc2ccc(C(=O)OCCCC)cc2)c([*])c1,True,True,False,500.0,0.5,334.022705078125,[*]Nc1ccc(OCCCCCCCOC(=O)Nc2ccc(C(=O)OCCCC)cc2)c([*])c1,0.5,3337.0,[*]NC(=O)OCCCCCCCCCOC(=O)Nc1ccc(C)c([*])c1,medium
2009,[*]NC([*])C(=O)OCC(C)(C)c1ccc(-c2ccc(C#N)cc2)c(O)c1,True,True,False,500.0,0.5,371.9869079589844,[*]NC([*])C(=O)OCC(C)(C)c1ccc(-c2ccc(C#N)cc2)c(O)c1,0.35384615384615387,1425.0,[*]CC([*])(C)C(=O)OCCOc1ccc(-c2ccc(-c3ccc(C#N)cc3)cc2)cc1,low
2010,[*]C/C(=C/c1ccc(-c2ccc(C(=O)OCCCCCC)cc2)cc1)c1ccc(-c2cc([*])cc(Br)c2)cc1,True,True,False,500.0,0.5,375.163330078125,[*]C/C(=C/c1ccc(-c2ccc(C(=O)OCCCCCC)cc2)cc1)c1ccc(-c2cc([*])cc(Br)c2)cc1,0.4426229508196721,1931.0,[*]CC([*])c1ccc(C(=O)OCCCCCC)cc1,low
2011,[*]Cc1ccc(C(O)C([*])=O)c(C(=O)NCC(C)(C)C)c1,True,True,False,500.0,0.5,398.7376098632813,[*]Cc1ccc(C(O)C([*])=O)c(C(=O)NCC(C)(C)C)c1,0.3333333333333333,2656.0,[*]CCNC(=O)c1ccc(C(=O)NCC(C)(C)CC([*])C)cc1,low
2012,[*]CCCN(CCCCCCC(=O)Oc1ccc(C(=O)N[Se])cc1)c1ccc([*])cc1,True,True,False,500.0,0.5,358.1734924316406,[*]CCCN(CCCCCCC(=O)Oc1ccc(C(=O)N[Se])cc1)c1ccc([*])cc1,0.4642857142857143,6033.0,[*]c1ccc(OC(=O)CCCCCCCCC(=O)Oc2ccc(C([*])(C)C)cc2)cc1,low
2013,[*]CC(=O)OCCOc1ccc(OC(=O)c2ccc(Oc3ccc(C(=O)Oc4ccc([*])cc4C)c(C(F)(F)F)c3)cc2)cc1,True,True,False,500.0,0.5,371.6252746582031,[*]CC(=O)OCCOc1ccc(OC(=O)c2ccc(Oc3ccc(C(=O)Oc4ccc([*])cc4C)c(C(F)(F)F)c3)cc2)cc1,0.4264705882352941,6092.0,[*]c1ccc(OC(=O)c2ccc(C(=O)Oc3ccc(C([*])(C)C)cc3C)cc2)c(C)c1,low
2015,[*]CCCCN1C(=O)c2ccc(OCCCCOC(=O)c3ccc(C(=O)Nc4ccc(C([*])=O)cc4)cc3)cc2C1=O,True,True,False,500.0,0.5,397.8504333496094,[*]CCCCN1C(=O)c2ccc(OCCCCOC(=O)c3ccc(C(=O)Nc4ccc(C([*])=O)cc4)cc3)cc2C1=O,0.53125,2531.0,[*]CCCCN1C(=O)c2ccc(C(=O)Oc3ccc(OC([*])=O)cc3)cc2C1=O,medium
2017,[*]CN1C(=O)CCC(OP(=[*])(=O)OC)C1,True,True,False,500.0,0.5,327.9989624023437,[*]CN1C(=O)CCC(OP(=[*])(=O)OC)C1,0.20408163265306123,2545.0,[*]CCCN1C(=O)CC([*])CC1=O,low
2018,[*]OC([*])CSC(=O)Nc1ccccc1-c1ccc(O[Si](C)(C)C)cc1,True,True,False,500.0,0.5,366.9129943847656,[*]OC([*])CSC(=O)Nc1ccccc1-c1ccc(O[Si](C)(C)C)cc1,0.36923076923076925,3642.0,[*]Nc1ccc(-c2ccccc2NC(=O)c2ccc(Oc3ccc(C([*])=O)cc3)cc2)cc1,low
2020,[*]c1ccc(Oc2ccc(NC(=O)OCCC(CC)S(=O)(=O)c3ccccc3)cc2)c(C(=O)Nc2ccc(S([*])(=O)=O)cc2)c1,True,True,False,500.0,0.5,444.7724304199219,[*]c1ccc(Oc2ccc(NC(=O)OCCC(CC)S(=O)(=O)c3ccccc3)cc2)c(C(=O)Nc2ccc(S([*])(=O)=O)cc2)c1,0.4246575342465753,5840.0,[*]c1ccc(C(=O)OCC)c(C(=O)Nc2ccc(Oc3ccc(NC(=O)c4cc([*])ccc4C(=O)OCC)cc3)cc2)c1,low
2022,[*]OC(=O)NC1COC(=O)C(OCCCOC(=O)c2ccc(C(OC)OCCOC=[*])cc2)OC1,True,True,False,500.0,0.5,310.5243835449219,[*]OC(=O)NC1COC(=O)C(OCCCOC(=O)c2ccc(C(OC)OCCOC=[*])cc2)OC1,0.2948717948717949,1930.0,[*]CC([*])c1ccc(C(=O)OCCCC)cc1,low
2023,[*]CC([*])c1cccc(CCOc2cc(Cl)c(C)cc2C)c1,True,True,False,500.0,0.5,327.0803527832031,[*]CC([*])c1cccc(CCOc2cc(Cl)c(C)cc2C)c1,0.4888888888888889,1981.0,[*]CC([*])c1ccc(Cl)c(C)c1,low
2024,[*]COCCCCCCCCNC(=O)c1ccc(-c2ccc(C(=O)NCCNC(=O)C(=O)OCCOC([*])=O)cc2)cc1I,True,True,False,500.0,0.5,359.6300048828125,[*]COCCCCCCCCNC(=O)c1ccc(-c2ccc(C(=O)NCCNC(=O)C(=O)OCCOC([*])=O)cc2)cc1I,0.36923076923076925,3539.0,[*]NCCCOCCCNC(=O)c1ccc(C([*])=O)cc1,low
2025,[*]=Nc1ccc(OC(=O)c2ccc(NCCOc3ccc(NC([*])=O)cc3)cc2)cc1,True,True,False,500.0,0.5,433.3094787597656,[*]=Nc1ccc(OC(=O)c2ccc(NCCOc3ccc(NC([*])=O)cc3)cc2)cc1,0.4444444444444444,5034.0,[*]Oc1ccc(OCCCCCCOc2ccc(OC(=O)c3ccc(C([*])=O)cc3)cc2)cc1,low
2026,[*]CCCCCCCCN(C)C(=O)C1CCCCCC1C(=O)N(CC(=O)N[*])C(F)(F)F,True,True,False,500.0,0.5,347.9467163085937,[*]CCCCCCCCN(C)C(=O)C1CCCCCC1C(=O)N(CC(=O)N[*])C(F)(F)F,0.32727272727272727,2496.0,[*]CCCCCCN(C)C(=O)CCC(=O)N([*])C,low
2027,[*]NC(=O)COc1ccc(-c2ccccc2[PH](=O)(N[*])C)cc1,True,True,False,500.0,0.5,384.0660095214844,[*]NC(=O)COc1ccc(-c2ccccc2[PH](=O)(N[*])C)cc1,0.3157894736842105,2944.0,[*]COc1ccc(OCC(=O)NCCCCCCNC([*])=O)cc1,low
2028,[*]C=CC(CCCOC(=O)c1ccc([N+](C)(C)CCCO[*])cc1)c1ccncc1C(=O)O,True,True,False,500.0,0.5,328.02862548828125,[*]C=CC(CCCOC(=O)c1ccc([N+](C)(C)CCCO[*])cc1)c1ccncc1C(=O)O,0.3484848484848485,7142.0,[*]OCCCCOC(=O)c1ccc(C([*])=O)cc1,low
2030,[*]Cc1cc([*])c(OC(=O)CCCCOc2ccc(C3(C)C(=O)C3)cc2)cc1C,True,True,False,500.0,0.5,339.7626037597656,[*]Cc1cc([*])c(OC(=O)CCCCOc2ccc(C3(C)C(=O)C3)cc2)cc1C,0.43478260869565216,4149.0,[*]OC(=O)CCCCCC(=O)Oc1cc(OC(=O)c2ccc(OCCCC)cc2)c([*])cc1OC(=O)c1ccc(OCCCC)cc1,low
2031,[*]CC([*])=CCOCC(F)(F)C(F)(F)F,True,True,False,500.0,0.5,237.5721893310547,[*]CC([*])=CCOCC(F)(F)C(F)(F)F,0.3684210526315789,2898.0,[*]COCC([*])(C)COCC(F)(F)C(F)(F)C(F)(F)F,low
2032,[*]Nc1ccc(OC(=O)CN(CC)c2ccc(Oc3ccc(/N=C/C(=O)Oc4ccc([*])cc4-c4ccccc4)cc3)cc2)cc1,True,True,False,500.0,0.5,426.4030151367188,[*]Nc1ccc(OC(=O)CN(CC)c2ccc(Oc3ccc(/N=C/C(=O)Oc4ccc([*])cc4-c4ccccc4)cc3)cc2)cc1,0.3950617283950617,3912.0,[*]Nc1ccc(Oc2ccc(NC(=O)c3ccc(Oc4ccc(Oc5ccc(C([*])=O)cc5)cc4-c4ccccc4)cc3)cc2)cc1,low
2033,[*]c1ccccc1Oc1ccc(CCCS(=O)(=O)NC([*])=O)cc1,True,True,False,500.0,0.5,366.0390319824219,[*]c1ccccc1Oc1ccc(CCCS(=O)(=O)NC([*])=O)cc1,0.34615384615384615,6653.0,[*]c1ccc(Oc2ccccc2Oc2ccc(S([*])(=O)=O)cc2)cc1,low
2034,[*]CC(CCC)C1(c2ccccc2)C(=O)N(c2ccc(OC(=O)C([*])([2H])F)cc2)C1=O,True,True,False,500.0,0.5,438.4390563964844,[*]CC(CCC)C1(c2ccccc2)C(=O)N(c2ccc(OC(=O)C([*])([2H])F)cc2)C1=O,0.3620689655172414,1731.0,[*]CC([*])C(=O)Oc1ccccc1,low
2035,[*]CCCCOC(=O)NCCCCSCCC([*])=O,True,True,False,500.0,0.5,279.9922180175781,[*]CCCCOC(=O)NCCCCSCCC([*])=O,0.5238095238095238,3530.0,[*]NCCCCNC(=O)OCCCCOC([*])=O,medium
2036,[*]c1c([*])cc(OCCCCCCCOc2ccc(-c3ccccc3)cc2C)c(Oc2ccc(OC)cc2)c1,True,True,False,500.0,0.5,327.797119140625,[*]c1c([*])cc(OCCCCCCCOc2ccc(-c3ccccc3)cc2C)c(Oc2ccc(OC)cc2)c1,0.37142857142857144,332.0,[*]C(=O)Oc1ccc(OC(=O)c2cc(OCCCCCCCCCCCC)c([*])cc2OCCCCCCCCCCCC)cc1-c1ccccc1,low
2037,[*]Cc1ccc(CCCCC(=O)Nc2ccc(Oc3ccc([*])cc3S(=O)(=O)C(C#N)=O)cc2)cc1,True,True,False,500.0,0.5,471.98974609375,[*]Cc1ccc(CCCCC(=O)Nc2ccc(Oc3ccc([*])cc3S(=O)(=O)C(C#N)=O)cc2)cc1,0.4090909090909091,3060.0,[*]Cc1ccc(NC(=O)CCCCC(=O)NC([*])(C)C)cc1,low
2038,[*]NCCCCC(=O)Oc1ccc(C(c2ccccc2)C([*])(C)C(=O)OC(=O)c2ccc(OC(C)=O)cc2C)cc1,True,True,False,500.0,0.5,343.678955078125,[*]NCCCCC(=O)Oc1ccc(C(c2ccccc2)C([*])(C)C(=O)OC(=O)c2ccc(OC(C)=O)cc2C)cc1,0.34210526315789475,6034.0,[*]c1ccc(OC(=O)CCCCCCCCC(=O)Oc2ccc(C([*])(CC)c3ccccc3)cc2)cc1,low
2039,[*]/C=C/CCCCCC(=O)Oc1ccc(OC(=O)/C=C/CCC([*])=O)cc1,True,True,False,500.0,0.5,329.5380249023437,[*]/C=C/CCCCCC(=O)Oc1ccc(OC(=O)/C=C/CCC([*])=O)cc1,0.46808510638297873,2394.0,[*]CCCCCCCCC(=O)Oc1ccc(OC([*])=O)cc1,low
2040,[*]Oc1ccc([Si](C)(C)c2ccc(OC(=O)C([*])=O)c(C(=O)Nc3ccc(OC)cc3)c2)cc1,True,True,False,500.0,0.5,375.4180908203125,[*]Oc1ccc([Si](C)(C)c2ccc(OC(=O)C([*])=O)c(C(=O)Nc3ccc(OC)cc3)c2)cc1,0.3787878787878788,4839.0,[*]Oc1ccc(C(=O)Nc2ccc(Oc3ccc(Oc4ccc(NC(=O)c5ccc(Oc6ccc([*])cc6C)cc5)cc4)cc3)cc2)cc1,low
2041,[*]CC([*])CCCCN([N+](=O)O)C(=O)OC,True,True,False,500.0,0.5,313.7451171875,[*]CC([*])CCCCN([N+](=O)O)C(=O)OC,0.3684210526315789,7108.0,[*]CC([*])CCCCC,low
2042,[*]CC=CCCCCCOc1ccc(C(=O)NCC2CCN(OC(=O)CCCCCCOCCO[*])CC2)cc1,True,True,False,500.0,0.5,329.7974853515625,[*]CC=CCCCCCOc1ccc(C(=O)NCC2CCN(OC(=O)CCCCCCOCCO[*])CC2)cc1,0.32558139534883723,4619.0,[*]O[Si]([*])(C)CCCCCCCCCCC(=O)Oc1ccc(-c2ccc(OC(=O)c3ccc(OCCCCCCC)cc3)cc2)cc1,low
2044,[*]CC(CC)CNC(=O)CCCCCCCCC(=O)NCc1cc(C([*])C(C)(C)C#N)c([N+](=O)[O-])c(C)c1,True,True,False,500.0,0.5,390.3596496582031,[*]CC(CC)CNC(=O)CCCCCCCCC(=O)NCc1cc(C([*])C(C)(C)C#N)c([N+](=O)[O-])c(C)c1,0.3611111111111111,2776.0,[*]CNC(=O)CCCCC(=O)NCc1cc([*])cc(C(C)(C)C)c1,low
2045,[*]Cc1ccc(Oc2ccc(C(=O)N(CCCCNC(=O)c3ccc(Oc4ccc(C([*])=O)cc4)cc3)c3ccccc3S(=O)(=O)Oc3ccc(-c4ccccc4)cc3)cc2)cc1,True,True,False,500.0,0.5,420.1637573242188,[*]Cc1ccc(Oc2ccc(C(=O)N(CCCCNC(=O)c3ccc(Oc4ccc(C([*])=O)cc4)cc3)c3ccccc3S(=O)(=O)Oc3ccc(-c4ccccc4)cc3)cc2)cc1,0.4177215189873418,3511.0,[*]NCCCCCCNC(=O)c1ccc(C([*])=O)cc1Oc1ccc(-c2ccccc2)cc1,low
2047,[*]OC(=O)CCCCCCc1ccc(C([*])=O)cc1-CCN(CC(C)C)C(=O)[O-],True,True,False,500.0,0.5,352.85626220703125,[*]OC(=O)CCCCCCc1ccc(C([*])=O)cc1-CCN(CC(C)C)C(=O)[O-],0.3793103448275862,4184.0,[*]OC(=O)c1ccc(CCCCCCc2ccc(C([*])=O)cc2)cc1,low
2048,[*]COCCCCCCCCCP(=O)(NCc1ccc(NC(=O)O[*])cc1)c1ccc(CCCCCCCCCC)cc1,True,True,False,500.0,0.5,318.26953125,[*]COCCCCCCCCCP(=O)(NCc1ccc(NC(=O)O[*])cc1)c1ccc(CCCCCCCCCC)cc1,0.3582089552238806,3710.0,[*]Nc1ccc(CCCCc2ccc(NC(=O)OCCOC([*])=O)cc2)cc1,low
2049,[*]/C=C(\O)CO[SiH](=O)(CCCCCCCC)N([*])C(=O)CC(F)(F)F,True,True,False,500.0,0.5,317.8563842773437,[*]/C=C(\O)CO[SiH](=O)(CCCCCCCC)N([*])C(=O)CC(F)(F)F,0.2727272727272727,2612.0,[*]CCN([*])C(=O)CCCCCC,low
2050,[*]OCCCCCCNC(=O)c1ccc(-c2ccc(C(=O)O[Si]([*])(CCC)CC)cc2)cc1,True,True,False,500.0,0.5,369.3401489257813,[*]OCCCCCCNC(=O)c1ccc(-c2ccc(C(=O)O[Si]([*])(CCC)CC)cc2)cc1,0.43636363636363634,4304.0,[*]OCCCCCCCCCCCCOC(=O)c1ccc(-c2ccc(C([*])=O)cc2)cc1,low
2051,[*]Cc1ccc(OC(=O)Nc2ccc(CC([*])C)o2)cc1,True,True,False,500.0,0.5,350.0099182128906,[*]Cc1ccc(OC(=O)Nc2ccc(CC([*])C)o2)cc1,0.4222222222222222,3164.0,[*]Cc1ccc(OC([*])=O)cc1,low
2052,[*]O[Si]([*])(C)C(=O)Nc1ccc(Oc2cccc(N(CCCCC)C(=O)N3C(=O)c4ccccc4C3=O)c2)cc1,True,True,False,500.0,0.5,347.6244812011719,[*]O[Si]([*])(C)C(=O)Nc1ccc(Oc2cccc(N(CCCCC)C(=O)N3C(=O)c4ccccc4C3=O)c2)cc1,0.35365853658536583,2753.0,[*]CN1C(=O)c2ccc(C(=O)Nc3ccc(Oc4cccc(Oc5ccc(NC([*])=O)cc5)c4)cc3)cc2C1=O,low
2053,[*]CC([*])=C(CC)C(=O)OC(C)CCCCC[Si](C)(C)C,True,True,False,500.0,0.5,291.8686218261719,[*]CC([*])=C(CC)C(=O)OC(C)CCCCC[Si](C)(C)C,0.3673469387755102,7101.0,[*]CC([*])C(=O)OC(C)CCCCC,low
2054,[*]C(=O)Nc1ccc([*])c(NC(=O)c2ccc(C(=O)SNc3ccc(C#N)cc3)cc2)c1,True,True,False,500.0,0.5,497.0037231445313,[*]C(=O)Nc1ccc([*])c(NC(=O)c2ccc(C(=O)SNc3ccc(C#N)cc3)cc2)c1,0.3389830508474576,252.0,[*]C(=O)Nc1ccc(NC(=O)c2cc([*])cc(NC(=O)c3ccccc3)c2)cc1,low
2056,[*]C(=O)OCCCCOc1ccc(-c2ccc(C(=O)S[Si]([*])(C)CC)cc2)cc1,True,True,False,500.0,0.5,313.4110107421875,[*]C(=O)OCCCCOc1ccc(-c2ccc(C(=O)S[Si]([*])(C)CC)cc2)cc1,0.5098039215686274,4386.0,[*]OCCCCCCOC(=O)OCCCCCCOc1ccc(-c2ccc(OCCCCCCOC([*])=O)cc2)cc1,medium
2058,[*]CCCCCCCCN1C(=O)/C(C#N)=C/C(=O)N(c2ccc(CCc3ccc(O[*])cc3)cc2)OC1=O,True,True,False,500.0,0.5,,[*]CCCCCCCCN1C(=O)/C(C#N)=C/C(=O)N(c2ccc(CCc3ccc(O[*])cc3)cc2)OC1=O,0.30985915492957744,7149.0,[*]Oc1ccc(Oc2ccc(Oc3ccc4c(c3)C(=O)N(CCCCCCN3C(=O)c5ccc([*])cc5C3=O)C4=O)cc2)cc1,low
2059,[*]C([*])C(=O)Nc1ccc(C)cc1[Si](N)CCC(F)(F)F,True,True,False,500.0,0.5,390.3096923828125,[*]C([*])C(=O)Nc1ccc(C)cc1[Si](N)CCC(F)(F)F,0.2711864406779661,1728.0,[*]CC([*])C(=O)Oc1cccc(C)c1,low
2064,[*]CCCCCCC(=O)OCCN([*])CC=C,True,True,False,500.0,0.5,232.40269470214844,[*]CCCCCCC(=O)OCCN([*])CC=C,0.5128205128205128,2280.0,[*]CCCCCC(=O)OCCOC([*])=O,medium
2065,[*]CC([*])Oc1ccc(C(=O)c2ccc(OCCC(=O)CCCOc3ccc(C)cc3)cc2)cc1,True,True,False,500.0,0.5,327.9431457519531,[*]CC([*])Oc1ccc(C(=O)c2ccc(OCCC(=O)CCCOc3ccc(C)cc3)cc2)cc1,0.4489795918367347,1820.0,[*]CC([*])OC(=O)c1ccc(C)cc1,low
2066,[*]NC(=O)c1ccc(S(=O)(=O)c2ccc(C([*])(C)OC#N)cc2)c(F)c1Cl,True,True,False,500.0,0.5,470.5728759765625,[*]NC(=O)c1ccc(S(=O)(=O)c2ccc(C([*])(C)OC#N)cc2)c(F)c1Cl,0.2972972972972973,6396.0,[*]c1ccc(Oc2ccc(C(=O)Nc3ccc(Oc4ccc(S(=O)(=O)c5ccc(Oc6ccc(NC(=O)c7ccc(Oc8ccc(C(C)(C)c9ccc(C([*])(C)C)cc9)cc8)cc7)cc6)cc5)cc4)cc3)cc2)cc1,low
2067,[*]CC([*])COCCCCCCCCOc1ccc(C(=O)Oc2ccc(C=C(C)CCc3ccc(OC)cc3)cc2)cc1,True,True,False,500.0,0.5,324.4725646972656,[*]CC([*])COCCCCCCCCOc1ccc(C(=O)Oc2ccc(C=C(C)CCc3ccc(OC)cc3)cc2)cc1,0.5384615384615384,1657.0,[*]CC([*])C(=O)OCCCCCCOc1ccc(C(=O)Oc2ccc(OC)cc2)cc1,medium
2068,[*]CC(C)c1ccc([*])cc1Oc1ccc(/N=N/c2ccc(OC)cc2)cc1,True,True,False,500.0,0.5,427.4599304199219,[*]CC(C)c1ccc([*])cc1Oc1ccc(/N=N/c2ccc(OC)cc2)cc1,0.425531914893617,5403.0,[*]c1cc(/N=N/c2ccc(OC)cc2)cc([*])c1O,low
2069,[*]Oc1ccc(CNC(=O)/C(C)=C/c2ccc(OC(=O)CCCCC([*])=O)c(C(C)(C)C)c2)cc1C,True,True,False,500.0,0.5,413.6754150390625,[*]Oc1ccc(CNC(=O)/C(C)=C/c2ccc(OC(=O)CCCCC([*])=O)c(C(C)(C)C)c2)cc1C,0.3611111111111111,6031.0,[*]c1ccc(OC(=O)CCCCC(=O)Oc2ccc(C([*])(C)C)cc2C)c(C)c1,low
2070,[*]CNC(=O)c1ccc(OC(=O)c2ccc(P(=O)(NCCOc3ccc(NC([*])=O)cc3)c3ccc(Cl)cc3)cc2)cc1,True,True,False,500.0,0.5,492.1383972167969,[*]CNC(=O)c1ccc(OC(=O)c2ccc(P(=O)(NCCOc3ccc(NC([*])=O)cc3)c3ccc(Cl)cc3)cc2)cc1,0.375,3692.0,[*]Nc1ccc(C(c2ccc(NC(=O)c3ccc(OC(=O)c4ccc(C(=O)Oc5ccc(C([*])=O)cc5)cc4)cc3)cc2)(C(F)(F)F)C(F)(F)F)cc1,low
2072,[*]CC(O)CCCCCOc1ccc(OCC(=O)c2ccccc2NC(=O)CCCCCCC(=O)Oc2ccc(O[*])cc2)cc1,True,True,False,500.0,0.5,338.82574462890625,[*]CC(O)CCCCCOc1ccc(OCC(=O)c2ccccc2NC(=O)CCCCCCC(=O)Oc2ccc(O[*])cc2)cc1,0.35384615384615387,2394.0,[*]CCCCCCCCC(=O)Oc1ccc(OC([*])=O)cc1,low
2073,[*]Oc1ccc(NC(=O)c2ccc(OCCCCC(=O)NC3CC(C([*])=O)C3=O)cc2)cc1,True,True,False,500.0,0.5,449.2434387207031,[*]Oc1ccc(NC(=O)c2ccc(OCCCCC(=O)NC3CC(C([*])=O)C3=O)cc2)cc1,0.40298507462686567,3828.0,[*]Nc1ccc(OCCCCCCCCOc2ccc(NC(=O)c3cccc(C([*])=O)c3)cc2)cc1,low
2074,[*]C(=C)Oc1cc(C(CCCCCCCC)c2ccc(OC([*])(C)C#N)cc2)c(Br)cc1,True,True,False,500.0,0.5,332.3460388183594,[*]C(=C)Oc1cc(C(CCCCCCCC)c2ccc(OC([*])(C)C#N)cc2)c(Br)cc1,0.2753623188405797,1881.0,[*]CC([*])c1cc(Br)ccc1OCCCC,low
2075,[*]C=CC(=O)Nc1ccc(-c2ccc(C(=O)CCCCCCCC)cc2)nc1[*],True,True,False,500.0,0.5,429.4349060058594,[*]C=CC(=O)Nc1ccc(-c2ccc(C(=O)CCCCCCCC)cc2)nc1[*],0.39655172413793105,1918.0,[*]CC([*])c1ccc(C(=O)CCCCCCC)cc1,low
2076,[*]CC([*])C(=O)OC(=O)CCCCCC(=O)NC(CC)(C)C,True,True,False,500.0,0.5,288.6236572265625,[*]CC([*])C(=O)OC(=O)CCCCCC(=O)NC(CC)(C)C,0.3953488372093023,7240.0,[*]CC([*])C(=O)OC(C)(C)C,low
2077,[*]NC(=O)CCCCCC(=O)OCc1ccc(OCC)c(NC(=O)c2ccc(C([*])=O)cc2)c1,True,True,False,500.0,0.5,395.7610168457031,[*]NC(=O)CCCCCC(=O)OCc1ccc(OCC)c(NC(=O)c2ccc(C([*])=O)cc2)c1,0.3974358974358974,3386.0,[*]NC(=O)c1ccc(NC(=O)CCCCCCC(=O)Nc2ccc(C(=O)Nc3ccc([*])cc3C(=O)OCCCCCCCCCCCCCCCCCC)cc2)cc1,low
2078,[*]CC([*])c1ccc(C(=O)Nc2ccc(NC(=O)CCNc3ccccc3CN)cc2)cc1,True,True,False,500.0,0.5,413.67578125,[*]CC([*])c1ccc(C(=O)Nc2ccc(NC(=O)CCNc3ccccc3CN)cc2)cc1,0.4,1935.0,[*]CC([*])c1ccc(C(=O)c2ccccc2)cc1,low
2079,[*]OC1CCC(/C=N/c2ccc(-c3ccc([N+](=O)[O-])cc3)cc2)C(=[*])CC1(C)C,True,True,False,500.0,0.5,440.0968627929688,[*]OC1CCC(/C=N/c2ccc(-c3ccc([N+](=O)[O-])cc3)cc2)C(=[*])CC1(C)C,0.2753623188405797,1480.0,[*]CC([*])(C)C(=O)Oc1ccc(/N=N/c2ccc([N+](=O)[O-])cc2)cc1,low
2080,[*]CC(CC#N)COc1ccc(C(=O)OCC[Si]([*])(C)C)cc1,True,True,False,500.0,0.5,320.3490295410156,[*]CC(CC#N)COc1ccc(C(=O)OCC[Si]([*])(C)C)cc1,0.4153846153846154,2861.0,[*]COC(=O)c1ccc(C(=O)OC([*])COc2ccc(/N=N/c3ccc(C#N)cc3)cc2)cc1,low
2081,[*]OCCOC(=O)Nc1ccc(-c2ccc(CCCCCC(=O)OCCOCC)cc2)c(O[*])c1,True,True,False,500.0,0.5,307.0153503417969,[*]OCCOC(=O)Nc1ccc(-c2ccc(CCCCCC(=O)OCCOCC)cc2)c(O[*])c1,0.3939393939393939,3710.0,[*]Nc1ccc(CCCCc2ccc(NC(=O)OCCOC([*])=O)cc2)cc1,low
2082,[*]Nc1ccc(C(=O)Oc2ccc(NC(=O)c3ccc(C(F)(F)C([*])(F)F)cc3)cc2)cc1CC(F)(F)F,True,True,False,500.0,0.5,440.846435546875,[*]Nc1ccc(C(=O)Oc2ccc(NC(=O)c3ccc(C(F)(F)C([*])(F)F)cc3)cc2)cc1CC(F)(F)F,0.5074626865671642,3693.0,[*]Nc1ccc(C(c2ccc(NC(=O)c3ccc(OC(=O)c4cccc(C(=O)Oc5ccc(C([*])=O)cc5)c4)cc3)cc2)(C(F)(F)F)C(F)(F)F)cc1,medium
2083,[*]CCCCCCCCCNC(=O)c1c(C)cc(OCc2ccc(C([*])=O)cc2SSCCCC)c(OC)c1,True,True,False,500.0,0.5,370.7457580566406,[*]CCCCCCCCCNC(=O)c1c(C)cc(OCc2ccc(C([*])=O)cc2SSCCCC)c(OC)c1,0.3670886075949367,3452.0,[*]NCCCCCCCCCCCCNC(=O)c1ccc(C([*])=O)cc1Sc1ccccc1,low
2085,[*]c1ccc(NC(=O)CCCCCCCCC(=O)Nc2ccc(SCCCCCCC(=O)/N=C/c3ccc(C=[*])cc3)cc2)c(F)c1,True,True,False,500.0,0.5,389.9759216308594,[*]c1ccc(NC(=O)CCCCCCCCC(=O)Nc2ccc(SCCCCCCC(=O)/N=C/c3ccc(C=[*])cc3)cc2)c(F)c1,0.3372093023255814,3386.0,[*]NC(=O)c1ccc(NC(=O)CCCCCCC(=O)Nc2ccc(C(=O)Nc3ccc([*])cc3C(=O)OCCCCCCCCCCCCCCCCCC)cc2)cc1,low
2086,[*]Nc1cc(C)c(NC([*])(C)C(=O)CCCCCCC(=O)Nc2ccc(C#N)cc2)cc1,True,True,False,500.0,0.5,356.23760986328125,[*]Nc1cc(C)c(NC([*])(C)C(=O)CCCCCCC(=O)Nc2ccc(C#N)cc2)cc1,0.3968253968253968,3061.0,[*]Cc1ccc(NC(=O)CCCCCCCCC(=O)NC([*])(C)C)cc1,low
2087,[*]COC(=O)c1cccc(/N=C/c2ccc(OC(=O)Oc3ccc(C([*])=O)cc3)c([N+](=O)[O-])c2)c1,True,True,False,500.0,0.5,396.1912841796875,[*]COC(=O)c1cccc(/N=C/c2ccc(OC(=O)Oc3ccc(C([*])=O)cc3)c([N+](=O)[O-])c2)c1,0.38461538461538464,4832.0,[*]Oc1ccc(/N=N/c2ccc(Cc3ccc(/N=N/c4ccc(OC(=O)c5ccc(/N=N/c6ccc(C([*])=O)cc6)cc5)cc4)cc3[N+](=O)[O-])c([N+](=O)[O-])c2)cc1,low
2088,[*]CC([*])C(=O)OCc1ccc(CN2C(=O)CCCCCC2)cc1C(CC)OCC,True,True,False,500.0,0.5,320.6771850585937,[*]CC([*])C(=O)OCc1ccc(CN2C(=O)CCCCCC2)cc1C(CC)OCC,0.3333333333333333,1703.0,[*]CC([*])C(=O)OCc1ccccc1,low
2090,[*]NC(=O)OCc1cccc(NC(=O)CCCCC(=O)Nc2ccc(C(C)(C)c3ccc(C([*])=O)cc3)cc2)c1,True,True,False,500.0,0.5,429.4654235839844,[*]NC(=O)OCc1cccc(NC(=O)CCCCC(=O)Nc2ccc(C(C)(C)c3ccc(C([*])=O)cc3)cc2)c1,0.4375,3716.0,[*]Nc1ccc(CCc2cccc(NC(=O)c3ccc(C([*])=O)cc3)c2)cc1,low
2091,[*]C=CCCCCc1ccc(OC([*])=O)c(-c2ccccc2Br)c1,True,True,False,500.0,0.5,346.86065673828125,[*]C=CCCCCc1ccc(OC([*])=O)c(-c2ccccc2Br)c1,0.3389830508474576,340.0,[*]C(=O)Oc1ccc([*])cc1CCCCC,low
2092,[*]=Cc1ccc(/C=C(\C)c2cc(CCCCCCCCC)c([*])cc2CC)cc1,True,True,False,500.0,0.5,337.812255859375,[*]=Cc1ccc(/C=C(\C)c2cc(CCCCCCCCC)c([*])cc2CC)cc1,0.36507936507936506,984.0,[*]C=Cc1ccc(-c2ccc(C=Cc3cc(CCCCCCCCCC)c([*])cc3CCCCCCCCCC)nc2)cn1,low
2093,[*]CCC(=O)OCCCCOC(=O)c1ccc2cc(Cl)cc(NC([*])=O)c2c1,True,True,False,500.0,0.5,332.9093933105469,[*]CCC(=O)OCCCCOC(=O)c1ccc2cc(Cl)cc(NC([*])=O)c2c1,0.4727272727272727,2255.0,[*]CCCCC(=O)OCCCCOC(=O)c1ccc(C(=O)OCCCCOC([*])=O)cc1,low
2094,[*]O[Si]([*])(C)OCCCCC(=O)Oc1ccc(C2(c3ccc(OCCOC)c(/C=N/c4ccc(OC)cc4)c3)cc2)cc1,True,True,False,500.0,0.5,333.69140625,[*]O[Si]([*])(C)OCCCCC(=O)Oc1ccc(C2(c3ccc(OCCOC)c(/C=N/c4ccc(OC)cc4)c3)cc2)cc1,0.38095238095238093,2194.0,[*]CCCC(=O)Oc1ccc(/C=N/c2ccc(/N=C/c3ccc(OC(=O)CCC[Si](C)(C)O[Si]([*])(C)C)cc3)cc2)cc1,low
2095,[*]C(=O)c1ccc(C(C)(C)c2ccc(NC(=O)OCCCCOC([*])=O)cc2)cc1,True,True,False,500.0,0.5,353.711669921875,[*]C(=O)c1ccc(C(C)(C)c2ccc(NC(=O)OCCCCOC([*])=O)cc2)cc1,0.5510204081632653,3744.0,[*]Nc1ccc(Cc2ccc(NC(=O)OCCCCOC([*])=O)cc2)cc1,medium
2098,[*]CC([*])c1cc(C(=O)OCc2ccc(OC(=O)CSCCCC(=O)O[Na])cc2)cc(-c2nc([N+](=O)[O-])ccc2Cl)c1,True,True,False,500.0,0.5,382.5667724609375,[*]CC([*])c1cc(C(=O)OCc2ccc(OC(=O)CSCCCC(=O)O[Na])cc2)cc(-c2nc([N+](=O)[O-])ccc2Cl)c1,0.29545454545454547,1716.0,[*]CC([*])C(=O)Oc1ccc(C(=O)OCc2ccccc2)cc1,low
2100,[*]CCCCCCOS(=O)(=O)c1ccc(OCCSc2ccc([*])c(CC)c2)cc1,True,True,False,500.0,0.5,321.5723876953125,[*]CCCCCCOS(=O)(=O)c1ccc(OCCSc2ccc([*])c(CC)c2)cc1,0.32786885245901637,1995.0,[*]CC([*])c1ccc(S(=O)(=O)OCCC)cc1,low
2101,[*]N=P([*])(CCCCOC(=O)c1ccc(OCCCCCCOC)cc1)c1cccc(/N=C/c2ccc(C=O)cc2)c1,True,True,False,500.0,0.5,316.7930603027344,[*]N=P([*])(CCCCOC(=O)c1ccc(OCCCCCCOC)cc1)c1cccc(/N=C/c2ccc(C=O)cc2)c1,0.38961038961038963,4453.0,[*]OCCCCOCCCCOCCCCOC(=O)c1ccc(/N=C/c2ccc(/C=N/c3ccc(C([*])=O)cc3)cc2)cc1,low
2102,[*]CC([*])CCCCCC(=O)NC(C)=O,True,True,False,500.0,0.5,333.30810546875,[*]CC([*])CCCCCC(=O)NC(C)=O,0.45454545454545453,1760.0,[*]CC([*])CCCCCCCC,low
2104,[*]CC(Cc1ccccc1)c1ccc(C(=O)OC2CCC(=Cc3ccc([*])cc3)C2=O)cc1,True,True,False,500.0,0.5,393.8662109375,[*]CC(Cc1ccccc1)c1ccc(C(=O)OC2CCC(=Cc3ccc([*])cc3)C2=O)cc1,0.32857142857142857,1716.0,[*]CC([*])C(=O)Oc1ccc(C(=O)OCc2ccccc2)cc1,low
2105,[*]C#Cc1ccc(OCCC(C)CCC)cc1-c1ccc(N(C([*])=O)C(F)(F)F)cc1,True,True,False,500.0,0.5,386.5424499511719,[*]C#Cc1ccc(OCCC(C)CCC)cc1-c1ccc(N(C([*])=O)C(F)(F)F)cc1,0.2804878048780488,1883.0,[*]CC([*])c1cc(C(=O)OC)ccc1-c1ccc(OCCCCCCCC)cc1,low
2106,[*]CC(CCCCCCOC(=O)CCCCC(=O)OCCCCCCCN)CCO[*],True,True,False,500.0,0.5,235.53729248046875,[*]CC(CCCCCCOC(=O)CCCCC(=O)OCCCCCCCN)CCO[*],0.4318181818181818,2253.0,[*]CCCCC(=O)OCCCCCCOC([*])=O,low
2107,[*]CCCN(CCS(=O)(=O)O[Na])C(O[*])C(C)=O,True,True,False,500.0,0.5,320.5155029296875,[*]CCCN(CCS(=O)(=O)O[Na])C(O[*])C(C)=O,0.3333333333333333,2543.0,[*]CCCN([*])C(C)=O,low
2108,[*]C([*])c1ccc(-n2on2-c2ccc(OC(=O)CCCC(C)C)cc2)c(S(=O)(=O)O[Na])c1,True,True,False,500.0,0.5,384.4160461425781,[*]C([*])c1ccc(-n2on2-c2ccc(OC(=O)CCCC(C)C)cc2)c(S(=O)(=O)O[Na])c1,0.3125,3088.0,[*]Cc1ccc(OC(=O)CCCC(=O)Oc2ccc(CCC(=O)NC([*])C(=O)OCC(C)C)cc2)cc1,low
2109,[*]CC(CCCCN(C)c1ccccc1)C(=O)OCCCC(F)(F)C(=O)O[*],True,True,False,500.0,0.5,273.8560791015625,[*]CC(CCCCN(C)c1ccccc1)C(=O)OCCCC(F)(F)C(=O)O[*],0.421875,1322.0,[*]CC([*])(C)C(=O)OCCCCCCN(C)c1ccc(N(C)C)cc1,low
2110,[*]CC[Si]([*])(C)CCCCCCCOc1ccc(NC(C#N)CO)cc1,True,True,False,500.0,0.5,308.57147216796875,[*]CC[Si]([*])(C)CCCCCCCOc1ccc(NC(C#N)CO)cc1,0.43103448275862066,4639.0,[*]O[Si]([*])(C)CCCCCCOc1ccc(-c2ccc(C#N)cc2)cc1,low
2111,[*]CC([*])(CCCCCCC)C(=O)Oc1ccccc1OC(=O)c1ccc(S(=O)(=O)OC)cc1,True,True,False,500.0,0.5,337.1761474609375,[*]CC([*])(CCCCCCC)C(=O)Oc1ccccc1OC(=O)c1ccc(S(=O)(=O)OC)cc1,0.46296296296296297,1556.0,[*]CC([*])(CCCCCCCC)C(=O)OC,low
2112,[*]NCCCCCCCCc1ccc(N(C)C(=O)c2ccc(C([*])=O)cc2)c(C(=O)O[Na])c1,True,True,False,500.0,0.5,407.7499084472656,[*]NCCCCCCCCc1ccc(N(C)C(=O)c2ccc(C([*])=O)cc2)c(C(=O)O[Na])c1,0.4166666666666667,3461.0,[*]NCCCCCCCCCCNC(=O)c1ccc(Cc2ccc(C([*])=O)cc2)cc1,low
2113,[*]c1ccc(Oc2ccc(C(C)C([*])=O)c3ccc(C3)cc2)cc1,True,True,False,500.0,0.5,466.477783203125,[*]c1ccc(Oc2ccc(C(C)C([*])=O)c3ccc(C3)cc2)cc1,0.34,481.0,[*]C(=O)c1ccc(Oc2ccc(Oc3ccc(Oc4ccc([*])cc4)cc3)cc2)cc1,low
2114,[*]=Nc1ccc(S(=O)(=O)c2ccc(/C(C)=C/C(=O)Nc3cc(C)cc([*])c3-c3ccccc3)cc2)cc1,True,True,False,500.0,0.5,490.2893676757813,[*]=Nc1ccc(S(=O)(=O)c2ccc(/C(C)=C/C(=O)Nc3cc(C)cc([*])c3-c3ccccc3)cc2)cc1,0.2972972972972973,3643.0,[*]Nc1ccc(-c2ccccc2NC(=O)c2ccc(S(=O)(=O)c3ccc(C([*])=O)cc3)cc2)cc1,low
2115,[*]OC(=O)C([*])(Cc1ccc(S(=O)(=O)Oc2ccc(I)cc2)cc1)c1ccc(-c2ccccc2)cc1,True,True,False,500.0,0.5,446.0389709472656,[*]OC(=O)C([*])(Cc1ccc(S(=O)(=O)Oc2ccc(I)cc2)cc1)c1ccc(-c2ccccc2)cc1,0.3333333333333333,6253.0,[*]c1ccc(OS(=O)(=O)c2cccc(C(=O)c3cccc(S(=O)(=O)Oc4ccc(C([*])(C)C)cc4)c3)c2)cc1,low
2117,[*]N=[Si]([*])(C)OCCCC(=O)Nc1ccccc1NS(=O)(=O)c1ccc([Si](C#N)=O)cc1,True,True,False,500.0,0.5,355.6938781738281,[*]N=[Si]([*])(C)OCCCC(=O)Nc1ccccc1NS(=O)(=O)c1ccc([Si](C#N)=O)cc1,0.25675675675675674,2237.0,[*]CCCCC(=O)Nc1ccc(S(=O)(=O)c2ccc(NC([*])=O)cc2)cc1,low
2118,[*]CC([*])c1ccc(C(=O)CC(F)(F)C(F)(F)C(F)(F)F)c(N(CO)c2ccccc2)c1,True,True,False,500.0,0.5,384.566650390625,[*]CC([*])c1ccc(C(=O)CC(F)(F)C(F)(F)C(F)(F)F)c(N(CO)c2ccccc2)c1,0.37037037037037035,1987.0,[*]CC([*])c1ccc(N(c2ccccc2)c2ccccc2)cc1,low
2119,[*]CC(CCCCCN)COC(=O)c1ccc(C(=O)NCCCNC([*])=O)cc1,True,True,False,500.0,0.5,332.3515014648437,[*]CC(CCCCCN)COC(=O)c1ccc(C(=O)NCCCNC([*])=O)cc1,0.4807692307692308,3042.0,[*]Cc1ccc(C(=O)NCCCNC([*])=O)cc1,low
2122,[*]N=P([*])(OCCCCOc1ccc(OC)cc1)OC(=O)c1ccc2cc(C(=O)OC)ccc2c1COC(C)=O,True,True,False,500.0,0.5,315.81573486328125,[*]N=P([*])(OCCCCOc1ccc(OC)cc1)OC(=O)c1ccc2cc(C(=O)OC)ccc2c1COC(C)=O,0.36764705882352944,3281.0,[*]N=P([*])(Oc1ccc(C(=O)OC)cc1)Oc1ccc(C(=O)OC)cc1,low
2123,[*]Cc1ccc(CCCCc2ccc([Si]([*])C#C)cc2)cc1OC(C)C,True,True,False,500.0,0.5,358.92877197265625,[*]Cc1ccc(CCCCc2ccc([Si]([*])C#C)cc2)cc1OC(C)C,0.2982456140350877,1877.0,[*]CC([*])c1cc(Br)ccc1OC(C)C,low
2124,[*]CC([*])(C)Oc1ccc2ccc(c1)N(C(=CCCCCCC)C([2H])(O[Si](C)(C)C)C(C)C)C2=O,True,True,False,500.0,0.5,,[*]CC([*])(C)Oc1ccc2ccc(c1)N(C(=CCCCCCC)C([2H])(O[Si](C)(C)C)C(C)C)C2=O,0.25316455696202533,1278.0,[*]CC([*])(C)C(=O)OCCCCCCCC/C=C/CCCCCCCC,low
2126,[*]Oc1ccc(NC(=O)c2ccc([Si](C)(C)c3ccc(C(=O)NC(=O)S[*])cc3)c(-c3ccccc3)c2)cc1,True,True,False,500.0,0.5,507.6534729003906,[*]Oc1ccc(NC(=O)c2ccc([Si](C)(C)c3ccc(C(=O)NC(=O)S[*])cc3)c(-c3ccccc3)c2)cc1,0.4,4970.0,[*]Oc1ccc(NC(=O)c2ccc(C(=O)Nc3c(C)c(C)c([*])c(C)c3C)cc2)cc1,low
2127,[*]CCC(NC(=O)OCCCC(F)(F)C(=O)O[*])=C(C)CC,True,True,False,500.0,0.5,296.8772277832031,[*]CCC(NC(=O)OCCCC(F)(F)C(=O)O[*])=C(C)CC,0.32,1574.0,[*]CC([*])(F)C(=O)OCCC,low
2128,[*]CC([*])(C)C(=O)Oc1ccc(-c2ccc([N+](=O)[O-])cc2)c(C)c1,True,True,False,500.0,0.5,424.31353759765625,[*]CC([*])(C)C(=O)Oc1ccc(-c2ccc([N+](=O)[O-])cc2)c(C)c1,0.68,1499.0,[*]CC([*])(C)C(=O)Oc1ccc([N+](=O)[O-])c(C)c1,medium
2129,[*]CCC(CCCCC)C(=O)Oc1ccc(-c2ccc(CNC(=O)c3ccc4c(c3)C(=O)N([*])C4=O)cc2)c(OCc2ccccc2)c1,True,True,False,500.0,0.5,407.9131164550781,[*]CCC(CCCCC)C(=O)Oc1ccc(-c2ccc(CNC(=O)c3ccc4c(c3)C(=O)N([*])C4=O)cc2)c(OCc2ccccc2)c1,0.375,5594.0,[*]c1cc(OCCCC)cc(N2C(=O)c3ccc(C(=O)c4ccc5c(c4)C(=O)N([*])C5=O)cc3C2=O)c1,low
2130,[*]CC([*])C(=O)OCCCCCCCCC(=O)N([*])c1ccc(/C=C/C([2H])C(F)(F)C(F)(F)F)cc1,True,True,False,500.0,0.5,324.3446960449219,[*]CC([*])C(=O)OCCCCCCCCC(=O)N([*])c1ccc(/C=C/C([2H])C(F)(F)C(F)(F)F)cc1,0.3559322033898305,1625.0,[*]CC([*])C(=O)OCC(F)(F)C(F)(F)F,low
2131,[*]CC([*])C(=O)Oc1ccc(P(=O)(c2ccccc2)c2ccc(C(C)C)cc2C)cc1,True,True,False,500.0,0.5,380.0002746582031,[*]CC([*])C(=O)Oc1ccc(P(=O)(c2ccccc2)c2ccc(C(C)C)cc2C)cc1,0.5,1731.0,[*]CC([*])C(=O)Oc1ccccc1,medium
2133,[*]CCC(=O)c1ccc(Oc2ccc(C(=O)NNC(=O)c3ccc(-c4ccc(OCCCCCC)cc4)cc3)cc2)c([*])c1,True,True,False,500.0,0.5,431.0087890625,[*]CCC(=O)c1ccc(Oc2ccc(C(=O)NNC(=O)c3ccc(-c4ccc(OCCCCCC)cc4)cc3)cc2)c([*])c1,0.43661971830985913,4147.0,[*]OC(=O)CCCC(=O)Oc1cc(OC(=O)c2ccc(OCCCCCCCCCCCC)cc2)c([*])cc1OC(=O)c1ccc(OCCCCCCCCCCCC)cc1,low
2134,[*]C=C(CCCCC)C(=O)CCCSN1CCC(=[*])CC1,True,True,False,500.0,0.5,296.2440795898437,[*]C=C(CCCCC)C(=O)CCCSN1CCC(=[*])CC1,0.2692307692307692,2611.0,[*]CCN([*])C(=O)CCCCC,low
2135,[*]CCN([*])CCCCCCC(=O)NCCCCOC(=O)c1ccc(C#N)cc1,True,True,False,500.0,0.5,279.95458984375,[*]CCN([*])CCCCCCC(=O)NCCCCOC(=O)c1ccc(C#N)cc1,0.46153846153846156,1642.0,[*]CC([*])C(=O)OCCCCCCCCCCCCOC(=O)c1ccc(OC(=O)c2ccc(C#N)cc2)cc1,low
2137,[*]Cc1cc(OC(=O)N[*])c(C)cc1[PH](C)(C)=O,True,True,False,500.0,0.5,454.18548583984375,[*]Cc1cc(OC(=O)N[*])c(C)cc1[PH](C)(C)=O,0.3269230769230769,3163.0,[*]Cc1ccc(OC(=O)Oc2ccc([*])cc2C)c(C)c1,low
2139,[*]COc1ccc(C(OC(=O)CCCCCC)(C([*])=O)c2ccccc2)cc1,True,True,False,500.0,0.5,330.234619140625,[*]COc1ccc(C(OC(=O)CCCCCC)(C([*])=O)c2ccccc2)cc1,0.4482758620689655,6034.0,[*]c1ccc(OC(=O)CCCCCCCCC(=O)Oc2ccc(C([*])(CC)c3ccccc3)cc2)cc1,low
2140,[*]CCCCCCCN1C(=O)c2ccc(C(=O)N[*])cc2C1=O,True,True,False,500.0,0.5,389.0118103027344,[*]CCCCCCCN1C(=O)c2ccc(C(=O)N[*])cc2C1=O,0.62,2472.0,[*]CCCCCCCCCCCN1C(=O)c2ccc(C(=O)Oc3ccc(OC([*])=O)cc3)cc2C1=O,medium
2142,[*]Oc1cc(OC)c([*])cc1OC(=O)c1ccc(OCCCP(=O)(CCCC)c2ccc(OC)cc2)cc1,True,True,False,500.0,0.5,345.1531982421875,[*]Oc1cc(OC)c([*])cc1OC(=O)c1ccc(OCCCP(=O)(CCCC)c2ccc(OC)cc2)cc1,0.5454545454545454,4145.0,[*]OC(=O)CCCC(=O)Oc1cc(OC(=O)c2ccc(OCCCC)cc2)c([*])cc1OC(=O)c1ccc(OCCCC)cc1,medium
2143,[*]CC(O)CSCCN([*])C(=O)OCCCCC,True,True,False,500.0,0.5,241.4605255126953,[*]CC(O)CSCCN([*])C(=O)OCCCCC,0.4222222222222222,1638.0,[*]CC([*])C(=O)OCCCCC,low
2144,[*]Oc1ccc(/C=N/c2ccc(OC(=O)CCC(=O)Oc3ccc(-c4ccc(C([*])=O)cc4)cc3)c([N+](=O)[O-])c2)cc1,True,True,False,500.0,0.5,415.704833984375,[*]Oc1ccc(/C=N/c2ccc(OC(=O)CCC(=O)Oc3ccc(-c4ccc(C([*])=O)cc4)cc3)c([N+](=O)[O-])c2)cc1,0.5,4832.0,[*]Oc1ccc(/N=N/c2ccc(Cc3ccc(/N=N/c4ccc(OC(=O)c5ccc(/N=N/c6ccc(C([*])=O)cc6)cc5)cc4)cc3[N+](=O)[O-])c([N+](=O)[O-])c2)cc1,medium
2145,[*]N=Nc1ccc(C(=O)Oc2ccc(NC(=O)c3ccc(N4C(=O)c5ccc([*])cc5C4=O)cc3)cc2)c(F)c1,True,True,False,500.0,0.5,537.7023315429688,[*]N=Nc1ccc(C(=O)Oc2ccc(NC(=O)c3ccc(N4C(=O)c5ccc([*])cc5C4=O)cc3)cc2)c(F)c1,0.5066666666666667,6505.0,[*]c1ccc(Oc2ccc(NC(=O)c3ccc(N4C(=O)c5ccc(C(=O)Nc6ccc(Oc7ccc(C([*])(C)C)cc7)cc6)cc5C4=O)cc3)cc2)cc1,medium
2146,[*]CC([*])CCCCNC(=O)C(CC)C(C)(C)C#N,True,True,False,500.0,0.5,371.57373046875,[*]CC([*])CCCCNC(=O)C(CC)C(C)(C)C#N,0.40816326530612246,1103.0,[*]CC(CC)C(=O)NCCCCCCNC(=O)C([*])CC,low
2147,[*]CC(N)c1ccc(C2(OC(=O)CCCCCC([*])=O)OC2=O)cc1,True,True,False,500.0,0.5,354.9167785644531,[*]CC(N)c1ccc(C2(OC(=O)CCCCCC([*])=O)OC2=O)cc1,0.3050847457627119,2307.0,[*]CCCCCCC(=O)OCCOC(=O)c1ccc(C(=O)OCCOC([*])=O)cc1,low
2148,[*]Cc1ccc(C(=O)c2ccc(Oc3ccc(P([*])(=O)=O)cc3)cc2)c(CCCCCCCC)c1,True,True,False,500.0,0.5,392.8737182617188,[*]Cc1ccc(C(=O)c2ccc(Oc3ccc(P([*])(=O)=O)cc3)cc2)c(CCCCCCCC)c1,0.35,394.0,[*]C(=O)c1ccc(C(=O)c2ccc(Oc3ccc(Cc4ccc(Oc5ccc([*])cc5)cc4)cc3)cc2)cc1,low
2149,[*]Oc1ccc(CCC(=O)Oc2ccc(/C=N/c3cc([*])cc([N+](=O)[O-])c3)cc2)cc1,True,True,False,500.0,0.5,429.06884765625,[*]Oc1ccc(CCC(=O)Oc2ccc(/C=N/c3cc([*])cc([N+](=O)[O-])c3)cc2)cc1,0.38333333333333336,5049.0,[*]Oc1ccc(Oc2ccc(/C=N/c3ccc(/N=C/c4ccc([*])cc4)cc3)cc2)cc1,low
2152,[*]CCC(F)(F)COC(=O)CCCCCCCCC(=O)Oc1ccc(C(C)(C)C([*])=C(C)C)cc1,True,True,False,500.0,0.5,287.2483215332031,[*]CCC(F)(F)COC(=O)CCCCCCCCC(=O)Oc1ccc(C(C)(C)C([*])=C(C)C)cc1,0.45614035087719296,6033.0,[*]c1ccc(OC(=O)CCCCCCCCC(=O)Oc2ccc(C([*])(C)C)cc2)cc1,low
2153,[*]C=C(Cc1ccccc1)c1ccc(/N=N/CCC(=O)Nc2ccc(C([*])(C)C)cc2)cc1,True,True,False,500.0,0.5,420.3088073730469,[*]C=C(Cc1ccccc1)c1ccc(/N=N/CCC(=O)Nc2ccc(C([*])(C)C)cc2)cc1,0.4,5999.0,[*]c1ccc(NC(=O)c2cc(NC(=O)c3ccccc3)cc(C(=O)Nc3ccc(C([*])(C)C)cc3)c2)cc1,low
2154,[*]OC(CO)c1ccc(P([*])(=O)c2ccc(I)cc2)cc1,True,True,False,500.0,0.5,410.45745849609375,[*]OC(CO)c1ccc(P([*])(=O)c2ccc(I)cc2)cc1,0.325,1986.0,[*]CC([*])c1ccc(I)cc1,low
2155,[*]N=C(COC(=O)c1ccc(-c2ccccc2C(=O)OCc2cccc(C([*])=O)c2)cc1)c1ccccc1,True,True,False,500.0,0.5,388.29046630859375,[*]N=C(COC(=O)c1ccc(-c2ccccc2C(=O)OCc2cccc(C([*])=O)c2)cc1)c1ccccc1,0.4166666666666667,4547.0,[*]OCc1ccc(COC(=O)c2cccc(C([*])=O)c2)cc1,low
2156,[*]CC([*])(C)C(=O)NCCCNC(=O)OCc1ccc(CCOCC)cc1,True,True,False,500.0,0.5,330.0334777832031,[*]CC([*])(C)C(=O)NCCCNC(=O)OCc1ccc(CCOCC)cc1,0.45161290322580644,1450.0,[*]CC([*])(C)C(=O)OCc1ccc(OCCOCC)c(OCCOCC)c1,low
2159,[*]Oc1ccc(C(Cl)(c2cccc(O[Si]([*])=O)c2)c2ccc(C(C)C)cc2)cc1,True,True,False,500.0,0.5,390.4591369628906,[*]Oc1ccc(C(Cl)(c2cccc(O[Si]([*])=O)c2)c2ccc(C(C)C)cc2)cc1,0.32142857142857145,4864.0,[*]Oc1ccc(C(c2ccc(OC([*])=O)cc2)C(Cl)(Cl)Cl)cc1,low
2160,[*]CC([*])C(=O)NCCCCCCNC(=O)Oc1ccc(-c2ccc(COCCCC)cc2)c2ccccc12,True,True,False,500.0,0.5,323.339111328125,[*]CC([*])C(=O)NCCCCCCNC(=O)Oc1ccc(-c2ccc(COCCCC)cc2)c2ccccc12,0.43333333333333335,1592.0,[*]CC([*])C(=O)NCCCCCCCC,low
2162,[*]CCCCN(CCCCCC)C(=O)C(OCc1ccc(OC(=O)CCCCCCC(C)=O)cc1)C(O)C([*])=O,True,True,False,500.0,0.5,312.1172790527344,[*]CCCCN(CCCCCC)C(=O)C(OCc1ccc(OC(=O)CCCCCCC(C)=O)cc1)C(O)C([*])=O,0.4262295081967213,2394.0,[*]CCCCCCCCC(=O)Oc1ccc(OC([*])=O)cc1,low
2163,[*]=Nc1ccc(C=C(C(=O)NC)c2ccc(N([*])CCCC)cc2)cc1,True,True,False,500.0,0.5,401.1743774414063,[*]=Nc1ccc(C=C(C(=O)NC)c2ccc(N([*])CCCC)cc2)cc1,0.49019607843137253,409.0,[*]C(=O)c1ccc(N([*])CCCC)cc1,low
2164,[*]CCCCCCCN(CCCCC)OC(=O)c1ccc(C(=[*])OC#N)cc1,True,True,False,500.0,0.5,322.1098937988281,[*]CCCCCCCN(CCCCC)OC(=O)c1ccc(C(=[*])OC#N)cc1,0.38181818181818183,2491.0,[*]CCCCCCCCN(C)c1ccc(C(=O)c2ccc(N([*])C)cc2)cc1,low
2165,[*]CC(OC)c1ccc(-c2nnc([*])c(OS(=O)(=O)C(F)(F)C(F)(F)F)c2)cc1,True,True,False,500.0,0.5,434.40179443359375,[*]CC(OC)c1ccc(-c2nnc([*])c(OS(=O)(=O)C(F)(F)C(F)(F)F)c2)cc1,0.23880597014925373,1989.0,[*]CC([*])c1ccc(OC(C)=O)c(OC)c1,low
2166,[*]Nc1ccc(OC(=O)c2cccc(C(=O)CCCCCCOc3ccc(SC(=O)c4ccc([*])cc4)cc3)c2)c(Cl)c1,True,True,False,500.0,0.5,348.7129211425781,[*]Nc1ccc(OC(=O)c2cccc(C(=O)CCCCCCOc3ccc(SC(=O)c4ccc([*])cc4)cc3)c2)c(Cl)c1,0.4,3828.0,[*]Nc1ccc(OCCCCCCCCOc2ccc(NC(=O)c3cccc(C([*])=O)c3)cc2)cc1,low
2167,[*][Si]([*])(C)CCCCCOc1ccc(C=C([N+](=O)[O-])C(=O)c2ccccc2)cc1,True,True,False,500.0,0.5,382.3169860839844,[*][Si]([*])(C)CCCCCOc1ccc(C=C([N+](=O)[O-])C(=O)c2ccccc2)cc1,0.4246575342465753,4643.0,[*]O[Si]([*])(C)CCCCCCOc1ccc(C(=O)Oc2ccc(C(=O)Oc3ccc(C=C(C(=O)OCCCCCCCCC)C(=O)OCCCCCCCCC)cc3)cc2)cc1,low
2168,[*]CCCCCCOC(=O)OCCCCCc1ccc(O[*])cc1-c1ccccc1,True,True,False,500.0,0.5,308.99493408203125,[*]CCCCCCOC(=O)OCCCCCc1ccc(O[*])cc1-c1ccccc1,0.39285714285714285,4386.0,[*]OCCCCCCOC(=O)OCCCCCCOc1ccc(-c2ccc(OCCCCCCOC([*])=O)cc2)cc1,low
2169,[*]NCc1ccc(OCCCCCCCCOC(=O)Cc2ccc(NC(=O)CCCCCCC([*])=O)cc2Cl)c(C)c1,True,True,False,500.0,0.5,339.9140014648437,[*]NCc1ccc(OCCCCCCCCOC(=O)Cc2ccc(NC(=O)CCCCCCC([*])=O)cc2Cl)c(C)c1,0.352112676056338,3556.0,[*]NCc1ccc(CNC(=O)OCCCCCCCCCCCCCCCCOC([*])=O)cc1,low
2170,[*]CO[Si]([*])(CCC(C)OC)c1ccc(F)cc1,True,True,False,500.0,0.5,272.35650634765625,[*]CO[Si]([*])(CCC(C)OC)c1ccc(F)cc1,0.27906976744186046,7285.0,[*]CC([*])c1ccc(F)cc1,low
2171,[*]Nc1ccc(C(F)(F)F)cc1-c1ccccc1Oc1ccc(/N=N/c2ccc(C([*])=O)cc2)c(C#N)c1,True,True,False,500.0,0.5,473.5812683105469,[*]Nc1ccc(C(F)(F)F)cc1-c1ccccc1Oc1ccc(/N=N/c2ccc(C([*])=O)cc2)c(C#N)c1,0.4025974025974026,484.0,[*]C(=O)c1ccc(Oc2ccc(Oc3ccc([*])cc3)cc2-c2cccc(C(F)(F)F)c2)cc1,low
2173,[*]CCCCCCCOc1ccc(C(=O)Oc2cccc(/C=C/CCCN([*])c3ccccc3)c2)cc1,True,True,False,500.0,0.5,343.77691650390625,[*]CCCCCCCOc1ccc(C(=O)Oc2cccc(/C=C/CCCN([*])c3ccccc3)c2)cc1,0.4,1285.0,[*]CC([*])(C)C(=O)OCCCCCCCCCCCCOc1ccc2cc(C(=O)Oc3ccccc3)ccc2c1,low
2174,[*]C(=O)NCCCCCCCCNC(=O)OCCCCCCOC(=O)N1CCCCC(NCCC([*])=O)C(C)(C)C1,True,True,False,500.0,0.5,332.044189453125,[*]C(=O)NCCCCCCCCNC(=O)OCCCCCCOC(=O)N1CCCCC(NCCC([*])=O)C(C)(C)C1,0.3709677419354839,3455.0,[*]NCCCCCCCCCCNC(=O)OCCCCCCCCCCCCCCCCOC([*])=O,low
2175,[*]CCOc1ccc(C(CCOc2ccc(OC#N)cc2)c2ccc([*])cc2)cc1,True,True,False,500.0,0.5,364.2987060546875,[*]CCOc1ccc(C(CCOc2ccc(OC#N)cc2)c2ccc([*])cc2)cc1,0.375,1991.0,[*]CC([*])c1ccc(OCCC(C)C)cc1,low
2176,[*]CC(=O)C1C(O)C([*])C(=O)OCCCCCC1C,True,True,False,500.0,0.5,427.5338134765625,[*]CC(=O)C1C(O)C([*])C(=O)OCCCCCC1C,0.2727272727272727,1220.0,[*]CC([*])(C)C(=O)OC1CCCCC1C,low
2177,[*]C(=[*])c1ccc(OCCC[Si](C)(C)C(=O)Oc2ccccc2)cc1,True,True,False,500.0,0.5,325.05426025390625,[*]C(=[*])c1ccc(OCCC[Si](C)(C)C(=O)Oc2ccccc2)cc1,0.46296296296296297,4671.0,[*]O[Si]([*])(C)CCCOc1ccc(C(=O)Oc2ccc(C(=O)Oc3ccc(OC)cc3)cc2)cc1,low
2178,[*]Oc1ccc(C(C)(C)c2ccc(OC(=O)CCCC[Si]([*])(C)C)cc2)cc1-c1ccc(-c2ccccc2)cc1,True,True,False,500.0,0.5,356.6638488769531,[*]Oc1ccc(C(C)(C)c2ccc(OC(=O)CCCC[Si]([*])(C)C)cc2)cc1-c1ccc(-c2ccccc2)cc1,0.410958904109589,4618.0,[*]O[Si]([*])(C)CCCCCCCCCCC(=O)Oc1ccc(-c2ccc(OC(=O)c3ccc(OCC)cc3)cc2)cc1,low
2179,[*]/C=N/c1c(C)cc(OCCOC(=O)c2ccc(O[*])c(C(C)(C)C)c2)cc1C(F)(F)F,True,True,False,500.0,0.5,399.00921630859375,[*]/C=N/c1c(C)cc(OCCOC(=O)c2ccc(O[*])c(C(C)(C)C)c2)cc1C(F)(F)F,0.36764705882352944,6239.0,[*]c1ccc(OCCOC(=O)c2ccc(C(=O)OCCOc3ccc(C([*])(C)C)cc3)cc2)cc1,low
2180,[*]CC(=O)Nc1ccc(OCC(O)COc2cccc(NC(=O)/C=C/c3ccc(C([*])=O)cc3C)c2)cc1,True,True,False,500.0,0.5,430.4905090332031,[*]CC(=O)Nc1ccc(OCC(O)COc2cccc(NC(=O)/C=C/c3ccc(C([*])=O)cc3C)c2)cc1,0.4358974358974359,6200.0,[*]c1ccc(OCC(O)COc2cccc(NC(=O)CCCC(=O)Nc3cccc(OCC(O)COc4ccc(C([*])(C)C)cc4)c3)c2)cc1,low
2181,[*]C(=O)c1ccc(CNc2ccc(NCCCCCCNC(=O)c3ccc(C([*])=O)cc3)cc2)cc1,True,True,False,500.0,0.5,422.8326110839844,[*]C(=O)c1ccc(CNc2ccc(NCCCCCCNC(=O)c3ccc(C([*])=O)cc3)cc2)cc1,0.6136363636363636,3461.0,[*]NCCCCCCCCCCNC(=O)c1ccc(Cc2ccc(C([*])=O)cc2)cc1,medium
2182,[*]Cc1nc(SSCCCC)c([*])c(C)c1O,True,True,False,500.0,0.5,338.2017517089844,[*]Cc1nc(SSCCCC)c([*])c(C)c1O,0.24444444444444444,1862.0,[*]CC([*])SCCCC,low
2183,[*]CC([*])c1ccc(CNC(=O)OCCCCCOP(=O)(OC)c2ccc(/N=N/c3ccc([N+](=O)[O-])cc3)cc2)cc1,True,True,False,500.0,0.5,340.6661376953125,[*]CC([*])c1ccc(CNC(=O)OCCCCCOP(=O)(OC)c2ccc(/N=N/c3ccc([N+](=O)[O-])cc3)cc2)cc1,0.4533333333333333,1655.0,[*]CC([*])C(=O)OCCCCCCOc1ccc(/N=N/c2ccc([N+](=O)[O-])cc2)cc1,low
2184,[*]CC([*])=C(CCCC)C(=O)OCCCCCCCOc1ccccc1,True,True,False,500.0,0.5,288.401123046875,[*]CC([*])=C(CCCC)C(=O)OCCCCCCCOc1ccccc1,0.41379310344827586,1331.0,[*]CC([*])(C)C(=O)OCCCCCCOc1ccc(/N=N/c2ccc(OCCCC)cc2)cc1,low
2185,[*]Oc1ccc(C(C)(O[Si]([*])(C)c2cc([2H])ccc2)c2cc(C)c(OCCCCC)c([N+](=O)[O-])c2C)cc1,True,True,False,500.0,0.5,340.3045349121094,[*]Oc1ccc(C(C)(O[Si]([*])(C)c2cc([2H])ccc2)c2cc(C)c(OCCCCC)c([N+](=O)[O-])c2C)cc1,0.2916666666666667,5039.0,[*]Oc1ccc(O[Si]([*])(C)c2ccccc2)cc1,low
2188,[*]Cc1ccc(-c2ccc(C=[*])cc2CCCCC)cc1,True,True,False,500.0,0.5,316.7008056640625,[*]Cc1ccc(-c2ccc(C=[*])cc2CCCCC)cc1,0.3559322033898305,5735.0,[*]c1ccc(-c2ccc3ccc4ccc(-c5ccc(-c6cc(CCCCCC)c([*])cc6CCCCCC)cc5)nc4c3n2)cc1,low
2189,[*]C=Cc1ccc(NC(CCl)CC(=O)N([*])c2ccc(C(C)(C)C)cc2)cc1,True,True,False,500.0,0.5,425.0767517089844,[*]C=Cc1ccc(NC(CCl)CC(=O)N([*])c2ccc(C(C)(C)C)cc2)cc1,0.3076923076923077,988.0,[*]C=Cc1ccc(/C=C/C(=O)Nc2ccc(Cc3ccc(NC([*])=O)cc3)cc2)cc1,low
2192,[*]O[Si](C)(C)c1ccc(NC(=O)c2ccccc2)cc1C([*])C,True,True,False,500.0,0.5,359.76531982421875,[*]O[Si](C)(C)c1ccc(NC(=O)c2ccccc2)cc1C([*])C,0.3888888888888889,252.0,[*]C(=O)Nc1ccc(NC(=O)c2cc([*])cc(NC(=O)c3ccccc3)c2)cc1,low
2194,[*]CCN(C)C(=O)OCCCCCCCNC(=O)Cc1ccc(CC([*])C(=O)N(F)C(F)(F)F)cc1,True,True,False,500.0,0.5,319.6371459960937,[*]CCN(C)C(=O)OCCCCCCCNC(=O)Cc1ccc(CC([*])C(=O)N(F)C(F)(F)F)cc1,0.38461538461538464,2721.0,[*]CCc1ccc(CC(=O)NCCCCCCNC([*])=O)cc1,low
2195,[*]C(=O)Nc1ccc(NCCCCCCCS(=O)(=O)c2ccc(N=[*])cc2)cc1,True,True,False,500.0,0.5,347.6136169433594,[*]C(=O)Nc1ccc(NCCCCCCCS(=O)(=O)c2ccc(N=[*])cc2)cc1,0.4074074074074074,2277.0,[*]CCCCCC(=O)Nc1ccc(S(=O)(=O)c2ccc(NC([*])=O)cc2)cc1,low
2196,[*]Nc1ccc(NC(=O)c2ccc(C(=O)Oc3ccc(C=Cc4ccc(C([*])=O)cc4)cc3)cc2)cc1,True,True,False,500.0,0.5,500.8995666503906,[*]Nc1ccc(NC(=O)c2ccc(C(=O)Oc3ccc(C=Cc4ccc(C([*])=O)cc4)cc3)cc2)cc1,0.7,3692.0,[*]Nc1ccc(C(c2ccc(NC(=O)c3ccc(OC(=O)c4ccc(C(=O)Oc5ccc(C([*])=O)cc5)cc4)cc3)cc2)(C(F)(F)F)C(F)(F)F)cc1,medium
2198,[*]C=Cc1ccc(OCCCC)cc1NS(=O)(=O)Cc1ccc(CC(=O)N[*])cc1,True,True,False,500.0,0.5,378.6184387207031,[*]C=Cc1ccc(OCCCC)cc1NS(=O)(=O)Cc1ccc(CC(=O)N[*])cc1,0.3333333333333333,1014.0,[*]C=Cc1ccc(OCCCCCCCCOc2ccc(/C=C/c3cc(OCCCCCCCC)c([*])cc3OCCCCCCCC)cc2)cc1,low
2199,[*]CCCCCCN1C(=O)C(C(=O)NC([*])(C)CCCCN1C)C(=O)O,True,True,False,500.0,0.5,371.9574279785156,[*]CCCCCCN1C(=O)C(C(=O)NC([*])(C)CCCCN1C)C(=O)O,0.3064516129032258,2205.0,[*]CCCC1(C)CCN(C(=O)CCC(=O)N2CCC([*])(C)CC2)CC1,low
2200,[*]C=C([*])C#CCNC(F)(F)C(F)(F)C(F)(F)C(F)(F)F,True,True,False,500.0,0.5,334.2728881835937,[*]C=C([*])C#CCNC(F)(F)C(F)(F)C(F)(F)C(F)(F)F,0.2391304347826087,1203.0,[*]CC([*])(C)C(=O)OC(F)(F)C(F)(F)C(F)(F)C(F)(F)C(F)(F)C(F)(F)C(F)(F)C(F)(F)F,low
2201,[*]C=CCCc1ccc([*])c(N[Se](=O)O)c1,True,True,False,500.0,0.5,435.95904541015625,[*]C=CCCc1ccc([*])c(N[Se](=O)O)c1,0.22033898305084745,988.0,[*]C=Cc1ccc(/C=C/C(=O)Nc2ccc(Cc3ccc(NC([*])=O)cc3)cc2)cc1,low
2202,[*]CC([*])(C)C(=O)OCCCCC/C=C(/[*])c1ccc(OCCI)cc1,True,True,False,500.0,0.5,317.5654296875,[*]CC([*])(C)C(=O)OCCCCC/C=C(/[*])c1ccc(OCCI)cc1,0.5862068965517241,1305.0,[*]CC([*])(C)C(=O)OCCCCCCCCCCOc1ccc(OC(=O)c2ccc(OCCCC)cc2)cc1,medium
2203,[*]Nc1ccc(C(OC)C([*])OCCCCC[Si](C)(C)C)cc1,True,True,False,500.0,0.5,324.4999389648437,[*]Nc1ccc(C(OC)C([*])OCCCCC[Si](C)(C)C)cc1,0.2833333333333333,3736.0,[*]Nc1ccc(Cc2ccc(NC(=O)OCCCCCCCCCCCCCCCCOC([*])=O)cc2)cc1,low
2204,[*]Nc1cc(C(=O)Oc2ccc(S(=O)(=O)c3cccc(Sc4ccc([*])cc4)c3)cc2)cc(C(C)(C)CCC(F)(F)F)c1,True,True,False,500.0,0.5,429.7978820800781,[*]Nc1cc(C(=O)Oc2ccc(S(=O)(=O)c3cccc(Sc4ccc([*])cc4)c3)cc2)cc(C(C)(C)CCC(F)(F)F)c1,0.4305555555555556,6110.0,[*]c1ccc(OC(=O)c2ccc(S(=O)(=O)c3ccc(C(=O)Oc4ccc(C([*])(C)C)cc4)cc3)cc2)cc1,low
2205,[*]NC(=O)c1ccc(Oc2ccc([*])cc2)c(-c2ccc(CCCC)cc2)c1,True,True,False,500.0,0.5,475.30023193359375,[*]NC(=O)c1ccc(Oc2ccc([*])cc2)c(-c2ccc(CCCC)cc2)c1,0.4745762711864407,483.0,[*]C(=O)c1ccc(Oc2ccc(Oc3ccc([*])cc3)cc2-c2ccc(Oc3ccccc3)cc2)cc1,low
2206,[*]C([*])C(=O)OCCCCCCCCCC[Si](C)(C)CC1CC(N)C(=O)CCCC1,True,True,False,500.0,0.5,302.9668884277344,[*]C([*])C(=O)OCCCCCCCCCC[Si](C)(C)CC1CC(N)C(=O)CCCC1,0.30158730158730157,1267.0,[*]CC([*])(C)C(=O)OCCCCC1CCCCC1,low
2207,[*]CC([*])C(=O)NCCCCCC1CCC(OC(=O)CC)C(-c2ccccc2C)C1,True,True,False,500.0,0.5,308.962158203125,[*]CC([*])C(=O)NCCCCCC1CCC(OC(=O)CC)C(-c2ccccc2C)C1,0.39344262295081966,1592.0,[*]CC([*])C(=O)NCCCCCCCC,low
2209,[*]/C=C(/[*])c1ccc(C(=O)NOC(=O)C(F)(F)C(F)(F)C(F)(F)F)cc1,True,True,False,500.0,0.5,346.8796081542969,[*]/C=C(/[*])c1ccc(C(=O)NOC(=O)C(F)(F)C(F)(F)C(F)(F)F)cc1,0.34146341463414637,861.0,[*]C=C([*])c1ccccc1,low
2210,[*]CC([*])c1cc(C(=O)OCCCCCCOc2ccc(C(=O)/C=C/c3ccc(C#N)cc3)cc2)ccc1S(=O)(=O)C(=O)Nc1ccc(OC(C)=O)cc1,True,True,False,500.0,0.5,391.5404052734375,[*]CC([*])c1cc(C(=O)OCCCCCCOc2ccc(C(=O)/C=C/c3ccc(C#N)cc3)cc2)ccc1S(=O)(=O)C(=O)Nc1ccc(OC(C)=O)cc1,0.4235294117647059,1642.0,[*]CC([*])C(=O)OCCCCCCCCCCCCOC(=O)c1ccc(OC(=O)c2ccc(C#N)cc2)cc1,low
2213,[*]COCCCC[Si](C)(C)Cc1ccc(NC(=O)C([*])=O)cc1,True,True,False,500.0,0.5,305.1386108398437,[*]COCCCC[Si](C)(C)Cc1ccc(NC(=O)C([*])=O)cc1,0.3448275862068966,2534.0,[*]CCCCOCCCCC(=O)NCc1ccc(CNC([*])=O)cc1,low
2215,[*]CC(O[*])c1ccc(C(=O)O[Si](C)(C)CCCC)cc1,True,True,False,500.0,0.5,313.4418334960937,[*]CC(O[*])c1ccc(C(=O)O[Si](C)(C)CCCC)cc1,0.45098039215686275,1930.0,[*]CC([*])c1ccc(C(=O)OCCCC)cc1,low
2217,[*]CC(C)(CCCCC(=O)N[Na])C([*])C,True,True,False,500.0,0.5,296.58599853515625,[*]CC(C)(CCCCC(=O)N[Na])C([*])C,0.40425531914893614,2774.0,[*]CNC(=O)CCCCC(=O)NCCC(C)(C)CC([*])C,low
2218,[*]CC([*])(COCCCCCC)C(=O)OCC(C)CCCS(=O)(=O)COC,True,True,False,500.0,0.5,332.4866027832031,[*]CC([*])(COCCCCCC)C(=O)OCC(C)CCCS(=O)(=O)COC,0.4067796610169492,1533.0,[*]CC([*])(CC(=O)OCCCCCC)C(=O)OCCCCCC,low
2220,[*]CC([*])C(=O)Oc1ccc(CCOc2cccc(C(=O)OCc3ccc(C)cc3)c2)cc1,True,True,False,500.0,0.5,331.7421264648437,[*]CC([*])C(=O)Oc1ccc(CCOc2cccc(C(=O)OCc3ccc(C)cc3)c2)cc1,0.5892857142857143,1727.0,[*]CC([*])C(=O)Oc1cccc(C(=O)OCC)c1,medium
2222,[*]C#Cc1ccc(NC(=O)CCCCCCCN)c([*])c1,True,True,False,500.0,0.5,406.800537109375,[*]C#Cc1ccc(NC(=O)CCCCCCCN)c([*])c1,0.3333333333333333,2275.0,[*]CCCCCC(=O)Nc1ccc(NC([*])=O)cc1,low
2223,[*]C(=O)c1ccc2c(c1)C(=O)N(c1ccc(Cc3ccc([*])cc3)c(-c3ccccc3)c1)C2=O,True,True,False,500.0,0.5,450.0201110839844,[*]C(=O)c1ccc2c(c1)C(=O)N(c1ccc(Cc3ccc([*])cc3)c(-c3ccccc3)c1)C2=O,0.6724137931034483,556.0,[*]C(=O)c1ccc2c(c1)C(=O)N(c1ccc(Cc3ccccc3N3C(=O)c4ccc([*])cc4C3=O)cc1)C2=O,medium
2224,[*]OC(=O)c1ccc(N(c2ccccc2)C(=O)OC([*])=O)cc1,True,True,False,500.0,0.5,420.23052978515625,[*]OC(=O)c1ccc(N(c2ccccc2)C(=O)OC([*])=O)cc1,0.40476190476190477,4187.0,[*]OC(=O)c1ccc(Cc2ccc(C([*])=O)cc2)cc1,low
2225,[*]O[Si](C)(C)CCCCCCOc1cc(C)cc(Nc2ccc([*])cc2SCCO)c1C,True,True,False,500.0,0.5,297.4442749023437,[*]O[Si](C)(C)CCCCCCOc1cc(C)cc(Nc2ccc([*])cc2SCCO)c1C,0.3384615384615385,4041.0,[*]Nc1ccc([*])cc1OCCCCCCCCCC,low
2226,[*]Oc1cc(C)c(O[*])c(OC(=O)c2ccc(CCOc3ccccc3)cc2C)c1,True,True,False,500.0,0.5,345.7320861816406,[*]Oc1cc(C)c(O[*])c(OC(=O)c2ccc(CCOc3ccccc3)cc2C)c1,0.417910447761194,4171.0,[*]OC(=O)c1cc(OCCCc2ccccc2)c(C(=O)Oc2ccc([*])cc2C)cc1OCCCc1ccccc1,low
2228,[*]C(=O)CCCCCCCOC(=O)Nc1ccccc1CC([*])(C)CS,True,True,False,500.0,0.5,356.8427734375,[*]C(=O)CCCCCCCOC(=O)Nc1ccccc1CC([*])(C)CS,0.3709677419354839,3336.0,[*]NC(=O)OCCCCCCCCCCOC(=O)Nc1cc([*])ccc1C,low
2229,[*]C(=O)c1ccc(/C(CCCCC)=N/c2ccc(-c3ccc([*])cc3)cc2)cc1,True,True,False,500.0,0.5,363.0451354980469,[*]C(=O)c1ccc(/C(CCCCC)=N/c2ccc(-c3ccc([*])cc3)cc2)cc1,0.4444444444444444,441.0,[*]C(=O)c1ccc(Oc2ccc(-c3ccc(Oc4ccc([*])cc4)cc3)cc2)cc1,low
2230,[*]OC(=O)CCC(=O)Oc1ccc(N(C(=O)OC([*])=O)c2ccccc2OC)cc1,True,True,False,500.0,0.5,338.7069702148437,[*]OC(=O)CCC(=O)Oc1ccc(N(C(=O)OC([*])=O)c2ccccc2OC)cc1,0.34328358208955223,4141.0,[*]OC(=O)CCCC(=O)Oc1cc(OC(=O)c2ccc(OC)cc2)c([*])cc1OC(=O)c1ccc(OC)cc1,low
2231,[*]Nc1cccc(-c2cc(Br)c(C(=O)NC([*])=O)cc2CCCCC)c1,True,True,False,500.0,0.5,398.6235961914063,[*]Nc1cccc(-c2cc(Br)c(C(=O)NC([*])=O)cc2CCCCC)c1,0.3333333333333333,340.0,[*]C(=O)Oc1ccc([*])cc1CCCCC,low
2234,[*]Cc1ccc(CCCCCC(=O)OCCCOc2ccc(S(=O)(=O)c3ccc(C)cc3)c([*])c2)cc1O,True,True,False,500.0,0.5,338.5794372558594,[*]Cc1ccc(CCCCCC(=O)OCCCOc2ccc(S(=O)(=O)c3ccc(C)cc3)c([*])c2)cc1O,0.345679012345679,2801.0,[*]COC(=O)CCCCC(=O)OCC([*])CCCCCCOc1ccc(/N=N/c2ccc(C)cc2)cc1,low
2235,[*]O[Si](C)(C)Oc1ccc(C(=O)N(CCCCCCC)[Si]([*])(C)C)cc1,True,True,False,500.0,0.5,285.28240966796875,[*]O[Si](C)(C)Oc1ccc(C(=O)N(CCCCCCC)[Si]([*])(C)C)cc1,0.423728813559322,4645.0,[*]O[Si]([*])(C)CCCCCCOc1ccc(C(=O)Oc2ccc(OCCCCCC)cc2)cc1,low
2237,[*]Cc1c(O)cc(C)c([*])c1O,True,True,False,500.0,0.5,419.6430969238281,[*]Cc1c(O)cc(C)c([*])c1O,0.3157894736842105,2984.0,[*]Cc1cc(C(C)(C)C)cc([*])c1O,low
2240,[*]CC([*])C(=O)OCCCC(=O)N(c1ccccc1)c1ccc(C(=O)OC)cc1,True,True,False,500.0,0.5,323.555908203125,[*]CC([*])C(=O)OCCCC(=O)N(c1ccccc1)c1ccc(C(=O)OC)cc1,0.5,1713.0,[*]CC([*])C(=O)Oc1ccc(C(=O)OC)cc1,medium
2242,[*]OCC(Cl)(COc1ccc(-c2ccc(/N=C(\C)c3ccc([*])cc3)cc2)cc1)CCCC,True,True,False,500.0,0.5,360.2634582519531,[*]OCC(Cl)(COc1ccc(-c2ccc(/N=C(\C)c3ccc([*])cc3)cc2)cc1)CCCC,0.3283582089552239,139.0,[*]=Nc1ccc(/N=C(\C)c2ccc(Oc3ccc(C(C)(C)c4ccc(Oc5ccc(C(=[*])C)cc5)cc4)cc3)cc2)cc1,low
2244,[*]OCCCCCCc1cc([*])c(-c2cc(OC(=O)c3ccccc3)c(C)cc2C)c(C(=O)O)c1,True,True,False,500.0,0.5,343.6894226074219,[*]OCCCCCCc1cc([*])c(-c2cc(OC(=O)c3ccccc3)c(C)cc2C)c(C(=O)O)c1,0.3972602739726027,4171.0,[*]OC(=O)c1cc(OCCCc2ccccc2)c(C(=O)Oc2ccc([*])cc2C)cc1OCCCc1ccccc1,low
2245,[*]CC([*])C(=O)OCC[N+](=COC(C)CCC)C(OC)C(C)C,True,True,False,500.0,0.5,249.9698638916016,[*]CC([*])C(=O)OCC[N+](=COC(C)CCC)C(OC)C(C)C,0.4791666666666667,1635.0,[*]CC([*])C(=O)OCCC(C)OC,low
2247,[*]CCC([*])(C)CCCCCCCCS(=O)(=O)C(=C)CCCCCCCC,True,True,False,500.0,0.5,317.67828369140625,[*]CCC([*])(C)CCCCCCCCS(=O)(=O)C(=C)CCCCCCCC,0.32653061224489793,1556.0,[*]CC([*])(CCCCCCCC)C(=O)OC,low
2248,[*]CC([*])OCCCCCNC(=O)N1C(=O)c2ccccc2C(=O)OCCCCCO1,True,True,False,500.0,0.5,334.30780029296875,[*]CC([*])OCCCCCNC(=O)N1C(=O)c2ccccc2C(=O)OCCCCCO1,0.3194444444444444,1847.0,[*]CC([*])OCCCCCCCCCCCOc1ccc(C(=O)Oc2ccc(OCC)cc2)cc1,low
2249,[*]CC(=O)Nc1ccc(OCCCCCCCCOc2ccc(-c3ccc(OCc4ccc([*])cc4)c(C(=O)c4ccc(Cl)cc4)c3)cc2)cc1,True,True,False,500.0,0.5,392.8374633789063,[*]CC(=O)Nc1ccc(OCCCCCCCCOc2ccc(-c3ccc(OCc4ccc([*])cc4)c(C(=O)c4ccc(Cl)cc4)c3)cc2)cc1,0.390625,2948.0,[*]COc1ccc(OCCCCCCCCCCCCOc2ccc(OCc3ccc([*])cc3)cc2)cc1,low
2250,[*]CC(CC)c1ccc(N(C)C(=O)OCCCCCC)c(C(=O)O[*])c1-c1ccccc1,True,True,False,500.0,0.5,389.8814392089844,[*]CC(CC)c1ccc(N(C)C(=O)OCCCCCC)c(C(=O)O[*])c1-c1ccccc1,0.4307692307692308,2031.0,[*]CC([*])c1ccccc1C(=O)OCCCCCC,low
2252,[*]Nc1cc(C)c(/C(C)=N/c2ccc(CNP(=O)(COC([*])C)C(C)C)cc2)cc1,True,True,False,500.0,0.5,330.8091735839844,[*]Nc1cc(C)c(/C(C)=N/c2ccc(CNP(=O)(COC([*])C)C(C)C)cc2)cc1,0.2537313432835821,146.0,[*]=Nc1ccc(Cc2ccc(NC(=[*])C)cc2)cc1,low
2253,[*]CC(=O)CCCCOc1ccc(C(=O)c2ccc(OC(=O)c3ccc(C([*])=O)cc3)cc2)c(CCC(=O)Oc2ccccc2)c1,True,True,False,500.0,0.5,381.3323364257813,[*]CC(=O)CCCCOc1ccc(C(=O)c2ccc(OC(=O)c3ccc(C([*])=O)cc3)cc2)c(CCC(=O)Oc2ccccc2)c1,0.4444444444444444,5034.0,[*]Oc1ccc(OCCCCCCOc2ccc(OC(=O)c3ccc(C([*])=O)cc3)cc2)cc1,low
2254,[*]CC=CCCCCNC(=O)c1ccc(C(=O)OCCCCN(C)c2ccc(-c3ccc([*])cc3)cc2)cc1,True,True,False,500.0,0.5,368.7418518066406,[*]CC=CCCCCNC(=O)c1ccc(C(=O)OCCCCN(C)c2ccc(-c3ccc([*])cc3)cc2)cc1,0.3968253968253968,5841.0,[*]c1ccc(C(=O)OCCCCOC(=O)c2ccc(C([*])(C)C)cc2)cc1,low
2255,[*]Nc1ccc(Oc2ccc(C([*])=CC(F)(F)F)cc2[Si](C)(C)C)cc1,True,True,False,500.0,0.5,397.34912109375,[*]Nc1ccc(Oc2ccc(C([*])=CC(F)(F)F)cc2[Si](C)(C)C)cc1,0.4,3852.0,[*]Nc1ccc(Oc2ccc(C([*])=O)cc2)cc1,low
2258,[*]=Nc1ccc(OCCCCCCNC([*])=C(C)c2ccc(CBr)cc2CC)c(CC)c1,True,True,False,500.0,0.5,366.8753967285156,[*]=Nc1ccc(OCCCCCCNC([*])=C(C)c2ccc(CBr)cc2CC)c(CC)c1,0.323943661971831,218.0,[*]C(=O)NNC(=O)c1ccc([*])cc1OCCCCCCCC,low
2259,[*]C(=O)c1ccc(P(=O)(Nc2ccc([*])cc2)C(=O)OCCCCCCCC)cc1,True,True,False,500.0,0.5,343.3934326171875,[*]C(=O)c1ccc(P(=O)(Nc2ccc([*])cc2)C(=O)OCCCCCCCC)cc1,0.41509433962264153,4328.0,[*]OCCCCCCCCCCOC(=O)c1ccc(C([*])=O)cc1,low
2260,[*]C=CCCCCCC(O[*])COCCC([2H])(C)C,True,True,False,500.0,0.5,256.8753662109375,[*]C=CCCCCCC(O[*])COCCC([2H])(C)C,0.3584905660377358,2409.0,[*]CCCCCCCCCC=CCCCCCCCCCC([*])COCCOCCOCCOCCOCCCCCC,low
2261,[*]CCCCCC(=O)Oc1ccc(C(=O)c2ccc(OCCCCCCC)cc2)c(OCCOC(=O)c2ccc([Si]([*])(C)OC#N)cc2)c1,True,True,False,500.0,0.5,318.3915100097656,[*]CCCCCC(=O)Oc1ccc(C(=O)c2ccc(OCCCCCCC)cc2)c(OCCOC(=O)c2ccc([Si]([*])(C)OC#N)cc2)c1,0.45121951219512196,4619.0,[*]O[Si]([*])(C)CCCCCCCCCCC(=O)Oc1ccc(-c2ccc(OC(=O)c3ccc(OCCCCCCC)cc3)cc2)cc1,low
2262,[*]Nc1ccc(-c2ccc(OC(=O)CCCCCCCCC([*])=O)cc2)c(CCCOc2ccccc2)c1,True,True,False,500.0,0.5,328.47686767578125,[*]Nc1ccc(-c2ccc(OC(=O)CCCCCCCCC([*])=O)cc2)c(CCCOc2ccccc2)c1,0.43243243243243246,3609.0,[*]Nc1ccc(-c2c(-c3ccc(-c4ccccc4)cc3)cc(-c3ccc(OCCCCCCCCCCOc4ccc(-c5cc(-c6ccc(-c7ccccc7)cc6)c(-c6ccc(NC(=O)c7ccc(C([*])=O)cc7)cc6)c(-c6ccc(-c7ccccc7)cc6)c5)cc4)cc3)cc2-c2ccc(-c3ccccc3)cc2)cc1,low
2263,[*]Oc1ccc(C(F)(F)CCCCC(=O)N([*])c2ccc(S(=O)(=O)c3ccc(C)cc3)cc2)cc1,True,True,False,500.0,0.5,365.8470153808594,[*]Oc1ccc(C(F)(F)CCCCC(=O)N([*])c2ccc(S(=O)(=O)c3ccc(C)cc3)cc2)cc1,0.4067796610169492,5094.0,[*]Oc1ccc(S(=O)(=O)c2ccc(OP([*])(=O)Oc3ccc(C)cc3)cc2)cc1,low
2264,[*]Oc1ccc(C(C)(C)c2ccc(OC(=O)CCCCCCC(=O)OCCN(CCOc3ccc(N=[*])cc3)c3ccc(O)cc3)cc2)cc1,True,True,False,500.0,0.5,322.70123291015625,[*]Oc1ccc(C(C)(C)c2ccc(OC(=O)CCCCCCC(=O)OCCN(CCOc3ccc(N=[*])cc3)c3ccc(O)cc3)cc2)cc1,0.38235294117647056,6033.0,[*]c1ccc(OC(=O)CCCCCCCCC(=O)Oc2ccc(C([*])(C)C)cc2)cc1,low
2265,[*]C(=O)c1ccc2c(c1)C(=O)N(c1ccc(/N=C/c3ccc(S([*])(=O)=O)cc3)c(OC)c1)C2(C)C,True,True,False,500.0,0.5,524.9711303710938,[*]C(=O)c1ccc2c(c1)C(=O)N(c1ccc(/N=C/c3ccc(S([*])(=O)=O)cc3)c(OC)c1)C2(C)C,0.32894736842105265,588.0,[*]C(=O)c1ccc2c(c1)C(=O)N(c1ccc(S(=O)(=O)c3ccc(N4C(=O)c5ccc([*])cc5C4=O)cc3)cc1)C2=O,low
2266,[*]C=C([*])c1ccc(C(=O)N(Cc2ccc(OC)cc2)CC(C)(C)C)cc1,True,True,False,500.0,0.5,417.0775146484375,[*]C=C([*])c1ccc(C(=O)N(Cc2ccc(OC)cc2)CC(C)(C)C)cc1,0.3728813559322034,35.0,[*]/C=C(/[*])CCCOc1ccc(OC(=O)c2ccc(OC)cc2)cc1,low
2267,[*]c1cc(CCCC(=O)O[*])c(-c2ccc(CCC#C)cc2)o1,True,True,False,500.0,0.5,350.2861022949219,[*]c1cc(CCCC(=O)O[*])c(-c2ccc(CCC#C)cc2)o1,0.31343283582089554,4151.0,[*]OC(=O)CCCCCCCCCCCCCCC(=O)Oc1cc(OC(=O)c2ccc(C)cc2)c([*])cc1OC(=O)c1ccc(C)cc1,low
2269,[*]CC([*])c1ccc(CCCC(=O)Nc2ccc(Oc3ccc(/N=C/C(=O)c4ccc(OC)cc4)cc3)cc2)cc1OC(C)=O,True,True,False,500.0,0.5,408.4261779785156,[*]CC([*])c1ccc(CCCC(=O)Nc2ccc(Oc3ccc(/N=C/C(=O)c4ccc(OC)cc4)cc3)cc2)cc1OC(C)=O,0.3670886075949367,2358.0,[*]CCCCCCCCC(=O)Nc1ccc(C(=O)c2ccc(Oc3ccc(Oc4ccc(C(=O)c5ccc(NC([*])=O)cc5)cc4)cc3)cc2)cc1,low
2270,[*]COc1ccc(C(=O)C(C)(C)O[Si]([*])(C)C)cc1,True,True,False,500.0,0.5,311.1376647949219,[*]COc1ccc(C(=O)C(C)(C)O[Si]([*])(C)C)cc1,0.39215686274509803,2935.0,[*]COc1ccc(C(C)(C)c2ccc(OCC([*])OC(C)=O)cc2)cc1,low
2272,[*]CC([*])(NC(=S)c1ccccn1)C(=O)OC1CC(C)(C)C1,True,True,False,500.0,0.5,398.7153015136719,[*]CC([*])(NC(=S)c1ccccn1)C(=O)OC1CC(C)(C)C1,0.3770491803278688,1210.0,[*]CC([*])(C)C(=O)OC1CC(C)CC(C)(C)C1,low
2273,[*]CCNCCOc1ccc(NC(=O)Oc2ccc(C(=O)O[*])cc2)c(CCCCC)c1,True,True,False,500.0,0.5,342.2071228027344,[*]CCNCCOc1ccc(NC(=O)Oc2ccc(C(=O)O[*])cc2)c(CCCCC)c1,0.4117647058823529,1718.0,[*]CC([*])C(=O)Oc1ccc(C(=O)Oc2ccc(OC(=O)c3ccc(OCCCCC)cc3)cc2)cc1,low
2274,[*]CC[Se](CC(C)C)C(=O)OCCCCCCOC([*])=O,True,True,False,500.0,0.5,211.8691253662109,[*]CC[Se](CC(C)C)C(=O)OCCCCCCOC([*])=O,0.5142857142857142,2468.0,[*]CCCCCCCCCCCCOC([*])=O,medium
2275,[*]CCC([*])C(=O)NC(C)(C)CCCCCOc1ccc(OC(=O)C(C#N)=C(C(=O)OC)C(F)(F)F)c2ccc(O)cc12,True,True,False,500.0,0.5,346.5935974121094,[*]CCC([*])C(=O)NC(C)(C)CCCCCOc1ccc(OC(=O)C(C#N)=C(C(=O)OC)C(F)(F)F)c2ccc(O)cc12,0.2608695652173913,1850.0,[*]CC([*])OCCOc1ccc(/C=C(\C#N)C(=O)OC)cc1,low
2276,[*]O[Si]([*])(C)CCCCCCOC(=O)Nc1ccc(OCC(F)(F)F)c(-c2ccccc2)c1,True,True,False,500.0,0.5,307.87518310546875,[*]O[Si]([*])(C)CCCCCCOC(=O)Nc1ccc(OCC(F)(F)F)c(-c2ccccc2)c1,0.37142857142857144,3337.0,[*]NC(=O)OCCCCCCCCCOC(=O)Nc1ccc(C)c([*])c1,low
2277,[*]CC1CC(C)CCC(OCCOC(=O)c2ccc(C(=O)c3ccc(C([*])C)cc3)cc2)C1,True,True,False,500.0,0.5,380.7561340332031,[*]CC1CC(C)CCC(OCCOC(=O)c2ccc(C(=O)c3ccc(C([*])C)cc3)cc2)C1,0.3898305084745763,1929.0,[*]CC([*])c1ccc(C(=O)OCCC)cc1,low
2278,[*]=NCc1ccc(C=[*])c(NC(=O)c2ccc(OCCCN(C)c3ccc(C#N)cc3)cc2)c1,True,True,False,500.0,0.5,383.8460693359375,[*]=NCc1ccc(C=[*])c(NC(=O)c2ccc(OCCCN(C)c3ccc(C#N)cc3)cc2)c1,0.4235294117647059,3377.0,[*]NC(=O)c1cc(OCCN(C)c2ccc(C#N)cc2)cc(C(=O)Nc2cc([*])cc(C(=O)OCCN(C)c3ccc(C#N)cc3)c2)c1,low
2280,[*]OC(CCCCCC(O)COc1ccc(-c2ccc(C([*])=O)cc2)cc1)c1cccc(OC)c1,True,True,False,500.0,0.5,344.1661376953125,[*]OC(CCCCCC(O)COc1ccc(-c2ccc(C([*])=O)cc2)cc1)c1cccc(OC)c1,0.43103448275862066,424.0,[*]C(=O)c1ccc(OCC(O)COc2ccc([*])cc2)cc1,low
2282,[*]N=P([*])(OCC(C)=CCC=C)CS(=O)(=O)O,True,True,False,500.0,0.5,273.3418884277344,[*]N=P([*])(OCC(C)=CCC=C)CS(=O)(=O)O,0.22727272727272727,3240.0,[*]N=P([*])(OCC)OCC,low
2283,[*]C=CC(CCCCOc1ccc(C(=O)COCCCCCCCCCCOC([*])=O)cc1)C(=O)O,True,True,False,500.0,0.5,315.7621154785156,[*]C=CC(CCCCOc1ccc(C(=O)COCCCCCCCCCCOC([*])=O)cc1)C(=O)O,0.4482758620689655,4301.0,[*]OCCCCCCCCCCCCOC(=O)OCCCCCCOc1ccc(C(=O)c2ccc(OCCCCCCOC([*])=O)cc2)cc1,low
2285,[*]OCCOC(=O)c1ccc(C(C)(C)C[Si]([*])(C)Oc2ccc(CCCCCC)cc2)cc1,True,True,False,500.0,0.5,305.7461242675781,[*]OCCOC(=O)c1ccc(C(C)(C)C[Si]([*])(C)Oc2ccc(CCCCCC)cc2)cc1,0.42424242424242425,4645.0,[*]O[Si]([*])(C)CCCCCCOc1ccc(C(=O)Oc2ccc(OCCCCCC)cc2)cc1,low
2288,[*]C=C(CCCCCC)c1ccc([*])cc1C(F)(F)F,True,True,False,500.0,0.5,352.47900390625,[*]C=C(CCCCCC)c1ccc([*])cc1C(F)(F)F,0.3448275862068966,218.0,[*]C(=O)NNC(=O)c1ccc([*])cc1OCCCCCCCC,low
2289,[*]CC([*])OC#Cc1ccc(/N=C/c2ccc(C#N)cc2)cc1,True,True,False,500.0,0.5,398.9082946777344,[*]CC([*])OC#Cc1ccc(/N=C/c2ccc(C#N)cc2)cc1,0.4423076923076923,1851.0,[*]CC([*])OCCOc1ccc(/N=N/c2ccc(C#N)cc2)cc1,low
2291,[*]CCOCC(=O)Oc1ccc(C(=O)CCCCCCC)cc1,True,True,False,500.0,0.5,309.3951416015625,[*]CCOCC(=O)Oc1ccc(C(=O)CCCCCCC)cc1,0.4897959183673469,1918.0,[*]CC([*])c1ccc(C(=O)CCCCCCC)cc1,low
2292,[*]CCCCC(=O)NCCCCCNC(=O)C/C=C/C(=O)O[*],True,True,False,500.0,0.5,338.6781616210937,[*]CCCCC(=O)NCCCCCNC(=O)C/C=C/C(=O)O[*],0.55,2220.0,[*]CCCCC(=O)NCCCCCCCCCCNC([*])=O,medium
2293,[*]Oc1ccc(S(=O)(=O)c2ccc(OCC=C([*])C#N)cc2)cc1,True,True,False,500.0,0.5,404.98931884765625,[*]Oc1ccc(S(=O)(=O)c2ccc(OCC=C([*])C#N)cc2)cc1,0.39622641509433965,5091.0,[*]Oc1ccc(S(=O)(=O)c2ccc(OC(=O)c3cccc(C([*])=O)c3)cc2)cc1,low
2294,[*]=Cc1ccc(Oc2ccc(C=[*])c(-c3ccc(C)cc3)c2)cc1,True,True,False,500.0,0.5,393.9693908691406,[*]=Cc1ccc(Oc2ccc(C=[*])c(-c3ccc(C)cc3)c2)cc1,0.4418604651162791,100.0,[*]=Cc1ccc(Oc2ccc(-c3nnc(-c4ccc(Oc5ccc(C=[*])cc5)cc4)o3)cc2)cc1,low
2295,[*]CCC(C)CCOC(=O)c1ccc(S(=O)(=O)N(C)C#CC(=O)O[*])cc1,True,True,False,500.0,0.5,347.4391174316406,[*]CCC(C)CCOC(=O)c1ccc(S(=O)(=O)N(C)C#CC(=O)O[*])cc1,0.36065573770491804,2677.0,[*]CCOC(=O)c1ccc(-c2ccc(C(=O)OC([*])C)cc2)cc1,low
2296,[*]Oc1ccc(NC(=O)OCCCCCS(=O)(=O)c2ccc(Oc3ccc(C([*])=O)cc3)cc2)c(OC)c1,True,True,False,500.0,0.5,343.0848999023437,[*]Oc1ccc(NC(=O)OCCCCCS(=O)(=O)c2ccc(Oc3ccc(C([*])=O)cc3)cc2)c(OC)c1,0.421875,4397.0,[*]OCCCCCCOC(=O)c1ccc(Oc2ccc(C([*])=O)cc2)cc1,low
2298,[*]CCN(CCCCCCCC(=O)Nc1cccc(NC(=O)C(=O)N[*])c1)C(=O)OCCCCC,True,True,False,500.0,0.5,396.375,[*]CCN(CCCCCCCC(=O)Nc1cccc(NC(=O)C(=O)N[*])c1)C(=O)OCCCCC,0.45,2300.0,[*]CCCCCCC(=O)Nc1cccc(NC([*])=O)c1,low
2299,[*]NC(=O)c1ccc(OCCCCOS(=O)(=O)Oc2ccc(/C=C/c3ccc(OCCCCOC([*])=O)cc3)cc2)cc1,True,True,False,500.0,0.5,368.6148071289063,[*]NC(=O)c1ccc(OCCCCOS(=O)(=O)Oc2ccc(/C=C/c3ccc(OCCCCOC([*])=O)cc3)cc2)cc1,0.4264705882352941,4271.0,[*]OCC(COC([*])=O)OCCCCOc1ccc(/C=C/c2ccc([N+](=O)[O-])cc2)cc1,low
2300,[*]Cc1ccc(NC(=O)OCCCCCN(C)c2ccc(CC(=O)Nc3ccc(N([*])C)cc3C)cc2)c(C)c1,True,True,False,500.0,0.5,377.13226318359375,[*]Cc1ccc(NC(=O)OCCCCCN(C)c2ccc(CC(=O)Nc3ccc(N([*])C)cc3C)cc2)c(C)c1,0.3972602739726027,3335.0,[*]NC(=O)OCCCCCCCCCCCOc1ccc(-c2ccc(OCCCCCCCCCCCOC(=O)Nc3ccc([*])cc3C)cc2)cc1,low
2301,[*]Oc1ccc(/C=C(/[*])C(=C/C(=O)OC)OCCCCCCP(=O)(OC)OC)cc1,True,True,False,500.0,0.5,336.99462890625,[*]Oc1ccc(/C=C(/[*])C(=C/C(=O)OC)OCCCCCCP(=O)(OC)OC)cc1,0.3333333333333333,304.0,[*]C(=O)OCCCCCCOc1ccc(-n2on2-c2ccc(OCCCCCCOC(=O)C([*])CCCCCCCCCCP(=O)(OCC)OCC)cc2)cc1,low
2303,[*]CC([*])C1C(=O)N(CCCCCC)CCOCC(=O)C1(C)C,True,True,False,500.0,0.5,357.2873840332031,[*]CC([*])C1C(=O)N(CCCCCC)CCOCC(=O)C1(C)C,0.3728813559322034,2081.0,[*]CC1C(=O)N(CCCCCCCCCCCC)C(=O)C1C([*])CCCCCCCCCCCCCCCC,low
2304,[*]C([*])CCCCCCS(=O)(=O)c1ccc([Si](C)=O)cc1,True,True,False,500.0,0.5,377.6134033203125,[*]C([*])CCCCCCS(=O)(=O)c1ccc([Si](C)=O)cc1,0.3064516129032258,1151.0,[*]CC(O)CCCS(=O)(=O)c1ccc(C#Cc2ccc(N([*])CCCC)cc2)cc1,low
2305,[*]C=Cc1ccc(Cc2ccc(CNC(=O)C(CCCO[*])OC)cc2C(C)C)cc1,True,True,False,500.0,0.5,397.17718505859375,[*]C=Cc1ccc(Cc2ccc(CNC(=O)C(CCCO[*])OC)cc2C(C)C)cc1,0.30985915492957744,988.0,[*]C=Cc1ccc(/C=C/C(=O)Nc2ccc(Cc3ccc(NC([*])=O)cc3)cc2)cc1,low
2308,[*]N=Cc1ccc(CC[Si](C)(C)c2ccc(Oc3ccc(C([*])=O)cc3)cc2)cc1,True,True,False,500.0,0.5,360.6262817382813,[*]N=Cc1ccc(CC[Si](C)(C)c2ccc(Oc3ccc(C([*])=O)cc3)cc2)cc1,0.4807692307692308,455.0,[*]C(=O)c1ccc(Oc2ccc(/C=N/N=C/c3ccc(Oc4ccc([*])cc4)cc3)cc2)cc1,low
2309,[*]CC(C)CCOCCCCCOC(=O)Nc1ccc(C(C)CCC(C)c2ccccc2O[*])cc1,True,True,False,500.0,0.5,311.7104797363281,[*]CC(C)CCOCCCCCOC(=O)Nc1ccc(C(C)CCC(C)c2ccccc2O[*])cc1,0.34782608695652173,3736.0,[*]Nc1ccc(Cc2ccc(NC(=O)OCCCCCCCCCCCCCCCCOC([*])=O)cc2)cc1,low
2310,[*]CCC(=O)OCCCCCC(C)(C)COc1ccc(/C=C/c2ccc([*])cc2)cc1[PH](=O)(=O)O,True,True,False,500.0,0.5,334.8070068359375,[*]CCC(=O)OCCCCCC(C)(C)COc1ccc(/C=C/c2ccc([*])cc2)cc1[PH](=O)(=O)O,0.34375,4412.0,[*]OCCCCCCOc1ccc(/C=C/c2ccc([*])cc2)cc1,low
2311,[*]CCCCCCNC(=O)COCC1CC(C(=O)NC)C(=O)C1[*],True,True,False,500.0,0.5,339.24676513671875,[*]CCCCCCNC(=O)COCC1CC(C(=O)NC)C(=O)C1[*],0.37735849056603776,2891.0,[*]COCC(=O)NCCCCCCNC([*])=O,low
2312,[*]C(=O)Oc1ccc([*])c(Oc2ccc(OCCCCC(C)(C)c3ccccc3)cc2)c1,True,True,False,500.0,0.5,348.3199157714844,[*]C(=O)Oc1ccc([*])c(Oc2ccc(OCCCCC(C)(C)c3ccccc3)cc2)c1,0.453125,334.0,[*]C(=O)Oc1ccc(OC(=O)c2ccc([*])cc2Oc2ccc(C(C)(C)c3ccccc3)cc2)cc1,low
2313,[*]C=C([*])CCCCCCCC(=O)OCCC,True,True,False,500.0,0.5,267.4993591308594,[*]C=C([*])CCCCCCCC(=O)OCCC,0.48717948717948717,3417.0,[*]NC(CCC(=O)OCCC)C([*])=O,low
2314,[*]CCCCCCCN1C=C(c2ccc(Sc3ccc(C(=O)Oc4ccc([*])cc4)cc3)cc2)CCCC1,True,True,False,500.0,0.5,367.0823669433594,[*]CCCCCCCN1C=C(c2ccc(Sc3ccc(C(=O)Oc4ccc([*])cc4)cc3)cc2)CCCC1,0.3918918918918919,4220.0,[*]OC(=O)c1cccc(Sc2ccc(OC(=O)c3ccc(C(=O)Oc4ccc(Sc5cccc(C(=O)Oc6ccc([*])cc6C)c5)cc4)cc3)cc2)c1,low
2315,[*]OCCN([*])C(=O)CCCCCC(=O)Oc1ccc(/C=C/c2cccc(C(=O)OC)c2)cc1,True,True,False,500.0,0.5,341.8451232910156,[*]OCCN([*])C(=O)CCCCCC(=O)Oc1ccc(/C=C/c2cccc(C(=O)OC)c2)cc1,0.4,2395.0,[*]CCCCCCCCC(=O)Oc1cccc(-c2nnc(C=Cc3ccc(OC([*])=O)cc3)s2)c1,low
2316,[*]CCCOC(=O)C/C=C/c1cc(OCCCCCCNC(=O)C([*])=O)ccc1C,True,True,False,500.0,0.5,351.00927734375,[*]CCCOC(=O)C/C=C/c1cc(OCCCCCCNC(=O)C([*])=O)ccc1C,0.38333333333333336,2190.0,[*]CCCC(=O)OCCCCCCNC([*])=O,low
2317,[*]CNC(=[*])CCCCC(=O)Nc1ccc(N=C(F)F)cc1,True,True,False,500.0,0.5,354.3944396972656,[*]CNC(=[*])CCCCC(=O)Nc1ccc(N=C(F)F)cc1,0.4666666666666667,2234.0,[*]CCCCC(=O)Nc1ccc(NC([*])=O)cc1,low
2318,[*]Nc1ccc(P(=O)(Oc2ccc([*])cc2)c2ccc(OC)cc2)cc1,True,True,False,500.0,0.5,356.3734436035156,[*]Nc1ccc(P(=O)(Oc2ccc([*])cc2)c2ccc(OC)cc2)cc1,0.4411764705882353,4038.0,[*]Nc1ccc([*])cc1,low
2319,[*]Nc1ccc(-c2cc(C([*])=O)cc(N=C(c3ccccc3)C(C)(C)C)c2)cc1,True,True,False,500.0,0.5,455.7551879882813,[*]Nc1ccc(-c2cc(C([*])=O)cc(N=C(c3ccccc3)C(C)(C)C)c2)cc1,0.4528301886792453,3637.0,[*]Nc1ccc(-c2ccc(NC(=O)c3cccc(C([*])=O)c3)cc2)cc1,low
2320,[*]CCCCC(=O)NC([2H])(NC(=O)c1ccc(C(OC)OCC(C)(C)C)cc1)N(CC(=O)NC([*])=O)CC,True,True,False,500.0,0.5,372.132568359375,[*]CCCCC(=O)NC([2H])(NC(=O)c1ccc(C(OC)OCC(C)(C)C)cc1)N(CC(=O)NC([*])=O)CC,0.2976190476190476,2209.0,[*]CCCCC(=O)NC(Cc1ccccc1)C(=O)OC/C=C/COC(=O)C(Cc1ccccc1)NC([*])=O,low
2321,[*]CCOCCCCCCNC(=O)Sc1cccc(C(=O)NCCCCCC(=O)NC(=O)N[*])c1,True,True,False,500.0,0.5,346.13555908203125,[*]CCOCCCCCCNC(=O)Sc1cccc(C(=O)NCCCCCC(=O)NC(=O)N[*])c1,0.390625,3473.0,[*]NCCCCCCCCNC(=O)c1cccc(C([*])=O)c1,low
2322,[*]CC([*])c1ccc(Oc2ccc(C(=O)CCCCC(F)(F)F)c(OC(=O)c3ccccc3C(=O)OCC(C)C)c2)cc1,True,True,False,500.0,0.5,359.39471435546875,[*]CC([*])c1ccc(Oc2ccc(C(=O)CCCCC(F)(F)F)c(OC(=O)c3ccccc3C(=O)OCC(C)C)c2)cc1,0.4264705882352941,2026.0,[*]CC([*])c1ccccc1C(=O)OCC(C)C,low
2323,[*]CC([*])c1ccc(C(C)(C)CC)cc1-c1ccc(-c2ccc(O)cc2)cc1,True,True,False,500.0,0.5,430.3782348632813,[*]CC([*])c1ccc(C(C)(C)CC)cc1-c1ccc(-c2ccc(O)cc2)cc1,0.39655172413793105,1873.0,[*]CC([*])c1cc(-c2ccc(C(=O)OC(C)CC)cc2)ccc1-c1ccc(C(=O)OC(C)CC)cc1,low
2324,[*]CC([*])(C)C(=O)OCCCC/C(=C/C)C(=O)O,True,True,False,500.0,0.5,333.29742431640625,[*]CC([*])(C)C(=O)OCCCC/C(=C/C)C(=O)O,0.6052631578947368,1264.0,[*]CC([*])(C)C(=O)OCCCCC,medium
2325,[*]C([*])C(=O)OCCCCCCCCOc1ccc(N2C(=O)c3ccc(OC)cc3C2=O)c(C(=O)OC(C)(C)C)c1,True,True,False,500.0,0.5,336.0627746582031,[*]C([*])C(=O)OCCCCCCCCOc1ccc(N2C(=O)c3ccc(OC)cc3C2=O)c(C(=O)OC(C)(C)C)c1,0.38028169014084506,1657.0,[*]CC([*])C(=O)OCCCCCCOc1ccc(C(=O)Oc2ccc(OC)cc2)cc1,low
2326,[*]OC(=O)Oc1ccc(/N=C/c2cccc(OCCCCOc3ccc(C([*])=O)cc3)c2)cc1,True,True,False,500.0,0.5,347.0311584472656,[*]OC(=O)Oc1ccc(/N=C/c2cccc(OCCCCOc3ccc(C([*])=O)cc3)c2)cc1,0.4716981132075472,4192.0,[*]OC(=O)c1ccc(OCCCCOc2ccc(C([*])=O)cc2)cc1,low
2327,[*]CCCCNC(=O)CCc1ccc(CCCCC(=O)/C=C/c2ccc(OC)cc2)c(C(=O)O[*])c1,True,True,False,500.0,0.5,353.1519775390625,[*]CCCCNC(=O)CCc1ccc(CCCCC(=O)/C=C/c2ccc(OC)cc2)c(C(=O)O[*])c1,0.36764705882352944,2722.0,[*]CCc1ccc(CCC(=O)NCCCCCCCCCCCCCCCCCCNC([*])=O)cc1,low
2328,[*]CC([*])OCCS(=O)(=O)c1ccc(C(=O)C/C(C)=C/c2ccccc2)cc1,True,True,False,500.0,0.5,380.1379089355469,[*]CC([*])OCCS(=O)(=O)c1ccc(C(=O)C/C(C)=C/c2ccccc2)cc1,0.36231884057971014,1850.0,[*]CC([*])OCCOc1ccc(/C=C(\C#N)C(=O)OC)cc1,low
2329,[*]/C=C(/[*])COC(=O)c1ccc(C(=O)OCCCCCCCCCOC(=O)OCCCCCCC)cc1,True,True,False,500.0,0.5,282.70953369140625,[*]/C=C(/[*])COC(=O)c1ccc(C(=O)OCCCCCCCCCOC(=O)OCCCCCCC)cc1,0.5384615384615384,37.0,[*]/C=C(/[*])CCCOc1ccc(OC(=O)c2ccc(OCCCCCCCC)cc2)cc1,medium
2330,[*]CC([*])c1ccc(C(=O)OCCCCCCCCOc2ccc(/C=C/c3ccc(OC)cc3)c3ccccc32)cc1,True,True,False,500.0,0.5,326.9333190917969,[*]CC([*])c1ccc(C(=O)OCCCCCCCCOc2ccc(/C=C/c3ccc(OC)cc3)c3ccccc32)cc1,0.5161290322580645,1931.0,[*]CC([*])c1ccc(C(=O)OCCCCCC)cc1,medium
2331,[*]COc1ccc(OCCCCCCc2ccc(-c3cc(Br)c([*])cc3C)cc2)nc1,True,True,False,500.0,0.5,329.0696105957031,[*]COc1ccc(OCCCCCCc2ccc(-c3cc(Br)c([*])cc3C)cc2)nc1,0.3333333333333333,2948.0,[*]COc1ccc(OCCCCCCCCCCCCOc2ccc(OCc3ccc([*])cc3)cc2)cc1,low
2332,[*]CC(=O)Oc1cc(C(C(=O)O[*])c2ccccc2NC(=O)C(CCCC)(C)C)ccc1Br,True,True,False,500.0,0.5,419.94085693359375,[*]CC(=O)Oc1cc(C(C(=O)O[*])c2ccccc2NC(=O)C(CCCC)(C)C)ccc1Br,0.29069767441860467,4136.0,[*]OC(=O)C(C)(C)CCC(=O)Oc1cc(OC(=O)c2ccc(OCCCC)cc2)c([*])cc1OC(=O)c1ccc(OCCCC)cc1,low
2333,[*]c1cc(OC(=O)c2ccc(C)c([*])n2)c(CCCCCCCCC)cc1,True,True,False,500.0,0.5,351.8581237792969,[*]c1cc(OC(=O)c2ccc(C)c([*])n2)c(CCCCCCCCC)cc1,0.48148148148148145,340.0,[*]C(=O)Oc1ccc([*])cc1CCCCC,low
2335,[*]/C=C/CCCCCCOC(=O)Nc1ccc(CC(=O)O[*])cc1,True,True,False,500.0,0.5,304.2794189453125,[*]/C=C/CCCCCCOC(=O)Nc1ccc(CC(=O)O[*])cc1,0.48148148148148145,3736.0,[*]Nc1ccc(Cc2ccc(NC(=O)OCCCCCCCCCCCCCCCCOC([*])=O)cc2)cc1,low
2337,[*]CCCCN(CCO)C(=O)NC(=O)c1ccc([Si]([*])(C)CC)cc1,True,True,False,500.0,0.5,356.9666442871094,[*]CCCCN(CCO)C(=O)NC(=O)c1ccc([Si]([*])(C)CC)cc1,0.32727272727272727,2589.0,[*]CCC[Si]([*])(C)c1ccc(N(C)C)cc1,low
2339,[*]C([*])C(C)(C)CCCCCCCC(=O)c1ccc(C(=O)O)c(Cc2ccccc2)c1,True,True,False,500.0,0.5,401.1803894042969,[*]C([*])C(C)(C)CCCCCCCC(=O)c1ccc(C(=O)O)c(Cc2ccccc2)c1,0.3333333333333333,1918.0,[*]CC([*])c1ccc(C(=O)CCCCCCC)cc1,low
2341,[*]CC([*])C(=O)Oc1ccc(OCCCCCCOCCC)cc1,True,True,False,500.0,0.5,299.9389038085937,[*]CC([*])C(=O)Oc1ccc(OCCCCCCOCCC)cc1,0.6956521739130435,1718.0,[*]CC([*])C(=O)Oc1ccc(C(=O)Oc2ccc(OC(=O)c3ccc(OCCCCC)cc3)cc2)cc1,medium
2342,[*]C=C([*])C(=O)Nc1ccc(C(=O)c2cccc(OCC(F)(F)F)c2)cc1,True,True,False,500.0,0.5,365.039306640625,[*]C=C([*])C(=O)Nc1ccc(C(=O)c2cccc(OCC(F)(F)F)c2)cc1,0.41379310344827586,3819.0,[*]Nc1ccc(NC(=O)c2cccc(C(=O)c3ccc(C([*])=O)cc3)c2)cc1,low
2343,[*]CCNCCCCCCCOC(=O)Nc1ccc(C#Cc2ccc(NC(=O)c3ccc(O[*])cc3)cc2)cc1C(CC)CC,True,True,False,500.0,0.5,393.9209289550781,[*]CCNCCCCCCCOC(=O)Nc1ccc(C#Cc2ccc(NC(=O)c3ccc(O[*])cc3)cc2)cc1C(CC)CC,0.36,4970.0,[*]Oc1ccc(NC(=O)c2ccc(C(=O)Nc3c(C)c(C)c([*])c(C)c3C)cc2)cc1,low
2344,[*]Cc1cc(OCCCCCCC)c(/C=C/C(=O)Oc2cccc([*])c2)cc1C,True,True,False,500.0,0.5,377.7179260253906,[*]Cc1cc(OCCCCCCC)c(/C=C/C(=O)Oc2cccc([*])c2)cc1C,0.4117647058823529,341.0,[*]C(=O)Oc1cccc(OC(=O)c2cc([*])cc(OCCCCC)c2)c1,low
2346,[*]CC(CO[*])C1(CBr)COCC(C)C1,True,True,False,500.0,0.5,319.1883544921875,[*]CC(CO[*])C1(CBr)COCC(C)C1,0.2708333333333333,1175.0,[*]CC(O[*])C1CC(F)(F)C1(F)F,low
2347,[*]c1cc(C(C)(C)C)c([*])c(-c2ccc(OCCCCC)cc2)c1-c1ccc(S(=O)(=O)O)cc1,True,True,False,500.0,0.5,440.7156982421875,[*]c1cc(C(C)(C)C)c([*])c(-c2ccc(OCCCCC)cc2)c1-c1ccc(S(=O)(=O)O)cc1,0.375,5728.0,[*]c1ccc(-c2ccc3c(c2)C(CCCCCC)(CCCCCC)c2cc(-c4ccc(-c5cc(-c6ccc(OCCCCCC)cc6)cc([*])c5-c5ccc(OCCCCCC)cc5)cc4)ccc2-3)cc1,low
2348,[*]CN[Se]C(=O)CCCCCC(=O)NC(O)c1ccccc1C([*])=O,True,True,False,500.0,0.5,317.9240417480469,[*]CN[Se]C(=O)CCCCCC(=O)NC(O)c1ccccc1C([*])=O,0.3283582089552239,2335.0,[*]CCCCCCCCC(=O)NC(Cc1ccccc1)C(=O)OC/C=C/COC(=O)C(Cc1ccccc1)NC([*])=O,low
2349,[*]CC([*])C(=O)OCCCCCCCCc1cccc(S(=O)(=O)c2cc(C)cc(OCC(O)COc3ccccc3)c2)c1,True,True,False,500.0,0.5,306.63720703125,[*]CC([*])C(=O)OCCCCCCCCc1cccc(S(=O)(=O)c2cc(C)cc(OCC(O)COc3ccccc3)c2)c1,0.4,1698.0,[*]CC([*])C(=O)OCCc1ccccc1,low
2350,[*]Nc1ccc(C(CCCC)CCC(=O)Oc2ccc([*])cc2C(C)(C)C)c(C=C)c1,True,True,False,500.0,0.5,346.4801025390625,[*]Nc1ccc(C(CCCC)CCC(=O)Oc2ccc([*])cc2C(C)(C)C)c(C=C)c1,0.36619718309859156,6031.0,[*]c1ccc(OC(=O)CCCCC(=O)Oc2ccc(C([*])(C)C)cc2C)c(C)c1,low
2351,[*]CP(=O)(NC(=O)c1ccc(SCc2ccccc2C([*])=O)cc1)c1ccccc1,True,True,False,500.0,0.5,429.5142822265625,[*]CP(=O)(NC(=O)c1ccc(SCc2ccccc2C([*])=O)cc1)c1ccccc1,0.3333333333333333,3805.0,[*]Nc1ccc(NC(=O)c2ccc(P(=O)(c3ccccc3)c3ccc(C(=O)Nc4ccc(C([*])=O)cc4)cc3)cc2)cc1,low
2352,[*]C[Si]([*])(C)Oc1ccc(C(=O)c2cccc(CCCC)c2)cc1,True,True,False,500.0,0.5,317.6061706542969,[*]C[Si]([*])(C)Oc1ccc(C(=O)c2cccc(CCCC)c2)cc1,0.3870967741935484,4209.0,[*]OC(=O)c1cccc(C(=O)Oc2cc([*])cc(CCCC)c2)c1,low
2353,[*]C=CC(O)COC(=O)c1cccc(C(=O)Oc2ccc(C([*])=O)cc2NC)c1,True,True,False,500.0,0.5,374.6097717285156,[*]C=CC(O)COC(=O)c1cccc(C(=O)Oc2ccc(C([*])=O)cc2NC)c1,0.4032258064516129,4940.0,[*]Oc1ccc(Cc2ccc(OC(=O)c3cccc(C([*])=O)c3)cc2)cc1,low
2354,[*]c1ccc(S(=O)(=O)c2ccc(C(c3ccccc3)c3ccc(Oc4ccc(-c5ccc([*])cc5C(F)(F)F)cc4)cc3)cc2)c(C)c1,True,True,False,500.0,0.5,489.1148681640625,[*]c1ccc(S(=O)(=O)c2ccc(C(c3ccccc3)c3ccc(Oc4ccc(-c5ccc([*])cc5C(F)(F)F)cc4)cc3)cc2)c(C)c1,0.4307692307692308,6581.0,[*]c1ccc(Oc2ccc(S(=O)(=O)c3ccc(Oc4ccc(C([*])(C)C)cc4C)cc3)cc2)c(C)c1,low
2355,[*]CC(C)(C)C(=O)NC(CCCCOc1ccc(/N=C/C(=O)O[*])c(C(=O)OCCC(C)C)c1)CCCC,True,True,False,500.0,0.5,364.705078125,[*]CC(C)(C)C(=O)NC(CCCCOc1ccc(/N=C/C(=O)O[*])c(C(=O)OCCC(C)C)c1)CCCC,0.3333333333333333,1331.0,[*]CC([*])(C)C(=O)OCCCCCCOc1ccc(/N=N/c2ccc(OCCCC)cc2)cc1,low
2357,[*]Oc1cc(OCCCCCCCC)cc(/C=C/c2ccc(Oc3ccc(C([*])=O)cc3)cc2)c1,True,True,False,500.0,0.5,370.79888916015625,[*]Oc1cc(OCCCCCCCC)cc(/C=C/c2ccc(Oc3ccc(C([*])=O)cc3)cc2)c1,0.48484848484848486,5013.0,[*]Oc1ccc(OC(=O)c2ccc(OCCCCCCCCCCCCOc3ccc(C([*])=O)cc3)cc2)c(/C=C/c2ccncc2)c1,low
2358,[*]Oc1ccc(NC(=O)CCCCCCC(=O)N(CSCCCCC([*])=O)c2ccccc2)cc1,True,True,False,500.0,0.5,377.3810729980469,[*]Oc1ccc(NC(=O)CCCCCCC(=O)N(CSCCCCC([*])=O)c2ccccc2)cc1,0.4098360655737705,2276.0,[*]CCCCCC(=O)Nc1ccc(Oc2ccc(NC([*])=O)cc2)cc1,low
2359,[*]OCC(=O)Sc1ccc(Cc2ccc(OCCC)cc2)cc1[*],True,True,False,500.0,0.5,340.8124084472656,[*]OCC(=O)Sc1ccc(Cc2ccc(OCCC)cc2)cc1[*],0.421875,4144.0,[*]OC(=O)CCCC(=O)Oc1cc(OC(=O)c2ccc(OCCC)cc2)c([*])cc1OC(=O)c1ccc(OCCC)cc1,low
2360,[*]C=C([*])C(=O)c1ccc(OC(=O)CCCCCCC(C)C)cc1,True,True,False,500.0,0.5,341.3606262207031,[*]C=C([*])C(=O)c1ccc(OC(=O)CCCCCCC(C)C)cc1,0.5,2394.0,[*]CCCCCCCCC(=O)Oc1ccc(OC([*])=O)cc1,medium
2361,[*]CCC([*])(C)C(=O)OCCCCCCOc1ccc(-c2ccc(OC(=O)c3ccccc3)cc2)cc1,True,True,False,500.0,0.5,346.6799621582031,[*]CCC([*])(C)C(=O)OCCCCCCOc1ccc(-c2ccc(OC(=O)c3ccccc3)cc2)cc1,0.6964285714285714,1302.0,[*]CC([*])(C)C(=O)OCCCCCCCCCCOc1ccc(OC(=O)c2ccc(-c3ccc(OC)cc3)cc2)cc1,medium
2362,[*]C(=O)CCCCNC(=O)c1ccccc1[SiH]C(=O)OC([*])=O,True,True,False,500.0,0.5,354.739501953125,[*]C(=O)CCCCNC(=O)c1ccccc1[SiH]C(=O)OC([*])=O,0.4230769230769231,3519.0,[*]NCCCCCCNC(=O)c1ccccc1-c1ccccc1C([*])=O,low
2363,[*]CCCCCCCOC(=O)Nc1ccc(C)c(C(O)C(=O)NNC(=O)c2ccc([*])cc2)c1,True,True,False,500.0,0.5,390.3794555664063,[*]CCCCCCCOC(=O)Nc1ccc(C)c(C(O)C(=O)NNC(=O)c2ccc([*])cc2)c1,0.47619047619047616,3337.0,[*]NC(=O)OCCCCCCCCCOC(=O)Nc1ccc(C)c([*])c1,low
2364,[*]CSCOc1ccc(C(=O)NC(=O)C(=O)Oc2ccc([Si]([*])(C)C)cc2)c(C)c1,True,True,False,500.0,0.5,368.9357299804688,[*]CSCOc1ccc(C(=O)NC(=O)C(=O)Oc2ccc([Si]([*])(C)C)cc2)c(C)c1,0.3728813559322034,5853.0,[*]c1ccc(C(=O)Oc2ccc(OC(=O)c3ccc([Si]([*])(C)C)cc3)cc2)cc1,low
2365,[*]c1ccc(OCCCCCOc2ccc(-c3ccc([Si]([*])(C)c4ccc(C)cc4)cc3)cc2)c(C)c1,True,True,False,500.0,0.5,365.0552368164063,[*]c1ccc(OCCCCCOc2ccc(-c3ccc([Si]([*])(C)c4ccc(C)cc4)cc3)cc2)c(C)c1,0.43548387096774194,3335.0,[*]NC(=O)OCCCCCCCCCCCOc1ccc(-c2ccc(OCCCCCCCCCCCOC(=O)Nc3ccc([*])cc3C)cc2)cc1,low
2366,[*]O[Si]([*])(C)CCCCCC(=O)Nc1ccc(N(c2ccccc2)c2ccc(S(=O)(=O)C(C)(C)C)cc2)cc1,True,True,False,500.0,0.5,367.7130737304688,[*]O[Si]([*])(C)CCCCCC(=O)Nc1ccc(N(c2ccccc2)c2ccc(S(=O)(=O)C(C)(C)C)cc2)cc1,0.4090909090909091,3414.0,[*]NC(CCC(=O)Nc1ccc(N(c2ccccc2)c2ccccc2)cc1)C([*])=O,low
2367,[*]CCN(C)CCCCOC(=O)/C=C(/[*])CCC(=O)Oc1ccc([N+](=O)[O-])cc1,True,True,False,500.0,0.5,322.8055114746094,[*]CCN(C)CCCCOC(=O)/C=C(/[*])CCC(=O)Oc1ccc([N+](=O)[O-])cc1,0.3870967741935484,1725.0,[*]CC([*])C(=O)Oc1ccc([N+](=O)[O-])cc1,low
2368,[*]CCCCCC(=O)OC1=CC=C(c2ccc(/N=C/c3ccc(O[*])cc3C)cc2)CCCCOC1,True,True,False,500.0,0.5,371.8997497558594,[*]CCCCCC(=O)OC1=CC=C(c2ccc(/N=C/c3ccc(O[*])cc3C)cc2)CCCCOC1,0.35714285714285715,2194.0,[*]CCCC(=O)Oc1ccc(/C=N/c2ccc(/N=C/c3ccc(OC(=O)CCC[Si](C)(C)O[Si]([*])(C)C)cc3)cc2)cc1,low
2369,[*]OCCCCCCN1C(=O)c2ccc(C(=O)OCCC([*])OC2=O)cc1,True,True,False,500.0,0.5,355.9545593261719,[*]OCCCCCCN1C(=O)c2ccc(C(=O)OCCC([*])OC2=O)cc1,0.2638888888888889,4379.0,[*]OCCCCCCN1C(=O)c2ccc(-c3ccc4c(c3)C(=O)N(CCCCCCOC([*])=O)C4=O)cc2C1=O,low
2370,[*]c1ccc(/C=C/C(=O)CCCCCCCc2ccc(-c3ccc([*])cc3)cc2)cc1,True,True,False,500.0,0.5,402.519287109375,[*]c1ccc(/C=C/C(=O)CCCCCCCc2ccc(-c3ccc([*])cc3)cc2)cc1,0.375,5685.0,[*]c1ccc(-c2ccc(N([*])c3ccc(CCCC)cc3)cc2)cc1,low
2371,[*]CCCCCCCOc1ccc(C(=CCCCCS)NC(=O)c2ccc(OC(=O)c3ccc(C(=O)O[*])cc3)cc2)cc1,True,True,False,500.0,0.5,424.8464050292969,[*]CCCCCCCOc1ccc(C(=CCCCCS)NC(=O)c2ccc(OC(=O)c3ccc(C(=O)O[*])cc3)cc2)cc1,0.45614035087719296,4190.0,[*]OC(=O)c1ccc(OCCCCCCOc2ccc(C([*])=O)cc2)cc1,low
2372,[*]CC([*])=CCCCCC(=O)Nc1ccccc1N=C(O)C(F)(F)F,True,True,False,500.0,0.5,339.6175537109375,[*]CC([*])=CCCCCC(=O)Nc1ccccc1N=C(O)C(F)(F)F,0.31666666666666665,2240.0,[*]CCCCC(=O)Nc1cccc(NC([*])=O)c1,low
2373,[*]CC([*])C(=O)N/C=C/C(=O)OCC1CCCC1(Cl)OC,True,True,False,500.0,0.5,364.5409851074219,[*]CC([*])C(=O)N/C=C/C(=O)OCC1CCCC1(Cl)OC,0.32,7239.0,[*]CC([*])C(=O)OC,low
2374,[*][Si]([*])(C)C(=O)c1ccccc1Cc1ccc(F)cc1,True,True,False,500.0,0.5,352.1263427734375,[*][Si]([*])(C)C(=O)c1ccccc1Cc1ccc(F)cc1,0.3191489361702128,42.0,[*]/C=C(/[*])c1ccccc1C[Si](C)(C)C,low
2375,[*]Nc1ccc(OCCCCCC(=O)N2CC([*])C(C(=O)OCC)C2=O)cc1,True,True,False,500.0,0.5,369.3149108886719,[*]Nc1ccc(OCCCCCC(=O)N2CC([*])C(C(=O)OCC)C2=O)cc1,0.3880597014925373,3828.0,[*]Nc1ccc(OCCCCCCCCOc2ccc(NC(=O)c3cccc(C([*])=O)c3)cc2)cc1,low
2376,[*]c1cc(OC)c(-c2ccc([*])cc2S(=O)(=O)CCCCCCC(=O)Oc2ccc(C#N)cc2)cc1C,True,True,False,500.0,0.5,418.7706909179688,[*]c1cc(OC)c(-c2ccc([*])cc2S(=O)(=O)CCCCCCC(=O)Oc2ccc(C#N)cc2)cc1C,0.37681159420289856,6033.0,[*]c1ccc(OC(=O)CCCCCCCCC(=O)Oc2ccc(C([*])(C)C)cc2)cc1,low
2377,[*]CCCN1C(=O)c2ccc([SiH]CCCCCCCCCC)cc2C1[*],True,True,False,500.0,0.5,296.2306213378906,[*]CCCN1C(=O)c2ccc([SiH]CCCCCCCCCC)cc2C1[*],0.3275862068965517,2175.0,[*]CCC1C(=O)N(CCCCCC)C(=O)C1[*],low
2379,[*]CC([*])(C)C(=O)Oc1cc(C#CCCC)ccc1-c1ccc(C#C)cc1,True,True,False,500.0,0.5,381.7949523925781,[*]CC([*])(C)C(=O)Oc1cc(C#CCCC)ccc1-c1ccc(C#C)cc1,0.41379310344827586,1474.0,[*]CC([*])(C)C(=O)Oc1cc(C)ccc1C,low
2380,[*]Nc1ccc(C(=O)Nc2ccc([*])cc2)c(OCCCCCCCOc2ccc([2H])cc2Cl)c1,True,True,False,500.0,0.5,397.2757873535156,[*]Nc1ccc(C(=O)Nc2ccc([*])cc2)c(OCCCCCCCOc2ccc([2H])cc2Cl)c1,0.4153846153846154,3828.0,[*]Nc1ccc(OCCCCCCCCOc2ccc(NC(=O)c3cccc(C([*])=O)c3)cc2)cc1,low
2381,[*]CC([*])Oc1ccc(NC(=O)c2ccc3c(c2)C(=O)OCCCCC(C)(C)C3)cc1,True,True,False,500.0,0.5,404.408447265625,[*]CC([*])Oc1ccc(NC(=O)c2ccc3c(c2)C(=O)OCCCCC(C)(C)C3)cc1,0.38461538461538464,2753.0,[*]CN1C(=O)c2ccc(C(=O)Nc3ccc(Oc4cccc(Oc5ccc(NC([*])=O)cc5)c4)cc3)cc2C1=O,low
2382,[*]O[Si]([*])(C)CCCCCOc1ccc(NC(=O)OCCN(CSC)c2ccc(C(C)(C)C)cc2)cc1,True,True,False,500.0,0.5,309.6837463378906,[*]O[Si]([*])(C)CCCCCOc1ccc(NC(=O)OCCN(CSC)c2ccc(C(C)(C)C)cc2)cc1,0.410958904109589,4644.0,[*]O[Si]([*])(C)CCCCCCOc1ccc(C(=O)Oc2ccc(OC)cc2)cc1,low
2383,[*]NC(c1ccccc1)C(=O)OCC([*])(C)OC(C)=O,True,True,False,500.0,0.5,303.5099792480469,[*]NC(c1ccccc1)C(=O)OCC([*])(C)OC(C)=O,0.37254901960784315,1193.0,[*]CC([*])(C)C(=O)NC(C)c1ccccc1,low
2386,[*]COc1ccc(C(OCC(F)(F)F)c2ccc(-c3cc(C#N)cc([Si]([*])(C)C)c3)cc2)cc1,True,True,False,500.0,0.5,388.1845397949219,[*]COc1ccc(C(OCC(F)(F)F)c2ccc(-c3cc(C#N)cc([Si]([*])(C)C)c3)cc2)cc1,0.359375,1979.0,[*]CC([*])c1ccc(COc2ccc(-c3ccc(C#N)cc3)cc2)cc1,low
2387,[*]C(=O)c1ccc(C(=O)O)c([*])c1OCC(CC)C,True,True,False,500.0,0.5,401.2469482421875,[*]C(=O)c1ccc(C(=O)O)c([*])c1OCC(CC)C,0.328125,4142.0,[*]OC(=O)CCCC(=O)Oc1cc(OC(=O)c2ccc(OCC(C)CC)cc2)c([*])cc1OC(=O)c1ccc(OCC(C)CC)cc1,low
2388,[*]Cc1ccc(OCCCN)c(-c2ccc([*])cc2)c1,True,True,False,500.0,0.5,363.4909973144531,[*]Cc1ccc(OCCCN)c(-c2ccc([*])cc2)c1,0.4888888888888889,5708.0,[*]c1ccc(-c2ccc(OCCCC)c(-c3cc([*])ccc3OCCCC)c2)cc1,low
2390,[*]Nc1ccc(C(=O)Oc2ccc(NC([*])=O)c(OC(CCCCC)(C)N)c2)cc1,True,True,False,500.0,0.5,425.0094604492188,[*]Nc1ccc(C(=O)Oc2ccc(NC([*])=O)c(OC(CCCCC)(C)N)c2)cc1,0.38028169014084506,3692.0,[*]Nc1ccc(C(c2ccc(NC(=O)c3ccc(OC(=O)c4ccc(C(=O)Oc5ccc(C([*])=O)cc5)cc4)cc3)cc2)(C(F)(F)F)C(F)(F)F)cc1,low
2391,[*]C=CCCCCNc1ccc(-c2ccc(NC(=O)c3ccc([*])cc3)cc2C(=O)Oc2ccccc2OCC[N+](C)C)cc1,True,True,False,500.0,0.5,415.8638916015625,[*]C=CCCCCNc1ccc(-c2ccc(NC(=O)c3ccc([*])cc3)cc2C(=O)Oc2ccccc2OCC[N+](C)C)cc1,0.3218390804597701,5835.0,[*]c1ccc(C(=O)Nc2cccc(OC(=O)c3ccc([Si]([*])(C)C)cc3)c2)cc1,low
2392,[*]C(=O)c1ccc(OCCOc2ccc(C(=O)c3ccc([*])cc3)cc2C(C)=O)cc1,True,True,False,500.0,0.5,416.6371765136719,[*]C(=O)c1ccc(OCCOc2ccc(C(=O)c3ccc([*])cc3)cc2C(C)=O)cc1,0.5111111111111111,398.0,[*]C(=O)c1ccc(C(=O)c2ccc(Oc3ccc(Oc4ccc([*])cc4)cc3)cc2)cc1,medium
2393,[*]C=CC(Oc1ccc(C(C)CCCCC(=O)O[*])cc1)c1ccccc1N,True,True,False,500.0,0.5,325.03887939453125,[*]C=CC(Oc1ccc(C(C)CCCCC(=O)O[*])cc1)c1ccccc1N,0.30666666666666664,4153.0,[*]OC(=O)CCCCCCCCCCCCCCC(=O)Oc1cc(OC(=O)c2ccc(OCC)cc2)c([*])cc1OC(=O)c1ccc(OCC)cc1,low
2394,[*]CCN([*])C(=O)c1ccc(C(=O)OCCCCOC(=O)c2ccc(-c3ccc(OC)cc3)nc2)cc1,True,True,False,500.0,0.5,333.3132019042969,[*]CCN([*])C(=O)c1ccc(C(=O)OCCCCOC(=O)c2ccc(-c3ccc(OC)cc3)nc2)cc1,0.4264705882352941,1369.0,[*]CC([*])(C)C(=O)OCCCCOc1ccc(OC(=O)c2ccc(-c3ccc(OC)cc3)cc2)cc1,low
2396,[*]c1ccc(OCCCCCC)c(C(=O)Nc2ccc(C3(c4ccc([*])cc4C3=O)C=CCCCC)cc2)c1,True,True,False,500.0,0.5,430.5873107910156,[*]c1ccc(OCCCCCC)c(C(=O)Nc2ccc(C3(c4ccc([*])cc4C3=O)C=CCCCC)cc2)c1,0.3972602739726027,218.0,[*]C(=O)NNC(=O)c1ccc([*])cc1OCCCCCCCC,low
2397,[*]C[Si](C)(C)CCCCCCOC(=O)Oc1ccc(SCCCCC(=O)NC([*])=O)cc1,True,True,False,500.0,0.5,287.5430603027344,[*]C[Si](C)(C)CCCCCCOC(=O)Oc1ccc(SCCCCC(=O)NC([*])=O)cc1,0.36923076923076925,6049.0,[*]c1ccc(OC(=O)OCCCCCOC(=O)Oc2ccc(C([*])(C)C)cc2)cc1,low
2399,[*]Oc1ccc(C(=O)NC([*])c2ccc(C(F)(F)C(F)(F)F)cc2)cc1,True,True,False,500.0,0.5,455.8215637207031,[*]Oc1ccc(C(=O)NC([*])c2ccc(C(F)(F)C(F)(F)F)cc2)cc1,0.4230769230769231,4858.0,[*]Oc1ccc(C(c2ccc(OC(=O)c3ccc(C(c4ccc(C([*])=O)cc4)(C(F)(F)F)C(F)(F)F)cc3)cc2)(C(F)(F)F)C(F)(F)F)cc1,low
2400,[*]c1ccc(C(=O)c2ccc(O[*])cc2)c(CCCCC(F)(F)F)c1,True,True,False,500.0,0.5,394.2989807128906,[*]c1ccc(C(=O)c2ccc(O[*])cc2)c(CCCCC(F)(F)F)c1,0.44642857142857145,4852.0,[*]Oc1ccc(C(=O)c2ccc(Oc3ccc([*])cc3C(C)(C)C)cc2)cc1,low
2401,[*]C=CC([*])(OCCCCC)C([2H])(C)C=O,True,True,False,500.0,0.5,316.86041259765625,[*]C=CC([*])(OCCCCC)C([2H])(C)C=O,0.2978723404255319,1264.0,[*]CC([*])(C)C(=O)OCCCCC,low
2402,[*]O[Si]([*])(C)CCCCCOC(=O)Nc1ccc(C2CCC(N(CC)CC)CC2)cc1,True,True,False,500.0,0.5,339.139892578125,[*]O[Si]([*])(C)CCCCCOC(=O)Nc1ccc(C2CCC(N(CC)CC)CC2)cc1,0.37681159420289856,4645.0,[*]O[Si]([*])(C)CCCCCCOc1ccc(C(=O)Oc2ccc(OCCCCCC)cc2)cc1,low
2403,[*]NC(=O)c1ccc(OCCOc2ccc(N3C(=O)c4ccc([*])cc4C3=O)cc2)cc1OCCCCCCCCCC,True,True,False,500.0,0.5,418.820556640625,[*]NC(=O)c1ccc(OCCOc2ccc(N3C(=O)c4ccc([*])cc4C3=O)cc2)cc1OCCCCCCCCCC,0.625,6777.0,[*]c1ccc2c(c1)C(=O)N(c1ccc(OCCCCCCCCCCOc3ccc(N4C(=O)c5ccc([*])cc5C4=O)cc3)cc1)C2=O,medium
2404,[*]CCCCCCO[Si](C)(C)c1cc(C(=O)O)cc(NC(=O)CCC(=O)OCCN([*])c2ccc([N+](=O)[O-])cc2)c1,True,True,False,500.0,0.5,307.06610107421875,[*]CCCCCCO[Si](C)(C)c1cc(C(=O)O)cc(NC(=O)CCC(=O)OCCN([*])c2ccc([N+](=O)[O-])cc2)c1,0.3829787234042553,2664.0,[*]CCOC(=O)NCCCCCCNC(=O)OCCN([*])c1ccc(/N=N/c2ccc([N+](=O)[O-])cc2)c(C)c1,low
2405,[*]CNC(=O)Cc1ccc(C(=O)Nc2ccc(NC(=O)CN(c3ccccc3)c3ccc(C(C)(C)c4ccc(S([*])(=O)=O)cc4)cc3)cc2)cc1,True,True,False,500.0,0.5,456.6571044921875,[*]CNC(=O)Cc1ccc(C(=O)Nc2ccc(NC(=O)CN(c3ccccc3)c3ccc(C(C)(C)c4ccc(S([*])(=O)=O)cc4)cc3)cc2)cc1,0.37662337662337664,6396.0,[*]c1ccc(Oc2ccc(C(=O)Nc3ccc(Oc4ccc(S(=O)(=O)c5ccc(Oc6ccc(NC(=O)c7ccc(Oc8ccc(C(C)(C)c9ccc(C([*])(C)C)cc9)cc8)cc7)cc6)cc5)cc4)cc3)cc2)cc1,low
2407,[*]NC(=O)c1ccc(/C=N/CCCC(=O)Nc2ccc3c(c2)C(=O)N(CCOc2ccc([*])cc2C)C3=O)cc1,True,True,False,500.0,0.5,451.22314453125,[*]NC(=O)c1ccc(/C=N/CCCC(=O)Nc2ccc3c(c2)C(=O)N(CCOc2ccc([*])cc2C)C3=O)cc1,0.425,4297.0,[*]OCCCC(=O)NNC(=O)c1ccc(C(=O)NNC(=O)CCCOc2ccc([*])cc2C)cc1,low
2408,[*]C=C1CCCCC(C#N)(NC(=O)OCCO)C([*])CC1,True,True,False,500.0,0.5,402.1353149414063,[*]C=C1CCCCC(C#N)(NC(=O)OCCO)C([*])CC1,0.2247191011235955,3354.0,[*]NC(=O)OCCN(CCOC(=O)NCC1(C)CC([*])CC(C)(C)C1)c1ccc(C=C(C#N)C#N)cc1,low
2409,[*][Si]([*])(C)CCC(=O)Nc1ccc(Sc2ccc(OC(=O)c3ccc(C#N)cc3Cl)c([N+](=O)[O-])c2)cc1,True,True,False,500.0,0.5,379.6055603027344,[*][Si]([*])(C)CCC(=O)Nc1ccc(Sc2ccc(OC(=O)c3ccc(C#N)cc3Cl)c([N+](=O)[O-])c2)cc1,0.3076923076923077,4637.0,[*]O[Si]([*])(C)CCCCCCCCOc1ccc(C(=O)Oc2ccc(C#N)cc2C)cc1,low
2410,[*]Oc1ccc(Cc2ccc(OC(=O)c3ccc([*])cc3OCCCCC(F)(F)C(F)(F)F)cc2)cc1,True,True,False,500.0,0.5,340.3339538574219,[*]Oc1ccc(Cc2ccc(OC(=O)c3ccc([*])cc3OCCCCC(F)(F)C(F)(F)F)cc2)cc1,0.5,337.0,[*]C(=O)Oc1ccc(OCCOc2ccc(OC(=O)c3ccc([*])cc3OCCCCC)cc2)cc1,medium
2411,[*]c1ccc2c(c1)C(=O)N(CCCCCN([*])C([2H])C)C2=O,True,True,False,500.0,0.5,381.8002014160156,[*]c1ccc2c(c1)C(=O)N(CCCCCN([*])C([2H])C)C2=O,0.5869565217391305,5721.0,[*]c1ccc(-c2ccc3c(c2)C(=O)N(CCCCCCCCCCCCN2C(=O)c4ccc([*])cc4C2=O)C3=O)cc1,medium
2412,[*]NC(=O)c1ccc(S(=O)(=O)c2ccc(OCCCCC(=O)Nc3ccc(OCC)cc3)c([*])c2)cc1OC,True,True,False,500.0,0.5,479.2280578613281,[*]NC(=O)c1ccc(S(=O)(=O)c2ccc(OCCCCC(=O)Nc3ccc(OCC)cc3)c([*])c2)cc1OC,0.38095238095238093,3386.0,[*]NC(=O)c1ccc(NC(=O)CCCCCCC(=O)Nc2ccc(C(=O)Nc3ccc([*])cc3C(=O)OCCCCCCCCCCCCCCCCCC)cc2)cc1,low
2415,[*]NCC(C)CNC(=O)c1ccc(NC(=O)C(C(=O)OCCC(F)(F)F)S([*])=O)cc1,True,True,False,500.0,0.5,415.0702209472656,[*]NCC(C)CNC(=O)c1ccc(NC(=O)C(C(=O)OCCC(F)(F)F)S([*])=O)cc1,0.3188405797101449,2657.0,[*]CCNC(=O)c1ccc(C(=O)NCC(C)CC([*])CC)cc1,low
2416,[*]CCCCCCCOC(=O)Oc1ccc(/C=C2\CC(CCCCCCC)C(=O)N(c3cc([N+](=O)[O-])c([*])cc3Cl)C2=O)cc1,True,True,False,500.0,0.5,420.46875,[*]CCCCCCCOC(=O)Oc1ccc(/C=C2\CC(CCCCCCC)C(=O)N(c3cc([N+](=O)[O-])c([*])cc3Cl)C2=O)cc1,0.2903225806451613,327.0,[*]C(=O)Oc1ccc(-c2ccc(OC(=O)c3cc(OCCCCCC)c([*])cc3OCCCCCC)cc2)cc1,low
2417,[*]NC(=O)Oc1ccc(C(=O)C([*])=C(C)C(=O)Oc2ccccc2)cc1,True,True,False,500.0,0.5,390.62103271484375,[*]NC(=O)Oc1ccc(C(=O)C([*])=C(C)C(=O)Oc2ccccc2)cc1,0.3684210526315789,3590.0,[*]Nc1cc(NC(=O)c2ccc(C([*])=O)cc2)cc(C(=O)Oc2ccccc2)c1,low
2418,[*]Oc1ccc(OC(=O)/C(=C/CCC[Se])c2ccc(Oc3ccc(C([*])=O)cc3)cc2)cc1,True,True,False,500.0,0.5,383.9394836425781,[*]Oc1ccc(OC(=O)/C(=C/CCC[Se])c2ccc(Oc3ccc(C([*])=O)cc3)cc2)cc1,0.46808510638297873,4996.0,[*]Oc1ccc(OC(=O)c2ccc(C([*])=O)cc2)cc1,low
2419,[*]CCCCCCCCCN(OCC([*])=O)CCCCCC,True,True,False,500.0,0.5,264.00201416015625,[*]CCCCCCCCCN(OCC([*])=O)CCCCCC,0.4,2541.0,[*]CCCN([*])C(=O)CCCCC,low
2423,[*]O[Si](C)(C)OP(=O)(CCCC(F)(F)F)C([*])C(=O)OCCc1ccc2ccccc2c1,True,True,False,500.0,0.5,282.2580261230469,[*]O[Si](C)(C)OP(=O)(CCCC(F)(F)F)C([*])C(=O)OCCc1ccc2ccccc2c1,0.30303030303030304,1698.0,[*]CC([*])C(=O)OCCc1ccccc1,low
2424,[*]CCN([*])C(=O)Oc1ccc(-c2ccc(SCc3ccc(C#N)cc3)cc2)cc1O,True,True,False,500.0,0.5,371.6087951660156,[*]CCN([*])C(=O)Oc1ccc(-c2ccc(SCc3ccc(C#N)cc3)cc2)cc1O,0.3188405797101449,1663.0,[*]CC([*])C(=O)OCCCCOc1ccc(-c2ccc(C#N)cc2)cc1,low
2425,[*]CCCCCCCCCOc1ccc(N([*])OCCOCCOC(=O)c2ccc(-c3ccc(Oc4ccccc4)cc3)cc2)cc1,True,True,False,500.0,0.5,323.4146728515625,[*]CCCCCCCCCOc1ccc(N([*])OCCOCCOC(=O)c2ccc(-c3ccc(Oc4ccccc4)cc3)cc2)cc1,0.49206349206349204,187.0,[*]C(=O)N(C(=O)c1ccc(OCCCCCCOc2ccc([*])cc2)cc1)c1ccc(Oc2ccccc2)cc1,low
2426,[*]Cc1ccc(Cc2ccc(NC(=O)Oc3ccc(C(=O)c4ccc(OC([*])=O)cc4)cc3)cc2)cc1OC,True,True,False,500.0,0.5,401.4631652832031,[*]Cc1ccc(Cc2ccc(NC(=O)Oc3ccc(C(=O)c4ccc(OC([*])=O)cc4)cc3)cc2)cc1OC,0.484375,3757.0,[*]Nc1ccc(Cc2ccc(NC(=O)Oc3ccc(/N=C/C=N/c4ccc(OC([*])=O)cc4)cc3)cc2)cc1,low
2427,[*]CC([*])(C)CCCCCCc1ccc(C(F)(F)C(F)(F)C(F)(F)F)c(Cc2ccc(Cl)cc2C)c1,True,True,False,500.0,0.5,308.1119079589844,[*]CC([*])(C)CCCCCCc1ccc(C(F)(F)C(F)(F)C(F)(F)F)c(Cc2ccc(Cl)cc2C)c1,0.2898550724637681,1448.0,[*]CC([*])(C)C(=O)OCc1ccc(Cl)cc1Cl,low
2428,[*]c1ccc(Oc2cc(C=C)c(-c3ccc(S([*])(=O)=O)cc3)c(C)c2)cc1,True,True,False,500.0,0.5,498.7966003417969,[*]c1ccc(Oc2cc(C=C)c(-c3ccc(S([*])(=O)=O)cc3)c(C)c2)cc1,0.5813953488372093,6287.0,[*]c1ccc(Oc2ccc(-c3ccc(-c4ccc(Oc5ccc(S([*])(=O)=O)cc5)cc4)cc3)cc2)cc1,medium
2430,[*]Oc1ccc(-c2ccc(OCCCCOc3ccc(/C(C)=N/c4ccc(N(C)c5ccc(NC(=O)c6ccc([*])cc6)cc5)cc4)c(Cl)c3)cc2)cc1-c1ccccc1,True,True,False,500.0,0.5,411.6885070800781,[*]Oc1ccc(-c2ccc(OCCCCOc3ccc(/C(C)=N/c4ccc(N(C)c5ccc(NC(=O)c6ccc([*])cc6)cc5)cc4)c(Cl)c3)cc2)cc1-c1ccccc1,0.42857142857142855,3609.0,[*]Nc1ccc(-c2c(-c3ccc(-c4ccccc4)cc3)cc(-c3ccc(OCCCCCCCCCCOc4ccc(-c5cc(-c6ccc(-c7ccccc7)cc6)c(-c6ccc(NC(=O)c7ccc(C([*])=O)cc7)cc6)c(-c6ccc(-c7ccccc7)cc6)c5)cc4)cc3)cc2-c2ccc(-c3ccccc3)cc2)cc1,low
2431,[*]C=C(C#C)C(=O)OC1=C[Si](CCCCC)N([*])CC1c1ccccc1,True,True,False,500.0,0.5,346.989013671875,[*]C=C(C#C)C(=O)OC1=C[Si](CCCCC)N([*])CC1c1ccccc1,0.25274725274725274,851.0,[*]C=C(C#N)C(=O)OCCCCCCCCCCOC(=O)/C(C#N)=C/c1ccc2c(c1)c1cc([*])ccc1n2CCCCCCC,low
2433,[*]NC(=N)Nc1cccc([Si]([*])(C)CNC)c1,True,True,False,500.0,0.5,369.0733642578125,[*]NC(=N)Nc1cccc([Si]([*])(C)CNC)c1,0.325,5354.0,[*][Si]([*])(C)c1ccccc1,low
2434,[*]C#CCCCCCCNC(=O)c1cc(Cl)c(-c2ccccc2C(=[*])OCCC)cc1,True,True,False,500.0,0.5,395.5042724609375,[*]C#CCCCCCCNC(=O)c1cc(Cl)c(-c2ccccc2C(=[*])OCCC)cc1,0.35294117647058826,3519.0,[*]NCCCCCCNC(=O)c1ccccc1-c1ccccc1C([*])=O,low
2435,[*]CCCCCCCCCOC(=O)Nc1ccc(C2(c3ccc(OCCCCC([*])OC)cc3)CC2)cc1,True,True,False,500.0,0.5,312.56622314453125,[*]CCCCCCCCCOC(=O)Nc1ccc(C2(c3ccc(OCCCCC([*])OC)cc3)CC2)cc1,0.37681159420289856,1657.0,[*]CC([*])C(=O)OCCCCCCOc1ccc(C(=O)Oc2ccc(OC)cc2)cc1,low
2436,[*]COc1ccc(CN(C(=O)c2ccc(OC([*])=O)cc2)C(=O)NC2CC2CC(C)(C)C)cc1,True,True,False,500.0,0.5,448.0290832519531,[*]COc1ccc(CN(C(=O)c2ccc(OC([*])=O)cc2)C(=O)NC2CC2CC(C)(C)C)cc1,0.3508771929824561,3164.0,[*]Cc1ccc(OC([*])=O)cc1,low
2437,[*]CCCCCCN1C(=O)C(c2ccc(OC([*])=O)c(Cl)c2)CCCCCCCC1=O,True,True,False,500.0,0.5,364.19775390625,[*]CCCCCCN1C(=O)C(c2ccc(OC([*])=O)c(Cl)c2)CCCCCCCC1=O,0.4189189189189189,2524.0,[*]CCCCCn1c(=O)c2cc3c(=O)n(CCCCCC(=O)Oc4ccc(OC([*])=O)cc4Cl)c(=O)c3cc2c1=O,low
2438,[*]CCC(=[*])OCCOc1ccc(C=O)cc1,True,True,False,500.0,0.5,281.42974853515625,[*]CCC(=[*])OCCOc1ccc(C=O)cc1,0.3829787234042553,96.0,[*]=Cc1ccc(OCCOCCOCCOCCOCCOc2ccc(C(=[*])C)cc2)cc1,low
2439,[*]CC(C)NCC(C)(C)COc1ccc(C(OC(=O)CCCCCC(=O)OC)C([*])=O)nc1,True,True,False,500.0,0.5,323.7659606933594,[*]CC(C)NCC(C)(C)COc1ccc(C(OC(=O)CCCCCC(=O)OC)C([*])=O)nc1,0.3,6033.0,[*]c1ccc(OC(=O)CCCCCCCCC(=O)Oc2ccc(C([*])(C)C)cc2)cc1,low
2441,[*]C=Cc1ccc(/C=C(\CCCCCCCCCC(=O)Oc2ccc(OCC([*])=O)cc2)CC=C)cc1,True,True,False,500.0,0.5,358.0445556640625,[*]C=Cc1ccc(/C=C(\CCCCCCCCCC(=O)Oc2ccc(OCC([*])=O)cc2)CC=C)cc1,0.38596491228070173,2394.0,[*]CCCCCCCCC(=O)Oc1ccc(OC([*])=O)cc1,low
2443,[*]CC(=O)Nc1ccc(Oc2ccc(NC(=O)c3cccc(C(=O)OCCCCCCOC(=O)c4ccc(NC(=O)c5ccc(O[*])cc5)cc4)c3)cc2)c(OC(C)=O)c1,True,True,False,500.0,0.5,446.2126159667969,[*]CC(=O)Nc1ccc(Oc2ccc(NC(=O)c3cccc(C(=O)OCCCCCCOC(=O)c4ccc(NC(=O)c5ccc(O[*])cc5)cc4)c3)cc2)c(OC(C)=O)c1,0.48,4977.0,[*]Oc1ccc(NC(=O)c2cccc(C(=O)Nc3ccc(Oc4ccc([*])cc4C(C)(C)C)cc3)c2)cc1,low
2444,[*]CC(CC)C(C=C)S(=O)(=O)C1CCC(C(=O)O[*])CCCCCCCCC[N+]1,True,True,False,500.0,0.5,410.7963562011719,[*]CC(CC)C(C=C)S(=O)(=O)C1CCC(C(=O)O[*])CCCCCCCCC[N+]1,0.3275862068965517,1805.0,[*]CC([*])OC(=O)C1CCCCC1,low
2446,[*]C(=O)OCCCCCO[Si](C)(C)Oc1ccc(N(c2ccc([N+](=O)[O-])cc2)c2ccc(Oc3cccc([*])c3)cc2)cc1,True,True,False,500.0,0.5,330.72821044921875,[*]C(=O)OCCCCCO[Si](C)(C)Oc1ccc(N(c2ccc([N+](=O)[O-])cc2)c2ccc(Oc3cccc([*])c3)cc2)cc1,0.36666666666666664,4512.0,[*]OCCOCCOC(=O)Oc1cccc(N(c2ccc(/N=N/c3ccc([N+](=O)[O-])cc3)cc2)c2ccc(-c3ccc(N(c4ccccc4)c4cccc(OC([*])=O)c4)cc3)cc2)c1,low
2449,[*]/C(C)=C(/[*])c1cc(OC)cc(C[Si](C)(C)C)c1,True,True,False,500.0,0.5,461.2481384277344,[*]/C(C)=C(/[*])c1cc(OC)cc(C[Si](C)(C)C)c1,0.35,22.0,[*]/C(C)=C(/[*])c1ccc([Si](C)(C)C)cc1,low
2450,[*]C=CC([*])c1ccc(N(C)CCCCC)cc1C(=O)OCCCC,True,True,False,500.0,0.5,315.6869812011719,[*]C=CC([*])c1ccc(N(C)CCCCC)cc1C(=O)OCCCC,0.47619047619047616,904.0,[*]C=CC(C(=O)OCCCCCCN(C)c1ccc(N(C)C)cc1)C([*])C,low
2451,[*]C(=O)CCCCCCCCC(=O)Oc1ccc([Si]([*])(C#C)CC(C)C)cc1,True,True,False,500.0,0.5,280.9393615722656,[*]C(=O)CCCCCCCCC(=O)Oc1ccc([Si]([*])(C#C)CC(C)C)cc1,0.43137254901960786,2394.0,[*]CCCCCCCCC(=O)Oc1ccc(OC([*])=O)cc1,low
2452,[*]Oc1ccc(-c2ccc(S(=O)(=O)NCC[Si]([*])=O)cc2[SiH]CCCCC)cc1,True,True,False,500.0,0.5,348.0561218261719,[*]Oc1ccc(-c2ccc(S(=O)(=O)NCC[Si]([*])=O)cc2[SiH]CCCCC)cc1,0.2911392405063291,1883.0,[*]CC([*])c1cc(C(=O)OC)ccc1-c1ccc(OCCCCCCCC)cc1,low
2453,[*]C=CC(=O)c1ccc(Oc2ccc(OCCCCCOC([*])=O)cc2)c(Br)c1,True,True,False,500.0,0.5,382.01849365234375,[*]C=CC(=O)c1ccc(Oc2ccc(OCCCCCOC([*])=O)cc2)c(Br)c1,0.4727272727272727,4302.0,[*]OCCCCCCCCCCCCOC(=O)OCCCCCCOc1ccc(Oc2ccc(OCCCCCCOC([*])=O)cc2)cc1,low
2454,[*]CC([*])(C)C(=O)OCCCCCC(COC(=O)CC[Si](C)(C)C)c1ccc(/N=N/c2ccc(Cl)cc2)cc1,True,True,False,500.0,0.5,310.85223388671875,[*]CC([*])(C)C(=O)OCCCCCC(COC(=O)CC[Si](C)(C)C)c1ccc(/N=N/c2ccc(Cl)cc2)cc1,0.5846153846153846,1293.0,[*]CC([*])(C)C(=O)OCCCCCCCCCCOc1ccc(/N=N/c2ccc(Cl)cc2)cc1,medium
2455,[*]CC([*])OC(=O)C(=O)c1cccc(C(=O)Oc2ccc(C(=O)OCCCC(F)(F)F)cc2)c1,True,True,False,500.0,0.5,358.2794189453125,[*]CC([*])OC(=O)C(=O)c1cccc(C(=O)Oc2ccc(C(=O)OCCCC(F)(F)F)cc2)c1,0.43548387096774194,1715.0,[*]CC([*])C(=O)Oc1ccc(C(=O)OCCCC)cc1,low
2457,[*]O[Si]([*])(C)CCCCCc1ccc(/C=C/CC(=O)Oc2ccc(C#C)cc2)cc1,True,True,False,500.0,0.5,306.365234375,[*]O[Si]([*])(C)CCCCCc1ccc(/C=C/CC(=O)Oc2ccc(C#C)cc2)cc1,0.46875,4632.0,[*]O[Si]([*])(C)CCCCCCCCCCCOc1ccc(/C=C/c2ccc(C#N)cc2)cc1,low
2458,[*]OC(=O)/N=C/c1ccc(C([*])C(=O)OC(=O)c2ccc([Si](C)(C)C)cc2C)cc1,True,True,False,500.0,0.5,389.093017578125,[*]OC(=O)/N=C/c1ccc(C([*])C(=O)OC(=O)c2ccc([Si](C)(C)C)cc2C)cc1,0.30158730158730157,1827.0,[*]CC([*])OC(=O)c1ccc([Si](C)(C)C)cc1,low
2461,[*]C(=O)Nc1ccc([*])c(NC(=O)C(=O)OCCCNc2ccccc2)c1,True,True,False,500.0,0.5,438.9512023925781,[*]C(=O)Nc1ccc([*])c(NC(=O)C(=O)OCCCNc2ccccc2)c1,0.3582089552238806,4120.0,[*]Nc1cccc(P(=O)(c2ccccc2)c2cccc(NC(=O)OCCCCCCOC([*])=O)c2)c1,low
2462,[*]NCCCCCCCCCCOc1ccc(S(=O)(=O)c2ccc(NC([*])=CCC)cc2)cc1,True,True,False,500.0,0.5,336.0717163085937,[*]NCCCCCCCCCCOc1ccc(S(=O)(=O)c2ccc(NC([*])=CCC)cc2)cc1,0.3870967741935484,3828.0,[*]Nc1ccc(OCCCCCCCCOc2ccc(NC(=O)c3cccc(C([*])=O)c3)cc2)cc1,low
2463,[*]N=Cc1ccc(N(CCCCCCC)S[Si]([*])(C)C)cc1,True,True,False,500.0,0.5,272.0225830078125,[*]N=Cc1ccc(N(CCCCCCC)S[Si]([*])(C)C)cc1,0.32075471698113206,411.0,[*]C(=O)c1ccc(N([*])CCCCCCC)cc1,low
2465,[*]Oc1ccc(/C=N/CCCCCCO[Si](C)(C)c2ccc(C3([*])C(=O)OC3=O)cc2)cc1,True,True,False,500.0,0.5,324.9561462402344,[*]Oc1ccc(/C=N/CCCCCCO[Si](C)(C)c2ccc(C3([*])C(=O)OC3=O)cc2)cc1,0.4406779661016949,5046.0,[*]Oc1ccc(Oc2ccc(/C=N/CCCCCC/N=C/c3ccc([*])cc3)cc2)cc1,low
2466,[*]OC([*])c1cc(OCCCC)cc(C(=O)Oc2ccccc2)c1,True,True,False,500.0,0.5,338.33709716796875,[*]OC([*])c1cc(OCCCC)cc(C(=O)Oc2ccccc2)c1,0.5,338.0,[*]C(=O)Oc1ccc(Oc2ccc(OC(=O)c3cc([*])cc(OCCCCC)c3)cc2)cc1,medium
2467,[*]O[Si](c1ccc(C(c2ccc(N([*])C)cc2)C(=O)CCCCC(=O)N(C)C)cc1)c1ccccc1,True,True,False,500.0,0.5,343.1769714355469,[*]O[Si](c1ccc(C(c2ccc(N([*])C)cc2)C(=O)CCCCC(=O)N(C)C)cc1)c1ccccc1,0.3018867924528302,407.0,[*]C(=O)c1ccc(N([*])C)cc1,low
2468,[*]C(=O)NCCCCCCS(=O)(=O)c1ccc(N2CC(c3ccc(-c4ccc([*])cc4)cc3)C2=O)cc1,True,True,False,500.0,0.5,357.8291015625,[*]C(=O)NCCCCCCS(=O)(=O)c1ccc(N2CC(c3ccc(-c4ccc([*])cc4)cc3)C2=O)cc1,0.3,207.0,[*]C(=O)NCCCCCCNC(=O)c1cc([*])cc(C(C)(C)C)c1,low
2469,[*]C#CC=C(CCCCOc1ccc(-c2ccc([*])cc2)cc1)OCCO,True,True,False,500.0,0.5,332.2860412597656,[*]C#CC=C(CCCCOc1ccc(-c2ccc([*])cc2)cc1)OCCO,0.3684210526315789,6213.0,[*]c1ccc(OCCCCCCCCCCCCOc2ccc(N(c3ccccc3)c3ccc(-c4ccc(N([*])c5ccccc5)cc4)cc3)cc2)cc1,low
2470,[*]NC(=O)c1ccc(-c2ccc(C(=O)C([*])=O)cc2)cc1CCCCC(F)(F)F,True,True,False,500.0,0.5,481.95458984375,[*]NC(=O)c1ccc(-c2ccc(C(=O)C([*])=O)cc2)cc1CCCCC(F)(F)F,0.2916666666666667,3511.0,[*]NCCCCCCNC(=O)c1ccc(C([*])=O)cc1Oc1ccc(-c2ccccc2)cc1,low
2471,[*]N=C(CCCCC)C([*])=[SH](C)(C)CC(=O)NC(C)=O,True,True,False,500.0,0.5,311.6346130371094,[*]N=C(CCCCC)C([*])=[SH](C)(C)CC(=O)NC(C)=O,0.30952380952380953,12.0,[*]/C(C)=C(/[*])CCCCC,low
2472,[*]CC(=O)Oc1ccc(C(CC)(CNC([*])=O)c2ccccc2)cc1[N+](=O)[O-],True,True,False,500.0,0.5,424.233154296875,[*]CC(=O)Oc1ccc(C(CC)(CNC([*])=O)c2ccccc2)cc1[N+](=O)[O-],0.3048780487804878,2922.0,[*]COCCCCCCCOc1ccc(-c2ccc(C(=O)Oc3ccc(OC([*])C)c([N+](=O)[O-])c3)cc2)cc1,low
2473,[*]CN([*])CCCCCOC(=O)c1ccc(-c2ccc(/N=C/CC)cc2)cc1,True,True,False,500.0,0.5,319.6122436523437,[*]CN([*])CCCCCOC(=O)c1ccc(-c2ccc(/N=C/CC)cc2)cc1,0.43636363636363634,4304.0,[*]OCCCCCCCCCCCCOC(=O)c1ccc(-c2ccc(C([*])=O)cc2)cc1,low
2474,[*]CC=CCc1ccc(CNC(=O)c2ccc(C(C)CCCC(=O)N[*])cc2)cc1,True,True,False,500.0,0.5,392.23382568359375,[*]CC=CCc1ccc(CNC(=O)c2ccc(C(C)CCCC(=O)N[*])cc2)cc1,0.3333333333333333,2569.0,[*]CCCNC(=O)c1ccc(C(=O)NCCC([*])C(C)C)cc1,low
2476,[*]COCC(CCCC)COC(=O)O[*],True,True,False,500.0,0.5,282.5568542480469,[*]COCC(CCCC)COC(=O)O[*],0.47619047619047616,7103.0,[*]CC([*])C(=O)OCC(CC)CCCC,low
2477,[*]NCCCCCCCOc1ccc(/C=C/C(=O)c2ccc(OC(=O)Sc3ccc(OCc4ccc([*])cc4C)cc3)cc2)cc1,True,True,False,500.0,0.5,390.183837890625,[*]NCCCCCCCOc1ccc(/C=C/C(=O)c2ccc(OC(=O)Sc3ccc(OCc4ccc([*])cc4C)cc3)cc2)cc1,0.4,6364.0,[*]c1ccc(Oc2ccc(/C=C/C(=O)c3ccc(Oc4ccc(C([*])(C)C)cc4C)cc3)cc2)c(C)c1,low
2479,[*]OCC([*])c1cc(S(=O)(=O)CCCCC)c(CS)cc1,True,True,False,500.0,0.5,361.8185119628906,[*]OCC([*])c1cc(S(=O)(=O)CCCCC)c(CS)cc1,0.3157894736842105,1995.0,[*]CC([*])c1ccc(S(=O)(=O)OCCC)cc1,low
2481,[*]Oc1ccc(NC(=O)CCCCCCC(=O)Nc2ccc(C(C)(C)C([*])=N)cc2)c(C)c1,True,True,False,500.0,0.5,433.8624267578125,[*]Oc1ccc(NC(=O)CCCCCCC(=O)Nc2ccc(C(C)(C)C([*])=N)cc2)c(C)c1,0.43283582089552236,6189.0,[*]c1ccc(OCC(O)COc2ccc(NC(=O)CCCCCC(=O)Nc3ccc(OCC(O)COc4ccc(C([*])(C)C)cc4)cc3)cc2)cc1,low
2482,[*]C=C([*])C(C)CCNC(=O)c1ccccc1,True,True,False,500.0,0.5,351.4051208496094,[*]C=C([*])C(C)CCNC(=O)c1ccccc1,0.4489795918367347,2658.0,[*]CCNC(=O)c1cccc(C(=O)NCCC(C)C([*])C)c1,low
2483,[*]CN1C(=O)c2ccc([*])cc2C(CCCC)CC1,True,True,False,500.0,0.5,406.07568359375,[*]CN1C(=O)c2ccc([*])cc2C(CCCC)CC1,0.35294117647058826,6690.0,[*]c1ccc2c(c1)C(=O)N(C1CCC(N3C(=O)c4ccc([*])cc4C3=O)CC1)C2=O,low
2484,[*]CC1CCC(OCCCC(F)(F)F)C(=O)/C=C/CC(c2ccc(C=[*])cc2)CCCC1,True,True,False,500.0,0.5,336.95654296875,[*]CC1CCC(OCCCC(F)(F)F)C(=O)/C=C/CC(c2ccc(C=[*])cc2)CCCC1,0.25,93.0,[*]=Cc1ccc(OCCCCCCCCCCOc2ccc(/C=C3\CCCC(=[*])C3=O)cc2)cc1,low
2485,[*]C([*])CCN1CCCCCCC1,True,True,False,500.0,0.5,306.65838623046875,[*]C([*])CCN1CCCCCCC1,0.4444444444444444,1946.0,[*]CC([*])c1ccc(C(O)CCN2CCCCC2)cc1,low
2488,[*]Cc1cc(OC(=O)c2ccc(NC([*])=O)cc2)c(C(F)(F)C(F)(F)C(F)(F)CCCCCC)cc1N,True,True,False,500.0,0.5,415.8546752929688,[*]Cc1cc(OC(=O)c2ccc(NC([*])=O)cc2)c(C(F)(F)C(F)(F)C(F)(F)CCCCCC)cc1N,0.325,296.0,[*]C(=O)OCC(F)(F)C(F)(F)C(F)(F)COC(=O)c1ccc(OCCCCC)c([*])c1,low
2489,[*]CCCCCCCN1C(=O)c2ccc(-c3cc(OCCCCCCCC)c(OCCC([*])CC)cc3C2=O)cc1,True,True,False,500.0,0.5,343.4812927246094,[*]CCCCCCCN1C(=O)c2ccc(-c3cc(OCCCCCCCC)c(OCCC([*])CC)cc3C2=O)cc1,0.3,7124.0,[*]CC([*])c1ccccc1OCCCCCCCC,low
2490,[*]CC([*])C(=O)OCc1cccc(C(=O)OCCCCCCCC)c1-c1cccc(O)c1,True,True,False,500.0,0.5,293.0771484375,[*]CC([*])C(=O)OCc1cccc(C(=O)OCCCCCCCC)c1-c1cccc(O)c1,0.5,2031.0,[*]CC([*])c1ccccc1C(=O)OCCCCCC,medium
2491,[*]C=C(CCCCCCC)COc1ccc(-c2ccc(/C=C/C(=O)Oc3ccc(S([*])(=O)=O)cc3)cc2)cc1,True,True,False,500.0,0.5,384.417724609375,[*]C=C(CCCCCCC)COc1ccc(-c2ccc(/C=C/C(=O)Oc3ccc(S([*])(=O)=O)cc3)cc2)cc1,0.4262295081967213,990.0,[*]C=Cc1ccc(/C=C/C(=O)Oc2ccc(-c3ccc(OC([*])=O)cc3)cc2)cc1,low
2492,[*]Cc1ccc(NC(=O)SCCCCCCC)cc1[*],True,True,False,500.0,0.5,342.42791748046875,[*]Cc1ccc(NC(=O)SCCCCCCC)cc1[*],0.3448275862068966,3337.0,[*]NC(=O)OCCCCCCCCCOC(=O)Nc1ccc(C)c([*])c1,low
2493,[*]CCC([*])OC1CCCCCCOC(=O)C1,True,True,False,500.0,0.5,311.7239685058594,[*]CCC([*])OC1CCCCCCOC(=O)C1,0.4,728.0,[*]C(CC1C(=O)OC(=O)C1[*])OC1CCCCC1,low
2496,[*]CCN([*])COc1ccc([Si](=O)(=O)c2ccc(Br)cc2)cc1OCC(C)(C)C,True,True,False,500.0,0.5,371.326416015625,[*]CCN([*])COc1ccc([Si](=O)(=O)c2ccc(Br)cc2)cc1OCC(C)(C)C,0.26229508196721313,1878.0,[*]CC([*])c1cc(Br)ccc1OCC,low
2499,[*]CC([*])P(=O)(CCCCC)C(=O)OCOC(F)(F)C(F)(F)F,True,True,False,500.0,0.5,272.24853515625,[*]CC([*])P(=O)(CCCCC)C(=O)OCOC(F)(F)C(F)(F)F,0.3469387755102041,1638.0,[*]CC([*])C(=O)OCCCCC,low
2500,[*]C=[Si]([*])Oc1ccc(C(=O)OCCCC(F)(F)C(F)(F)F)cc1,True,True,False,500.0,0.5,288.0501403808594,[*]C=[Si]([*])Oc1ccc(C(=O)OCCCC(F)(F)C(F)(F)F)cc1,0.47540983606557374,1671.0,[*]CC([*])C(=O)OCCCOc1ccc(C(=O)OCCCC(F)(F)C(F)(F)C(F)(F)C(F)(F)C(F)(F)C(F)(F)C(F)(F)C(F)(F)F)cc1,low
2501,[*]CCN(CCCCC)OC(=O)CC(O)C#CC(=O)O[*],True,True,False,500.0,0.5,306.83526611328125,[*]CCN(CCCCC)OC(=O)CC(O)C#CC(=O)O[*],0.3137254901960784,2611.0,[*]CCN([*])C(=O)CCCCC,low
2502,[*]C=CC(=O)NNC(=O)c1ccc(-c2ccc(CCCCOC(=O)O[Na])cc2)cc1,True,True,False,500.0,0.5,443.3298950195313,[*]C=CC(=O)NNC(=O)c1ccc(-c2ccc(CCCCOC(=O)O[Na])cc2)cc1,0.3484848484848485,888.0,[*]C=CC(=O)NC(Cc1ccccc1)C(=O)OCCCCOC(=O)C(Cc1ccccc1)NC([*])=O,low
2505,[*]C=Cc1cc(CCNC(=O)C(CCCCCCCCCC)C(=O)OCCOCC)ccc1C([*])=O,True,True,False,500.0,0.5,335.72222900390625,[*]C=Cc1cc(CCNC(=O)C(CCCCCCCCCC)C(=O)OCCOCC)ccc1C([*])=O,0.3382352941176471,323.0,[*]C(=O)OCCOCCOC(=O)C([*])CCCCCCC,low
2507,[*]O[Si]([*])(C)C(C)CCc1ccc(C)cc1,True,True,False,500.0,0.5,249.0940704345703,[*]O[Si]([*])(C)C(C)CCc1ccc(C)cc1,0.4166666666666667,4691.0,[*]O[Si]([*])(C)c1ccc(C)cc1,low
2508,[*]OC(C)C(=O)OCc1ccc(/[SiH]/c2ccc(O[*])cc2)cc1,True,True,False,500.0,0.5,320.0475158691406,[*]OC(C)C(=O)OCc1ccc(/[SiH]/c2ccc(O[*])cc2)cc1,0.37777777777777777,4939.0,[*]Oc1ccc(Cc2ccc(Cc3ccc(OC([*])=O)cc3)cc2)cc1,low
2510,[*]C=Cc1ccc(OC(=O)C=CCCCC(=O)NC)cc1[*],True,True,False,500.0,0.5,358.5440673828125,[*]C=Cc1ccc(OC(=O)C=CCCCC(=O)NC)cc1[*],0.3333333333333333,991.0,[*]C=Cc1ccc(/C=C/C(=O)Oc2ccc(OC([*])=O)cc2)cc1,low
2511,[*]O[Si]([*])(C)C(=O)Oc1ccc(C(=O)OCCCCCCS(Cl)(F)Cl)cc1,True,True,False,500.0,0.5,298.2918701171875,[*]O[Si]([*])(C)C(=O)Oc1ccc(C(=O)OCCCCCCS(Cl)(F)Cl)cc1,0.4642857142857143,4373.0,[*]OCCCCCCCOC(=O)c1ccc(OC(=O)c2ccc(C(=O)Oc3ccc(C([*])=O)cc3)cc2)cc1,low
2512,[*]C=C(CCCCCCCCCC)COC(=O)CCCCCCC(=O)Nc1cccc(-c2ccc(CSC([*])=O)cc2)c1,True,True,False,500.0,0.5,307.9911804199219,[*]C=C(CCCCCCCCCC)COC(=O)CCCCCCC(=O)Nc1cccc(-c2ccc(CSC([*])=O)cc2)c1,0.373134328358209,2300.0,[*]CCCCCCC(=O)Nc1cccc(NC([*])=O)c1,low
2513,[*]CC([*])OC(=O)CCCCCCC(=O)Oc1cccc(/N=N/c2ccc(COC(F)(F)F)cc2)c1,True,True,False,500.0,0.5,318.8134765625,[*]CC([*])OC(=O)CCCCCCC(=O)Oc1cccc(/N=N/c2ccc(COC(F)(F)F)cc2)c1,0.375,1810.0,[*]CC([*])OC(=O)CCCC(=O)c1ccccc1,low
2514,[*]C(=O)Oc1ccc(OC(=O)c2ccc(OCCN(C)c3ccc(OCCCC(=O)Oc4ccc([*])cc4)c(C(F)(F)F)c3)cc2)cc1OC,True,True,False,500.0,0.5,361.3466796875,[*]C(=O)Oc1ccc(OC(=O)c2ccc(OCCN(C)c3ccc(OCCCC(=O)Oc4ccc([*])cc4)c(C(F)(F)F)c3)cc2)cc1OC,0.4025974025974026,35.0,[*]/C=C(/[*])CCCOc1ccc(OC(=O)c2ccc(OC)cc2)cc1,low
2515,[*]Nc1ccc(OC(=O)Oc2ccc(CC(O)CN(C([*])=O)CCC[N+](=O)[O-])cc2Br)c(F)c1,True,True,False,500.0,0.5,381.9390563964844,[*]Nc1ccc(OC(=O)Oc2ccc(CC(O)CN(C([*])=O)CCC[N+](=O)[O-])cc2Br)c(F)c1,0.2631578947368421,3748.0,[*]Nc1ccc(Cc2ccc(NC(=O)OCCN(CCOC([*])=O)c3ccc(/N=N/c4ccc([N+](=O)[O-])cc4)cc3)cc2)cc1,low
2516,[*]NC([*])(C)C(=O)OOC(=O)c1cccc([N+](=O)[O-])c1,True,True,False,500.0,0.5,359.82598876953125,[*]NC([*])(C)C(=O)OOC(=O)c1cccc([N+](=O)[O-])c1,0.4807692307692308,1832.0,[*]CC([*])OC(=O)c1cccc([N+](=O)[O-])c1,low
2517,[*]C1CC(C)(NC(=O)CCCCP(=O)(O[*])Nc2ccccc2C#N)C1,True,True,False,500.0,0.5,325.5940856933594,[*]C1CC(C)(NC(=O)CCCCP(=O)(O[*])Nc2ccccc2C#N)C1,0.2777777777777778,3313.0,[*]NC(=O)CCCCC(=O)NCC1(C)CC([*])CC(C)(C)C1,low
2518,[*]OCc1cc(/N=C/C(=O)c2ccccc2)cc(P(C)(C)c2ccc(CC([*])=O)cc2)c1,True,True,False,500.0,0.5,425.2587585449219,[*]OCc1cc(/N=C/C(=O)c2ccccc2)cc(P(C)(C)c2ccc(CC([*])=O)cc2)c1,0.328125,4547.0,[*]OCc1ccc(COC(=O)c2cccc(C([*])=O)c2)cc1,low
2520,[*]CCCP(C)(=O)NCCCCNC(=O)C(C=[*])OC,True,True,False,500.0,0.5,301.75714111328125,[*]CCCP(C)(=O)NCCCCNC(=O)C(C=[*])OC,0.36538461538461536,2532.0,[*]CCCCNC(=O)CCCCC(=O)NCCCP([*])(C)=O,low
2521,[*]Nc1ccc(NC(=O)c2ccc(S(=O)(=O)c3ccc(CC(=O)Nc4ccc([*])cc4)c(C)c3)cc2)cc1C,True,True,False,500.0,0.5,532.7843627929688,[*]Nc1ccc(NC(=O)c2ccc(S(=O)(=O)c3ccc(CC(=O)Nc4ccc([*])cc4)c(C)c3)cc2)cc1C,0.4838709677419355,5823.0,[*]c1ccc(C(=O)Nc2ccc(C(=O)Nc3ccc(S(=O)(=O)c4ccc(NC(=O)c5ccc(NC(=O)c6ccc([Si]([*])(C)C)cc6)cc5)cc4)cc3)cc2)cc1,low
2522,[*]COc1ccc(NC(=O)c2cccc(OC([*])=O)c2S(F)(F)F)cc1,True,True,False,500.0,0.5,469.45501708984375,[*]COc1ccc(NC(=O)c2cccc(OC([*])=O)c2S(F)(F)F)cc1,0.38235294117647056,6191.0,[*]c1ccc(OCC(O)COc2ccc(NC(=O)c3ccccc3OCC(O)COc3ccc(C([*])(C)C)cc3)cc2)cc1,low
2523,[*]NC(=O)Oc1ccc(-c2ccc(OCCC(C)c3ccc([*])cc3)cc2)c(OC(=O)c2cccc(C(C)C)c2)c1,True,True,False,500.0,0.5,373.7503967285156,[*]NC(=O)Oc1ccc(-c2ccc(OCCC(C)c3ccc([*])cc3)cc2)c(OC(=O)c2cccc(C(C)C)c2)c1,0.3333333333333333,3335.0,[*]NC(=O)OCCCCCCCCCCCOc1ccc(-c2ccc(OCCCCCCCCCCCOC(=O)Nc3ccc([*])cc3C)cc2)cc1,low
2525,[*]CC([*])(C)C(=O)Oc1ccc(C(COCCCCCC)COc2ccc(-c3ccc([PH](=O)(=O)O)cc3)cc2)cc1,True,True,False,500.0,0.5,362.8675231933594,[*]CC([*])(C)C(=O)Oc1ccc(C(COCCCCCC)COc2ccc(-c3ccc([PH](=O)(=O)O)cc3)cc2)cc1,0.4714285714285714,1306.0,[*]CC([*])(C)C(=O)OCCCCCCCCCCOc1ccc(OC(=O)c2ccc(OCCCCCC)cc2)cc1,low
2526,[*]Oc1ccc(/N=C(\C)c2ccc([Si]([*])(C)C)cc2)c(-c2ccc(C#N)cc2)c1,True,True,False,500.0,0.5,412.5982360839844,[*]Oc1ccc(/N=C(\C)c2ccc([Si]([*])(C)C)cc2)c(-c2ccc(C#N)cc2)c1,0.36065573770491804,4657.0,[*]O[Si]([*])(C)CCCOc1ccc(-c2ccc(C#N)cc2)cc1,low
2527,[*]Oc1cc(C(=O)NCCCCCCCCCNC(=O)C(C(=[*])OCCC)c2ccccc2CC)ccc1O,True,True,False,500.0,0.5,356.3622436523437,[*]Oc1cc(C(=O)NCCCCCCCCCNC(=O)C(C(=[*])OCCC)c2ccccc2CC)ccc1O,0.32051282051282054,3451.0,[*]NCCCCCCCCCCCCNC(=O)c1ccc(C([*])=O)cc1Oc1ccccc1,low
2528,[*]CC(=O)Oc1ccc(OCCCNC(=O)c2ccc(C(=O)Nc3ccc([*])cc3)cc2)cc1N,True,True,False,500.0,0.5,437.9819641113281,[*]CC(=O)Oc1ccc(OCCCNC(=O)c2ccc(C(=O)Nc3ccc([*])cc3)cc2)cc1N,0.4117647058823529,6190.0,[*]c1ccc(OCC(O)COc2ccc(NC(=O)c3ccc(OCC(O)COc4ccc(C([*])(C)C)cc4)cc3)cc2)cc1,low
2529,[*]Oc1ccc(N2C(=O)c3ccc(-c4cc(CCCCCCCC)ccc4C3=O)cc2S([*])(=O)=O)cc1,True,True,False,500.0,0.5,459.7458801269531,[*]Oc1ccc(N2C(=O)c3ccc(-c4cc(CCCCCCCC)ccc4C3=O)cc2S([*])(=O)=O)cc1,0.352112676056338,5166.0,[*]Oc1ccc2c(c1)C(=O)N(c1ccc(Cc3ccc(N4C(=O)c5ccc([*])cc5C4=O)cc3)cc1)C2=O,low
2530,[*]CCCCCCC(=O)Nc1ccc(C#N)c(NC(=O)OCCCCOC(=O)O[*])c1,True,True,False,500.0,0.5,340.967041015625,[*]CCCCCCC(=O)Nc1ccc(C#N)c(NC(=O)OCCCCOC(=O)O[*])c1,0.42857142857142855,2275.0,[*]CCCCCC(=O)Nc1ccc(NC([*])=O)cc1,low
2531,[*]NC(=O)CO[Si]([*])(=O)OCCCCOC,True,True,False,500.0,0.5,312.1799621582031,[*]NC(=O)CO[Si]([*])(=O)OCCCCOC,0.35,3327.0,[*]NC(=O)COC(=O)C([*])C,low
2532,[*]CCSCCOCC(C)(C)C(=O)Nc1ccccc1O[*],True,True,False,500.0,0.5,421.2503967285156,[*]CCSCCOCC(C)(C)C(=O)Nc1ccccc1O[*],0.2857142857142857,1185.0,[*]CC([*])(C(=O)OC)c1ccccc1,low
2533,[*]Oc1cc(C([*])=O)c(OC(=O)c2ccc(C(=O)OCCN(C)c3ccc(C(F)(F)F)cc3)cc2C(=O)OCCOc2ccccc2)cc1,True,True,False,500.0,0.5,370.3200988769531,[*]Oc1cc(C([*])=O)c(OC(=O)c2ccc(C(=O)OCCN(C)c3ccc(C(F)(F)F)cc3)cc2C(=O)OCCOc2ccccc2)cc1,0.3902439024390244,4991.0,[*]Oc1ccc(OC(=O)c2ccc(C([*])=O)cc2)c(-c2cccc(C(F)(F)F)c2)c1,low
2534,[*]NC(=O)C(C)(C)c1ccc(Oc2ccc(C(=O)OCCCCCCOC([*])=O)cc2)cc1,True,True,False,500.0,0.5,360.0629577636719,[*]NC(=O)C(C)(C)c1ccc(Oc2ccc(C(=O)OCCCCCCOC([*])=O)cc2)cc1,0.5294117647058824,4397.0,[*]OCCCCCCOC(=O)c1ccc(Oc2ccc(C([*])=O)cc2)cc1,medium
2535,[*]C([*])C(=O)O[Si](C)(CCCCCC)C(=O)OC(O)(C(F)(F)F)C(F)(F)F,True,True,False,500.0,0.5,270.3638916015625,[*]C([*])C(=O)O[Si](C)(CCCCCC)C(=O)OC(O)(C(F)(F)F)C(F)(F)F,0.32,1639.0,[*]CC([*])C(=O)OCCCCCC,low
2536,[*]C=Cc1ccc(C(C)(C)c2ccc(NC(=O)CCCCCCCC(=O)Nc3ccc(O[*])cc3)c(F)c2)cc1,True,True,False,500.0,0.5,405.2844543457031,[*]C=Cc1ccc(C(C)(C)c2ccc(NC(=O)CCCCCCCC(=O)Nc3ccc(O[*])cc3)c(F)c2)cc1,0.3972602739726027,6189.0,[*]c1ccc(OCC(O)COc2ccc(NC(=O)CCCCCC(=O)Nc3ccc(OCC(O)COc4ccc(C([*])(C)C)cc4)cc3)cc2)cc1,low
2537,[*]C/C=C/CC(F)(F)C(O[*])CCCC(=O)Cl,True,True,False,500.0,0.5,268.2880249023437,[*]C/C=C/CC(F)(F)C(O[*])CCCC(=O)Cl,0.2962962962962963,2105.0,[*]CC=CCC([*])(C(=O)OC12CC3CC(CC(C3)C1)C2)C(=O)OC12CC3CC(CC(C3)C1)C2,low
2538,[*]CC([*])C(=O)OCCCCCOc1ccc(N(C(=O)Cc2ccccc2)c2ccc(OC(=O)CCCCCCOC([*])=O)cc2)cc1,True,True,False,500.0,0.5,293.72265625,[*]CC([*])C(=O)OCCCCCOc1ccc(N(C(=O)Cc2ccccc2)c2ccc(OC(=O)CCCCCCOC([*])=O)cc2)cc1,0.5223880597014925,1640.0,[*]CC([*])C(=O)OCCCCCC(=O)Oc1ccc(-c2ccc(C#N)cc2)cc1,medium
2539,[*]CCNC(=O)CCCCCCC(=O)OCc1ccc(CN2C(=O)c3cccc(O[*])c3)cc2C1=O,True,True,False,500.0,0.5,330.9173583984375,[*]CCNC(=O)CCCCCCC(=O)OCc1ccc(CN2C(=O)c3cccc(O[*])c3)cc2C1=O,0.3026315789473684,2217.0,[*]CCCCC(=O)NCCCCCC(=O)OCCCCCCCCCCOC(=O)CCCCCNC([*])=O,low
2540,[*]CCCCC[Si](C)(C)CCc1cc(OCC([*])COCC)ccc1[N-],True,True,False,500.0,0.5,286.65826416015625,[*]CCCCC[Si](C)(C)CCc1cc(OCC([*])COCC)ccc1[N-],0.2857142857142857,4625.0,[*]O[Si]([*])(C)CCCCCCCCCCC(=O)Oc1ccc(C(=O)Oc2ccc(OC(=O)c3ccc(OCC(C)CC)cc3)cc2)cc1,low
2541,[*]C=CC([*])CN(C)C(=O)OCCCCCOCC,True,True,False,500.0,0.5,278.5932006835937,[*]C=CC([*])CN(C)C(=O)OCCCCCOCC,0.41304347826086957,1668.0,[*]CC([*])C(=O)OCCCOCC,low
2542,[*]Oc1ccc(CS(=O)(=O)c2ccc(OC(=O)CN3C(=O)Oc4ccc(C([*])=O)cc4C3=O)cc2)cc1,True,True,False,500.0,0.5,430.0735778808594,[*]Oc1ccc(CS(=O)(=O)c2ccc(OC(=O)CN3C(=O)Oc4ccc(C([*])=O)cc4C3=O)cc2)cc1,0.37681159420289856,5091.0,[*]Oc1ccc(S(=O)(=O)c2ccc(OC(=O)c3cccc(C([*])=O)c3)cc2)cc1,low
2543,[*]CCC(=O)CCCCCCCCCN(C)CCCNC(=O)S[*],True,True,False,500.0,0.5,319.663818359375,[*]CCC(=O)CCCCCCCCCN(C)CCCNC(=O)S[*],0.41304347826086957,2561.0,[*]CCCNC(=O)CCCCC(=O)NCCCN([*])C,low
2544,[*]CCOCCNC(=O)c1ccc(N2C(=O)C(=O)N(CCCCC)C(=O)Oc3ccc([*])cc3C2=O)cc1OC,True,True,False,500.0,0.5,431.40631103515625,[*]CCOCCNC(=O)c1ccc(N2C(=O)C(=O)N(CCCCC)C(=O)Oc3ccc([*])cc3C2=O)cc1OC,0.32608695652173914,5418.0,[*]c1cc(C(=O)NCCCCCC)cc(N2C(=O)c3ccc(-c4ccc5c(c4)C(=O)N([*])C5=O)cc3C2=O)c1,low
2545,[*]CC1CCC(CCSCCCCNC(=O)c2ccc(C(=O)N([*])CCCCCCC)cc2)C1=O,True,True,False,500.0,0.5,354.45318603515625,[*]CC1CCC(CCSCCCCNC(=O)c2ccc(C(=O)N([*])CCCCCCC)cc2)C1=O,0.34285714285714286,5813.0,[*]c1ccc(C(=O)NCCCCCCNC(=O)c2ccc(C([*])(C)CC)cc2)cc1,low
2546,[*]Oc1ccc(C(C)C#Cc2ccc([*])cc2)c(OC)c1,True,True,False,500.0,0.5,402.6388244628906,[*]Oc1ccc(C(C)C#Cc2ccc([*])cc2)c(OC)c1,0.358974358974359,5142.0,[*]Oc1ccc([*])cc1,low
2547,[*]CC([*])C(=O)OCC(CCCCCC)CSN1C(=O)c2ccc(C)cc2C1OCC(C)=O,True,True,False,500.0,0.5,284.00048828125,[*]CC([*])C(=O)OCC(CCCCCC)CSN1C(=O)c2ccc(C)cc2C1OCC(C)=O,0.37681159420289856,7103.0,[*]CC([*])C(=O)OCC(CC)CCCC,low
2548,[*]COc1ccc(CC(=O)Oc2ccc(OC(=O)CS[*])cc2)cc1,True,True,False,500.0,0.5,353.5204772949219,[*]COc1ccc(CC(=O)Oc2ccc(OC(=O)CS[*])cc2)cc1,0.42857142857142855,2938.0,[*]COc1ccc(CC(=O)NCCCCCCNC([*])=O)cc1,low
2549,[*]OCC(CCCCC)c1ccc(OC(=O)C([2H])=O)cc1-c1ccccc1[*],True,True,False,500.0,0.5,440.2229614257813,[*]OCC(CCCCC)c1ccc(OC(=O)C([2H])=O)cc1-c1ccccc1[*],0.3291139240506329,332.0,[*]C(=O)Oc1ccc(OC(=O)c2cc(OCCCCCCCCCCCC)c([*])cc2OCCCCCCCCCCCC)cc1-c1ccccc1,low
2550,[*]N=C(C)C(=O)Oc1ccc(C(=O)c2ccc(NC(=O)c3ccccc3P([*])(=O)=O)cc2)c(C(=O)OC)c1,True,True,False,500.0,0.5,474.8009033203125,[*]N=C(C)C(=O)Oc1ccc(C(=O)c2ccc(NC(=O)c3ccccc3P([*])(=O)=O)cc2)c(C(=O)OC)c1,0.3333333333333333,249.0,[*]C(=O)Nc1ccc(NC(=O)c2cc(-c3ccc(C(=O)OC)c([*])c3)ccc2C(=O)OC)cc1,low
2552,[*]O[Si]([*])(C)C(=O)NCC(F)(F)C(F)(F)C(F)(F)C(F)(F)C(F)(F)C(F)(F)C(F)(F)C(F)F,True,True,False,500.0,0.5,241.7736053466797,[*]O[Si]([*])(C)C(=O)NCC(F)(F)C(F)(F)C(F)(F)C(F)(F)C(F)(F)C(F)(F)C(F)(F)C(F)F,0.4117647058823529,1234.0,[*]CC([*])(C)C(=O)OCC(F)(F)C(F)(F)C(F)(F)C(F)(F)C(F)(F)C(F)(F)C(F)(F)C(F)F,low
2554,[*]CCOC(=O)Oc1ccc(C(=O)[Se]CCCCCC(=O)NC(C)C([*])=O)cc1,True,True,False,500.0,0.5,327.5450744628906,[*]CCOC(=O)Oc1ccc(C(=O)[Se]CCCCCC(=O)NC(C)C([*])=O)cc1,0.375,6049.0,[*]c1ccc(OC(=O)OCCCCCOC(=O)Oc2ccc(C([*])(C)C)cc2)cc1,low
2555,[*]CNP(=O)(Nc1ccc(-c2ccc(C#N)cc2)cc1)=C(\C)NC([*])=O,True,True,False,500.0,0.5,423.5363464355469,[*]CNP(=O)(Nc1ccc(-c2ccc(C#N)cc2)cc1)=C(\C)NC([*])=O,0.35,1663.0,[*]CC([*])C(=O)OCCCCOc1ccc(-c2ccc(C#N)cc2)cc1,low
2556,[*]CCCC(O)CN(C)C(=O)OCC(=O)Oc1ccc(C(=O)NC([*])c2ccccc2)cc1,True,True,False,500.0,0.5,323.1366577148437,[*]CCCC(O)CN(C)C(=O)OCC(=O)Oc1ccc(C(=O)NC([*])c2ccccc2)cc1,0.3375,2731.0,[*]CCc1ccc(OC(=O)COCC(=O)Oc2ccc(CC(NC([*])=O)C(=O)OCc3ccccc3)cc2)cc1,low
2557,[*]/C=C(/[*])CCCCCCCOC(=O)CC[Si](C)(C)c1ccc(Br)cc1Cl,True,True,False,500.0,0.5,277.495361328125,[*]/C=C(/[*])CCCCCCCOC(=O)CC[Si](C)(C)c1ccc(Br)cc1Cl,0.3787878787878788,37.0,[*]/C=C(/[*])CCCOc1ccc(OC(=O)c2ccc(OCCCCCCCC)cc2)cc1,low
2558,[*]CC([*])NCCCCCC(=O)c1ccc(N(C=CC)c2ccccc2)cc1,True,True,False,500.0,0.5,403.9746398925781,[*]CC([*])NCCCCCC(=O)c1ccc(N(C=CC)c2ccccc2)cc1,0.39655172413793105,1918.0,[*]CC([*])c1ccc(C(=O)CCCCCCC)cc1,low
2559,[*]CCCCCCCCCCN[Si](C)(C)CCc1ccc(C([*])=O)cc1,True,True,False,500.0,0.5,266.1800842285156,[*]CCCCCCCCCCN[Si](C)(C)CCc1ccc(C([*])=O)cc1,0.45652173913043476,4184.0,[*]OC(=O)c1ccc(CCCCCCc2ccc(C([*])=O)cc2)cc1,low
2560,[*]CCc1ccc(NC(=O)CCCCCC(=O)Nc2cccc([Si](C)(C)OC([*])=O)c2)cc1,True,True,False,500.0,0.5,393.7955932617188,[*]CCc1ccc(NC(=O)CCCCCC(=O)Nc2cccc([Si](C)(C)OC([*])=O)c2)cc1,0.5,2300.0,[*]CCCCCCC(=O)Nc1cccc(NC([*])=O)c1,medium
2561,[*]Cc1ccc(Oc2ccccc2C)c([*])c1,True,True,False,500.0,0.5,382.793701171875,[*]Cc1ccc(Oc2ccccc2C)c([*])c1,0.4318181818181818,3163.0,[*]Cc1ccc(OC(=O)Oc2ccc([*])cc2C)c(C)c1,low
2562,[*]CC(=O)Oc1cc(OC(=O)C2CCC(OC([*])=O)OC2)oc1,True,True,False,500.0,0.5,380.44427490234375,[*]CC(=O)Oc1cc(OC(=O)C2CCC(OC([*])=O)OC2)oc1,0.288135593220339,2125.0,[*]CCC(=O)OC1COC2C(OC([*])=O)COC12,low
2563,[*]CCN1CCC(OC(=O)Nc2ccc(SCCCNC(=O)N([*])C(=O)CCC(F)(F)F)cc2)CC1=O,True,True,False,500.0,0.5,346.6695251464844,[*]CCN1CCC(OC(=O)Nc2ccc(SCCCNC(=O)N([*])C(=O)CCC(F)(F)F)cc2)CC1=O,0.25555555555555554,3734.0,[*]Nc1ccc(Cc2ccc(NC(=O)OC3CC4CC(OC([*])=O)CC(C3)O4)cc2)cc1,low
2564,[*]c1cccc([*])c1C(C)(C)CCCCC(F)(F)F,True,True,False,500.0,0.5,327.7541809082031,[*]c1cccc([*])c1C(C)(C)CCCCC(F)(F)F,0.2571428571428571,5351.0,[*][Si]([*])(C)CCC(F)(F)F,low
2566,[*]CC([*])C(=O)NCCCCCS(=O)(=O)C(CC(C)C)C,True,True,False,500.0,0.5,329.366943359375,[*]CC([*])C(=O)NCCCCCS(=O)(=O)C(CC(C)C)C,0.5609756097560976,1592.0,[*]CC([*])C(=O)NCCCCCCCC,medium
2567,[*]/C=C/C(CCCCCCNC(=O)CCCc1ccc(-c2ccccc2C)cc1)C(=O)O[*],True,True,False,500.0,0.5,319.40997314453125,[*]/C=C/C(CCCCCCNC(=O)CCCc1ccc(-c2ccccc2C)cc1)C(=O)O[*],0.35714285714285715,1055.0,[*]CC(=O)NCCCCCCNC(=O)CCc1ccc(C([*])C)cc1,low
2569,[*]CC=CCCCCCCCNC(=O)CCCCC(=O)O[*],True,True,False,500.0,0.5,302.20574951171875,[*]CC=CCCCCCCCNC(=O)CCCCC(=O)O[*],0.4583333333333333,2217.0,[*]CCCCC(=O)NCCCCCC(=O)OCCCCCCCCCCOC(=O)CCCCCNC([*])=O,low
2570,[*]CCN(CCOC(=O)c1ccc(C(=O)c2ccccc2C([*])=S)cc1)OCCOC(C)=O,True,True,False,500.0,0.5,318.1510925292969,[*]CCN(CCOC(=O)c1ccc(C(=O)c2ccccc2C([*])=S)cc1)OCCOC(C)=O,0.3559322033898305,2131.0,[*]CCC(=O)OCCOC(=O)c1ccc(C(=O)OCCOC([*])=O)cc1,low
2571,[*]C(=O)c1cc([*])ccc1OCCCCOc1ccc(/N=N/c2ccc(CC)cc2)c(S(=O)(=O)O)c1,True,True,False,500.0,0.5,382.30859375,[*]C(=O)c1cc([*])ccc1OCCCCOc1ccc(/N=N/c2ccc(CC)cc2)c(S(=O)(=O)O)c1,0.42857142857142855,4189.0,[*]OC(=O)c1ccc(OCCCCCCOc2ccc(C(=O)Oc3ccc([*])cc3/N=N/c3ccc(C#N)cc3)cc2)cc1,low
2572,[*]Oc1ccc(/C(=N/c2ccccc2)c2ccc(OC(=O)Cc3ccc(C(C)(C)c4ccc([*])cc4)cc3)cc2)c([N+](=O)[O-])c1,True,True,False,500.0,0.5,408.3635864257813,[*]Oc1ccc(/C(=N/c2ccccc2)c2ccc(OC(=O)Cc3ccc(C(C)(C)c4ccc([*])cc4)cc3)cc2)c([N+](=O)[O-])c1,0.4444444444444444,6040.0,[*]c1ccc(OC(=O)Cc2ccc(C(=O)Oc3ccc(C([*])(C)C)cc3)cc2)cc1,low
2573,[*]CC([*])OCCN1CCCCCCC1c1ccc(-c2ccc(/N=N/c3ccc(CC)cc3)cc2)cc1,True,True,False,500.0,0.5,355.14825439453125,[*]CC([*])OCCN1CCCCCCC1c1ccc(-c2ccc(/N=N/c3ccc(CC)cc3)cc2)cc1,0.3283582089552239,1851.0,[*]CC([*])OCCOc1ccc(/N=N/c2ccc(C#N)cc2)cc1,low
2575,[*]COCCN(C)c1ccc(C(=O)Oc2ccc([*])cc2)cc1,True,True,False,500.0,0.5,352.3798217773437,[*]COCCN(C)c1ccc(C(=O)Oc2ccc([*])cc2)cc1,0.48,6095.0,[*]c1ccc(OC(=O)c2ccc(C(=O)Oc3ccc(C([*])(CC)CC)cc3)cc2)cc1,low
2577,[*]CC(=CCC)c1cccc(OCC[Si](C)(C)CNC([*])=O)c1,True,True,False,500.0,0.5,337.36376953125,[*]CC(=CCC)c1cccc(OCC[Si](C)(C)CNC([*])=O)c1,0.40350877192982454,3551.0,[*]NCCOc1cccc(C([*])=O)c1,low
2578,[*]c1ccc(CCCCCCC(=O)Oc2ccc(OCCOC([*])(OC(=O)c3ccc([N+](=O)[O-])cc3)c3ccc(C(F)(F)F)cc3)cc2)cc1,True,True,False,500.0,0.5,331.0758056640625,[*]c1ccc(CCCCCCC(=O)Oc2ccc(OCCOC([*])(OC(=O)c3ccc([N+](=O)[O-])cc3)c3ccc(C(F)(F)F)cc3)cc2)cc1,0.41333333333333333,6107.0,[*]c1ccc(OC(=O)c2ccc(OCCCCCCCCCCOc3ccc(C(=O)Oc4ccc(C([*])(C)C)cc4)cc3)cc2)cc1,low
2579,[*]OC(=O)c1ccc(N2CCCCCCCC(=O)C([*])OC2)cc1,True,True,False,500.0,0.5,401.9069519042969,[*]OC(=O)c1ccc(N2CCCCCCCC(=O)C([*])OC2)cc1,0.3333333333333333,4175.0,[*]OC(=O)c1ccc(C(=O)OC2C(C)(C)C([*])C2(C)C)cc1,low
2580,[*]Sc1ccc(Oc2ccc(C(=O)C(=Cc3ccc(Oc4ccc(NC(=O)c5ccc([*])cc5)cc4)cc3)c3cccc(C(=O)O)c3)cc2)c(-c2ccccc2)c1,True,True,False,500.0,0.5,470.9269409179688,[*]Sc1ccc(Oc2ccc(C(=O)C(=Cc3ccc(Oc4ccc(NC(=O)c5ccc([*])cc5)cc4)cc3)c3cccc(C(=O)O)c3)cc2)c(-c2ccccc2)c1,0.4868421052631579,3912.0,[*]Nc1ccc(Oc2ccc(NC(=O)c3ccc(Oc4ccc(Oc5ccc(C([*])=O)cc5)cc4-c4ccccc4)cc3)cc2)cc1,low
2581,[*]N=C[Si](C)(C)CCCCCCC[Si]([*])(NC)CCCC,True,True,False,500.0,0.5,234.36474609375,[*]N=C[Si](C)(C)CCCCCCC[Si]([*])(NC)CCCC,0.38235294117647056,5357.0,[*][Si]([*])(CCCC)CCCCCC,low
2582,[*]CCc1ccc(C(=O)CN(CCC)C(=O)OCc2ccc(OC(=[*])C)cc2)s1,True,True,False,500.0,0.5,379.3865661621094,[*]CCc1ccc(C(=O)CN(CCC)C(=O)OCc2ccc(OC(=[*])C)cc2)s1,0.2911392405063291,2726.0,[*]CCc1ccc(OC(=O)CCC(=O)Oc2ccc(CC(NC([*])=O)C(=O)OCc3ccccc3)cc2)cc1,low
2583,[*]CC([*])(C)c1ccc([Si](=O)(=O)/C=C/c2cc(N(C)CCCC)ccc2O)c(O)c1,True,True,False,500.0,0.5,413.7871398925781,[*]CC([*])(C)c1ccc([Si](=O)(=O)/C=C/c2cc(N(C)CCCC)ccc2O)c(O)c1,0.3333333333333333,1381.0,[*]CC([*])(C)C(=O)OCCCN(C)c1ccc(N(C)C)cc1,low
2584,[*]C[Si]([*])(C)CCCCCCCCOc1ccc(C(=O)NCCCC)cc1-c1ccc([N+](=O)[O-])cc1,True,True,False,500.0,0.5,318.5570983886719,[*]C[Si]([*])(C)CCCCCCCCOc1ccc(C(=O)NCCCC)cc1-c1ccc([N+](=O)[O-])cc1,0.37209302325581395,5817.0,[*]c1ccc(C(=O)NCCN(CCNC(=O)c2ccc([Si]([*])(CCCC)CCCC)cc2)c2ccc(/C=C/c3ccc([N+](=O)[O-])cc3)cc2)cc1,low
2585,[*]Oc1ccc(C(=O)CCCCCN([*])c2cccc(C(C)(C)C)c2)cc1,True,True,False,500.0,0.5,354.838623046875,[*]Oc1ccc(C(=O)CCCCCN([*])c2cccc(C(C)(C)C)c2)cc1,0.3684210526315789,411.0,[*]C(=O)c1ccc(N([*])CCCCCCC)cc1,low
2587,[*]CSC(=O)c1ccc(OC(=O)CCCCC(C)(C)C(=O)OC([*])=O)cc1,True,True,False,500.0,0.5,288.4044189453125,[*]CSC(=O)c1ccc(OC(=O)CCCCC(C)(C)C(=O)OC([*])=O)cc1,0.46,2265.0,[*]CCCCC(=O)Oc1ccc(OC([*])=O)cc1,low
2588,[*]CC(CCCC)C([*])c1ccc(/C=N/CC(C)(C)C)cc1,True,True,False,500.0,0.5,321.6868896484375,[*]CC(CCCC)C([*])c1ccc(/C=N/CC(C)(C)C)cc1,0.34,7288.0,[*]CC([*])c1ccc(OCCCC)cc1,low
2589,[*]CCCCC(CCNC(=O)C(=O)O[*])c1cc(C)cc(C(=O)SCCCCCC)c1,True,True,False,500.0,0.5,320.79736328125,[*]CCCCC(CCNC(=O)C(=O)O[*])c1cc(C)cc(C(=O)SCCCCCC)c1,0.28169014084507044,2570.0,[*]CCCNC(=O)c1ccc(C(=O)NCCC([*])CC)cc1,low
2590,[*]CC(CCCCC)C(=[*])N[Si](C#N)(=O)CC,True,True,False,500.0,0.5,346.6483154296875,[*]CC(CCCCC)C(=[*])N[Si](C#N)(=O)CC,0.3170731707317073,7108.0,[*]CC([*])CCCCC,low
2591,[*]NCC(=O)c1ccc(C(=O)Oc2ccc(OC(=O)c3ccc(S([*])=O)cc3Br)c(OCC(C)C)c2)cc1,True,True,False,500.0,0.5,412.1497192382813,[*]NCC(=O)c1ccc(C(=O)Oc2ccc(OC(=O)c3ccc(S([*])=O)cc3Br)c(OCC(C)C)c2)cc1,0.3048780487804878,4188.0,[*]OC(=O)c1ccc(OCCCCCCCCOc2ccc(C(=O)Oc3ccc([*])cc3C(=O)CC)cc2)cc1,low
2592,[*]O[Si]([*])(C)C(=O)NCCOc1ccc(O)cc1,True,True,False,500.0,0.5,285.256591796875,[*]O[Si]([*])(C)C(=O)NCCOc1ccc(O)cc1,0.4074074074074074,4671.0,[*]O[Si]([*])(C)CCCOc1ccc(C(=O)Oc2ccc(C(=O)Oc3ccc(OC)cc3)cc2)cc1,low
2593,[*]CCOCCCC(=O)Oc1ccc(C(=O)OCCO[PH]([*])(=O)c2ccc(OC)cc2)cc1,True,True,False,500.0,0.5,304.01446533203125,[*]CCOCCCC(=O)Oc1ccc(C(=O)OCCO[PH]([*])(=O)c2ccc(OC)cc2)cc1,0.45588235294117646,1268.0,[*]CC([*])(C)C(=O)OCCCCCC(=O)Oc1ccc(OC(=O)c2ccc(OC)cc2)cc1,low
2594,[*]CCCCCCCC(=O)Nc1ccc([Si](C)(CCCCCC)c2cc(OCCOC)c([*])cc2C)cc1,True,True,False,500.0,0.5,360.460693359375,[*]CCCCCCCC(=O)Nc1ccc([Si](C)(CCCCCC)c2cc(OCCOC)c([*])cc2C)cc1,0.38461538461538464,2275.0,[*]CCCCCC(=O)Nc1ccc(NC([*])=O)cc1,low
2596,[*]CNC(=O)c1cccc(SC([*])=O)c1-c1ccc(C#C)cc1,True,True,False,500.0,0.5,469.7732238769531,[*]CNC(=O)c1cccc(SC([*])=O)c1-c1ccc(C#C)cc1,0.27692307692307694,2783.0,[*]CNC(=O)c1cccc(C(=O)NCc2cc([*])cc(C(C)(C)C)c2)c1,low
2597,[*]CC(=O)c1ccc(-c2ccccc2-c2ccc(C([*])CN3CCCC3)cc2)cc1,True,True,False,500.0,0.5,420.0617065429688,[*]CC(=O)c1ccc(-c2ccccc2-c2ccc(C([*])CN3CCCC3)cc2)cc1,0.52,1919.0,[*]CC([*])c1ccc(C(=O)CCN2CCCCC2)cc1,medium
2598,[*]Nc1ccccc1C([*])C(=O)N(CCCC)c1ccc(C(C)=O)cc1,True,True,False,500.0,0.5,366.0924072265625,[*]Nc1ccccc1C([*])C(=O)N(CCCC)c1ccc(C(C)=O)cc1,0.36363636363636365,409.0,[*]C(=O)c1ccc(N([*])CCCC)cc1,low
2599,[*]CC=CC(CCCCCOc1ccc(NC(=O)c2cccc(OC)c2)cc1)C([*])CCCCO,True,True,False,500.0,0.5,377.6463012695313,[*]CC=CC(CCCCCOc1ccc(NC(=O)c2cccc(OC)c2)cc1)C([*])CCCCO,0.4782608695652174,3828.0,[*]Nc1ccc(OCCCCCCCCOc2ccc(NC(=O)c3cccc(C([*])=O)c3)cc2)cc1,low
2600,[*]CC([*])CNC(=O)Oc1ccc([PH](=O)(=O)N(c2ccc(C#N)cc2)c2ccc(OC(=O)c3ccc(C)cc3)cc2)cc1,True,True,False,500.0,0.5,418.7151794433594,[*]CC([*])CNC(=O)Oc1ccc([PH](=O)(=O)N(c2ccc(C#N)cc2)c2ccc(OC(=O)c3ccc(C)cc3)cc2)cc1,0.4492753623188406,1846.0,[*]CC([*])OCCCCCCCCCCCOc1ccc(C(=O)Oc2ccc(C#N)cc2)cc1,low
2601,[*][Se]c1ccc2ccc(/N=C/C(=O)C(C)CCCCC(=O)N([*])C)cc2c1,True,True,False,500.0,0.5,408.29107666015625,[*][Se]c1ccc2ccc(/N=C/C(=O)C(C)CCCCC(=O)N([*])C)cc2c1,0.3148148148148148,2412.0,[*]CCCCCCCCCCC(=O)N([*])C,low
2602,[*]CC(=O)NCCN(C)c1ccc(-c2ccc(CNC(=O)CCCNC(=O)c3ccc(C([*])=O)cc3)cc2)cc1,True,True,False,500.0,0.5,422.1658325195313,[*]CC(=O)NCCN(C)c1ccc(-c2ccc(CNC(=O)CCCNC(=O)c3ccc(C([*])=O)cc3)cc2)cc1,0.4032258064516129,3461.0,[*]NCCCCCCCCCCNC(=O)c1ccc(Cc2ccc(C([*])=O)cc2)cc1,low
2603,[*]CC([*])C(=O)NCC1=CC=C(C)CN(c2ccccc2)c2cc(C(=O)O)ccc2C1=O,True,True,False,500.0,0.5,419.3691101074219,[*]CC([*])C(=O)NCC1=CC=C(C)CN(c2ccccc2)c2cc(C(=O)O)ccc2C1=O,0.36363636363636365,1599.0,[*]CC([*])C(=O)Nc1ccc2c(c1)C(=O)c1ccccc1C2=O,low
2604,[*]Cc1ccccc1OC(=O)C([*])c1ccc(C(C)(CC)c2ccc(/C=N/c3ccccc3)cc2)cc1,True,True,False,500.0,0.5,375.0219421386719,[*]Cc1ccccc1OC(=O)C([*])c1ccc(C(C)(CC)c2ccc(/C=N/c3ccccc3)cc2)cc1,0.3333333333333333,1735.0,[*]CC([*])C(=O)Oc1ccccc1C(C)(C)C,low
2605,[*]OCc1ccccc1C(=O)c1ccc(OCCCCCOC([*])=O)cc1,True,True,False,500.0,0.5,339.7801513671875,[*]OCc1ccccc1C(=O)c1ccc(OCCCCCOC([*])=O)cc1,0.625,4301.0,[*]OCCCCCCCCCCCCOC(=O)OCCCCCCOc1ccc(C(=O)c2ccc(OCCCCCCOC([*])=O)cc2)cc1,medium
2607,[*]c1cc(SCCC(C)(C)N[Si]([*])(C)C)c(OC)cc1C,True,True,False,500.0,0.5,292.8128356933594,[*]c1cc(SCCC(C)(C)N[Si]([*])(C)C)c(OC)cc1C,0.2708333333333333,5325.0,[*]Sc1cc(C)c([*])cc1C,low
2608,[*]Cc1ccc(OCCCCCCCCNC(=O)Sc2ccc(C(=[*])C#N)cc2)cc1,True,True,False,500.0,0.5,352.294921875,[*]Cc1ccc(OCCCCCCCCNC(=O)Sc2ccc(C(=[*])C#N)cc2)cc1,0.40350877192982454,3039.0,[*]Cc1ccc(C(=O)NCCCCCCNC([*])=O)cc1,low
2610,[*]CC=CCCCC(Oc1ccc(/C=C/C(=O)Nc2ccc([*])cc2)cc1)OC(=O)c1ccc(OCC(C)C)cc1,True,True,False,500.0,0.5,398.8868713378906,[*]CC=CCCCC(Oc1ccc(/C=C/C(=O)Nc2ccc([*])cc2)cc1)OC(=O)c1ccc(OCC(C)C)cc1,0.35,6190.0,[*]c1ccc(OCC(O)COc2ccc(NC(=O)c3ccc(OCC(O)COc4ccc(C([*])(C)C)cc4)cc3)cc2)cc1,low
2611,[*]CC([*])C=CCCCCC,True,True,False,500.0,0.5,263.19793701171875,[*]CC([*])C=CCCCCC,0.41379310344827586,7108.0,[*]CC([*])CCCCC,low
2613,[*]C=Cc1nnc(CCNC(=O)OCCCCCCCC([*])=O)cc1C=O,True,True,False,500.0,0.5,339.1334533691406,[*]C=Cc1nnc(CCNC(=O)OCCCCCCCC([*])=O)cc1C=O,0.3559322033898305,3455.0,[*]NCCCCCCCCCCNC(=O)OCCCCCCCCCCCCCCCCOC([*])=O,low
2616,[*]CC(=O)NC(=O)CCCCCCCCOC(=O)c1cc(/C=C/c2ccc([Si](C)(C)C)cc2)c([*])o1,True,True,False,500.0,0.5,327.01300048828125,[*]CC(=O)NC(=O)CCCCCCCCOC(=O)c1cc(/C=C/c2ccc([Si](C)(C)C)cc2)c([*])o1,0.36363636363636365,4431.0,[*]OCCCCCOC(=O)c1ccc(/C=C/c2ccc(C([*])=O)cc2)cc1,low
2618,[*]CCSCCCCCOC(=O)CCCCCCC(=O)Oc1nnc([*])c(CCCCC)c1,True,True,False,500.0,0.5,300.727294921875,[*]CCSCCCCCOC(=O)CCCCCCC(=O)Oc1nnc([*])c(CCCCC)c1,0.43333333333333335,2712.0,[*]CCSCCCCCCSCCC(=O)OCCCCOC([*])=O,low
2619,[*]O[Si]([*])(C)CCCCCOc1ccc(C(=O)Nc2ccc(C=O)cc2)cc1C,True,True,False,500.0,0.5,325.1666564941406,[*]O[Si]([*])(C)CCCCCOc1ccc(C(=O)Nc2ccc(C=O)cc2)cc1C,0.4788732394366197,4637.0,[*]O[Si]([*])(C)CCCCCCCCOc1ccc(C(=O)Oc2ccc(C#N)cc2C)cc1,low
2620,[*]Cc1ccc(C(=O)SN([*])c2ccc([Si](C)(C)C)cc2)c(F)c1,True,True,False,500.0,0.5,401.3349914550781,[*]Cc1ccc(C(=O)SN([*])c2ccc([Si](C)(C)C)cc2)c(F)c1,0.32142857142857145,2633.0,[*]CCN([*])C(=O)c1ccc(F)cc1F,low
2621,[*][Se]c1ccc(C(=O)Oc2ccc(N(C)c3ccc([*])cc3)cc2)c(C=CCCC)c1,True,True,False,500.0,0.5,417.30511474609375,[*][Se]c1ccc(C(=O)Oc2ccc(N(C)c3ccc([*])cc3)cc2)c(C=CCCC)c1,0.36764705882352944,337.0,[*]C(=O)Oc1ccc(OCCOc2ccc(OC(=O)c3ccc([*])cc3OCCCCC)cc2)cc1,low
2622,[*]CC([*])(C)C(=O)Oc1ccc(C(=O)N(CC[Si](C)(C)C)c2ccccc2)cc1O,True,True,False,500.0,0.5,431.34423828125,[*]CC([*])(C)C(=O)Oc1ccc(C(=O)N(CC[Si](C)(C)C)c2ccccc2)cc1O,0.43333333333333335,1494.0,[*]CC([*])(C)C(=O)Oc1ccc(C(=O)c2ccccc2)cc1,low
2623,[*]c1cc(CCCCC([*])(C)C)ccc1-c1ccc(-c2ccc(C=O)cc2)cc1,True,True,False,500.0,0.5,373.2369689941406,[*]c1cc(CCCCC([*])(C)C)ccc1-c1ccc(-c2ccc(C=O)cc2)cc1,0.32786885245901637,5612.0,[*]c1cc2c(cc1-c1ccc(C(C)(C)C)cc1)C(=O)N(c1ccc(Cc3ccc(N4C(=O)c5cc([*])c(-c6ccc(C(C)(C)C)cc6)cc5C4=O)cc3)cc1)C2=O,low
2624,[*]Oc1ccc(C(=O)c2ccc(O[*])c(C)c2)cc1N(C)c1cccc(Cl)c1F,True,True,False,500.0,0.5,439.8481140136719,[*]Oc1ccc(C(=O)c2ccc(O[*])c(C)c2)cc1N(C)c1cccc(Cl)c1F,0.35,4853.0,[*]Oc1ccc(C(=O)c2ccc(Oc3ccc([*])cc3C)cc2)cc1,low
2625,[*]C=Cc1ccc(/N=C(\C)C(=O)CCCCC(=O)Nc2ccccc2-c2ccc(S(=O)(=O)c3ccc(OC)cc3)c([*])c2)cc1,True,True,False,500.0,0.5,430.2062072753906,[*]C=Cc1ccc(/N=C(\C)C(=O)CCCCC(=O)Nc2ccccc2-c2ccc(S(=O)(=O)c3ccc(OC)cc3)c([*])c2)cc1,0.28865979381443296,3314.0,[*]NC(=O)CCCCC(=O)Nc1cc([N+](=O)[O-])c([*])cc1/C=C/c1ccc(N(C)C)cc1,low
2627,[*]CC([*])c1ccc(N2CCCC(=O)N(c3ccc(C(F)(F)F)cc3)C2=O)cc1,True,True,False,500.0,0.5,462.1466369628906,[*]CC([*])c1ccc(N2CCCC(=O)N(c3ccc(C(F)(F)F)cc3)C2=O)cc1,0.37735849056603776,1943.0,[*]CC([*])c1ccc(C(F)(F)C(F)(F)C(F)(F)C(F)(F)C(F)(F)C(F)(F)C(F)(F)F)cc1,low
2628,[*]CC(CCCCOc1ccc(NC(=O)O[*])cc1)c1ccc(C(=O)CCCCCC(C)(C)C)cc1,True,True,False,500.0,0.5,339.9667358398437,[*]CC(CCCCOc1ccc(NC(=O)O[*])cc1)c1ccc(C(=O)CCCCCC(C)(C)C)cc1,0.36363636363636365,1918.0,[*]CC([*])c1ccc(C(=O)CCCCCCC)cc1,low
2629,[*]C=CC([*])Oc1ccc(C(=O)CCCCSCC)cc1,True,True,False,500.0,0.5,294.7359313964844,[*]C=CC([*])Oc1ccc(C(=O)CCCCSCC)cc1,0.39622641509433965,1917.0,[*]CC([*])c1ccc(C(=O)CCCCC)cc1,low
2630,[*]CC([*])(C)C(=O)OCCCCC[N+](C)(C)C#Cc1cccc(-c2ccc([N+](=O)[O-])cc2C(F)(F)F)c1,True,True,False,500.0,0.5,373.5758361816406,[*]CC([*])(C)C(=O)OCCCCC[N+](C)(C)C#Cc1cccc(-c2ccc([N+](=O)[O-])cc2C(F)(F)F)c1,0.46153846153846156,1296.0,[*]CC([*])(C)C(=O)OCCCCCCCCCCOc1ccc(/N=N/c2ccc([N+](=O)[O-])cc2)cc1,low
2631,[*]C[Si]([*])(C)CCc1ccc(OC(=O)c2ccccc2)cc1,True,True,False,500.0,0.5,324.3988342285156,[*]C[Si]([*])(C)CCc1ccc(OC(=O)c2ccccc2)cc1,0.46153846153846156,1488.0,[*]CC([*])(C)C(=O)Oc1ccc(C(=O)Oc2ccc(C(=O)c3ccccc3)cc2)cc1,low
2633,[*]CC([*])C(=O)OCCCCCCN1CCC/C(C)=C/CC(=O)N(C)C1,True,True,False,500.0,0.5,259.2198791503906,[*]CC([*])C(=O)OCCCCCCN1CCC/C(C)=C/CC(=O)N(C)C1,0.41935483870967744,1645.0,[*]CC([*])C(=O)OCCCCCCCCCCCn1c2ccccc2c2ccccc21,low
2635,[*]CC/C=C/c1ccc(-c2cc(NC(=O)c3cccc(C(=O)O[*])c3)ccc2OCC(C)CCC)c(C(F)(F)F)c1,True,True,False,500.0,0.5,426.31591796875,[*]CC/C=C/c1ccc(-c2cc(NC(=O)c3cccc(C(=O)O[*])c3)ccc2OCC(C)CCC)c(C(F)(F)F)c1,0.32941176470588235,3664.0,[*]Nc1ccc(/C=C/c2cccc(NC(=O)c3cccc(C([*])=O)c3)c2)cc1,low
2636,[*]OCC([*])(CSC)C(CCCC)=O,True,True,False,500.0,0.5,269.9384765625,[*]OCC([*])(CSC)C(CCCC)=O,0.32608695652173914,1530.0,[*]CC([*])(CC(=O)OCCCC)C(=O)OCCCC,low
2637,[*]C([*])C(=O)C(=O)Oc1ccc([Si](C)(C)C(F)(F)F)c(Br)c1,True,True,False,500.0,0.5,331.55859375,[*]C([*])C(=O)C(=O)Oc1ccc([Si](C)(C)C(F)(F)F)c(Br)c1,0.2962962962962963,5362.0,[*]c1c(Br)cc(OC(=O)Oc2cc(Br)c(C([*])(C)C)c(Br)c2)cc1Br,low
2638,[*]/C=C/c1ccc([*])c(NCCCCCCCC)c1-c1ccc(C(C)C)cc1,True,True,False,500.0,0.5,383.5222778320313,[*]/C=C/c1ccc([*])c(NCCCCCCCC)c1-c1ccc(C(C)C)cc1,0.3283582089552239,984.0,[*]C=Cc1ccc(-c2ccc(C=Cc3cc(CCCCCCCCCC)c([*])cc3CCCCCCCCCC)nc2)cn1,low
2639,[*]CCCCCNC(=O)c1ccc(S(=O)(=O)c2ccc(C(=O)NCCCCCCCCNc3ccc(CS[*])cc3)o2)cc1C,True,True,False,500.0,0.5,386.9061584472656,[*]CCCCCNC(=O)c1ccc(S(=O)(=O)c2ccc(C(=O)NCCCCCCCCNc3ccc(CS[*])cc3)o2)cc1C,0.3076923076923077,5833.0,[*]c1ccc(C(=O)Nc2ccc(Oc3ccc(S(=O)(=O)c4ccc(Oc5ccc(NC(=O)c6ccc([*])cc6C)cc5)cc4)cc3)cc2)c(C)c1,low
2640,[*]C=C(C)COC(=O)N(CC(=O)N[*])c1ccc(C2(c3ccccc3)CC2)cc1,True,True,False,500.0,0.5,386.5863037109375,[*]C=C(C)COC(=O)N(CC(=O)N[*])c1ccc(C2(c3ccccc3)CC2)cc1,0.2714285714285714,906.0,[*]C=CC(C(=O)OCCN(C)c1ccc(N(C)C)cc1)C([*])C,low
2641,[*][Si]([*])(C)OCC(C)(C)C,True,True,False,500.0,0.5,297.6726989746094,[*][Si]([*])(C)OCC(C)(C)C,0.3333333333333333,1616.0,[*]CC([*])C(=O)OCC(C)(C)C,low
2642,[*]CNC(=O)c1ccc(Oc2ccc(C(=O)CCCCCCCCC(=[*])NCC)cc2)cc1,True,True,False,500.0,0.5,379.8187561035156,[*]CNC(=O)c1ccc(Oc2ccc(C(=O)CCCCCCCCC(=[*])NCC)cc2)cc1,0.42857142857142855,2572.0,[*]CCCNC(=O)c1ccc(Oc2ccc(C(=O)NCC([*])(C)C)cc2)cc1,low
2643,[*]CCC([*])C(=O)Nc1ccc(C#N)cc1C(C)(C)c1ccccc1,True,True,False,500.0,0.5,388.9784240722656,[*]CCC([*])C(=O)Nc1ccc(C#N)cc1C(C)(C)c1ccccc1,0.34545454545454546,7100.0,[*]CC([*])C(=O)Nc1ccccc1,low
2644,[*]CC(=O)Oc1ccc(CCc2ccccc2)c(-c2ccc(S([*])(=O)=O)cc2)c1,True,True,False,500.0,0.5,390.37255859375,[*]CC(=O)Oc1ccc(CCc2ccccc2)c(-c2ccc(S([*])(=O)=O)cc2)c1,0.3333333333333333,6287.0,[*]c1ccc(Oc2ccc(-c3ccc(-c4ccc(Oc5ccc(S([*])(=O)=O)cc5)cc4)cc3)cc2)cc1,low
2645,[*]CC(CCCCC(=O)NCc1ccc(C)c(N([*])c2ccc(C#N)cc2)c1)OCc1ccccc1,True,True,False,500.0,0.5,351.95953369140625,[*]CC(CCCCC(=O)NCc1ccc(C)c(N([*])c2ccc(C#N)cc2)c1)OCc1ccccc1,0.33783783783783783,2231.0,[*]CCCCC(=O)NCc1cccc(CNC([*])=O)c1,low
2646,[*]CC([*])(C)C(=O)OCC(=O)Oc1ccc(C(CCC)c2ccc(OC(=O)CN)cc2)cc1,True,True,False,500.0,0.5,394.2697143554688,[*]CC([*])(C)C(=O)OCC(=O)Oc1ccc(C(CCC)c2ccc(OC(=O)CN)cc2)cc1,0.4444444444444444,1485.0,[*]CC([*])(C)C(=O)Oc1ccc(C(=O)O)cc1,low
2647,[*]CC([*])=O,True,True,False,500.0,0.5,408.28912353515625,[*]CC([*])=O,0.5333333333333333,2159.0,[*]CCC([*])=O,medium
2649,[*]CC([*])CC(F)(F)C(=O)Oc1ccc(OC(CCCCC)CO)cc1,True,True,False,500.0,0.5,317.1195678710937,[*]CC([*])CC(F)(F)C(=O)Oc1ccc(OC(CCCCC)CO)cc1,0.36507936507936506,1549.0,[*]CC([*])(CC(=O)Oc1ccc(OCCCCC)cc1)C(=O)Oc1ccc(OCCCCC)cc1,low
2651,[*]NC(=O)OCCCCCCc1ccc(C([*])=O)cc1-c1ccc(S(=O)(=O)O[Na])cc1,True,True,False,500.0,0.5,363.4224243164063,[*]NC(=O)OCCCCCCc1ccc(C([*])=O)cc1-c1ccc(S(=O)(=O)O[Na])cc1,0.36065573770491804,4304.0,[*]OCCCCCCCCCCCCOC(=O)c1ccc(-c2ccc(C([*])=O)cc2)cc1,low
2653,[*]CC(CCC(=O)Nc1c(C)cc(C(C)(C)c2ccc([*])cc2)c(Cl)c1)Oc1ccc(C(F)(F)F)cc1,True,True,False,500.0,0.5,429.7239990234375,[*]CC(CCC(=O)Nc1c(C)cc(C(C)(C)c2ccc([*])cc2)c(Cl)c1)Oc1ccc(C(F)(F)F)cc1,0.3291139240506329,6187.0,[*]c1ccc(OCC(O)COc2ccc(NC(=O)CCCC(=O)Nc3ccc(OCC(O)COc4ccc(C([*])(C)C)cc4)cc3)cc2)cc1,low
2654,[*]CC(C)CCCCOC(=O)Nc1ccc(C(O[Si](C)(C)C)c2ccc(OC(=O)CCCCCCC(=O)OC([*])=O)cc2)cc1,True,True,False,500.0,0.5,289.43316650390625,[*]CC(C)CCCCOC(=O)Nc1ccc(C(O[Si](C)(C)C)c2ccc(OC(=O)CCCCCCC(=O)OC([*])=O)cc2)cc1,0.38461538461538464,2394.0,[*]CCCCCCCCC(=O)Oc1ccc(OC([*])=O)cc1,low
2655,[*]CC(=O)Oc1ccc(NC(=O)c2ccc(C(=O)O[*])cc2)cc1S(=O)(=O)c1ccccc1,True,True,False,500.0,0.5,471.2360229492188,[*]CC(=O)Oc1ccc(NC(=O)c2ccc(C(=O)O[*])cc2)cc1S(=O)(=O)c1ccccc1,0.4492753623188406,5014.0,[*]Oc1ccc(OC(=O)c2ccc(OCCCCCCCCCCCCOc3ccc(C([*])=O)cc3)cc2)c(S(=O)(=O)c2ccccc2)c1,low
2656,[*]C=CCN(CCOC(=O)c1ccc(OCCCCCCCCCC)cc1)c1ccc(C(=O)NC2CCCC(NC(=O)C[*])C2=O)cc1,True,True,False,500.0,0.5,369.8806762695313,[*]C=CCN(CCOC(=O)c1ccc(OCCCCCCCCCC)cc1)c1ccc(C(=O)NC2CCCC(NC(=O)C[*])C2=O)cc1,0.35802469135802467,37.0,[*]/C=C(/[*])CCCOc1ccc(OC(=O)c2ccc(OCCCCCCCC)cc2)cc1,low
2657,[*]/C=C/c1ccc(C(=O)Nc2ccc(N=C(C)c3ccc(N([*])c4ccc(OCCC)cc4)cc3)c(S(=O)(=O)O)c2)cc1,True,True,False,500.0,0.5,460.4622802734375,[*]/C=C/c1ccc(C(=O)Nc2ccc(N=C(C)c3ccc(N([*])c4ccc(OCCC)cc4)cc3)c(S(=O)(=O)O)c2)cc1,0.3263157894736842,3402.0,[*]NC(=O)c1ccc(Oc2ccc(C(=O)Nc3cc([*])cc(C(=O)OCCOC(=O)/C=C/c4ccc(N(C)C)cc4)c3)cc2)cc1,low
2658,[*]/C=C/C(CCCC(=O)Nc1ccc(-c2ccc(C#N)cc2)c(NC([*])=O)c1)OC(C)C,True,True,False,500.0,0.5,460.9200439453125,[*]/C=C/C(CCCC(=O)Nc1ccc(-c2ccc(C#N)cc2)c(NC([*])=O)c1)OC(C)C,0.3076923076923077,2189.0,[*]CCCC(=O)Nc1ccc(NC([*])=O)cc1,low
2660,[*]CC([*])CCCCOC(=O)c1ccc(OSCCCC)cc1,True,True,False,500.0,0.5,280.216796875,[*]CC([*])CCCCOC(=O)c1ccc(OSCCCC)cc1,0.6,1715.0,[*]CC([*])C(=O)Oc1ccc(C(=O)OCCCC)cc1,medium
2662,[*]CC(CCCCCCCC)c1cccc(/C=C/C(=O)O[*])c1,True,True,False,500.0,0.5,343.76043701171875,[*]CC(CCCCCCCC)c1cccc(/C=C/C(=O)O[*])c1,0.3888888888888889,1788.0,[*]CC([*])OC(=O)/C=C/c1ccccc1,low
2663,[*]NC=CC(CCCCCCCSSc1ccc(/N=N/c2ccc(NC(=O)CCCCC([*])=O)cc2)cc1)c1ccccc1,True,True,False,500.0,0.5,367.7718505859375,[*]NC=CC(CCCCCCCSSc1ccc(/N=N/c2ccc(NC(=O)CCCCC([*])=O)cc2)cc1)c1ccccc1,0.35294117647058826,2124.0,[*]CCC(=O)Nc1ccc(N=Nc2ccc(NC([*])=O)cc2)cc1,low
2664,[*]CC=CCCCCCOc1ccc(C(=O)OCCCC)c(-c2cccc([*])c2)c1,True,True,False,500.0,0.5,296.8261108398437,[*]CC=CCCCCCOc1ccc(C(=O)OCCCC)c(-c2cccc([*])c2)c1,0.4166666666666667,1885.0,[*]CC([*])c1cc(C(=O)OCCCC)ccc1-c1ccc(OCCCCCCCC)cc1,low
2666,[*]COc1ccc(NCCCCCC(=O)Nc2ccc(S([*])(=O)=O)cc2OC)cc1,True,True,False,500.0,0.5,406.08544921875,[*]COc1ccc(NCCCCCC(=O)Nc2ccc(S([*])(=O)=O)cc2OC)cc1,0.36923076923076925,2277.0,[*]CCCCCC(=O)Nc1ccc(S(=O)(=O)c2ccc(NC([*])=O)cc2)cc1,low
2667,[*]Cc1ccc(CC(N[*])c2cc(Cl)ccc2O)c(C=C)c1,True,True,False,500.0,0.5,351.9322204589844,[*]Cc1ccc(CC(N[*])c2cc(Cl)ccc2O)c(C=C)c1,0.2777777777777778,1896.0,[*]CC([*])c1cc(Cl)ccc1Cl,low
2668,[*]CC([*])C(=O)Oc1ccc(OC(=O)CCCCCCCC(c2ccccc2)(C(F)(F)F)C(F)(F)F)cc1,True,True,False,500.0,0.5,317.1231689453125,[*]CC([*])C(=O)Oc1ccc(OC(=O)CCCCCCCC(c2ccccc2)(C(F)(F)F)C(F)(F)F)cc1,0.5208333333333334,1731.0,[*]CC([*])C(=O)Oc1ccccc1,medium
2669,[*][Se]c1ccc(S(=O)(=O)c2ccc(OCC(O)C([*])(C)CC)cc2)cc1N,True,True,False,500.0,0.5,399.7599182128906,[*][Se]c1ccc(S(=O)(=O)c2ccc(OCC(O)C([*])(C)CC)cc2)cc1N,0.45,6193.0,[*]c1ccc(OCC(O)COc2ccc(S(=O)(=O)c3ccc(OCC(O)COc4ccc(C([*])(C)C)cc4)cc3)cc2)cc1,low
2670,[*]CC([*])CC(=O)OCCCCCCCCN(CC)C(=O)Oc1ccc(SC)cc1,True,True,False,500.0,0.5,315.8673095703125,[*]CC([*])CC(=O)OCCCCCCCCN(CC)C(=O)Oc1ccc(SC)cc1,0.3939393939393939,1657.0,[*]CC([*])C(=O)OCCCCCCOc1ccc(C(=O)Oc2ccc(OC)cc2)cc1,low
2675,[*]c1ccc(C(=O)OCC(C)C)c([*])c1Nc1cccc([N+](=O)[O-])c1,True,True,False,500.0,0.5,438.1052551269531,[*]c1ccc(C(=O)OCC(C)C)c([*])c1Nc1cccc([N+](=O)[O-])c1,0.4,2026.0,[*]CC([*])c1ccccc1C(=O)OCC(C)C,low
2676,[*]Oc1ccc(C(=O)OC(=O)c2cccc(C(C)(C)c3ccc(OC([*])=O)cc3)c2)cc1,True,True,False,500.0,0.5,372.6856689453125,[*]Oc1ccc(C(=O)OC(=O)c2cccc(C(C)(C)c3ccc(OC([*])=O)cc3)c2)cc1,0.5333333333333333,5012.0,[*]Oc1ccc(OC(=O)c2ccc(OC([*])=O)cc2)cc1,medium
2678,[*]COc1ccc(S(=O)(=O)C(C)=Nc2ccc(CCN([*])CC)cc2)cc1,True,True,False,500.0,0.5,370.6768493652344,[*]COc1ccc(S(=O)(=O)C(C)=Nc2ccc(CCN([*])CC)cc2)cc1,0.3770491803278688,2949.0,[*]COc1ccc(S(=O)(=O)c2ccc(OCC([*])OC(C)=O)cc2)cc1,low
2679,[*]OC([*])c1ccc(OCC(F)(F)C(F)(F)C(F)(F)F)cc1,True,True,False,500.0,0.5,275.9755859375,[*]OC([*])c1ccc(OCC(F)(F)C(F)(F)C(F)(F)F)cc1,0.3958333333333333,1965.0,[*]CC([*])c1ccc(COCC(F)(F)C(F)(F)C(F)(F)C(F)(F)F)cc1,low
2680,[*]CCN([*])CCCCCC(=O)N(C=C)COCC,True,True,False,500.0,0.5,270.48992919921875,[*]CCN([*])CCCCCC(=O)N(C=C)COCC,0.4222222222222222,2612.0,[*]CCN([*])C(=O)CCCCCC,low
2681,[*]O[Si]([*])(C)CCCCOc1ccc(-c2ccc(OCc3cccc(OC)c3)cc2)c(C)c1C,True,True,False,500.0,0.5,313.948974609375,[*]O[Si]([*])(C)CCCCOc1ccc(-c2ccc(OCc3cccc(OC)c3)cc2)c(C)c1C,0.4444444444444444,4633.0,[*]O[Si]([*])(C)CCCCCCCCCCCOc1ccc(/C=C/c2ccc(OC)cc2)cc1,low
2682,[*]CCOc1ccc(C(=O)c2ccc(OCCCCCCOc3ccc([*])cc3)c(OC(=O)c3ccc(Cl)cc3)c2)cc1,True,True,False,500.0,0.5,337.493896484375,[*]CCOc1ccc(C(=O)c2ccc(OCCCCCCOc3ccc([*])cc3)c(OC(=O)c3ccc(Cl)cc3)c2)cc1,0.484375,4188.0,[*]OC(=O)c1ccc(OCCCCCCCCOc2ccc(C(=O)Oc3ccc([*])cc3C(=O)CC)cc2)cc1,low
2683,[*]C#C[Si]([*])c1cc(C(F)(F)F)c(C)c(SCCCCC)c1C,True,True,False,500.0,0.5,291.1815185546875,[*]C#C[Si]([*])c1cc(C(F)(F)F)c(C)c(SCCCCC)c1C,0.2857142857142857,5607.0,[*]c1cc(SCCCCCC)c([*])s1,low
2684,[*]C=CC([*])CCCCCCCNP(=O)(C#N)C(=O)OCc1ccc(C(C)O)cc1,True,True,False,500.0,0.5,341.2295837402344,[*]C=CC([*])CCCCCCCNP(=O)(C#N)C(=O)OCc1ccc(C(C)O)cc1,0.31343283582089554,907.0,[*]C=CC(C(=O)OCc1ccccc1)C([*])C(=O)OCc1ccccc1,low
2685,[*]Nc1cc(OCCCCCCCC)c(-c2ccc(Oc3ccc([*])cc3OCC)cc2)cc1-c1ccccc1,True,True,False,500.0,0.5,394.4170837402344,[*]Nc1cc(OCCCCCCCC)c(-c2ccc(Oc3ccc([*])cc3OCC)cc2)cc1-c1ccccc1,0.5087719298245614,4041.0,[*]Nc1ccc([*])cc1OCCCCCCCCCC,medium
2686,[*]COCc1ccc(OC(=O)C(C)(C)c2ccc([*])cc2)o1,True,True,False,500.0,0.5,351.87713623046875,[*]COCc1ccc(OC(=O)C(C)(C)c2ccc([*])cc2)o1,0.35555555555555557,2929.0,[*]COCc1ccc([*])cc1,low
2687,[*]Nc1ccc(NC(=O)c2ccc(-c3ccc(C(=O)CCCCCCCCC([*])=O)cc3)c(C=C)c2)cc1,True,True,False,500.0,0.5,421.3537292480469,[*]Nc1ccc(NC(=O)c2ccc(-c3ccc(C(=O)CCCCCCCCC([*])=O)cc3)c(C=C)c2)cc1,0.43636363636363634,3628.0,[*]Nc1ccc(-c2ccc(NC(=O)c3ccc(C([*])=O)cc3)cc2)cc1,low
2688,[*]O[Si](C)(C)CCCCOc1ccc(C(=O)c2ccc(-c3ccc(C=CCCCC#N)cc3)cc2)c([*])c1,True,True,False,500.0,0.5,312.1661376953125,[*]O[Si](C)(C)CCCCOc1ccc(C(=O)c2ccc(-c3ccc(C=CCCCC#N)cc3)cc2)c([*])c1,0.39436619718309857,4632.0,[*]O[Si]([*])(C)CCCCCCCCCCCOc1ccc(/C=C/c2ccc(C#N)cc2)cc1,low
2690,[*]=Nc1ccc(Oc2ccc(C(=O)c3ccc(Oc4ccc([*])cc4)cc3)c(C)c2)cc1,True,True,False,500.0,0.5,418.5895690917969,[*]=Nc1ccc(Oc2ccc(C(=O)c3ccc(Oc4ccc([*])cc4)cc3)c(C)c2)cc1,0.5,397.0,[*]C(=O)c1ccc(C(=O)c2ccc(Oc3ccc(Oc4ccc([*])cc4)cc3)cc2)c2ccccc12,medium
2691,[*]Nc1cc(COC(=O)OCCOCCOc2ccc(C([*])=O)cc2)cc(C(C)(C)C)c1[Si](C)(C)Cl,True,True,False,500.0,0.5,324.5116271972656,[*]Nc1cc(COC(=O)OCCOCCOc2ccc(C([*])=O)cc2)cc(C(C)(C)C)c1[Si](C)(C)Cl,0.38461538461538464,4194.0,[*]OC(=O)c1ccc(OCCOCCOc2ccc(C([*])=O)cc2)cc1,low
2692,[*]=Nc1ccc(N2C(=O)c3ccc([*])cc3C2=O)c(-c2cc(CC)ccc2S(=O)(=O)O)c1,True,True,False,500.0,0.5,535.0323486328125,[*]=Nc1ccc(N2C(=O)c3ccc([*])cc3C2=O)c(-c2cc(CC)ccc2S(=O)(=O)O)c1,0.43478260869565216,3056.0,[*]Cc1ccc(N2C(=O)c3ccc(S(=O)(=O)c4ccc5c(c4)C(=O)N(c4ccc([*])cc4C(C)(C)C)C5=O)cc3C2=O)c(C(C)(C)C)c1,low
2693,[*]CC([*])C(=O)Oc1c(C)cc(CNCC)cc1C,True,True,False,500.0,0.5,344.2582702636719,[*]CC([*])C(=O)Oc1c(C)cc(CNCC)cc1C,0.4883720930232558,1707.0,[*]CC([*])C(=O)Oc1cc(C)cc(C)c1,low
2694,[*]CCOCC(C)O[Si]([*])(C)C#Cc1ccc(OC#N)s1,True,True,False,500.0,0.5,343.7929382324219,[*]CCOCC(C)O[Si]([*])(C)C#Cc1ccc(OC#N)s1,0.2545454545454545,2695.0,[*]CCO[Si](C)(C)OC([*])C,low
2696,[*]Oc1ccc(C(=O)NCCCCCCN(C)c2ccc(OC(=O)c3ccc(S([*])(=O)=O)cc3)cc2)cc1-c1ccc(C)cc1,True,True,False,500.0,0.5,404.9891052246094,[*]Oc1ccc(C(=O)NCCCCCCN(C)c2ccc(OC(=O)c3ccc(S([*])(=O)=O)cc3)cc2)cc1-c1ccc(C)cc1,0.32941176470588235,4783.0,[*]Oc1ccc(-c2ccc(OC(=O)c3ccc4c(c3)C(=O)N(CCCCCCCCCCCN3C(=O)c5ccc(C([*])=O)cc5C3=O)C4=O)cc2)cc1,low
2697,[*]CCOC(=O)NCc1cccc(NC(=O)c2ccc(C(C)(C)CC(=O)Nc3ccc(Cl)cc3)cc2)c1[*],True,True,False,500.0,0.5,457.0153198242188,[*]CCOC(=O)NCc1cccc(NC(=O)c2ccc(C(C)(C)CC(=O)Nc3ccc(Cl)cc3)cc2)c1[*],0.3181818181818182,3386.0,[*]NC(=O)c1ccc(NC(=O)CCCCCCC(=O)Nc2ccc(C(=O)Nc3ccc([*])cc3C(=O)OCCCCCCCCCCCCCCCCCC)cc2)cc1,low
2698,[*]CC([*])C(=O)OC(CCCCCCN(C)C(F)(F)F)c1cc(OC)ccc1C(C)=O,True,True,False,500.0,0.5,285.24627685546875,[*]CC([*])C(=O)OC(CCCCCCN(C)C(F)(F)F)c1cc(OC)ccc1C(C)=O,0.3770491803278688,1724.0,[*]CC([*])C(=O)Oc1ccc(OC)cc1,low
2699,[*]/C=C/C1CC([*])(C(=O)Oc2ccc(CCCCCCCC)cc2)C1C(=O)Oc1cccc(OC)c1,True,True,False,500.0,0.5,361.96002197265625,[*]/C=C/C1CC([*])(C(=O)Oc2ccc(CCCCCCCC)cc2)C1C(=O)Oc1cccc(OC)c1,0.3333333333333333,923.0,[*]C=CC1CC([*])C(C(=O)Oc2ccccc2)C1C(=O)Oc1ccccc1,low
2700,[*]CCCCCCOc1ccc(/N=C/C(=O)C(=O)N(C)CCOc2ccc(C(=O)CCCCCCC(O)CO[*])cc2)cc1,True,True,False,500.0,0.5,358.1855163574219,[*]CCCCCCOc1ccc(/N=C/C(=O)C(=O)N(C)CCOc2ccc(C(=O)CCCCCCC(O)CO[*])cc2)cc1,0.36904761904761907,2246.0,[*]CCCCC(=O)OCC(CCCCCCOc1ccc(/N=N/c2ccc(Br)cc2)cc1)COC([*])=O,low
2701,[*]/C=C/CC(OC)C(C)c1ccc(CCCC(=O)OC([*])=O)cc1,True,True,False,500.0,0.5,321.6151428222656,[*]/C=C/CC(OC)C(C)c1ccc(CCCC(=O)OC([*])=O)cc1,0.32075471698113206,3049.0,[*]Cc1ccc(CC(=O)OC([*])=O)cc1,low
2702,[*]N=P([*])(OCCCCC)c1cccc(CC(=O)O[Na])c1,True,True,False,500.0,0.5,302.7085876464844,[*]N=P([*])(OCCCCC)c1cccc(CC(=O)O[Na])c1,0.36,3246.0,[*]N=P([*])(OCCCCC)OCCCCC,low
2703,[*]Cc1ccc(OC(=O)OCCCCOc2ccc(-c3ccc([*])cc3)cc2C)cc1,True,True,False,500.0,0.5,349.4036560058594,[*]Cc1ccc(OC(=O)OCCCCOc2ccc(-c3ccc([*])cc3)cc2C)cc1,0.4909090909090909,6050.0,[*]c1ccc(OC(=O)OCCCCOC(=O)Oc2ccc(C([*])(C)C)cc2)cc1,low
2704,[*]CC=CCCCCCS(=O)(=O)c1ccc(NC(=O)NCCC(C)(C)C(=O)NCC)c([*])n1,True,True,False,500.0,0.5,325.84136962890625,[*]CC=CCCCCCS(=O)(=O)c1ccc(NC(=O)NCCC(C)(C)C(=O)NCC)c([*])n1,0.24675324675324675,3480.0,[*]NCCCCCCNC(=O)Nc1cccc(NC([*])=O)n1,low
2705,[*][Si]([*])(C)C(=O)OC1CCCC(CC)(c2ccccc2)C1N,True,True,False,500.0,0.5,395.7928771972656,[*][Si]([*])(C)C(=O)OC1CCCC(CC)(c2ccccc2)C1N,0.29411764705882354,1632.0,[*]CC([*])C(=O)OCC1(CC)COC(c2ccccc2)OC1,low
2706,[*]CC([*])(C)C(=O)Oc1ccc(CCC(F)(F)F)c(Oc2ccc(N(C)C)cc2)c1,True,True,False,500.0,0.5,354.6127319335937,[*]CC([*])(C)C(=O)Oc1ccc(CCC(F)(F)F)c(Oc2ccc(N(C)C)cc2)c1,0.43333333333333335,1397.0,[*]CC([*])(C)C(=O)OCCN(C)c1ccc(N(C)C)cc1,low
2707,[*]Cc1cc(C)c(N[*])nc1CCN(CC)c1ccccc1,True,True,False,500.0,0.5,368.3567504882813,[*]Cc1cc(C)c(N[*])nc1CCN(CC)c1ccccc1,0.32786885245901637,1406.0,[*]CC([*])(C)C(=O)OCCN(CC)c1ccccc1,low
2708,[*]CC(C)(C)C(Oc1ccc(NC([*])=O)cc1)c1ccc(S(=O)(=O)Oc2ccc(C#N)cc2)cc1,True,True,False,500.0,0.5,431.61761474609375,[*]CC(C)(C)C(Oc1ccc(NC([*])=O)cc1)c1ccc(S(=O)(=O)Oc2ccc(C#N)cc2)cc1,0.38095238095238093,1481.0,[*]CC([*])(C)C(=O)Oc1ccc(C#N)cc1,low
2709,[*]C#C[Si]([*])(C)C(=O)OCCCCCCCCCOc1ccc(-c2cccc(OCC(F)(F)F)c2)c(F)c1,True,True,False,500.0,0.5,291.9267883300781,[*]C#C[Si]([*])(C)C(=O)OCCCCCCCCCOc1ccc(-c2cccc(OCC(F)(F)F)c2)c(F)c1,0.3375,4319.0,[*]OCCCCCCCCCCCOc1cccc(-c2nnc(-c3cccc(OCCCCCCCCCCCOC(=O)c4ccc(C([*])=O)cc4)c3)s2)c1,low
2710,[*]OCCCCCCCOc1ccc(C(=O)Nc2ccc(OC(=O)c3ccc(Cl)cc3C(=O)c3ccc(O[*])cc3C)cc2)c(C(F)(F)C(F)(F)F)c1,True,True,False,500.0,0.5,384.026611328125,[*]OCCCCCCCOc1ccc(C(=O)Nc2ccc(OC(=O)c3ccc(Cl)cc3C(=O)c3ccc(O[*])cc3C)cc2)c(C(F)(F)C(F)(F)F)c1,0.35526315789473684,4841.0,[*]Oc1ccc(C(=O)O)c(C(=O)Nc2ccc(NC(=O)c3cc([*])ccc3C(=O)O)cc2)c1,low
2711,[*]CCCCCOc1ccc(OC(=O)c2ccc(C=C(CC)c3ccc(OC(=O)CCCCCC([*])=O)cc3-c3ccccc3)cc2)cc1,True,True,False,500.0,0.5,345.3229675292969,[*]CCCCCOc1ccc(OC(=O)c2ccc(C=C(CC)c3ccc(OC(=O)CCCCCC([*])=O)cc3-c3ccccc3)cc2)cc1,0.49333333333333335,2391.0,[*]CCCCCCCCC(=O)Oc1ccc(/C(=C/c2ccc(-c3ccc(/C=C(\c4ccccc4)c4ccc(OC([*])=O)cc4)cc3)cc2)c2ccccc2)cc1,low
2712,[*]C=C1C(=O)OCC(C)(CCCCN)C([*])C(=O)O1,True,True,False,500.0,0.5,382.5199890136719,[*]C=C1C(=O)OCC(C)(CCCCN)C([*])C(=O)O1,0.20754716981132076,2093.0,[*]CC1CC([*])C(=O)OC1=O,low
2713,[*]COC([*])CCC(=O)Nc1ccc(C=C[Si](C)(C)O)cc1,True,True,False,500.0,0.5,378.7313232421875,[*]COC([*])CCC(=O)Nc1ccc(C=C[Si](C)(C)O)cc1,0.34615384615384615,2189.0,[*]CCCC(=O)Nc1ccc(NC([*])=O)cc1,low
2715,[*]Nc1cc([*])c(OC(=O)CCc2ccc(C(C)(C)C)cc2)c(C(=O)N(C)C)c1,True,True,False,500.0,0.5,379.62115478515625,[*]Nc1cc([*])c(OC(=O)CCc2ccc(C(C)(C)C)cc2)c(C(=O)N(C)C)c1,0.3125,5483.0,[*]c1cc(C)c(OC(=O)CCCCC(=O)Oc2c(C)cc(C([*])(C)C)cc2C)c(C)c1,low
2717,[*]N=P([*])(C)CCCCNc1ccc(/N=C/c2ccc(-c3ccc(C(F)(F)F)cc3)cc2S(=O)(=O)OC(C)C)cc1,True,True,False,500.0,0.5,376.66156005859375,[*]N=P([*])(C)CCCCNc1ccc(/N=C/c2ccc(-c3ccc(C(F)(F)F)cc3)cc2S(=O)(=O)OC(C)C)cc1,0.25301204819277107,6374.0,[*]c1ccc(Oc2ccc(/C=N/c3ccc(Oc4ccc(-c5ccc(Oc6ccc(/N=C/c7ccc(Oc8ccc(C([*])(C)C)cc8)cc7)cc6)cc5)cc4)cc3)cc2)cc1,low
2718,[*]CSCCCC(=O)Nc1ccc(O[*])cc1C(C)(C)C,True,True,False,500.0,0.5,412.8413696289063,[*]CSCCCC(=O)Nc1ccc(O[*])cc1C(C)(C)C,0.3793103448275862,4849.0,[*]Oc1ccc(C(=O)c2ccc(Oc3cc(C(C)(C)C)c([*])cc3C(C)(C)C)cc2)cc1,low
2719,[*]CC=C(CCCCCCC)Oc1ccc(C(=O)CCCCCCC(=O)Nc2ccc([*])cc2)cc1,True,True,False,500.0,0.5,341.399658203125,[*]CC=C(CCCCCCC)Oc1ccc(C(=O)CCCCCCC(=O)Nc2ccc([*])cc2)cc1,0.43243243243243246,3386.0,[*]NC(=O)c1ccc(NC(=O)CCCCCCC(=O)Nc2ccc(C(=O)Nc3ccc([*])cc3C(=O)OCCCCCCCCCCCCCCCCCC)cc2)cc1,low
2720,[*]C[Ge](C)(CCCCC)CC([*])C,True,True,False,500.0,0.5,250.42611694335935,[*]C[Ge](C)(CCCCC)CC([*])C,0.3548387096774194,7108.0,[*]CC([*])CCCCC,low
2722,[*]C=CC(CCC(=O)Oc1c(C)cc(O[Si]([*])(C)C)cc1)(Oc1ccccc1)OC,True,True,False,500.0,0.5,321.05133056640625,[*]C=CC(CCC(=O)Oc1c(C)cc(O[Si]([*])(C)C)cc1)(Oc1ccccc1)OC,0.3333333333333333,6031.0,[*]c1ccc(OC(=O)CCCCC(=O)Oc2ccc(C([*])(C)C)cc2C)c(C)c1,low
2724,[*]CC([*])COc1ccc(/N=C/C(=O)OCCCC)c(C)c1,True,True,False,500.0,0.5,349.44439697265625,[*]CC([*])COc1ccc(/N=C/C(=O)OCCCC)c(C)c1,0.4084507042253521,1654.0,[*]CC([*])C(=O)OCCCCCCOc1ccc(/C=N/c2ccc(OCCCCC)cc2)c(O)c1,low
2726,[*]OCCCCCCCc1ccc(C(Oc2ccc(OC(=O)C([*])=O)cc2C)C(=O)N(C)C)cc1,True,True,False,500.0,0.5,349.42578125,[*]OCCCCCCCc1ccc(C(Oc2ccc(OC(=O)C([*])=O)cc2C)C(=O)N(C)C)cc1,0.34285714285714286,4310.0,[*]OCCCCCCCCCCCCOc1ccc(CCc2ccc([*])cc2C)cc1,low
2728,[*]OCCCCCCP([*])(=O)c1ccccc1OCCOC(F)(F)C(F)(F)F,True,True,False,500.0,0.5,303.5122375488281,[*]OCCCCCCP([*])(=O)c1ccccc1OCCOC(F)(F)C(F)(F)F,0.36363636363636365,4376.0,[*]OCCCCCCCOc1ccc(-c2ccc([*])c3ccccc23)c2ccccc12,low
2729,[*]Oc1ccc(C(c2ccccc2)C(NC(=O)C(C)=C/c2ccc(Oc3ccc(/N=N/c4ccc([*])cc4)cc3)cc2)C(F)(F)F)cc1Cl,True,True,False,500.0,0.5,447.29534912109375,[*]Oc1ccc(C(c2ccccc2)C(NC(=O)C(C)=C/c2ccc(Oc3ccc(/N=N/c4ccc([*])cc4)cc3)cc2)C(F)(F)F)cc1Cl,0.2967032967032967,6263.0,[*]c1ccc(Oc2cc(Oc3ccc(C([*])(C)C)cc3)cc(C(=O)Oc3ccc(/N=N/c4ccc(C#N)cc4)cc3)c2)cc1,low
2731,[*]CN(C)C(=O)OCCCCCCOc1ccc(/C=C/c2ccc(OC(=O)c3ccc(C([*])=O)cc3)cc2)o1,True,True,False,500.0,0.5,336.5892333984375,[*]CN(C)C(=O)OCCCCCCOc1ccc(/C=C/c2ccc(OC(=O)c3ccc(C([*])=O)cc3)cc2)o1,0.453125,4373.0,[*]OCCCCCCCOC(=O)c1ccc(OC(=O)c2ccc(C(=O)Oc3ccc(C([*])=O)cc3)cc2)cc1,low
2732,[*]CC([*])(C)c1ccccc1C1CCC(COc2ccc(SCCCCCCCC)cc2)O1,True,True,False,500.0,0.5,316.4086608886719,[*]CC([*])(C)c1ccccc1C1CCC(COc2ccc(SCCCCCCCC)cc2)O1,0.3026315789473684,1332.0,[*]CC([*])(C)C(=O)OCCCCCCOc1ccc(/N=N/c2ccc(OCCCCCCCCCC)cc2)cc1,low
2733,[*]C(=O)Nc1ccc(N([*])c2ccc(SC)cc2-c2ccccc2)cc1C,True,True,False,500.0,0.5,458.2799987792969,[*]C(=O)Nc1ccc(N([*])c2ccc(SC)cc2-c2ccccc2)cc1C,0.2727272727272727,3577.0,[*]Nc1c(-c2ccccc2)cc(-c2ccc(-c3cc(-c4ccccc4)c(NC(=O)c4ccc(C([*])=O)cc4)c(-c4ccccc4)c3)cc2)cc1-c1ccccc1,low
2734,[*]C=CCCCCC(=O)Nc1ccc(-c2ccc(-c3ccc(F)cc3)c(OC(=O)c3ccc(C=C(C#N)CCCC)cc3)c2)c([*])c1,True,True,False,500.0,0.5,412.7282104492188,[*]C=CCCCCC(=O)Nc1ccc(-c2ccc(-c3ccc(F)cc3)c(OC(=O)c3ccc(C=C(C#N)CCCC)cc3)c2)c([*])c1,0.2871287128712871,3386.0,[*]NC(=O)c1ccc(NC(=O)CCCCCCC(=O)Nc2ccc(C(=O)Nc3ccc([*])cc3C(=O)OCCCCCCCCCCCCCCCCCC)cc2)cc1,low
2735,[*]NC([*])C(=O)N(CC(F)(F)F)C(F)(F)C(F)(F)C(F)(F)F,True,True,False,500.0,0.5,408.8022155761719,[*]NC([*])C(=O)N(CC(F)(F)F)C(F)(F)C(F)(F)C(F)(F)F,0.29545454545454547,1800.0,[*]CC([*])OC(=O)C(F)(F)C(F)(F)C(F)(F)F,low
2736,[*]CC(O)CSCc1ccc(NC(=O)CCCCOC(=O)c2ccc(C(=O)N[*])cc2)cc1,True,True,False,500.0,0.5,361.6160278320313,[*]CC(O)CSCc1ccc(NC(=O)CCCCOC(=O)c2ccc(C(=O)N[*])cc2)cc1,0.4931506849315068,3386.0,[*]NC(=O)c1ccc(NC(=O)CCCCCCC(=O)Nc2ccc(C(=O)Nc3ccc([*])cc3C(=O)OCCCCCCCCCCCCCCCCCC)cc2)cc1,low
2737,[*]N=Cc1ccc(C(O)COc2ccc(C([*])(C)C)cc2)cc1,True,True,False,500.0,0.5,376.4196472167969,[*]N=Cc1ccc(C(O)COc2ccc(C([*])(C)C)cc2)cc1,0.5106382978723404,6180.0,[*]c1ccc(OCC(O)COc2ccc(C([*])(C)C)cc2)cc1,medium
2738,[*]c1ccc(C=C(CC([*])=O)c2ccc(N3C(=O)c4ccc(C#N)cc4C3=O)cc2)c(F)c1,True,True,False,500.0,0.5,573.7916259765625,[*]c1ccc(C=C(CC([*])=O)c2ccc(N3C(=O)c4ccc(C#N)cc4C3=O)cc2)c(F)c1,0.4782608695652174,5953.0,[*]c1ccc(N2C(=O)c3ccc(C(=O)c4ccc5c(c4)C(=O)N(c4ccc(N([*])c6ccc(C#N)cc6)cc4)C5=O)cc3C2=O)cc1,low
2739,[*]Oc1cc(Br)c(/C=C/C([*])=O)cc1S(=O)(=O)c1ccc(OCc2ccc(OCc3ccccc3)cc2)cc1,True,True,False,500.0,0.5,427.59381103515625,[*]Oc1cc(Br)c(/C=C/C([*])=O)cc1S(=O)(=O)c1ccc(OCc2ccc(OCc3ccccc3)cc2)cc1,0.40540540540540543,5014.0,[*]Oc1ccc(OC(=O)c2ccc(OCCCCCCCCCCCCOc3ccc(C([*])=O)cc3)cc2)c(S(=O)(=O)c2ccccc2)c1,low
2740,[*]C=CC1CCCC(NC(=O)C(CCCCCCCOC(=O)N[*])=O)CC1,True,True,False,500.0,0.5,338.80389404296875,[*]C=CC1CCCC(NC(=O)C(CCCCCCCOC(=O)N[*])=O)CC1,0.3108108108108108,3428.0,[*]NC1CCC(CC2CCC(NC(=O)OCCCCCCOc3ccc(CCc4ccc(OCCCCCCOC([*])=O)cc4)cc3)CC2)CC1,low
2741,[*]CC([*])c1ccc(P(=O)(=O)/C=C/c2ccc(C)cc2)cc1,True,True,False,500.0,0.5,409.1965637207031,[*]CC([*])c1ccc(P(=O)(=O)/C=C/c2ccc(C)cc2)cc1,0.5555555555555556,7277.0,[*]CC([*])c1ccc(C)cc1,medium
2742,[*]OCC(=O)Oc1ccc(/C=C/C(=O)c2cccc(OCC(CC)CCCOC(=O)c3ccc(S[*])cc3)c2)cc1,True,True,False,500.0,0.5,387.5473937988281,[*]OCC(=O)Oc1ccc(/C=C/C(=O)c2cccc(OCC(CC)CCCOC(=O)c3ccc(S[*])cc3)c2)cc1,0.3548387096774194,3385.0,[*]NC(=O)c1ccc(C(=O)Nc2cc([*])cc(C(=O)OCCOc3ccc(/C=C/C(=O)c4ccccc4)cc3)c2)cc1,low
2743,[*]C(=O)Cc1ccc(OC2=C[N+]([*])CC2)cc1,True,True,False,500.0,0.5,384.0612487792969,[*]C(=O)Cc1ccc(OC2=C[N+]([*])CC2)cc1,0.3181818181818182,3164.0,[*]Cc1ccc(OC([*])=O)cc1,low
2744,[*]CNC(=O)c1ccc(C(=O)Nc2ccc(C([*])=O)cc2Cl)c(C)c1,True,True,False,500.0,0.5,531.7266845703125,[*]CNC(=O)c1ccc(C(=O)Nc2ccc(C([*])=O)cc2Cl)c(C)c1,0.4,2781.0,[*]CNC(=O)c1ccc(C(=O)NCc2cc(C)c([*])cc2C)cc1,low
2745,[*]NCC(=O)C(CCCCCOc1ccc(NC(C)=O)cc1)C([*])c1ccc(Cl)cc1,True,True,False,500.0,0.5,395.190673828125,[*]NCC(=O)C(CCCCCOc1ccc(NC(C)=O)cc1)C([*])c1ccc(Cl)cc1,0.34782608695652173,3828.0,[*]Nc1ccc(OCCCCCCCCOc2ccc(NC(=O)c3cccc(C([*])=O)c3)cc2)cc1,low
2746,[*]CCCCCCCN(CCCCOC(=O)Nc1ccc(CC(C)(C)c2ccc(NC(=O)c3ccc(C([*])=O)cc3)cc2)cc1)CO,True,True,False,500.0,0.5,399.6736450195313,[*]CCCCCCCN(CCCCOC(=O)Nc1ccc(CC(C)(C)c2ccc(NC(=O)c3ccc(C([*])=O)cc3)cc2)cc1)CO,0.4117647058823529,3736.0,[*]Nc1ccc(Cc2ccc(NC(=O)OCCCCCCCCCCCCCCCCOC([*])=O)cc2)cc1,low
2747,[*]CC([*])(C)COc1ccc(NC(=O)CCCCS(=O)(=O)/C=C/c2ccc(C(F)(F)F)cc2)cc1,True,True,False,500.0,0.5,416.70697021484375,[*]CC([*])(C)COc1ccc(NC(=O)CCCCS(=O)(=O)/C=C/c2ccc(C(F)(F)F)cc2)cc1,0.4246575342465753,6188.0,[*]c1ccc(OCC(O)COc2ccc(NC(=O)CCCCC(=O)Nc3ccc(OCC(O)COc4ccc(C([*])(C)C)cc4)cc3)cc2)cc1,low
2748,[*]Oc1ccc(C(=O)OCCCCCCC(=O)Oc2c(C)cc(-c3ccc(OC([*])=O)cc3C)cc2)cc1,True,True,False,500.0,0.5,332.57354736328125,[*]Oc1ccc(C(=O)OCCCCCCC(=O)Oc2c(C)cc(-c3ccc(OC([*])=O)cc3C)cc2)cc1,0.45901639344262296,4842.0,[*]Oc1ccc(C(=O)OCCOCCOC(=O)c2ccc(OC([*])=O)cc2)cc1,low
2749,[*]CCN(CCCCCCNC(=O)C(O[*])OCC#N)C(=O)NCCCCC,True,True,False,500.0,0.5,327.27313232421875,[*]CCN(CCCCCCNC(=O)C(O[*])OCC#N)C(=O)NCCCCC,0.38181818181818183,1592.0,[*]CC([*])C(=O)NCCCCCCCC,low
2751,[*]CC([*])OC(=O)Nc1ccc(/C=C/CCCCNc2ccccc2)cc1,True,True,False,500.0,0.5,355.2019958496094,[*]CC([*])OC(=O)Nc1ccc(/C=C/CCCCNc2ccccc2)cc1,0.43636363636363634,1788.0,[*]CC([*])OC(=O)/C=C/c1ccccc1,low
2753,[*]Sc1ccc(C(=O)Oc2cc([*])ccc2/N=C/c2ccccc2)c(C#N)c1,True,True,False,500.0,0.5,433.5625305175781,[*]Sc1ccc(C(=O)Oc2cc([*])ccc2/N=C/c2ccccc2)c(C#N)c1,0.3157894736842105,4180.0,[*]OC(=O)c1ccc(C(=O)Oc2ccc([*])cc2C)cc1Sc1ccccc1,low
2754,[*]c1ccc(C([*])(C)c2ccc(C)cc2)c(CCCC)c1,True,True,False,500.0,0.5,421.25677490234375,[*]c1ccc(C([*])(C)c2ccc(C)cc2)c(CCCC)c1,0.47619047619047616,2738.0,[*]CCc1ccc([*])cc1CCCC,low
2756,[*]CC=CCCCOC(=O)c1ccc(C(=O)SC(=O)CCCC(=O)O[*])cc1,True,True,False,500.0,0.5,300.2254943847656,[*]CC=CCCCOC(=O)c1ccc(C(=O)SC(=O)CCCC(=O)O[*])cc1,0.41818181818181815,2255.0,[*]CCCCC(=O)OCCCCOC(=O)c1ccc(C(=O)OCCCCOC([*])=O)cc1,low
2757,[*]Oc1cc(C)c(Oc2ccc(/C=C/c3ccc(Oc4ccc([*])cc4C)cc3)cc2OCCCCCC)cc1C,True,True,False,500.0,0.5,362.0180969238281,[*]Oc1cc(C)c(Oc2ccc(/C=C/c3ccc(Oc4ccc([*])cc4C)cc3)cc2OCCCCCC)cc1C,0.4461538461538462,1014.0,[*]C=Cc1ccc(OCCCCCCCCOc2ccc(/C=C/c3cc(OCCCCCCCC)c([*])cc3OCCCCCCCC)cc2)cc1,low
2758,[*]CSCCOC(=O)c1ccc(C(=O)O[*])c(-c2ccc(OCCCCCCC)cc2)c1,True,True,False,500.0,0.5,330.0419311523437,[*]CSCCOC(=O)c1ccc(C(=O)O[*])c(-c2ccc(OCCCCCCC)cc2)c1,0.5873015873015873,1885.0,[*]CC([*])c1cc(C(=O)OCCCC)ccc1-c1ccc(OCCCCCCCC)cc1,medium
2759,[*]CC([*])(C)C(=O)OC1(CBr)CC(CNC(C)=O)C1(C)C,True,True,False,500.0,0.5,366.5166015625,[*]CC([*])(C)C(=O)OC1(CBr)CC(CNC(C)=O)C1(C)C,0.4423076923076923,1205.0,[*]CC([*])(C)C(=O)OC1(C)C2CC3CC(C2)CC1C3,low
2760,[*]CCOCCCCCCOC(=O)c1ccc(-c2ccc(C(=O)NCCCOC([*])=O)cc2)cc1,True,True,False,500.0,0.5,305.2810974121094,[*]CCOCCCCCCOC(=O)c1ccc(-c2ccc(C(=O)NCCCOC([*])=O)cc2)cc1,0.5098039215686274,2255.0,[*]CCCCC(=O)OCCCCOC(=O)c1ccc(C(=O)OCCCCOC([*])=O)cc1,medium
2761,[*]CC([*])c1ccc(C(C)(C)C)c(OCc2ccc([N+](=O)[O-])cc2)c1,True,True,False,500.0,0.5,389.04632568359375,[*]CC([*])c1ccc(C(C)(C)C)c(OCc2ccc([N+](=O)[O-])cc2)c1,0.41509433962264153,1983.0,[*]CC([*])c1ccc(Cl)c([N+](=O)[O-])c1,low
2762,[*]CC(=O)OCCCCCCCNC(=O)C(=O)NCC[*],True,True,False,500.0,0.5,329.49578857421875,[*]CC(=O)OCCCCCCCNC(=O)C(=O)NCC[*],0.5526315789473685,2190.0,[*]CCCC(=O)OCCCCCCNC([*])=O,medium
2763,[*]O[Si](C)(C)Oc1cc(C(=O)NCCCC)cc([*])c1-c1ccc(/N=C/c2ccccc2)cc1,True,True,False,500.0,0.5,363.58984375,[*]O[Si](C)(C)Oc1cc(C(=O)NCCCC)cc([*])c1-c1ccc(/N=C/c2ccccc2)cc1,0.3253012048192771,5417.0,[*]c1cc(C(=O)NCCCC)cc(N2C(=O)c3ccc(-c4ccc5c(c4)C(=O)N([*])C5=O)cc3C2=O)c1,low
2765,[*]NC(=O)c1ccc(C(C)(C)CC[N+](C)(C)c2ccc([*])cc2/N=N/c2cccc(C(=O)OCCc3ccccc3)c2)cc1,True,True,False,500.0,0.5,425.3172912597656,[*]NC(=O)c1ccc(C(C)(C)CC[N+](C)(C)c2ccc([*])cc2/N=N/c2cccc(C(=O)OCCc3ccccc3)c2)cc1,0.34408602150537637,3385.0,[*]NC(=O)c1ccc(C(=O)Nc2cc([*])cc(C(=O)OCCOc3ccc(/C=C/C(=O)c4ccccc4)cc3)c2)cc1,low
2766,[*]OC([*])Cc1ccc(C(C)(C)C(=O)OC)cc1,True,True,False,500.0,0.5,320.7015380859375,[*]OC([*])Cc1ccc(C(C)(C)C(=O)OC)cc1,0.37777777777777777,1185.0,[*]CC([*])(C(=O)OC)c1ccccc1,low
2767,[*]CCCCOc1ccc(/C=C/C(=O)c2cccc(NCCCCCCCOC(=O)Nc3ccc(CCCc4ccc([*])cc4)cc3)c2)s1,True,True,False,500.0,0.5,365.7332153320313,[*]CCCCOc1ccc(/C=C/C(=O)c2cccc(NCCCCCCCOC(=O)Nc3ccc(CCCc4ccc([*])cc4)cc3)c2)s1,0.35064935064935066,3711.0,[*]Nc1ccc(CCCc2ccc(NC(=O)OCCOC([*])=O)cc2)cc1,low
2768,[*]OCCN(CCOC(=O)c1ccc(-c2ccc(C(=O)OCCCC)cc2)cc1)C(=O)N[*],True,True,False,500.0,0.5,327.09393310546875,[*]OCCN(CCOC(=O)c1ccc(-c2ccc(C(=O)OCCCC)cc2)cc1)C(=O)N[*],0.5102040816326531,4446.0,[*]OCCCCOC(=O)c1ccc(-c2ccc(-c3ccc(C([*])=O)cc3)cc2)cc1,medium
2769,[*]C=C=C(C)CN([*])C(=O)CCCCC(=O)NC(C)C(=O)OCC,True,True,False,500.0,0.5,308.943115234375,[*]C=C=C(C)CN([*])C(=O)CCCCC(=O)NC(C)C(=O)OCC,0.3230769230769231,3310.0,[*]NC(=O)CCCCC(=O)NC(C)C(=O)OC1COC2C(OC(=O)C([*])C)COC12,low
2770,[*]CNC(=O)OCC1CCCC(C(=O)OC)N([*])CCCCC1C,True,True,False,500.0,0.5,364.5494384765625,[*]CNC(=O)OCC1CCCC(C(=O)OC)N([*])CCCCC1C,0.3018867924528302,2779.0,[*]CNC(=O)OCC([*])C,low
2771,[*]NC(C)CCCCOC(=O)c1ccc(OCCOCCOc2c(C)cc(-c3ccccc3)cc2)c(O[*])c1OC,True,True,False,500.0,0.5,314.44012451171875,[*]NC(C)CCCCOC(=O)c1ccc(OCCOCCOc2c(C)cc(-c3ccccc3)cc2)c(O[*])c1OC,0.3253012048192771,4174.0,[*]OC(=O)c1ccc(-c2ccc(C(=O)Oc3ccc([*])cc3C)cc2)cc1-c1ccccc1,low
2773,[*]Nc1cc(C)c(S(=O)(=O)c2ccc([*])cc2C)cc1C(=O)Oc1ccccc1,True,True,False,500.0,0.5,475.0904235839844,[*]Nc1cc(C)c(S(=O)(=O)c2ccc([*])cc2C)cc1C(=O)Oc1ccccc1,0.38461538461538464,334.0,[*]C(=O)Oc1ccc(OC(=O)c2ccc([*])cc2Oc2ccc(C(C)(C)c3ccccc3)cc2)cc1,low
2774,[*]CNC(=O)CCCCC(=O)OCc1ccc(C(C)(CCl)CN([*])OC(F)(F)F)cc1,True,True,False,500.0,0.5,312.9736328125,[*]CNC(=O)CCCCC(=O)OCc1ccc(C(C)(CCl)CN([*])OC(F)(F)F)cc1,0.38235294117647056,3423.0,[*]NC(CCC(=O)OCc1ccc(C(F)(F)F)cc1)C([*])=O,low
2776,[*]Nc1ccc(OC(C#N)C(=O)OCCCCOc2ccc(N3C(=O)c4ccc([*])cc4C3=O)cc2)cc1,True,True,False,500.0,0.5,419.0984497070313,[*]Nc1ccc(OC(C#N)C(=O)OCCCCOc2ccc(N3C(=O)c4ccc([*])cc4C3=O)cc2)cc1,0.5862068965517241,6777.0,[*]c1ccc2c(c1)C(=O)N(c1ccc(OCCCCCCCCCCOc3ccc(N4C(=O)c5ccc([*])cc5C4=O)cc3)cc1)C2=O,medium
2777,[*]CCN(CCCCCCCC)C(=O)Oc1ccc(-c2ccc3c(c2)C(=O)N([*])CC3C(C)C)cc1,True,True,False,500.0,0.5,373.74652099609375,[*]CCN(CCCCCCCC)C(=O)Oc1ccc(-c2ccc3c(c2)C(=O)N([*])CC3C(C)C)cc1,0.34523809523809523,1643.0,[*]CC([*])C(=O)OCCCCCCCCCCCCOc1ccc(C(=O)Oc2ccc(-c3cccc(OC(=O)c4ccc(OC(=O)c5ccc(OCCCCCCCCCCCC)cc5)cc4)c3)cc2)cc1,low
2778,[*]Oc1cc(OC(=O)NCC)ccc1-c1ccc(NC(=O)c2ccc(CC)cc2)cc1C([*])=O,True,True,False,500.0,0.5,484.5063171386719,[*]Oc1cc(OC(=O)NCC)ccc1-c1ccc(NC(=O)c2ccc(CC)cc2)cc1C([*])=O,0.36764705882352944,3767.0,[*]Nc1ccc(Cc2ccc(NC(=O)c3ccc(Oc4ccc(Oc5ccc(C([*])=O)cc5)cc4)cc3)cc2)cc1,low
2779,[*]CC([*])C(=O)OCCS(=O)(=O)C1CCCCC(C)(C)CC1,True,True,False,500.0,0.5,351.404541015625,[*]CC([*])C(=O)OCCS(=O)(=O)C1CCCCC(C)(C)CC1,0.4,7244.0,[*]CC([*])C(=O)OCCC,low
2780,[*]CCCCCCOc1ccc(C(=O)OC(=O)c2ccc(S(=O)(=O)CCCCOc3ccc(OC([*])=O)cc3)c(C)c2)cc1C,True,True,False,500.0,0.5,340.864990234375,[*]CCCCCCOc1ccc(C(=O)OC(=O)c2ccc(S(=O)(=O)CCCCOc3ccc(OC([*])=O)cc3)c(C)c2)cc1C,0.4057971014492754,337.0,[*]C(=O)Oc1ccc(OCCOc2ccc(OC(=O)c3ccc([*])cc3OCCCCC)cc2)cc1,low
2781,[*]CCCCCCN([*])c1ccc(C(=O)OCc2ccc(OC)cc2)cc1,True,True,False,500.0,0.5,318.13006591796875,[*]CCCCCCN([*])c1ccc(C(=O)OCc2ccc(OC)cc2)cc1,0.4666666666666667,2675.0,[*]CCOC(=O)Oc1ccc(C(C)(C)c2ccc(OC(=O)OCCN([*])c3ccc(OC)cc3)cc2)cc1,low
2782,[*]NC(=O)c1cccc(O[Si](C)(C)Oc2ccc(OC(=O)CCCCCCC(=O)Nc3ccccc3)cc2)c1[*],True,True,False,500.0,0.5,351.0018920898437,[*]NC(=O)c1cccc(O[Si](C)(C)Oc2ccc(OC(=O)CCCCCCC(=O)Nc3ccccc3)cc2)c1[*],0.375,2278.0,[*]CCCCCC(=O)Nc1cccc(Oc2ccc(NC([*])=O)cc2)c1,low
2783,[*]CC(=O)CCCCCCCN(C)C(=O)c1cc(C(=O)N[*])cc(C[N+](C)(C)C)c1,True,True,False,500.0,0.5,348.958740234375,[*]CC(=O)CCCCCCCN(C)C(=O)c1cc(C(=O)N[*])cc(C[N+](C)(C)C)c1,0.2807017543859649,2496.0,[*]CCCCCCN(C)C(=O)CCC(=O)N([*])C,low
2784,[*]CCCP(CCC)OC(=O)C(CCC(=O)Nc1ccc(/C=N/c2ccc(NC([*])=O)cc2)cc1)O,True,True,False,500.0,0.5,349.5640869140625,[*]CCCP(CCC)OC(=O)C(CCC(=O)Nc1ccc(/C=N/c2ccc(NC([*])=O)cc2)cc1)O,0.4,2189.0,[*]CCCC(=O)Nc1ccc(NC([*])=O)cc1,low
2785,[*]C(=O)N(C([*])=O)c1ccc(C(=O)C(CCC)C)cc1,True,True,False,500.0,0.5,365.5186767578125,[*]C(=O)N(C([*])=O)c1ccc(C(=O)C(CCC)C)cc1,0.40476190476190477,408.0,[*]C(=O)c1ccc(N([*])CCC)cc1,low
2786,[*]C(=O)N(c1cccc(C(O)c2cccc([*])c2)c1)C(C)=C(C)C,True,True,False,500.0,0.5,461.4337768554688,[*]C(=O)N(c1cccc(C(O)c2cccc([*])c2)c1)C(C)=C(C)C,0.4375,192.0,[*]C(=O)N(C(=O)c1cccc([*])c1)c1ccccc1,low
2787,[*]CC([*])C(=O)Oc1ccc(C=CCCCCCSC)cc1,True,True,False,500.0,0.5,313.072998046875,[*]CC([*])C(=O)Oc1ccc(C=CCCCCCSC)cc1,0.5,1721.0,[*]CC([*])C(=O)Oc1ccc(C)cc1,medium
2788,[*]NC(=O)c1ccc(S(=O)(=O)OCC(C)CCOc2ccc(/N=N/c3ccc(C([*])=O)cc3)cc2)cc1,True,True,False,500.0,0.5,413.7626647949219,[*]NC(=O)c1ccc(S(=O)(=O)OCC(C)CCOc2ccc(/N=N/c3ccc(C([*])=O)cc3)cc2)cc1,0.44642857142857145,3550.0,[*]NCCOc1ccc(C([*])=O)cc1,low
2789,[*]NCC(O)COc1ccc(C(=O)/C(=N/c2ccc(OC([*])=O)cc2)c2ccc(/N=N/c3cccc(C)c3)cc2)cc1,True,True,False,500.0,0.5,402.9412231445313,[*]NCC(O)COc1ccc(C(=O)/C(=N/c2ccc(OC([*])=O)cc2)c2ccc(/N=N/c3cccc(C)c3)cc2)cc1,0.35714285714285715,292.0,[*]C(=O)OCC(COc1ccc(/N=N/c2ccc(C#N)cc2)cc1)OC(=O)c1cc(C)ccc1[*],low
2790,[*]CNC(=O)c1ccc(C(C)(CC)C(=O)O[*])cc1,True,True,False,500.0,0.5,464.64263916015625,[*]CNC(=O)c1ccc(C(C)(CC)C(=O)O[*])cc1,0.4489795918367347,2780.0,[*]CNC(=O)c1ccc(C(=O)NCCC(C)(C)CC([*])C)cc1,low
2791,[*]c1ccc(OC(C#CCCC)C([*])C(F)(F)C(F)(F)C(F)(F)F)cc1-c1ccccc1,True,True,False,500.0,0.5,349.3158264160156,[*]c1ccc(OC(C#CCCC)C([*])C(F)(F)C(F)(F)C(F)(F)F)cc1-c1ccccc1,0.2875,332.0,[*]C(=O)Oc1ccc(OC(=O)c2cc(OCCCCCCCCCCCC)c([*])cc2OCCCCCCCCCCCC)cc1-c1ccccc1,low
2793,[*]Oc1ccc(N(C)C(=O)OCCCCCCCc2ccc(-c3ccc4c(c3)C(=O)N(c3ccc([*])cc3)C4=O)cc2Cl)cc1,True,True,False,500.0,0.5,401.8840637207031,[*]Oc1ccc(N(C)C(=O)OCCCCCCCc2ccc(-c3ccc4c(c3)C(=O)N(c3ccc([*])cc3)C4=O)cc2Cl)cc1,0.4533333333333333,4947.0,[*]Oc1ccc(N2C(=O)c3ccc(-c4ccc5c(c4)C(=O)N(c4ccc(Oc6ccc([*])cc6C)cc4)C5=O)cc3C2=O)cc1,low
2795,[*]=C=Cc1ccccc1OC(=O)c1ccc2cc(N(C)C(OCC(=O)OC([*])(C)C)C(F)(F)F)ccc2c1,True,True,False,500.0,0.5,378.2220153808594,[*]=C=Cc1ccccc1OC(=O)c1ccc2cc(N(C)C(OCC(=O)OC([*])(C)C)C(F)(F)F)ccc2c1,0.2988505747126437,1375.0,[*]CC([*])(C)C(=O)OCCCCOc1ccc2cc(C(=O)Oc3ccccc3)ccc2c1,low
2796,[*]CC([*])CCCCCCCC(=O)NCc1ccccc1C(=O)c1ccc(OCCCCCCC)cc1,True,True,False,500.0,0.5,330.8896484375,[*]CC([*])CCCCCCCC(=O)NCc1ccccc1C(=O)c1ccc(OCCCCCCC)cc1,0.4117647058823529,1718.0,[*]CC([*])C(=O)Oc1ccc(C(=O)Oc2ccc(OC(=O)c3ccc(OCCCCC)cc3)cc2)cc1,low
2797,[*]CC(=O)NCCCCCCc1cccc(-c2ccc(Cl)cc2)c1[*],True,True,False,500.0,0.5,385.3247680664063,[*]CC(=O)NCCCCCCc1cccc(-c2ccc(Cl)cc2)c1[*],0.3829787234042553,1052.0,[*]CC(=O)NCCCCCCCCNC([*])=O,low
2800,[*]NCCCCCNc1cc(C(=O)O)c(/C=C/c2ccc([*])cc2)cc1CC(C)C(=O)O,True,True,False,500.0,0.5,391.8685302734375,[*]NCCCCCNc1cc(C(=O)O)c(/C=C/c2ccc([*])cc2)cc1CC(C)C(=O)O,0.2857142857142857,3317.0,[*]NC(=O)CCCCCCC(=O)Nc1cc([N+](=O)[O-])c([*])cc1/C=C/c1ccc(N(C)C)cc1,low
2801,[*]NCC(CCOc1ccc(C(=O)OCCC)cc1)c1ccc(-c2cc([*])c(NC(=O)OC)cc2)cc1,True,True,False,500.0,0.5,369.0282897949219,[*]NCC(CCOc1ccc(C(=O)OCCC)cc1)c1ccc(-c2cc([*])c(NC(=O)OC)cc2)cc1,0.4,3335.0,[*]NC(=O)OCCCCCCCCCCCOc1ccc(-c2ccc(OCCCCCCCCCCCOC(=O)Nc3ccc([*])cc3C)cc2)cc1,low
2802,[*]CCOCCCCOC(=O)c1ccc(NCC(=O)O[*])cc1-c1ccc(CCC)cc1,True,True,False,500.0,0.5,335.3670654296875,[*]CCOCCCCOC(=O)c1ccc(NCC(=O)O[*])cc1-c1ccc(CCC)cc1,0.31645569620253167,1885.0,[*]CC([*])c1cc(C(=O)OCCCC)ccc1-c1ccc(OCCCCCCCC)cc1,low
2805,[*]CCCCCOc1ccc(C(OC(=O)OCC)c2ccc(OC(=O)c3ccc(O[*])cc3CCCC)cc2)cc1,True,True,False,500.0,0.5,326.51678466796875,[*]CCCCCOc1ccc(C(OC(=O)OCC)c2ccc(OC(=O)c3ccc(O[*])cc3CCCC)cc2)cc1,0.4788732394366197,4683.0,[*]O[Si]([*])(C)CCc1cc(C(=O)Oc2ccc(OCCCC)cc2)ccc1C(=O)Oc1ccc(OCCCC)cc1,low
2806,[*]Oc1cccc(OC(=O)C(CCCCC([*])=O)c2ccc(C(C)Oc3ccccc3)cc2)c1,True,True,False,500.0,0.5,330.84979248046875,[*]Oc1cccc(OC(=O)C(CCCCC([*])=O)c2ccc(C(C)Oc3ccccc3)cc2)c1,0.4074074074074074,5270.0,[*]Oc1cccc(Oc2cccc(OC([*])=O)c2)c1,low
2807,[*]Cc1ccc(NC(=O)OCCCCC(=O)Nc2ccc(SN([*])CC)cc2)cc1,True,True,False,500.0,0.5,390.4764709472656,[*]Cc1ccc(NC(=O)OCCCCC(=O)Nc2ccc(SN([*])CC)cc2)cc1,0.47368421052631576,3060.0,[*]Cc1ccc(NC(=O)CCCCC(=O)NC([*])(C)C)cc1,low
2809,[*]Oc1ccc(/C=C/Cc2cc(O)c(C([*])=O)cc2OC(=O)CCCCCCCC)c(CCl)c1OC,True,True,False,500.0,0.5,342.10107421875,[*]Oc1ccc(/C=C/Cc2cc(O)c(C([*])=O)cc2OC(=O)CCCCCCCC)c(CCl)c1OC,0.323943661971831,5591.0,[*]c1cc(OC)c(OC(=O)CCCCCCCCC(=O)Oc2c(OC)cc([*])cc2OC)c(OC)c1,low
2810,[*]CCN([*])C(=O)CCCCCOc1ccc(-c2ccc(OCC(C)COC(=O)c3ccc([N+](=O)[O-])cc3)cc2)cc1,True,True,False,500.0,0.5,315.70074462890625,[*]CCN([*])C(=O)CCCCCOc1ccc(-c2ccc(OCC(C)COC(=O)c3ccc([N+](=O)[O-])cc3)cc2)cc1,0.4166666666666667,2576.0,[*]CCCOC(=O)C(CCCCCCOc1ccc(-c2ccc(OCc3ccc([N+](=O)[O-])cc3)cc2)cc1)C(=O)OCCC[Sn]([*])(C)C,low
2811,[*]CC([*])C(=O)OCC(C)(C)C(=O)CCCCCC,True,True,False,500.0,0.5,250.22613525390625,[*]CC([*])C(=O)OCC(C)(C)C(=O)CCCCCC,0.5789473684210527,1639.0,[*]CC([*])C(=O)OCCCCCC,medium
2812,[*]/N=C/c1ccc(-c2ccc(Oc3ccc(S(=O)(=O)OCC(CC([*])=O)c4ccccc4)cc3)cc2)cc1,True,True,False,500.0,0.5,367.5989379882813,[*]/N=C/c1ccc(-c2ccc(Oc3ccc(S(=O)(=O)OCC(CC([*])=O)c4ccccc4)cc3)cc2)cc1,0.36363636363636365,6375.0,[*]c1ccc(Oc2ccc(/C=N/c3ccc(Oc4ccc(-c5ccc(Oc6ccc(/N=C/c7ccc(Oc8ccc(S([*])(=O)=O)cc8)cc7)cc6)cc5)cc4)cc3)cc2)cc1,low
2813,[*]c1cc(OCCCCC(=O)Oc2c(C)cc([Si]([*])(C)c3ccc(Br)cc3)cc2)cc(F)c1O,True,True,False,500.0,0.5,345.9891357421875,[*]c1cc(OCCCCC(=O)Oc2c(C)cc([Si]([*])(C)c3ccc(Br)cc3)cc2)cc(F)c1O,0.391304347826087,6031.0,[*]c1ccc(OC(=O)CCCCC(=O)Oc2ccc(C([*])(C)C)cc2C)c(C)c1,low
2814,[*]CC([*])=N[PH](C)(=O)N(C)CS(C)(=O)=O,True,True,False,500.0,0.5,357.415771484375,[*]CC([*])=N[PH](C)(=O)N(C)CS(C)(=O)=O,0.21428571428571427,1134.0,[*]CC(CS(C)(=O)=O)O[*],low
2815,[*]CCCCCNc1ccc(C(C)(C)c2ccc(NC(=O)OCC#Cc3ccc(C([*])=O)cc3)cc2)c2ccccc12,True,True,False,500.0,0.5,355.305908203125,[*]CCCCCNc1ccc(C(C)(C)c2ccc(NC(=O)OCC#Cc3ccc(C([*])=O)cc3)cc2)c2ccccc12,0.3076923076923077,3609.0,[*]Nc1ccc(-c2c(-c3ccc(-c4ccccc4)cc3)cc(-c3ccc(OCCCCCCCCCCOc4ccc(-c5cc(-c6ccc(-c7ccccc7)cc6)c(-c6ccc(NC(=O)c7ccc(C([*])=O)cc7)cc6)c(-c6ccc(-c7ccccc7)cc6)c5)cc4)cc3)cc2-c2ccc(-c3ccccc3)cc2)cc1,low
2816,[*]C=Cc1ccc(OC[Si](C)(C)CCCCC(=O)Oc2ccc([*])cc2)cc1,True,True,False,500.0,0.5,345.17315673828125,[*]C=Cc1ccc(OC[Si](C)(C)CCCCC(=O)Oc2ccc([*])cc2)cc1,0.4716981132075472,6030.0,[*]c1ccc(OC(=O)CCCCC(=O)Oc2ccc(C([*])(C)C)cc2)cc1,low
2817,[*]CC([*])c1cnc(C(=O)OC)c(Br)c1[Si](C)(C)C,True,True,False,500.0,0.5,403.7713928222656,[*]CC([*])c1cnc(C(=O)OC)c(Br)c1[Si](C)(C)C,0.44680851063829785,2023.0,[*]CC([*])c1ccccc1C(=O)OC,low
2818,[*]CC(C[*])C(C)(C)N[SH](=O)(Cl)C(F)(F)F,True,True,False,500.0,0.5,298.7103881835937,[*]CC(C[*])C(C)(C)N[SH](=O)(Cl)C(F)(F)F,0.2564102564102564,7099.0,[*]CC([*])C(=O)NC(C)(C)C,low
2819,[*]C=CCCCCOC(=S)N(Cc1cccc([*])c1)[Se],True,True,False,500.0,0.5,294.18951416015625,[*]C=CCCCCOC(=S)N(Cc1cccc([*])c1)[Se],0.3,2742.0,[*]CCc1cccc([*])c1,low
2821,[*]CC([*])C(=O)O[Si](C)(CCCC)C(=O)Oc1ccccc1,True,True,False,500.0,0.5,279.5868530273437,[*]CC([*])C(=O)O[Si](C)(CCCC)C(=O)Oc1ccccc1,0.5714285714285714,1731.0,[*]CC([*])C(=O)Oc1ccccc1,medium
2822,[*]CC([*])C(=O)Oc1ccc(Oc2cccc(C(=O)c3ccc(OCCCC)cc3)c2)cc1,True,True,False,500.0,0.5,340.9822082519531,[*]CC([*])C(=O)Oc1ccc(Oc2cccc(C(=O)c3ccc(OCCCC)cc3)c2)cc1,0.6538461538461539,1717.0,[*]CC([*])C(=O)Oc1ccc(C(=O)Oc2ccc(OC(=O)c3ccc(OCCCC)cc3)cc2)cc1,medium
2824,[*]/C=C/c1ccc(OCCCCCCOc2ccc(NC(=O)c3ccc(OCCCC)cc3)cc2)c(C([*])=O)c1C,True,True,False,500.0,0.5,388.6044006347656,[*]/C=C/c1ccc(OCCCCCCOc2ccc(NC(=O)c3ccc(OCCCC)cc3)cc2)c(C([*])=O)c1C,0.4393939393939394,3828.0,[*]Nc1ccc(OCCCCCCCCOc2ccc(NC(=O)c3cccc(C([*])=O)c3)cc2)cc1,low
2825,[*]CCN([*])C(=O)CCCCC(=O)Oc1ccc(C(C)(CNC(=O)O[Na])c2ccc(OC(=O)OC)cc2)cc1,True,True,False,500.0,0.5,395.5368347167969,[*]CCN([*])C(=O)CCCCC(=O)Oc1ccc(C(C)(CNC(=O)O[Na])c2ccc(OC(=O)OC)cc2)cc1,0.390625,6030.0,[*]c1ccc(OC(=O)CCCCC(=O)Oc2ccc(C([*])(C)C)cc2)cc1,low
2827,[*]c1ccc(Oc2cc(-c3ccc([*])cc3)c(C(O)C(C)=[SH])cc2C)cc1,True,True,False,500.0,0.5,480.5802307128906,[*]c1ccc(Oc2cc(-c3ccc([*])cc3)c(C(O)C(C)=[SH])cc2C)cc1,0.36363636363636365,4853.0,[*]Oc1ccc(C(=O)c2ccc(Oc3ccc([*])cc3C)cc2)cc1,low
2828,[*]CCCCCCCN(CSC(=O)c1ccc([Si](C)(C)C(=O)OCCCCCC)cc1)C(=O)N[*],True,True,False,500.0,0.5,315.3348693847656,[*]CCCCCCCN(CSC(=O)c1ccc([Si](C)(C)C(=O)OCCCCCC)cc1)C(=O)N[*],0.35294117647058826,1931.0,[*]CC([*])c1ccc(C(=O)OCCCCCC)cc1,low
2829,[*]NC(=O)c1ccc(CCCCC(=O)Nc2ccc(C([*])=O)cc2)cc1,True,True,False,500.0,0.5,508.9566955566406,[*]NC(=O)c1ccc(CCCCC(=O)Nc2ccc(C([*])=O)cc2)cc1,0.5217391304347826,3765.0,[*]Nc1ccc(Cc2ccc(NC(=O)c3ccc(C([*])=O)cc3)cc2)cc1,medium
2830,[*]CC(=O)CCCCC(=O)SN[Se]c1ccc(OCCOC([*])=O)cc1,True,True,False,500.0,0.5,307.0721435546875,[*]CC(=O)CCCCC(=O)SN[Se]c1ccc(OCCOC([*])=O)cc1,0.41379310344827586,1073.0,[*]CC(=O)OCCCCCCOc1ccc(-n2on2-c2ccc(OCCCCCCOC([*])=O)cc2)cc1,low
2831,[*]CC([*])(C[Si](C)(C)C#N)c1ccc(OCC(F)(F)F)cc1,True,True,False,500.0,0.5,397.4630737304688,[*]CC([*])(C[Si](C)(C)C#N)c1ccc(OCC(F)(F)F)cc1,0.34,6241.0,[*]c1ccc(OCOc2ccc(C([*])(C(F)(F)F)C(F)(F)F)cc2)cc1,low
2832,[*]CCc1ccc(NC(=O)CCCCCCC(=O)Oc2ccc(C(=O)O[*])cc2[N+](C)(C)C)cc1,True,True,False,500.0,0.5,366.137939453125,[*]CCc1ccc(NC(=O)CCCCCCC(=O)Oc2ccc(C(=O)O[*])cc2[N+](C)(C)C)cc1,0.421875,2233.0,[*]CCCCC(=O)Nc1ccc(CCNC([*])=O)cc1,low
2833,[*]C=C([*])C(=O)OCCCCOc1ccc(C(=O)c2ccc(OC)cc2)cc1,True,True,False,500.0,0.5,322.2607421875,[*]C=C([*])C(=O)OCCCCOc1ccc(C(=O)c2ccc(OC)cc2)cc1,0.54,35.0,[*]/C=C(/[*])CCCOc1ccc(OC(=O)c2ccc(OC)cc2)cc1,medium
2834,[*]CC([*])c1cc(Br)c(OCC(CC)(C)CC)cc1Sc1ccccc1,True,True,False,500.0,0.5,362.5821228027344,[*]CC([*])c1cc(Br)c(OCC(CC)(C)CC)cc1Sc1ccccc1,0.375,1878.0,[*]CC([*])c1cc(Br)ccc1OCC,low
2836,[*]CC([*])OC(=O)C[Si](C)(C)OCCCCC(F)(F)C(F)(F)F,True,True,False,500.0,0.5,247.3491973876953,[*]CC([*])OC(=O)C[Si](C)(C)OCCCCC(F)(F)C(F)(F)F,0.39622641509433965,1816.0,[*]CC([*])OC(=O)OCCC(F)(F)C(F)(F)C(F)(F)C(F)(F)C(F)(F)C(F)(F)F,low
2837,[*]O[Si]([*])(C)c1ccc(OCCCCCCCCCCOc2ccc(S(=O)(=O)OC(C)CC)cc2)cc1,True,True,False,500.0,0.5,307.79278564453125,[*]O[Si]([*])(C)c1ccc(OCCCCCCCCCCOc2ccc(S(=O)(=O)OC(C)CC)cc2)cc1,0.39344262295081966,4659.0,[*]O[Si]([*])(C)CCCOc1ccc(/N=N/c2ccc(S(=O)(=O)O)cc2)cc1,low
2838,[*]COC(=O)C(CCCC[N+](C)(C)C)C(=O)O[*],True,True,False,500.0,0.5,279.5625,[*]COC(=O)C(CCCC[N+](C)(C)C)C(=O)O[*],0.37209302325581395,1593.0,[*]CC([*])C(=O)NCCC[N+](C)(C)C,low
2839,[*]O[Si](CCCCCCC)OCCOCCOC1=C[Si]([*])(CCC)CC1,True,True,False,500.0,0.5,231.2981109619141,[*]O[Si](CCCCCCC)OCCOCCOC1=C[Si]([*])(CCC)CC1,0.26153846153846155,1975.0,[*]CC([*])c1ccc(COCCOCCCCCCCC)cc1,low
2840,[*]CC([*])C(=O)Oc1ccc(SC(=O)CCCCC([2H])N(C)C)cc1,True,True,False,500.0,0.5,304.0009765625,[*]CC([*])C(=O)Oc1ccc(SC(=O)CCCCC([2H])N(C)C)cc1,0.4897959183673469,1721.0,[*]CC([*])C(=O)Oc1ccc(C)cc1,low
2841,[*]CC(F)(F)C(=O)N([*])c1cccc(/C=N/P(=O)(OC)c2ccccc2)c1,True,True,False,500.0,0.5,357.7807006835937,[*]CC(F)(F)C(=O)N([*])c1cccc(/C=N/P(=O)(OC)c2ccccc2)c1,0.3088235294117647,2601.0,[*]CCN([*])C(=O)C(OC)(c1ccccc1)C(F)(F)F,low
2842,[*]C=CC(CCCCCCCC)COC(=O)C([*])(O)C(F)(F)C(F)(F)F,True,True,False,500.0,0.5,300.81524658203125,[*]C=CC(CCCCCCCC)COC(=O)C([*])(O)C(F)(F)C(F)(F)F,0.34545454545454546,1233.0,[*]CC([*])(C)C(=O)OCC(CC)CCCC,low
2843,[*]CC(CCN(C)C(=O)c1ccc(C(=O)OC)cc1)C([*])COC(=O)c1ccc(C(C)C)cc1C#N,True,True,False,500.0,0.5,346.3249816894531,[*]CC(CCN(C)C(=O)c1ccc(C(=O)OC)cc1)C([*])COC(=O)c1ccc(C(C)C)cc1C#N,0.375,7274.0,[*]CC([*])c1ccc(C(=O)OC)cc1,low
2844,[*]Nc1ccc(C(=O)OCCOc2ccc(/C=C/c3ccc(OC(=O)c4ccc(C([*])=O)cc4)o3)cc2)c(C)c1,True,True,False,500.0,0.5,398.99896240234375,[*]Nc1ccc(C(=O)OCCOc2ccc(/C=C/c3ccc(OC(=O)c4ccc(C([*])=O)cc4)o3)cc2)c(C)c1,0.37681159420289856,4501.0,[*]OCCOC(=O)c1ccc(OCCCCOc2ccc(C([*])=O)cc2)cc1,low
2845,[*]CC([*])(C)C(=O)OCC(Cl)C(F)(F)c1ccc(C(F)(F)F)cc1,True,True,False,500.0,0.5,388.8023681640625,[*]CC([*])(C)C(=O)OCC(Cl)C(F)(F)c1ccc(C(F)(F)F)cc1,0.4883720930232558,7089.0,[*]CC([*])(C)C(=O)OCC(C)C,low
2846,[*]CC([*])(C)C(=O)OCCCCCCOC(=O)c1cc(/N=N/c2ccc(C#N)cc2)ccc1C,True,True,False,500.0,0.5,330.5303649902344,[*]CC([*])(C)C(=O)OCCCCCCOC(=O)c1cc(/N=N/c2ccc(C#N)cc2)ccc1C,0.7321428571428571,1291.0,[*]CC([*])(C)C(=O)OCCCCCCCCCCOc1ccc(/N=N/c2ccc(C#N)cc2)cc1,medium
2847,[*]CC([*])(C)C(=O)OCCCc1ccc(OC(=O)CCCc2ccc(-c3ccccc3)cc2)cc1,True,True,False,500.0,0.5,336.33270263671875,[*]CC([*])(C)C(=O)OCCCc1ccc(OC(=O)CCCc2ccc(-c3ccccc3)cc2)cc1,0.6274509803921569,1377.0,[*]CC([*])(C)C(=O)OCCCCc1ccccc1,medium
2852,[*]C=C1CC([*])C(Oc2ccc(C(=O)OCCCCCCC)cc2)CC1C,True,True,False,500.0,0.5,321.3572692871094,[*]C=C1CC([*])C(Oc2ccc(C(=O)OCCCCCCC)cc2)CC1C,0.4262295081967213,1931.0,[*]CC([*])c1ccc(C(=O)OCCCCCC)cc1,low
2853,[*]CCCOC(=O)Nc1ccc(NC(=O)CCCCCCc2cccc(C(=O)OCC3CC([*])CC3C)c2)cc1,True,True,False,500.0,0.5,367.9827880859375,[*]CCCOC(=O)Nc1ccc(NC(=O)CCCCCCc2cccc(C(=O)OCC3CC([*])CC3C)c2)cc1,0.4050632911392405,2366.0,[*]CCCCCCCCC(=O)Nc1cccc(C(=O)c2ccc(Oc3ccc(C(=O)c4ccc(NC([*])=O)cc4)cc3)cc2)c1,low
2854,[*]C(=O)[Ge](C)(C)CCCCCCCS(=O)(=O)c1ccc([*])c(OC)c1,True,True,False,500.0,0.5,330.4649658203125,[*]C(=O)[Ge](C)(C)CCCCCCCS(=O)(=O)c1ccc([*])c(OC)c1,0.3188405797101449,2279.0,[*]CCCCCC(=O)OCCCCCCS(=O)(=O)c1ccc(/N=N/c2ccc(N([*])C)cc2)cc1,low
2855,[*]NC(=O)c1cc(OCCCCCC)c(C([*])=O)cc1OCC(C)(C)Cc1ccccc1,True,True,False,500.0,0.5,389.02838134765625,[*]NC(=O)c1cc(OCCCCCC)c(C([*])=O)cc1OCC(C)(C)Cc1ccccc1,0.4444444444444444,218.0,[*]C(=O)NNC(=O)c1ccc([*])cc1OCCCCCCCC,low
2856,[*]Nc1ccc(C(=O)c2cc(C(=O)c3ccccc3)c([*])cc2OCCCC)c([N+](=O)[O-])c1F,True,True,False,500.0,0.5,439.8939208984375,[*]Nc1ccc(C(=O)c2cc(C(=O)c3ccccc3)c([*])cc2OCCCC)c([N+](=O)[O-])c1F,0.36231884057971014,5040.0,[*]Oc1ccc(Oc2cc(C(=O)c3ccccc3)c([*])cc2C(=O)c2ccccc2)cc1,low
2857,[*]Oc1ccc(C([*])(CCCC)c2ccccc2)cc1,True,True,False,500.0,0.5,389.1082763671875,[*]Oc1ccc(C([*])(CCCC)c2ccccc2)cc1,0.43478260869565216,6069.0,[*]c1ccc(OC(=O)Oc2ccc(C([*])(CC)c3ccccc3)cc2)cc1,low
2858,[*]CC(C)C(=O)NCCCCCCCCN1CCC(=NC(COC)(C(=O)O[*])OC)CO1,True,True,False,500.0,0.5,328.43560791015625,[*]CC(C)C(=O)NCCCCCCCCN1CCC(=NC(COC)(C(=O)O[*])OC)CO1,0.2608695652173913,1592.0,[*]CC([*])C(=O)NCCCCCCCC,low
2859,[*]CC(=O)Nc1ccc(CCCCCCNC(=O)OC(C)(CCCOC([*])=O)c2ccc(/N=N/c3ccccc3)cc2)cc1,True,True,False,500.0,0.5,346.4198913574219,[*]CC(=O)Nc1ccc(CCCCCCNC(=O)OC(C)(CCCOC([*])=O)c2ccc(/N=N/c3ccccc3)cc2)cc1,0.39325842696629215,3746.0,[*]Nc1ccc(Cc2ccc(NC(=O)OCCN(CCCCCCOc3ccc(/N=N/c4ccccc4)cc3)CCOC([*])=O)cc2)cc1,low
2861,[*]c1ccc([*])cc1-c1ccc(C(=O)O[Si](C)(C)Oc2ccc(C(F)(F)F)o2)cc1,True,True,False,500.0,0.5,363.2282104492188,[*]c1ccc([*])cc1-c1ccc(C(=O)O[Si](C)(C)Oc2ccc(C(F)(F)F)o2)cc1,0.3125,5857.0,[*]c1ccc(C(=O)Oc2cccc(OC(=O)c3ccc([Si]([*])(C)C)cc3)c2)cc1,low
2862,[*]C=CCCCCCCCc1ccc(NC(=O)c2ccc(CC(=O)NCCCCCCCCNC([*])=O)cc2)cc1,True,True,False,500.0,0.5,409.8427734375,[*]C=CCCCCCCCc1ccc(NC(=O)c2ccc(CC(=O)NCCCCCCCCNC([*])=O)cc2)cc1,0.5370370370370371,2721.0,[*]CCc1ccc(CC(=O)NCCCCCCNC([*])=O)cc1,medium
2863,[*]Sc1ccc(C(=O)c2ccc(C([*])=O)cc2)cc1OC#N,True,True,False,500.0,0.5,433.011474609375,[*]Sc1ccc(C(=O)c2ccc(C([*])=O)cc2)cc1OC#N,0.4,501.0,[*]C(=O)c1ccc(Oc2cccc(C(=O)c3ccc(Oc4ccc([*])cc4)cc3)c2)cc1,low
2864,[*]C(=O)OCCCCCC([*])SC(=O)Oc1ccc(-c2ccc(OC)cc2)cc1,True,True,False,500.0,0.5,305.21533203125,[*]C(=O)OCCCCCC([*])SC(=O)Oc1ccc(-c2ccc(OC)cc2)cc1,0.4461538461538462,299.0,[*]C(=O)OCCCCCCCCCCCOc1ccc(-c2ccc(OCCCCCCCCCCCOC(=O)c3cc([*])cc(OCCCCCCCCCCOc4ccc(/N=N/c5ccc(OC)cc5)cc4)c3)cc2)cc1,low
2865,[*]CO[PH](=O)(COCCCCCC)c1ccc(CN(C)Cc2cccc(-c3ccc([*])cc3C)c2)cc1,True,True,False,500.0,0.5,316.8503723144531,[*]CO[PH](=O)(COCCCCCC)c1ccc(CN(C)Cc2cccc(-c3ccc([*])cc3C)c2)cc1,0.2972972972972973,5709.0,[*]c1ccc(-c2ccc(OCCCCCC)c(-c3cc([*])ccc3OCCCCCC)c2)cc1,low
2866,[*]C([*])C(=O)OCCCCCCCOc1ccc([Si](C)=O)cc1SCCCC(F)(F)F,True,True,False,500.0,0.5,292.8851623535156,[*]C([*])C(=O)OCCCCCCCOc1ccc([Si](C)=O)cc1SCCCC(F)(F)F,0.2857142857142857,296.0,[*]C(=O)OCC(F)(F)C(F)(F)C(F)(F)COC(=O)c1ccc(OCCCCC)c([*])c1,low
2868,[*]C=CCCC(=O)NCc1ccc(CCCCNC(=O)c2ccc(C=[*])cc2)nc1,True,True,False,500.0,0.5,410.94384765625,[*]C=CCCC(=O)NCc1ccc(CCCCNC(=O)c2ccc(C=[*])cc2)nc1,0.3492063492063492,3041.0,[*]Cc1ccc(C(=O)NCCCCNC([*])=O)cc1,low
2871,[*]Cc1ccc(COC(=O)CCCCCCCc2cc(/C=C/c3cccc(O[*])c3)ccc2[N+](=O)[O-])cc1,True,True,False,500.0,0.5,339.5411376953125,[*]Cc1ccc(COC(=O)CCCCCCCc2cc(/C=C/c3cccc(O[*])c3)ccc2[N+](=O)[O-])cc1,0.3372093023255814,2396.0,[*]CCCCCCCCC(=O)Oc1cccc(C=Cc2nnc(-c3ccc(OC([*])=O)cc3)s2)c1,low
2872,[*]/C=C(/[*])c1ccc2c(c1)C(=O)N(CCCCC#N)C2=O,True,True,False,500.0,0.5,384.7112731933594,[*]/C=C(/[*])c1ccc2c(c1)C(=O)N(CCCCC#N)C2=O,0.5098039215686274,516.0,[*]C(=O)c1ccc2c(c1)C(=O)N(CCCCCCCCCCCCN1C(=O)c3ccc([*])cc3C1=O)C2=O,medium
2873,[*]COCCCCCCP(=O)(O[*])c1ccc(-c2ccc(C(=O)NC(=O)CCCC)cc2)cc1C,True,True,False,500.0,0.5,322.947265625,[*]COCCCCCCP(=O)(O[*])c1ccc(-c2ccc(C(=O)NC(=O)CCCC)cc2)cc1C,0.3424657534246575,2818.0,[*]COC(=O)NC(=O)c1ccc(C(=O)NC(=O)OCC([*])CCCCCCCCCCCC)cc1,low
2874,[*]CCN(CCCCC(C)C(=O)O[*])OC(C)c1ccccc1,True,True,False,500.0,0.5,277.3641662597656,[*]CCN(CCCCC(C)C(=O)O[*])OC(C)c1ccccc1,0.34,2199.0,[*]CCCC(C)C(=O)OC([*])C,low
2877,[*]Oc1cc([*])cc(S(=O)(=O)c2ccccc2OCCCCCC)c1,True,True,False,500.0,0.5,370.50494384765625,[*]Oc1cc([*])cc(S(=O)(=O)c2ccccc2OCCCCCC)c1,0.38235294117647056,5014.0,[*]Oc1ccc(OC(=O)c2ccc(OCCCCCCCCCCCCOc3ccc(C([*])=O)cc3)cc2)c(S(=O)(=O)c2ccccc2)c1,low
2878,[*]C=Cc1cc(NCCCCCCC)c(C(=O)N[Se]c2ccc([*])cc2)cc1,True,True,False,500.0,0.5,370.6116333007813,[*]C=Cc1cc(NCCCCCCC)c(C(=O)N[Se]c2ccc([*])cc2)cc1,0.3382352941176471,218.0,[*]C(=O)NNC(=O)c1ccc([*])cc1OCCCCCCCC,low
2879,[*]OC(=O)CCCCCCc1ccc(CCSCC([*])=O)cc1,True,True,False,500.0,0.5,286.1604919433594,[*]OC(=O)CCCCCCc1ccc(CCSCC([*])=O)cc1,0.4444444444444444,4184.0,[*]OC(=O)c1ccc(CCCCCCc2ccc(C([*])=O)cc2)cc1,low
2881,[*]CC([*])(C)OC(=O)c1cc(C)c(SC[Si](C)(C)O)c(Cl)c1,True,True,False,500.0,0.5,380.3865661621094,[*]CC([*])(C)OC(=O)c1cc(C)c(SC[Si](C)(C)O)c(Cl)c1,0.3,5491.0,[*]c1cc(C)c(OC(=O)c2ccc(C(=O)Oc3c(C)cc(C([*])(C)C)cc3C)cc2)c(C)c1,low
2882,[*]CC=CCOc1ccc(NCC(=O)c2ccc(-c3ccc(OCC(C)CCC(=O)O[*])cc3)cc2SC)cc1,True,True,False,500.0,0.5,352.59039306640625,[*]CC=CCOc1ccc(NCC(=O)c2ccc(-c3ccc(OCC(C)CCC(=O)O[*])cc3)cc2SC)cc1,0.313953488372093,4142.0,[*]OC(=O)CCCC(=O)Oc1cc(OC(=O)c2ccc(OCC(C)CC)cc2)c([*])cc1OC(=O)c1ccc(OCC(C)CC)cc1,low
2883,[*]Oc1ccc(OC(=O)c2ccc(C(=O)Nc3ccc(OC([*])=O)cc3)c(Sc3ccc(-c4ccccc4)cc3)c2)cc1,True,True,False,500.0,0.5,506.7423706054688,[*]Oc1ccc(OC(=O)c2ccc(C(=O)Nc3ccc(OC([*])=O)cc3)c(Sc3ccc(-c4ccccc4)cc3)c2)cc1,0.5932203389830508,5007.0,[*]Oc1ccc(OC(=O)c2ccc(C([*])=O)cc2Sc2ccccc2)cc1,medium
2884,[*]CC(=O)C(CCCCCCOC(=O)c1ccc([*])cc1OC)CCS,True,True,False,500.0,0.5,303.5384826660156,[*]CC(=O)C(CCCCCCOC(=O)c1ccc([*])cc1OC)CCS,0.373134328358209,337.0,[*]C(=O)Oc1ccc(OCCOc2ccc(OC(=O)c3ccc([*])cc3OCCCCC)cc2)cc1,low
2885,[*]CNc1ccccc1OCCCCSC(=O)Nc1ccc(Sc2ccc(/N=N/c3ccc(N([*])c4ccccc4)cc3)cc2)cc1,True,True,False,500.0,0.5,384.6692504882813,[*]CNc1ccccc1OCCCCSC(=O)Nc1ccc(Sc2ccc(/N=N/c3ccc(N([*])c4ccccc4)cc3)cc2)cc1,0.31868131868131866,3746.0,[*]Nc1ccc(Cc2ccc(NC(=O)OCCN(CCCCCCOc3ccc(/N=N/c4ccccc4)cc3)CCOC([*])=O)cc2)cc1,low
2886,[*]OCC([*])COc1ccc(C(=O)OC(=O)c2ccc(-c3cc(C)c(OCC(C)(C)CC)cc3)cc2)cc1,True,True,False,500.0,0.5,343.46063232421875,[*]OCC([*])COc1ccc(C(=O)OC(=O)c2ccc(-c3cc(C)c(OCC(C)(C)CC)cc3)cc2)cc1,0.36,4142.0,[*]OC(=O)CCCC(=O)Oc1cc(OC(=O)c2ccc(OCC(C)CC)cc2)c([*])cc1OC(=O)c1ccc(OCC(C)CC)cc1,low
2889,[*]O[Se]CCCCCOC(=O)c1ccc(C(=O)OCC(F)(F)C(F)(F)C(F)(F)COc2ccc(C([*])=O)cc2)c(C(=O)OCCCCCCCC)c1,True,True,False,500.0,0.5,286.494384765625,[*]O[Se]CCCCCOC(=O)c1ccc(C(=O)OCC(F)(F)C(F)(F)C(F)(F)COc2ccc(C([*])=O)cc2)c(C(=O)OCCCCCCCC)c1,0.4931506849315068,296.0,[*]C(=O)OCC(F)(F)C(F)(F)C(F)(F)COC(=O)c1ccc(OCCCCC)c([*])c1,low
2891,[*]OP(=O)(/C=C/c1ccc([*])cc1)Oc1ccc(N2CC(C)(C)C[Si]2)cc1,True,True,False,500.0,0.5,380.301513671875,[*]OP(=O)(/C=C/c1ccc([*])cc1)Oc1ccc(N2CC(C)(C)C[Si]2)cc1,0.2857142857142857,6251.0,[*]c1ccc(OP(=O)(Oc2ccccc2)Oc2ccc(C([*])(C)C)cc2)cc1,low
2892,[*]CCc1ccc(CCCCCNC(=O)c2ccc(C(=O)OC)cc2)c(C(=O)c2ccc([*])cc2)c1,True,True,False,500.0,0.5,398.20068359375,[*]CCc1ccc(CCCCCNC(=O)c2ccc(C(=O)OC)cc2)c(C(=O)c2ccc([*])cc2)c1,0.41935483870967744,5813.0,[*]c1ccc(C(=O)NCCCCCCNC(=O)c2ccc(C([*])(C)CC)cc2)cc1,low
2893,[*]C=Cc1cc(C(=O)N(c2ccc(C)cc2)c2ccc(N3C(=O)c4ccc(C=[*])cc4C3=O)cc2)ccc1O,True,True,False,500.0,0.5,548.6727905273438,[*]C=Cc1cc(C(=O)N(c2ccc(C)cc2)c2ccc(N3C(=O)c4ccc(C=[*])cc4C3=O)cc2)ccc1O,0.4117647058823529,417.0,[*]C(=O)c1ccc(N2C(=O)c3ccc(C(=O)c4ccc5c(c4)C(=O)N(c4ccc(N([*])C)cc4)C5=O)cc3C2=O)cc1,low
2894,[*]CCNC(=O)NCCCCCC(C)(NC(=O)NC(CC([*])=O)C#N)C(C)(C)C,True,True,False,500.0,0.5,355.7933654785156,[*]CCNC(=O)NCCCCCC(C)(NC(=O)NC(CC([*])=O)C#N)C(C)(C)C,0.32075471698113206,3444.0,[*]NCCCCCCCCCCCCCCNC(=O)NCCCCCCCCCCNC([*])=O,low
2896,[*]CC=CC([*])CCCCC(=O)OCCOc1ccc2cc(C(C)(C)[Ca])ccc2c1,True,True,False,500.0,0.5,300.430419921875,[*]CC=CC([*])CCCCC(=O)OCCOc1ccc2cc(C(C)(C)[Ca])ccc2c1,0.373134328358209,1692.0,[*]CC([*])C(=O)OCCOc1ccc(C(C)(C)c2ccc(OCCO)cc2)cc1,low
2897,[*]Oc1ccc(-c2ccc(S(=O)(=O)c3ccc(NC(=O)CCCCC([*])=O)cc3)cc2)c(C)c1,True,True,False,500.0,0.5,426.7960205078125,[*]Oc1ccc(-c2ccc(S(=O)(=O)c3ccc(NC(=O)CCCCC([*])=O)cc3)cc2)c(C)c1,0.5,2237.0,[*]CCCCC(=O)Nc1ccc(S(=O)(=O)c2ccc(NC([*])=O)cc2)cc1,medium
2898,[*]CC([*])C(=O)N(C)c1ccc(O[Si](C)(C)C)c(O)c1,True,True,False,500.0,0.5,360.84661865234375,[*]CC([*])C(=O)N(C)c1ccc(O[Si](C)(C)C)c(O)c1,0.37209302325581395,1583.0,[*]CC([*])C(=O)N(C)C,low
2899,[*]OCCC(=O)Oc1c([2H])cc([*])cc1OC(=O)C(CC(F)(F)F)Sc1ccccc1,True,True,False,500.0,0.5,321.18902587890625,[*]OCCC(=O)Oc1c([2H])cc([*])cc1OC(=O)C(CC(F)(F)F)Sc1ccccc1,0.2777777777777778,6031.0,[*]c1ccc(OC(=O)CCCCC(=O)Oc2ccc(C([*])(C)C)cc2C)c(C)c1,low
2901,[*]Cc1cc(C(=O)CN(CCCCC)C(=O)c2ccc(O[*])cc2)c(C)cc1,True,True,False,500.0,0.5,409.9059143066406,[*]Cc1cc(C(=O)CN(CCCCC)C(=O)c2ccc(O[*])cc2)c(C)cc1,0.32857142857142857,4848.0,[*]Oc1ccc(C(=O)c2ccc(Oc3c(CBr)cc(-c4cc(C)c([*])c(CBr)c4)cc3CBr)cc2)cc1,low
2902,[*]Nc1ccc(C(O)CCCCC(=O)NC(COC([*])=O)c2ccc(/N=N/c3ccc([N+](=O)[O-])cc3)cc2)cc1,True,True,False,500.0,0.5,391.92529296875,[*]Nc1ccc(C(O)CCCCC(=O)NC(COC([*])=O)c2ccc(/N=N/c3ccc([N+](=O)[O-])cc3)cc2)cc1,0.4430379746835443,3748.0,[*]Nc1ccc(Cc2ccc(NC(=O)OCCN(CCOC([*])=O)c3ccc(/N=N/c4ccc([N+](=O)[O-])cc4)cc3)cc2)cc1,low
2904,[*]=Cc1cccc(Oc2cc(C([*])=O)ccc2OCCCCCCCCCC)c1,True,True,False,500.0,0.5,334.4217224121094,[*]=Cc1cccc(Oc2cc(C([*])=O)ccc2OCCCCCCCCCC)c1,0.42105263157894735,4217.0,[*]OC(=O)c1cccc(OCCCCCOc2cccc(C([*])=O)c2)c1,low
2905,[*]C(=O)c1ccc(C(C)(C)C)cc1Oc1ccc(C(=O)c2ccccc2-c2ccc(NCCCC(=O)COc3ccc(C(=O)c4ccc([*])cc4)cc3)cc2)cc1,True,True,False,500.0,0.5,456.5144653320313,[*]C(=O)c1ccc(C(C)(C)C)cc1Oc1ccc(C(=O)c2ccccc2-c2ccc(NCCCC(=O)COc3ccc(C(=O)c4ccc([*])cc4)cc3)cc2)cc1,0.44,710.0,[*]C(=O)c1ccccc1-c1ccccc1C(=O)c1ccc(Oc2ccc(-c3ccc(Oc4ccc([*])cc4)cc3)cc2)cc1,low
2906,[*]CCNC(=O)C(=O)NCCCCCNC(=O)Oc1ccc(S(=O)(=O)c2ccc(OCCCCOc3ccc([*])cc3)cc2)cc1,True,True,False,500.0,0.5,351.09820556640625,[*]CCNC(=O)C(=O)NCCCCCNC(=O)Oc1ccc(S(=O)(=O)c2ccc(OCCCCOc3ccc([*])cc3)cc2)cc1,0.41935483870967744,6222.0,[*]c1ccc(OCCCCOc2ccc(C(C)(C)c3ccc(Oc4ccc(S(=O)(=O)c5ccc(Oc6ccc(C([*])(C)C)cc6)cc5)cc4)cc3)cc2)cc1,low
2907,[*]CCCCCCCCC(=O)/C=C/c1cc(C)cc(N([*])c2ccc(OCc3ccccc3[N+](=O)[O-])cc2)c1-c1ccccc1,True,True,False,500.0,0.5,381.4518432617188,[*]CCCCCCCCC(=O)/C=C/c1cc(C)cc(N([*])c2ccc(OCc3ccccc3[N+](=O)[O-])cc2)c1-c1ccccc1,0.30392156862745096,2698.0,[*]CCOc1ccc(-c2nc3ccc(Oc4ccc5nc(-c6ccc(OCCN([*])c7ccc(/C=C/c8ccc([N+](=O)[O-])cc8)cc7)cc6)c(-c6ccccc6)nc5c4)cc3nc2-c2ccccc2)cc1,low
2908,[*]C=Cc1ccc(ON2C(=O)CCCC(=O)NP(=O)(O[*])OC2)cc1,True,True,False,500.0,0.5,350.4540710449219,[*]C=Cc1ccc(ON2C(=O)CCCC(=O)NP(=O)(O[*])OC2)cc1,0.2786885245901639,991.0,[*]C=Cc1ccc(/C=C/C(=O)Oc2ccc(OC([*])=O)cc2)cc1,low
2909,[*]c1ccc(CC(=N)NC(c2ccc(C=N)cc2)c2ccc([*])cc2)cc1,True,True,False,500.0,0.5,488.2865905761719,[*]c1ccc(CC(=N)NC(c2ccc(C=N)cc2)c2ccc([*])cc2)cc1,0.27906976744186046,2964.0,[*]CSSCc1ccc([*])cc1,low
2910,[*]C([*])(C)C(=O)NCCCCCCCNc1ccc(C(C)(C)CC)cc1,True,True,False,500.0,0.5,387.1068115234375,[*]C([*])(C)C(=O)NCCCCCCCNc1ccc(C(C)(C)CC)cc1,0.46153846153846156,2122.0,[*]CCC(=O)NCCCCCCNC(=O)CCC(C)(C)c1ccc(C([*])(C)C)cc1,low
2911,[*]C=CCCCC(=O)Nc1ccc(-c2nnc([*])c(OC(=O)c3ccc(C=C)cc3)c2)o1,True,True,False,500.0,0.5,442.13421630859375,[*]C=CCCCC(=O)Nc1ccc(-c2nnc([*])c(OC(=O)c3ccc(C=C)cc3)c2)o1,0.2716049382716049,4151.0,[*]OC(=O)CCCCCCCCCCCCCCC(=O)Oc1cc(OC(=O)c2ccc(C)cc2)c([*])cc1OC(=O)c1ccc(C)cc1,low
2912,[*]Cc1ccc(OCC(CO)CS(=O)(=O)c2ccc([*])cc2C)cc1,True,True,False,500.0,0.5,368.5861511230469,[*]Cc1ccc(OCC(CO)CS(=O)(=O)c2ccc([*])cc2C)cc1,0.40625,6194.0,[*]c1ccc(OCC(O)COc2ccc(S(=O)(=O)c3ccc(OCC(O)COc4ccc(S([*])(=O)=O)cc4C)cc3)cc2)c(C)c1,low
2913,[*]Cc1ccc(SC(=O)C(C#N)(CCCCCCC(F)(F)F)NC(=O)O[*])cc1,True,True,False,500.0,0.5,332.1607666015625,[*]Cc1ccc(SC(=O)C(C#N)(CCCCCCC(F)(F)F)NC(=O)O[*])cc1,0.2878787878787879,3061.0,[*]Cc1ccc(NC(=O)CCCCCCCCC(=O)NC([*])(C)C)cc1,low
2914,[*]CC([*])COc1ccc(OCCCCCCCNC(=O)c2ccc([Si](O)(C)C#N)cc2)cc1,True,True,False,500.0,0.5,332.2020874023437,[*]CC([*])COc1ccc(OCCCCCCCNC(=O)c2ccc([Si](O)(C)C#N)cc2)cc1,0.39705882352941174,1846.0,[*]CC([*])OCCCCCCCCCCCOc1ccc(C(=O)Oc2ccc(C#N)cc2)cc1,low
2915,[*]C([*])(C)C(=O)OCCCCC(=O)Nc1ccccc1,True,True,False,500.0,0.5,382.1153564453125,[*]C([*])(C)C(=O)OCCCCC(=O)Nc1ccccc1,0.46938775510204084,1377.0,[*]CC([*])(C)C(=O)OCCCCc1ccccc1,low
2916,[*]/C=C(\C)c1ccc(NC(=O)CCCCCCCCC(=O)Nc2ccc(/N=N/c3ccc([N+](=O)[O-])cc3OCCCC)cc2)cc1-c1ccc(C([*])=O)cc1,True,True,False,500.0,0.5,444.8680725097656,[*]/C=C(\C)c1ccc(NC(=O)CCCCCCCCC(=O)Nc2ccc(/N=N/c3ccc([N+](=O)[O-])cc3OCCCC)cc2)cc1-c1ccc(C([*])=O)cc1,0.36363636363636365,3212.0,[*]N=Nc1ccc([N+](=O)[O-])cc1OCCOC(=O)Nc1cc(NC(=O)OCCn2cc([*])c3cc(-c4ccc5c(c4)c4ccccc4n5CCCC)ccc32)ccc1C,low
2917,[*]C([*])C(=O)OC(CCCCC)Nc1cccc([Se])c1,True,True,False,500.0,0.5,330.2075500488281,[*]C([*])C(=O)OC(CCCCC)Nc1cccc([Se])c1,0.38095238095238093,2821.0,[*]COC(=O)NC(=O)c1cccc(C(=O)NC(=O)OCC([*])CCCCCCCC)c1,low
2919,[*]CC(CO[Si](C)(=O)COc1ccc(OCCCCCOc2ccc(C(F)(F)F)cc2)cc1)C([*])=O,True,True,False,500.0,0.5,286.727783203125,[*]CC(CO[Si](C)(=O)COc1ccc(OCCCCCOc2ccc(C(F)(F)F)cc2)cc1)C([*])=O,0.410958904109589,2247.0,[*]CCCCC(=O)OCC(CCCCCCOc1ccc(/N=N/c2ccc(C(F)(F)F)cc2)cc1)COC([*])=O,low
2920,[*]CC([*])(C)C#CC(F)(F)C(F)(F)C(F)(F)C(F)(F)C(C)(C)C,True,True,False,500.0,0.5,328.1248779296875,[*]CC([*])(C)C#CC(F)(F)C(F)(F)C(F)(F)C(F)(F)C(C)(C)C,0.36666666666666664,7086.0,[*]CC([*])(C)C#N,low
2921,[*]NOc1ccc(C(=O)c2ccc(S(=O)(=O)OCCCCCOC(=O)c3ccc([*])cc3)s2)cc1,True,True,False,500.0,0.5,329.7412109375,[*]NOc1ccc(C(=O)c2ccc(S(=O)(=O)OCCCCCOC(=O)c3ccc([*])cc3)s2)cc1,0.3770491803278688,5841.0,[*]c1ccc(C(=O)OCCCCOC(=O)c2ccc(C([*])(C)C)cc2)cc1,low
2922,[*]OCC([Zn])OC(=O)c1ccc(C(=CCC)O[*])cc1,True,True,False,500.0,0.5,356.438720703125,[*]OCC([Zn])OC(=O)c1ccc(C(=CCC)O[*])cc1,0.3958333333333333,1821.0,[*]CC([*])OC(=O)c1ccc(CC)cc1,low
2923,[*]C[Si]([*])(C)CCC(=O)c1ccc(Oc2ccc(N=C(C)c3ccc(C(F)(F)F)cc3)cc2)c(Cl)c1,True,True,False,500.0,0.5,344.0968322753906,[*]C[Si]([*])(C)CCC(=O)c1ccc(Oc2ccc(N=C(C)c3ccc(C(F)(F)F)cc3)cc2)c(Cl)c1,0.38028169014084506,139.0,[*]=Nc1ccc(/N=C(\C)c2ccc(Oc3ccc(C(C)(C)c4ccc(Oc5ccc(C(=[*])C)cc5)cc4)cc3)cc2)cc1,low
2924,[*]Oc1ccc(SC(=O)c2cccc(C(=O)OCC2CCN([*])C2)c2)cc1C,True,True,False,500.0,0.5,430.99896240234375,[*]Oc1ccc(SC(=O)c2cccc(C(=O)OCC2CCN([*])C2)c2)cc1C,0.22727272727272727,4200.0,[*]OC(=O)c1ccc(Sc2cccc(OC(=O)c3ccc(C(=O)Oc4cccc(Sc5ccc(C(=O)Oc6ccc([*])cc6C)cc5)c4)cc3)c2)cc1,low
2925,[*]Cc1ccccc1CCCC(=O)Oc1ccc(/N=N/c2ccc(C([*])=O)c(C)c2)cc1,True,True,False,500.0,0.5,358.8563842773437,[*]Cc1ccccc1CCCC(=O)Oc1ccc(/N=N/c2ccc(C([*])=O)c(C)c2)cc1,0.3684210526315789,2265.0,[*]CCCCC(=O)Oc1ccc(OC([*])=O)cc1,low
2926,[*]/C=C(/[*])c1ccc(Oc2ccc(-c3ccccc3-c3ccc(Br)cc3)cc2)cc1,True,True,False,500.0,0.5,431.5659484863281,[*]/C=C(/[*])c1ccc(Oc2ccc(-c3ccccc3-c3ccc(Br)cc3)cc2)cc1,0.4444444444444444,861.0,[*]C=C([*])c1ccccc1,low
2927,[*]CCN([*])C(=O)OCCOC(=O)c1ccc(-c2ccc(S(=O)(=O)OCCN(C)c3ccc(C)cc3)cc2)cc1,True,True,False,500.0,0.5,325.4955444335937,[*]CCN([*])C(=O)OCCOC(=O)c1ccc(-c2ccc(S(=O)(=O)OCCN(C)c3ccc(C)cc3)cc2)cc1,0.35384615384615387,2677.0,[*]CCOC(=O)c1ccc(-c2ccc(C(=O)OC([*])C)cc2)cc1,low
2928,[*]CC([*])(C)CCCCN1C(=O)OC(C#N)C(=O)C(C)(C)C1,True,True,False,500.0,0.5,348.0875244140625,[*]CC([*])(C)CCCCN1C(=O)OC(C#N)C(=O)C(C)(C)C1,0.24561403508771928,1085.0,[*]CC(C)(C)C1C(=O)N(C)C(=O)C1[*],low
2930,[*]CC([*])NC(=O)CCCCCCCC(=O)NC(CO)(C(C)(C)C)C(=O)Cl,True,True,False,500.0,0.5,355.5272827148437,[*]CC([*])NC(=O)CCCCCCCC(=O)NC(CO)(C(C)(C)C)C(=O)Cl,0.3617021276595745,1786.0,[*]CC([*])NC(=O)OC(C)(C)C,low
2931,[*]CC(C)(CBr)c1ccc(CCCCCC/C=C(\C)C(=O)c2ccc(C(=O)N[*])cc2)cc1,True,True,False,500.0,0.5,364.8405456542969,[*]CC(C)(CBr)c1ccc(CCCCCC/C=C(\C)C(=O)c2ccc(C(=O)N[*])cc2)cc1,0.32894736842105265,1359.0,[*]CC([*])(C)C(=O)OCCCCCCc1ccc(/C(C)=C/c2ccc(OC)cc2)cc1,low
2932,[*]O[Si]([*])(CCCCC)OC(=O)c1cccc(OCCc2ccc(C(F)(F)F)cc2)c1,True,True,False,500.0,0.5,290.5528564453125,[*]O[Si]([*])(CCCCC)OC(=O)c1cccc(OCCc2ccc(C(F)(F)F)cc2)c1,0.4126984126984127,4218.0,[*]OC(=O)c1cccc(OCCCCOc2cccc(C([*])=O)c2)c1,low
2933,[*]Oc1ccc(NC(=O)Sc2ccccc2S([*])(=O)=O)cc1,True,True,False,500.0,0.5,475.2411804199219,[*]Oc1ccc(NC(=O)Sc2ccccc2S([*])(=O)=O)cc1,0.38095238095238093,5117.0,[*]Oc1ccc(S([*])(=O)=O)cc1,low
2934,[*]C#CCOC(=O)c1ccc(/C=C(\C)CC(=O)Nc2ccc(O[*])cc2)cc1,True,True,False,500.0,0.5,397.8525085449219,[*]C#CCOC(=O)c1ccc(/C=C(\C)CC(=O)Nc2ccc(O[*])cc2)cc1,0.3793103448275862,4268.0,[*]OCC#CC#CCOC(=O)c1ccc(C([*])=O)cc1,low
2935,[*]Cc1ccc(CNC(=O)CCCCCOC(=O)Nc2ccc(C([*])=O)c(N2CCCCN2)c2)cc1,True,True,False,500.0,0.5,420.086669921875,[*]Cc1ccc(CNC(=O)CCCCCOC(=O)Nc2ccc(C([*])=O)c(N2CCCCN2)c2)cc1,0.375,2534.0,[*]CCCCOCCCCC(=O)NCc1ccc(CNC([*])=O)cc1,low
2936,[*]C(=C)CCCCCCCCOc1ccc(C(=O)Nc2ccc(OCCC([*])C(F)(F)F)cc2)cc1,True,True,False,500.0,0.5,374.0222778320313,[*]C(=C)CCCCCCCCOc1ccc(C(=O)Nc2ccc(OCCC([*])C(F)(F)F)cc2)cc1,0.45161290322580644,3828.0,[*]Nc1ccc(OCCCCCCCCOc2ccc(NC(=O)c3cccc(C([*])=O)c3)cc2)cc1,low
2937,[*]CC([*])c1ccc(OC(=O)CCCCC(=O)NCCN2CCc3ccccc32)cc1,True,True,False,500.0,0.5,332.19512939453125,[*]CC([*])c1ccc(OC(=O)CCCCC(=O)NCCN2CCc3ccccc32)cc1,0.3770491803278688,7120.0,[*]CC([*])c1ccc(OC(C)=O)cc1,low
2938,[*]OC(=O)SN(CCCCC)C(=O)OCc1ccc(OC(=O)C2CCCCC([*])(C(F)(F)F)CC2C)cc1,True,True,False,500.0,0.5,329.94708251953125,[*]OC(=O)SN(CCCCC)C(=O)OCc1ccc(OC(=O)C2CCCCC([*])(C(F)(F)F)CC2C)cc1,0.25287356321839083,4289.0,[*]OCC1CCC(COC(=O)Oc2ccc(Cc3ccc(OC([*])=O)cc3)cc2)CC1,low
2939,[*]NC(C)C(=O)OC(=O)c1cc(C(=O)NCCCCCCOC([*])=O)ccc1,True,True,False,500.0,0.5,342.8863220214844,[*]NC(C)C(=O)OC(=O)c1cc(C(=O)NCCCCCCOC([*])=O)ccc1,0.5,3473.0,[*]NCCCCCCCCNC(=O)c1cccc(C([*])=O)c1,medium
2941,[*]NC(CCCC)P(=[*])(=O)c1ccc(I)cc1,True,True,False,500.0,0.5,347.1279296875,[*]NC(CCCC)P(=[*])(=O)c1ccc(I)cc1,0.2558139534883721,1986.0,[*]CC([*])c1ccc(I)cc1,low
2942,[*]CC([*])(C)C(=O)OCCCCCCN(c1ccccc1)c1ccc(Oc2ccc(OC#N)cc2)cc1,True,True,False,500.0,0.5,367.4028015136719,[*]CC([*])(C)C(=O)OCCCCCCN(c1ccccc1)c1ccc(Oc2ccc(OC#N)cc2)cc1,0.55,1322.0,[*]CC([*])(C)C(=O)OCCCCCCN(C)c1ccc(N(C)C)cc1,medium
2944,[*]COc1ccc(/C=C/c2ccc(O[*])cc2C(=O)c2ccc(C#N)cc2)c(S(=O)(=O)O)c1,True,True,False,500.0,0.5,435.4300537109375,[*]COc1ccc(/C=C/c2ccc(O[*])cc2C(=O)c2ccc(C#N)cc2)c(S(=O)(=O)O)c1,0.3230769230769231,1481.0,[*]CC([*])(C)C(=O)Oc1ccc(C#N)cc1,low
2945,[*]O[Si](C)(C)OC(=O)c1ccccc1C(=O)OCCOc1ccc(-c2ccc(N([*])CC(C)(C)C)cc2)c(O)c1,True,True,False,500.0,0.5,312.8217468261719,[*]O[Si](C)(C)OC(=O)c1ccccc1C(=O)OCCOc1ccc(-c2ccc(N([*])CC(C)(C)C)cc2)c(O)c1,0.32142857142857145,4682.0,[*]O[Si]([*])(C)CCc1cc(C(=O)Oc2ccc(OCCCC)cc2)ccc1-c1ccc(C(=O)Oc2ccc(OCCCC)cc2)cc1,low
2946,[*]C=Cc1ccc(OCCCCCCCCCCOC(=O)CCCCC(=O)Nc2ccc(N=[*])cc2)cc1,True,True,False,500.0,0.5,360.56842041015625,[*]C=Cc1ccc(OCCCCCCCCCCOC(=O)CCCCC(=O)Nc2ccc(N=[*])cc2)cc1,0.4027777777777778,1012.0,[*]C=Cc1ccc(OCCCCCCCCCCOC(=O)c2ccc(-c3nnc(-c4ccc(C(=O)OCCCCCCCCCCOc5ccc(/C=C/C([*])=O)cc5)cc4)o3)cc2)cc1,low
2947,[*]CC([*])(C)C(=O)OCCCCCC(F)(F)C(F)(F)C(F)(F)F,True,True,False,500.0,0.5,270.1199035644531,[*]CC([*])(C)C(=O)OCCCCCC(F)(F)C(F)(F)C(F)(F)F,0.918918918918919,1275.0,[*]CC([*])(C)C(=O)OCCCCCCC(F)(F)C(F)(F)C(F)(F)C(F)(F)F,high
2948,[*]CC([*])OCCCCCCOc1ccccc1/C=C/c1ccc(/N=N/c2ccc(OC(C)=O)cc2)c(O)c1,True,True,False,500.0,0.5,373.6630554199219,[*]CC([*])OCCCCCCOc1ccccc1/C=C/c1ccc(/N=N/c2ccc(OC(C)=O)cc2)c(O)c1,0.3918918918918919,1847.0,[*]CC([*])OCCCCCCCCCCCOc1ccc(C(=O)Oc2ccc(OCC)cc2)cc1,low
2950,[*]CC(=O)CCCCC(=O)Oc1ccc(C(c2ccccc2)c2ccc(S(=O)(=O)c3ccc(OCC(=O)Nc4ccc([*])cc4)cc3)c([N+](=O)[O-])c2)cc1,True,True,False,500.0,0.5,442.9713134765625,[*]CC(=O)CCCCC(=O)Oc1ccc(C(c2ccccc2)c2ccc(S(=O)(=O)c3ccc(OCC(=O)Nc4ccc([*])cc4)cc3)c([N+](=O)[O-])c2)cc1,0.32954545454545453,6188.0,[*]c1ccc(OCC(O)COc2ccc(NC(=O)CCCCC(=O)Nc3ccc(OCC(O)COc4ccc(C([*])(C)C)cc4)cc3)cc2)cc1,low
2951,[*]CC([*])c1cc(CCCC)c(/C=N/c2ccccc2OCCCCCCCCS(=O)(=O)O[Na])c(F)c1,True,True,False,500.0,0.5,413.3967590332031,[*]CC([*])c1cc(CCCC)c(/C=N/c2ccccc2OCCCCCCCCS(=O)(=O)O[Na])c(F)c1,0.37681159420289856,7124.0,[*]CC([*])c1ccccc1OCCCCCCCC,low
2952,[*]CCN([*])C(=O)OCC(C)CC/C=C/CC(C)C,True,True,False,500.0,0.5,257.85565185546875,[*]CCN([*])C(=O)OCC(C)CC/C=C/CC(C)C,0.38636363636363635,2606.0,[*]CCN([*])C(=O)CC(C)C,low
2954,[*]CCCCCC(C#N)COC(=O)c1cc(C(C)(C)c2cccc(C(=O)O[*])c2)ccc1,True,True,False,500.0,0.5,351.07470703125,[*]CCCCCC(C#N)COC(=O)c1cc(C(C)(C)c2cccc(C(=O)O[*])c2)ccc1,0.38333333333333336,4217.0,[*]OC(=O)c1cccc(OCCCCCOc2cccc(C([*])=O)c2)c1,low
2955,[*]CC([*])C(=O)Nc1ccc(CCCCCCCCOC(=O)c2ccccc2C)c(N)c1,True,True,False,500.0,0.5,319.4959716796875,[*]CC([*])C(=O)Nc1ccc(CCCCCCCCOC(=O)c2ccccc2C)c(N)c1,0.4126984126984127,1599.0,[*]CC([*])C(=O)Nc1ccc2c(c1)C(=O)c1ccccc1C2=O,low
2956,[*]/C=C/c1ccc(OCC(=O)C(CCCCCCCCCOc2ccc([N+](=O)[O-])cc2)C(=O)N([*])c2ccccc2)cc1,True,True,False,500.0,0.5,352.0620422363281,[*]/C=C/c1ccc(OCC(=O)C(CCCCCCCCCOc2ccc([N+](=O)[O-])cc2)C(=O)N([*])c2ccccc2)cc1,0.4868421052631579,959.0,[*]C=CCC([*])COCC(=O)OCCCCCCCCOc1ccc(/C=C/c2ccc([N+](=O)[O-])cc2)cc1,low
2957,[*]/C=C/c1ccc(C(C)(C(=O)OC)c2ccc(Oc3ccc([*])cc3)cc2)c2ccccc12,True,True,False,500.0,0.5,442.7423095703125,[*]/C=C/c1ccc(C(C)(C(=O)OC)c2ccc(Oc3ccc([*])cc3)cc2)c2ccccc12,0.4067796610169492,6381.0,[*]c1ccc(Oc2ccc(C(=O)C(=O)c3ccc(Oc4ccc(C([*])(C)c5ccccc5)cc4)cc3)cc2)cc1,low
2958,[*]OCc1cccc(C(=O)OC([*])CCCN(C)C)c1,True,True,False,500.0,0.5,315.74871826171875,[*]OCc1cccc(C(=O)OC([*])CCCN(C)C)c1,0.4423076923076923,1829.0,[*]CC([*])OC(=O)c1cccc(C)c1,low
2959,[*]OCCC(O)COc1ccc(S(=O)(=O)c2ccc(/N=N/c3ccc(C(=O)OC([*])=O)cc3)cc2C)cc1,True,True,False,500.0,0.5,362.4647216796875,[*]OCCC(O)COc1ccc(S(=O)(=O)c2ccc(/N=N/c3ccc(C(=O)OC([*])=O)cc3)cc2C)cc1,0.38666666666666666,5506.0,[*]c1cc(C)c(OCC(O)COc2ccc(S(=O)(=O)c3ccc(OCC(O)COc4c(C)cc(C([*])(C)C)cc4C)cc3)cc2)c(C)c1,low
2961,[*]c1ccc(C(=O)c2ccc(F)cc2OCCCCCOC(C)=O)c([*])c1C,True,True,False,500.0,0.5,330.84771728515625,[*]c1ccc(C(=O)c2ccc(F)cc2OCCCCCOC(C)=O)c([*])c1C,0.35384615384615387,5807.0,[*]c1ccc(/N=N/c2ccc(OCC)cc2)cc1C(=O)OCCCCCCOC(=O)c1cc(/N=N/c2ccc(OCC)cc2)ccc1[*],low
2962,[*]Oc1ccc(CC(C)CCOC(=O)c2ccc(C([*])=O)cc2)cc1,True,True,False,500.0,0.5,352.11199951171875,[*]Oc1ccc(CC(C)CCOC(=O)c2ccc(C([*])=O)cc2)cc1,0.5208333333333334,4842.0,[*]Oc1ccc(C(=O)OCCOCCOC(=O)c2ccc(OC([*])=O)cc2)cc1,medium
2964,[*]CCCCCCCCCS(=C)(=O)C([*])C(C#CC#N)C(=O)OC,True,True,False,500.0,0.5,341.56549072265625,[*]CCCCCCCCCS(=C)(=O)C([*])C(C#CC#N)C(=O)OC,0.2978723404255319,7239.0,[*]CC([*])C(=O)OC,low
2965,[*]COC(=O)CCCCC(=O)OCc1ccc([SH](=O)=O)c(OC(=O)CO[*])c1,True,True,False,500.0,0.5,310.744873046875,[*]COC(=O)CCCCC(=O)OCc1ccc([SH](=O)=O)c(OC(=O)CO[*])c1,0.3148148148148148,2800.0,[*]COC(=O)CCCCC(=O)OCC([*])(C)C,low
2966,[*]CCCCNC(=O)C(CC/C=C/c1ccc(COc2ccc(C([*])=O)cc2)cc1)C(F)(F)F,True,True,False,500.0,0.5,376.0466003417969,[*]CCCCNC(=O)C(CC/C=C/c1ccc(COc2ccc(C([*])=O)cc2)cc1)C(F)(F)F,0.3375,1484.0,[*]CC([*])(C)C(=O)Oc1ccc(C(=O)/C=C/c2ccc(OCc3ccccc3)cc2)cc1,low
2967,[*]COc1ccc(NC(=O)c2ccc3c(c2)C(=O)N(CCCCOc3ccc(C([*])=O)cc3)C3=O)cc1,True,True,False,500.0,0.5,533.9757080078125,[*]COc1ccc(NC(=O)c2ccc3c(c2)C(=O)N(CCCCOc3ccc(C([*])=O)cc3)C3=O)cc1,0.39473684210526316,3905.0,[*]Nc1ccc(Oc2ccc(NC(=O)c3ccc(-n4c(=O)c5cc6c(=O)n(-c7ccc(C([*])=O)cc7)c(=O)c6cc5c4=O)cc3)cc2)cc1,low
2969,[*]CC([*])C(=O)N(C#N)c1ccc(C(=O)OCCCCCCCc2ccc([N+](=O)[O-])cc2)cc1,True,True,False,500.0,0.5,326.7083740234375,[*]CC([*])C(=O)N(C#N)c1ccc(C(=O)OCCCCCCCc2ccc([N+](=O)[O-])cc2)cc1,0.4603174603174603,1682.0,[*]CC([*])C(=O)OCCOC(=O)c1cc([N+](=O)[O-])cc([N+](=O)[O-])c1,low
2970,[*]Oc1ccccc1/C=C/c1ccc(OC(=O)OCCCCCCC(C)COc2ccc(C([*])=O)cc2)cc1,True,True,False,500.0,0.5,353.9567565917969,[*]Oc1ccccc1/C=C/c1ccc(OC(=O)OCCCCCCC(C)COc2ccc(C([*])=O)cc2)cc1,0.4358974358974359,5013.0,[*]Oc1ccc(OC(=O)c2ccc(OCCCCCCCCCCCCOc3ccc(C([*])=O)cc3)cc2)c(/C=C/c2ccncc2)c1,low
2971,[*]CC([*])c1ccc(OC(C)C)cc1Oc1ccc(C(=O)C([2H])(C)C(F)(F)F)cc1,True,True,False,500.0,0.5,387.72991943359375,[*]CC([*])c1ccc(OC(C)C)cc1Oc1ccc(C(=O)C([2H])(C)C(F)(F)F)cc1,0.3620689655172414,1877.0,[*]CC([*])c1cc(Br)ccc1OC(C)C,low
2972,[*]NC([*])(C)C(=O)OC(=O)CCCCCCC(=O)O[Si](OC(C)(C)C)CC(F)(F)F,True,True,False,500.0,0.5,291.257568359375,[*]NC([*])(C)C(=O)OC(=O)CCCCCCC(=O)O[Si](OC(C)(C)C)CC(F)(F)F,0.2807017543859649,2807.0,[*]COC(=O)CCCCCCCCC(=O)OCC([*])(C)CC,low
2973,[*]CC(=O)OCCCCC(O)COc1ccc(/C=C/c2cc([*])c(C(C)CC)cc2)cc1,True,True,False,500.0,0.5,348.71978759765625,[*]CC(=O)OCCCCC(O)COc1ccc(/C=C/c2cc([*])c(C(C)CC)cc2)cc1,0.35135135135135137,91.0,[*]=Cc1ccc(OCC(O)COC(=O)CCCCC(=O)OCC(O)COc2ccc(C(=[*])C)cc2)cc1,low
2974,[*]CC(O)CN(C)c1ccc(/C=N/c2ccc(OCC3CC(C)CCOC([*])NC3)cc2)cc1,True,True,False,500.0,0.5,394.1993408203125,[*]CC(O)CN(C)c1ccc(/C=N/c2ccc(OCC3CC(C)CCOC([*])NC3)cc2)cc1,0.2839506172839506,5802.0,[*]c1ccc(/C=N/c2ccc(Oc3ccc(/N=C/c4ccc(N([*])c5ccccc5)cc4)cc3)cc2)cc1,low
2976,[*]CC([*])COCCCCCP(CC)(COc1ccccc1)c1ccc(OCC=C)cc1,True,True,False,500.0,0.5,278.03826904296875,[*]CC([*])COCCCCCP(CC)(COc1ccccc1)c1ccc(OCC=C)cc1,0.29411764705882354,2042.0,[*]CC([*])c1ccccc1COCCCCCCCC,low
2977,[*]Nc1ccc(Oc2ccc(C(=O)OCCCCCO[Si](C)(C)C)cc2)cc1[*],True,True,False,500.0,0.5,323.1182556152344,[*]Nc1ccc(Oc2ccc(C(=O)OCCCCCO[Si](C)(C)C)cc2)cc1[*],0.4727272727272727,4397.0,[*]OCCCCCCOC(=O)c1ccc(Oc2ccc(C([*])=O)cc2)cc1,low
2978,[*]Oc1cc([*])c(OC(=O)CCCCC[Si](C)(C)c2ccccc2)cc1C,True,True,False,500.0,0.5,312.2915954589844,[*]Oc1cc([*])c(OC(=O)CCCCC[Si](C)(C)c2ccccc2)cc1C,0.45901639344262296,4151.0,[*]OC(=O)CCCCCCCCCCCCCCC(=O)Oc1cc(OC(=O)c2ccc(C)cc2)c([*])cc1OC(=O)c1ccc(C)cc1,low
2979,[*]Nc1ccc(-c2ccccc2C(=O)C(=O)N(Cc2ccc(O[*])cc2)C(=O)O)cc1,True,True,False,500.0,0.5,419.98187255859375,[*]Nc1ccc(-c2ccccc2C(=O)C(=O)N(Cc2ccc(O[*])cc2)C(=O)O)cc1,0.36923076923076925,3642.0,[*]Nc1ccc(-c2ccccc2NC(=O)c2ccc(Oc3ccc(C([*])=O)cc3)cc2)cc1,low
2980,[*]OCC([*])C(=O)NCc1ccc(-c2ccc(C(=O)Cl)cc2)cc1,True,True,False,500.0,0.5,373.4255065917969,[*]OCC([*])C(=O)NCc1ccc(-c2ccc(C(=O)Cl)cc2)cc1,0.34545454545454546,1090.0,[*]CC(C)(C)CC(=O)NCc1ccc(CNC(=O)C([*])C)cc1,low
2982,[*]Cc1ccc(C(=O)OCCCCCCCC)c(COC(=O)c2ccc(S(=O)(=O)O[*])cc2)c1,True,True,False,500.0,0.5,334.80731201171875,[*]Cc1ccc(C(=O)OCCCCCCCC)c(COC(=O)c2ccc(S(=O)(=O)O[*])cc2)c1,0.43548387096774194,1931.0,[*]CC([*])c1ccc(C(=O)OCCCCCC)cc1,low
2984,[*]CCOCCOc1ccc(/C(C)=C(\C)c2ccc(N([*])CCCCC)cc2)cc1,True,True,False,500.0,0.5,363.830322265625,[*]CCOCCOc1ccc(/C(C)=C(\C)c2ccc(N([*])CCCCC)cc2)cc1,0.5,410.0,[*]C(=O)c1ccc(N([*])CCCCC)cc1,medium
2985,[*]Oc1cc(C(C)(C)c2ccc(OCCCCCC)cc2)c([*])cc1[N+](=O)[O-],True,True,False,500.0,0.5,340.3983764648437,[*]Oc1cc(C(C)(C)c2ccc(OCCCCCC)cc2)c([*])cc1[N+](=O)[O-],0.38333333333333336,6212.0,[*]c1ccc(OCCCCCCCCCCCCOc2ccc(C(C)(C)c3ccc(OCOc4ccc(C([*])(C)C)cc4)cc3)cc2)cc1,low
2986,[*]CC([*])Oc1cccc(C(=O)CCCCCCCC(=O)Nc2ccc([Si](C)(C)C)cc2)c1,True,True,False,500.0,0.5,330.18292236328125,[*]CC([*])Oc1cccc(C(=O)CCCCCCCC(=O)Nc2ccc([Si](C)(C)C)cc2)c1,0.4406779661016949,1833.0,[*]CC([*])OC(=O)c1cccc([Si](C)(C)C)c1,low
2987,[*]OC(=O)c1ccc(C(=O)C(=[*])C(=O)Oc2ccc(OCC(F)(F)F)cc2S(=O)(=O)c2ccc(F)cc2)cc1,True,True,False,500.0,0.5,429.9903259277344,[*]OC(=O)c1ccc(C(=O)C(=[*])C(=O)Oc2ccc(OCC(F)(F)F)cc2S(=O)(=O)c2ccc(F)cc2)cc1,0.40789473684210525,5014.0,[*]Oc1ccc(OC(=O)c2ccc(OCCCCCCCCCCCCOc3ccc(C([*])=O)cc3)cc2)c(S(=O)(=O)c2ccccc2)c1,low
2988,[*]CCCCCCCOC(=O)Oc1ccc(C(C)(C)c2ccc(O[*])cc2Sc2ccccc2)cc1,True,True,False,500.0,0.5,315.66259765625,[*]CCCCCCCOC(=O)Oc1ccc(C(C)(C)c2ccc(O[*])cc2Sc2ccccc2)cc1,0.4444444444444444,6049.0,[*]c1ccc(OC(=O)OCCCCCOC(=O)Oc2ccc(C([*])(C)C)cc2)cc1,low
2990,[*]CC([*])(C)C(=O)Oc1ccc2c(c1)c1cc(C(=O)OCCC(C)C#C)c(Cl)cc1-2,True,True,False,500.0,0.5,411.3062744140625,[*]CC([*])(C)C(=O)Oc1ccc2c(c1)c1cc(C(=O)OCCC(C)C#C)c(Cl)cc1-2,0.3939393939393939,1500.0,[*]CC([*])(C)C(=O)Oc1ccc2c(c1)CCC2,low
2991,[*]CC([*])(C)C(=O)OCc1ccc(CN(C)c2ccc(S(=O)(=O)Oc3ccccc3)cc2)cc1,True,True,False,500.0,0.5,396.8626098632813,[*]CC([*])(C)C(=O)OCc1ccc(CN(C)c2ccc(S(=O)(=O)Oc3ccccc3)cc2)cc1,0.5471698113207547,7232.0,[*]CC([*])(C)C(=O)OCc1ccccc1,medium
2993,[*]CC([*])(C)C(=O)Oc1ccc(C2(C)CCCOC2)cc1O,True,True,False,500.0,0.5,407.6958312988281,[*]CC([*])(C)C(=O)Oc1ccc(C2(C)CCCOC2)cc1O,0.44642857142857145,1496.0,[*]CC([*])(C)C(=O)Oc1ccc(C)cc1C,low
2995,[*]CC(N[*])c1ccc(OC(=O)COCC[N+](F)(F)C(F)(F)F)cc1,True,True,False,500.0,0.5,300.8961486816406,[*]CC(N[*])c1ccc(OC(=O)COCC[N+](F)(F)C(F)(F)F)cc1,0.3939393939393939,3147.0,[*]Cc1ccc(OC(=O)COCCOCC(=O)Oc2ccc(CC(=O)NC([*])C(=O)OCC)cc2)cc1,low
2996,[*]CC(=O)Nc1ccc(CCCNC(=O)C([*])OC)cc1,True,True,False,500.0,0.5,433.822509765625,[*]CC(=O)Nc1ccc(CCCNC(=O)C([*])OC)cc1,0.43636363636363634,1055.0,[*]CC(=O)NCCCCCCNC(=O)CCc1ccc(C([*])C)cc1,low
2997,[*]c1ccc(O[SiH](C)CCCCCC([*])(CSBr)C(=O)Cl)cc1,True,True,False,500.0,0.5,309.6627502441406,[*]c1ccc(O[SiH](C)CCCCCC([*])(CSBr)C(=O)Cl)cc1,0.36065573770491804,6086.0,[*]c1ccc(OC(=O)SCCCCCCSC(=O)Oc2ccc(C([*])(C)C)cc2)cc1,low
2998,[*]OC(=O)c1ccc(/C(C)=N/c2ccc(N([*])CCNC(=O)c3ccc([N+](=O)[O-])cc3-c3ccc(F)cc3)cc2)cc1,True,True,False,500.0,0.5,408.44140625,[*]OC(=O)c1ccc(/C(C)=N/c2ccc(N([*])CCNC(=O)c3ccc([N+](=O)[O-])cc3-c3ccc(F)cc3)cc2)cc1,0.37373737373737376,2679.0,[*]CCOC(=O)c1ccc(C(=O)OCCN([*])c2ccc(/N=N/c3ccc(-c4nc5ccc([N+](=O)[O-])cc5n4CC)cc3)cc2)cc1,low
2999,[*]CC([*])OCC[Si](C)(C)Oc1ccc(C=O)cc1-c1ccc(OC(=O)CCCCCCS(=O)(=O)OC)cc1,True,True,False,500.0,0.5,359.4174194335937,[*]CC([*])OCC[Si](C)(C)Oc1ccc(C=O)cc1-c1ccc(OC(=O)CCCCCCS(=O)(=O)OC)cc1,0.32941176470588235,1640.0,[*]CC([*])C(=O)OCCCCCC(=O)Oc1ccc(-c2ccc(C#N)cc2)cc1,low
1,[*]CCCCCOC(=O)c1ccc(Nc2ccc(C(=O)/C=C/C3CCCCCN4C(=O)c5cccc(C([*])=O)c5C4)cc3)cc2)cc1,False,True,False,350.0,0.5,,[*]CCCCCOC(=O)c1ccc(Nc2ccc(C(=O)/C=C/C3CCCCCN4C(=O)c5cccc(C([*])=O)c5C4)cc3)cc2)cc1,,,,invalid
6,[*]CC([*])(C)C(=O)Oc1ccc(C2(c3ccccc3)OCCCCCC)cc2ccccc12,False,True,False,350.0,0.5,,[*]CC([*])(C)C(=O)Oc1ccc(C2(c3ccccc3)OCCCCCC)cc2ccccc12,,,,invalid
9,[*]CC(c1ccc(C(=O)NC(=O)CCCCOC(=O)c2ccc(C(=O)N([*])C)cc2)c2cccc(C#N)c2)cc1,False,True,False,350.0,0.5,,[*]CC(c1ccc(C(=O)NC(=O)CCCCOC(=O)c2ccc(C(=O)N([*])C)cc2)c2cccc(C#N)c2)cc1,,,,invalid
12,[*]c1ccc2c(c1)C(=[*])N(CCCCCC)CCOc1ccc(C=C)cc1,False,True,False,350.0,0.5,,[*]c1ccc2c(c1)C(=[*])N(CCCCCC)CCOc1ccc(C=C)cc1,,,,invalid
14,[*]CCN([*])C(=O)c1cc(OC)cc(N2C(=O)c3ccc(-c4ccc(N(C)CC)cc4C)cc3)cc2)c1,False,True,False,350.0,0.5,,[*]CCN([*])C(=O)c1cc(OC)cc(N2C(=O)c3ccc(-c4ccc(N(C)CC)cc4C)cc3)cc2)c1,,,,invalid
23,[*]c1ccc(OCCOc2ccc(C(=O)c3ccc4c(c3)c4ccc([*])cc4n3)cc2)cc1,False,True,False,350.0,0.5,,[*]c1ccc(OCCOc2ccc(C(=O)c3ccc4c(c3)c4ccc([*])cc4n3)cc2)cc1,,,,invalid
41,[*]CCC([*])(CCCCCC)C(=O)OCCN1C(=O)OC)c1Cl,False,True,False,350.0,0.5,,[*]CCC([*])(CCCCCC)C(=O)OCCN1C(=O)OC)c1Cl,,,,invalid
46,[*]CC(F)(F)C(OC(=O)OCCCCCCOC(=O)Nc1ccc(C(=O)OC)cc1)C1C(=O)OC2(CCCNC(=O)O[*])C3CCC221,False,True,False,350.0,0.5,,[*]CC(F)(F)C(OC(=O)OCCCCCCOC(=O)Nc1ccc(C(=O)OC)cc1)C1C(=O)OC2(CCCNC(=O)O[*])C3CCC221,,,,invalid
47,[*]Nc1cccc(OCCOC(=O)c2ccc([*])cc2)c(-c2ccc(/N=N/c3ccc(-c4ccc(OCCCCCCC)cc4)cc3)cc2)c1,False,True,False,350.0,0.5,,[*]Nc1cccc(OCCOC(=O)c2ccc([*])cc2)c(-c2ccc(/N=N/c3ccc(-c4ccc(OCCCCCCC)cc4)cc3)cc2)c1,,,,invalid
53,[*]C[N+]([*])(C)Cc1cc(OC(=O)c2ccc3ccc(CCCCC(=O)Oc4ccc(Cl)cc4)cc3)cc2C1=O,False,True,False,350.0,0.5,,[*]C[N+]([*])(C)Cc1cc(OC(=O)c2ccc3ccc(CCCCC(=O)Oc4ccc(Cl)cc4)cc3)cc2C1=O,,,,invalid
64,[*]CCCCCOC(=O)c1cc(/C=N/CCCCCN2C(=O)OCCC2CC2)C(=O)O[*])cc1,False,True,False,350.0,0.5,,[*]CCCCCOC(=O)c1cc(/C=N/CCCCCN2C(=O)OCCC2CC2)C(=O)O[*])cc1,,,,invalid
65,[*]C=Cc1ccc(C#Cc2ccc(OC)cc2)c(N2C(=O)c3cc([*])ccc3OCCCC)c1,False,True,False,350.0,0.5,,[*]C=Cc1ccc(C#Cc2ccc(OC)cc2)c(N2C(=O)c3cc([*])ccc3OCCCC)c1,,,,invalid
66,[*]CC([*])(C)C(=O)Nc1ccc(-n2oc2-c2ccc(CCCCCCC)cc2C)c(N2C(=O)O[Si](C)(C)C)c1,False,True,False,350.0,0.5,,[*]CC([*])(C)C(=O)Nc1ccc(-n2oc2-c2ccc(CCCCCCC)cc2C)c(N2C(=O)O[Si](C)(C)C)c1,,,,invalid
75,[*]CCOCC(CCCCCCCOC(=O)c1ccc(CCNCC([*])=O)c(-c2ccc(OCCCCCC)cc2)c1)C2,False,True,False,350.0,0.5,,[*]CCOCC(CCCCCCCOC(=O)c1ccc(CCNCC([*])=O)c(-c2ccc(OCCCCCC)cc2)c1)C2,,,,invalid
83,[*]NC(=O)CCCCC(c1ccc(/N=N/c2ccc([N+](=O)[O-])cc2)(C([*])([2H])C)c2ccccc2)cc1)c1ccc(C(C)(C)C)cc1,False,True,False,350.0,0.5,,[*]NC(=O)CCCCC(c1ccc(/N=N/c2ccc([N+](=O)[O-])cc2)(C([*])([2H])C)c2ccccc2)cc1)c1ccc(C(C)(C)C)cc1,,,,invalid
86,[*]CC([*])(C)C(=O)OC=CCCCCCC(=O)N(C)c1ccc(C2CCC2C2C1)cc1,False,True,False,350.0,0.5,,[*]CC([*])(C)C(=O)OC=CCCCCCC(=O)N(C)c1ccc(C2CCC2C2C1)cc1,,,,invalid
96,[*]Cc1ccc(OCCCN2C(=O)CCc3ccc(CSCCCC(=O)N[*])cc3)c(C2)cc1,False,True,False,350.0,0.5,,[*]Cc1ccc(OCCCN2C(=O)CCc3ccc(CSCCCC(=O)N[*])cc3)c(C2)cc1,,,,invalid
106,[*]CC(Oc1ccc(CCCCc2ccc(NC(=O)c3ccc(OC)cc3)cc2)c(O[*])c1O,False,True,False,350.0,0.5,,[*]CC(Oc1ccc(CCCCc2ccc(NC(=O)c3ccc(OC)cc3)cc2)c(O[*])c1O,,,,invalid
111,[*]C=Cc1cc(OC)c([*])c2ccc(CCCC(=O)NC(C)CCOc3ccc([N+](=O)[O-])cc3)cc2c1C,False,True,False,350.0,0.5,,[*]C=Cc1cc(OC)c([*])c2ccc(CCCC(=O)NC(C)CCOc3ccc([N+](=O)[O-])cc3)cc2c1C,,,,invalid
113,[*]/C=C(/[*])C(=O)Oc1ccc(N2C(=O)c3cc(OCCCCCCCCCC)ccc3C(=O)OC)c(C=O)c2)cc1Br,False,True,False,350.0,0.5,,[*]/C=C(/[*])C(=O)Oc1ccc(N2C(=O)c3cc(OCCCCCCCCCC)ccc3C(=O)OC)c(C=O)c2)cc1Br,,,,invalid
114,[*]Oc1cc(OC2=O)c(C(c3ccc(OC([*])=O)cc3)c3ccc(S(=O)(=O)Oc4ccc(C#N)cc4)cc3)cc2)cc1,False,True,False,350.0,0.5,,[*]Oc1cc(OC2=O)c(C(c3ccc(OC([*])=O)cc3)c3ccc(S(=O)(=O)Oc4ccc(C#N)cc4)cc3)cc2)cc1,,,,invalid
115,[*]Cc1ccc(CCOC(=O)c2ccccc2[N+](=O)(O)c2ccc(C(=O)OC([*])=O)cc2)cc1,False,True,False,350.0,0.5,,[*]Cc1ccc(CCOC(=O)c2ccccc2[N+](=O)(O)c2ccc(C(=O)OC([*])=O)cc2)cc1,,,,invalid
118,[*]Oc1ccc2ccccc1C(=O)N(c1ccc(C(C([*])=O)C(C)C)cc1)c1ccccc1Cl,False,True,False,350.0,0.5,,[*]Oc1ccc2ccccc1C(=O)N(c1ccc(C(C([*])=O)C(C)C)cc1)c1ccccc1Cl,,,,invalid
120,[*]Cc1cc(CN(C#N)CC([*])(C)C)o1,False,True,False,350.0,0.5,,[*]Cc1cc(CN(C#N)CC([*])(C)C)o1,,,,invalid
126,[*]Oc1cccc(NC(=O)c2cc(C(C)C#Cc3cccc([*])c3)cc2)c1,False,True,False,350.0,0.5,,[*]Oc1cccc(NC(=O)c2cc(C(C)C#Cc3cccc([*])c3)cc2)c1,,,,invalid
128,[*]CC[N+](C)(=O)Oc1ccc(C(=O)CCCC(=O)N([*])c2ccc(C(F)(F)F)cc2)cc1,False,True,False,350.0,0.5,,[*]CC[N+](C)(=O)Oc1ccc(C(=O)CCCC(=O)N([*])c2ccc(C(F)(F)F)cc2)cc1,,,,invalid
131,[*]OC(=O)c1ccc(C=CCCO1CC1([*])C,False,True,False,350.0,0.5,,[*]OC(=O)c1ccc(C=CCCO1CC1([*])C,,,,invalid
135,[*]Nc1cc(O)cc(S(=O)(=O)c2ccc([*])cc2C)c1N2CC[N+](C)(C)CCC(C)(C)C)cc1,False,True,False,350.0,0.5,,[*]Nc1cc(O)cc(S(=O)(=O)c2ccc([*])cc2C)c1N2CC[N+](C)(C)CCC(C)(C)C)cc1,,,,invalid
136,[*]c1ccc2c(c1)S(=O)(=O)Oc1ccc(C3([*])CCC(C)(C)C3=O)cc1,False,True,False,350.0,0.5,,[*]c1ccc2c(c1)S(=O)(=O)Oc1ccc(C3([*])CCC(C)(C)C3=O)cc1,,,,invalid
138,[*]CCOCCOC(=O)c1ccccc1Sc1ccc(N2C(=O)CCCCC(=O)Nc3ccc(C[N+](=O)O[*])cc3)cc2)cc1,False,True,False,350.0,0.5,,[*]CCOCCOC(=O)c1ccccc1Sc1ccc(N2C(=O)CCCCC(=O)Nc3ccc(C[N+](=O)O[*])cc3)cc2)cc1,,,,invalid
141,[*]C=CCCCCN1CC(=O)c2cc(OCCCCCCCS([*])(=O)=O)ccc2COC)CC1C,False,True,False,350.0,0.5,,[*]C=CCCCCN1CC(=O)c2cc(OCCCCCCCS([*])(=O)=O)ccc2COC)CC1C,,,,invalid
146,[*]C(=O)Nc1ccc(C(O)C(=O)OCCCCCN2C(=O)c3ccc([*])cc3)cc2)cc1,False,True,False,350.0,0.5,,[*]C(=O)Nc1ccc(C(O)C(=O)OCCCCCN2C(=O)c3ccc([*])cc3)cc2)cc1,,,,invalid
147,[*]NC(=O)c1ccc2c(c1)C(=O)N(c1ccc(/N=N/[Si]([*])=O)cc1)C2CCCCC2=O,False,True,False,350.0,0.5,,[*]NC(=O)c1ccc2c(c1)C(=O)N(c1ccc(/N=N/[Si]([*])=O)cc1)C2CCCCC2=O,,,,invalid
148,[*]NCC(CCCC)C(=O)Nc1ccc(NC(=O)NC(C)C([*])=O)cc1)C(=O)NCCC,False,True,False,350.0,0.5,,[*]NCC(CCCC)C(=O)Nc1ccc(NC(=O)NC(C)C([*])=O)cc1)C(=O)NCCC,,,,invalid
154,[*]CC([*])CCCCC(=O)Oc1ccc(C(C=C)(C)Cc2ccccc2)cc1)OC,False,True,False,350.0,0.5,,[*]CC([*])CCCCC(=O)Oc1ccc(C(C=C)(C)Cc2ccccc2)cc1)OC,,,,invalid
155,[*]c1ccc(OCCCN2CCN2c2ccc(C(C)(C)c3ccc([Si](C)(C)c4ccc(C([*])=O)cc4C3=O)cc2)C3=O)cc1,False,True,False,350.0,0.5,,[*]c1ccc(OCCCN2CCN2c2ccc(C(C)(C)c3ccc([Si](C)(C)c4ccc(C([*])=O)cc4C3=O)cc2)C3=O)cc1,,,,invalid
162,[*]Oc1ccc2c(c1)OC(=O)c1cc(OCCCCCC)cc([*])n1[N+](=O)[O-],False,True,False,350.0,0.5,,[*]Oc1ccc2c(c1)OC(=O)c1cc(OCCCCCC)cc([*])n1[N+](=O)[O-],,,,invalid
165,[*]Nc1ccccc1C(=O)N(CCCCCOC(=O)c1cccc(/N=C/c2ccc(Nc3ccc(NC([*])=O)cc3)cc2)c2ccc(C(C)(C)C)cc2)c1,False,True,False,350.0,0.5,,[*]Nc1ccccc1C(=O)N(CCCCCOC(=O)c1cccc(/N=C/c2ccc(Nc3ccc(NC([*])=O)cc3)cc2)c2ccc(C(C)(C)C)cc2)c1,,,,invalid
166,[*]NC1CCC(=O)Oc2ccc(OC(=O)c3ccc(C=[*])cc3)cc2)cc1,False,True,False,350.0,0.5,,[*]NC1CCC(=O)Oc2ccc(OC(=O)c3ccc(C=[*])cc3)cc2)cc1,,,,invalid
171,[*]CCCCC(O)COC(=O)CCCCN1C(=O)c2ccc(C([*])=O)cc2)cc1,False,True,False,350.0,0.5,,[*]CCCCC(O)COC(=O)CCCCN1C(=O)c2ccc(C([*])=O)cc2)cc1,,,,invalid
175,[*]Oc1ccc(C2(c3ccc(OCCCCCC)cc3)C(=O)S[*])cc1,False,True,False,350.0,0.5,,[*]Oc1ccc(C2(c3ccc(OCCCCCC)cc3)C(=O)S[*])cc1,,,,invalid
176,[*]CC=CC(CCCCC)c1ccc(NC(=O)/C=C(/[*])C(=O)O)cc1)c1ccc(-c2ccccc2)cc1,False,True,False,350.0,0.5,,[*]CC=CC(CCCCC)c1ccc(NC(=O)/C=C(/[*])C(=O)O)cc1)c1ccc(-c2ccccc2)cc1,,,,invalid
180,[*]Oc1ccc(OC(=O)CCCC[SH](=O)(=O)N([*])CC)cc1,False,True,False,350.0,0.5,,[*]Oc1ccc(OC(=O)CCCC[SH](=O)(=O)N([*])CC)cc1,,,,invalid
182,[*]CC(=O)NNC(=O)c1ccc(C(=O)N[Se]C(=O)COC([*])(C)C)cc1)c1ccccc1,False,True,False,350.0,0.5,,[*]CC(=O)NNC(=O)c1ccc(C(=O)N[Se]C(=O)COC([*])(C)C)cc1)c1ccccc1,,,,invalid
188,[*]CCOCCOC(=O)N1CCCCCCC(=O)Oc2c([*])cc(NCCN(CC)c3ccc(OC)cc3)c2)c1,False,True,False,350.0,0.5,,[*]CCOCCOC(=O)N1CCCCCCC(=O)Oc2c([*])cc(NCCN(CC)c3ccc(OC)cc3)c2)c1,,,,invalid
192,[*]OCCCCN1C(=O)c2ccc([*])cc2Oc2ccc(/C=C/P(C)(C)C)cc2)cc1,False,True,False,350.0,0.5,,[*]OCCCCN1C(=O)c2ccc([*])cc2Oc2ccc(/C=C/P(C)(C)C)cc2)cc1,,,,invalid
197,[*]Cc1ccc(OCCCCOc2ccc(C(=O)c3cc(-c4ccc(O[*])cc4)cc3)cc(C(=O)OC)c2)cc1-c1ccccc1,False,True,False,350.0,0.5,,[*]Cc1ccc(OCCCCOc2ccc(C(=O)c3cc(-c4ccc(O[*])cc4)cc3)cc(C(=O)OC)c2)cc1-c1ccccc1,,,,invalid
199,[*]CC([*])(C)C(=O)NC(=O)c1cccc(C(=O)Oc2ccc(OCCC3)cc2)c1,False,True,False,350.0,0.5,,[*]CC([*])(C)C(=O)NC(=O)c1cccc(C(=O)Oc2ccc(OCCC3)cc2)c1,,,,invalid
204,[*]Oc1ccc2c(=O)n([*])cc2c1CCCCOc1ccc(-c2ccc([N+](=O)[O-])cc2)cc1,False,True,False,350.0,0.5,,[*]Oc1ccc2c(=O)n([*])cc2c1CCCCOc1ccc(-c2ccc([N+](=O)[O-])cc2)cc1,,,,invalid
205,[*]C1C(=O)Nc2cc(OC(=O)CCCCCCCOC(=O)Nc3ccc([*])cc3)ccc2C(=O)O[Na])cc1,False,True,False,350.0,0.5,,[*]C1C(=O)Nc2cc(OC(=O)CCCCCCCOC(=O)Nc3ccc([*])cc3)ccc2C(=O)O[Na])cc1,,,,invalid
206,[*]Nc1ccc(OC(=O)CCCCCCC(=O)Nc2ccc(-c3ccc(C4([*])=Cc5ccccc5CCCCCCC4=O)cc3)cc2)cc1,False,True,False,350.0,0.5,,[*]Nc1ccc(OC(=O)CCCCCCC(=O)Nc2ccc(-c3ccc(C4([*])=Cc5ccccc5CCCCCCC4=O)cc3)cc2)cc1,,,,invalid
207,[*]NC([*])(C)C(=O)c1ccc(-c2cccc(C(=O)OC3(C)CC3CC(C)C3)cc2)cc1,False,True,False,350.0,0.5,,[*]NC([*])(C)C(=O)c1ccc(-c2cccc(C(=O)OC3(C)CC3CC(C)C3)cc2)cc1,,,,invalid
221,[*]Cc1ccc(OC(=O)c2cc3c(C([*])(C)C)C3=O)cc(S(=O)(=O)O)c2)cc1,False,True,False,350.0,0.5,,[*]Cc1ccc(OC(=O)c2cc3c(C([*])(C)C)C3=O)cc(S(=O)(=O)O)c2)cc1,,,,invalid
224,[*]CC([*])(C)COc1ccc(C(=O)OCCCCC(CO)=O)c2ccc(/N=N/c3ccc(C(=O)O)cc3)cc2)cc1,False,True,False,350.0,0.5,,[*]CC([*])(C)COc1ccc(C(=O)OCCCCC(CO)=O)c2ccc(/N=N/c3ccc(C(=O)O)cc3)cc2)cc1,,,,invalid
227,[*]CCC(=O)O[*])c1ccc(S(=O)(=O)C(C)CC#N)cc1,False,True,False,350.0,0.5,,[*]CCC(=O)O[*])c1ccc(S(=O)(=O)C(C)CC#N)cc1,,,,invalid
233,[*]C(=O)c1cc(O[*])c(OCCCCOc2ccc3[nH]c3ccccc23)cc1,False,True,False,350.0,0.5,,[*]C(=O)c1cc(O[*])c(OCCCCOc2ccc3[nH]c3ccccc23)cc1,,,,invalid
234,[*]c1ccc(NC(=O)c2ccccc2C(=O)OC2C([*])C(F)(F)C(F)(F)C(F)(F)F)cc1,False,True,False,350.0,0.5,,[*]c1ccc(NC(=O)c2ccccc2C(=O)OC2C([*])C(F)(F)C(F)(F)C(F)(F)F)cc1,,,,invalid
239,[*]CCCCCCCCCCNC(=O)c1ccc2cccc(NC(=O)CCCCCCCS(=O)(=O)C4CC(C)=C(c4ccccc4)C(=[*])N3)cc2)c1,False,True,False,350.0,0.5,,[*]CCCCCCCCCCNC(=O)c1ccc2cccc(NC(=O)CCCCCCCS(=O)(=O)C4CC(C)=C(c4ccccc4)C(=[*])N3)cc2)c1,,,,invalid
240,[*]CCN(CCOC(=O)c1ccc(Nc2ccc(NC(=O)O[*])cc2)c(OCCCCCCCCC)c1,False,True,False,350.0,0.5,,[*]CCN(CCOC(=O)c1ccc(Nc2ccc(NC(=O)O[*])cc2)c(OCCCCCCCCC)c1,,,,invalid
243,[*]CC([*])(C)C(=O)OCCCCCCN1C(=O)c2ccc(OC(=O)COc3ccc(C(C)=O)cc3-c3ccccc3)c(OC)c2)cc1,False,True,False,350.0,0.5,,[*]CC([*])(C)C(=O)OCCCCCCN1C(=O)c2ccc(OC(=O)COc3ccc(C(C)=O)cc3-c3ccccc3)c(OC)c2)cc1,,,,invalid
250,[*]Oc1ccc(OCCCCCOc2ccc(OC(=O)c3ccc4cc(c3=O)NCC(=O)SC(=O)N(c3ccc(O[*])c(C(C)C)c4)C4=O)cc2)cc1,False,True,False,350.0,0.5,,[*]Oc1ccc(OCCCCCOc2ccc(OC(=O)c3ccc4cc(c3=O)NCC(=O)SC(=O)N(c3ccc(O[*])c(C(C)C)c4)C4=O)cc2)cc1,,,,invalid
253,[*]Cc1ccc(CN2C(=O)CCCC(=O)NC(OCc3ccc(C([*])=O)cc3)C2=O)OCCOCCOC2=O)cc1,False,True,False,350.0,0.5,,[*]Cc1ccc(CN2C(=O)CCCC(=O)NC(OCc3ccc(C([*])=O)cc3)C2=O)OCCOCCOC2=O)cc1,,,,invalid
254,[*]CCCCCCCCN1C(=O)C(=O)N(CCCCCCCNC(=O)c2ccccc2)C(=O)N[*])cc1,False,True,False,350.0,0.5,,[*]CCCCCCCCN1C(=O)C(=O)N(CCCCCCCNC(=O)c2ccccc2)C(=O)N[*])cc1,,,,invalid
255,[*]Oc1ccc2c(c1)C(=O)N(c1ccc(OC(=O)OCCCCCCOC([*])=O)c(C(C)C)c1)-c1ccc([2H])cc1,False,True,False,350.0,0.5,,[*]Oc1ccc2c(c1)C(=O)N(c1ccc(OC(=O)OCCCCCCOC([*])=O)c(C(C)C)c1)-c1ccc([2H])cc1,,,,invalid
265,[*]NC(C#C[Si](C)(C)C)C(=O)CCCCC1CC(=O)NC([*])=O)CC1,False,True,False,350.0,0.5,,[*]NC(C#C[Si](C)(C)C)C(=O)CCCCC1CC(=O)NC([*])=O)CC1,,,,invalid
276,[*]CC(=O)c1cc(OCCCCCC)c(N=C([*])OCC(F)(F)F)c1O,False,True,False,350.0,0.5,,[*]CC(=O)c1cc(OCCCCCC)c(N=C([*])OCC(F)(F)F)c1O,,,,invalid
285,[*]NC(=O)CCCCCNC(=O)c1cc(/C(C)=N/c2ccc3c(c2)C(=O)NCCc2ccc([*])cc2)ccc1COC(C)=O,False,True,False,350.0,0.5,,[*]NC(=O)CCCCCNC(=O)c1cc(/C(C)=N/c2ccc3c(c2)C(=O)NCCc2ccc([*])cc2)ccc1COC(C)=O,,,,invalid
286,[*]N1C(=O)N(c2ccc(CC(c3ccc(OCCS(=O)(=O)O)c(C([*])(C(F)(F)F)F)c3)cc2)(OCCCC)C2(F)F)cc1-c1ccccc1,False,True,False,350.0,0.5,,[*]N1C(=O)N(c2ccc(CC(c3ccc(OCCS(=O)(=O)O)c(C([*])(C(F)(F)F)F)c3)cc2)(OCCCC)C2(F)F)cc1-c1ccccc1,,,,invalid
289,[*]CNC(=O)c1cc(C(=O)NC(C)(CCCC)CCNC([*])=O)cc1,False,True,False,350.0,0.5,,[*]CNC(=O)c1cc(C(=O)NC(C)(CCCC)CCNC([*])=O)cc1,,,,invalid
303,[*][Si]([*])(C)c1ccc(N(C)C(=N)C)cc1)N(C)C,False,True,False,350.0,0.5,,[*][Si]([*])(C)c1ccc(N(C)C(=N)C)cc1)N(C)C,,,,invalid
310,[*]C(=O)c1ccc2c(c1)C(=O)N([*])c1ccc(CCC[Si](C)(C)C)cc1,False,True,False,350.0,0.5,,[*]C(=O)c1ccc2c(c1)C(=O)N([*])c1ccc(CCC[Si](C)(C)C)cc1,,,,invalid
320,[*]C=CC(C)OCCCCCCN1C=CC(=Cc2cccc(OCCCCCC)c2)C(=O)O[*],False,True,False,350.0,0.5,,[*]C=CC(C)OCCCCCCN1C=CC(=Cc2cccc(OCCCCCC)c2)C(=O)O[*],,,,invalid
321,[*]NC([*])C(=O)OCc1ccc2c(c1)C(Cl)(C(C)(C)C)C(F)(F)F)cc1,False,True,False,350.0,0.5,,[*]NC([*])C(=O)OCc1ccc2c(c1)C(Cl)(C(C)(C)C)C(F)(F)F)cc1,,,,invalid
323,[*]Nc1ccc(OC(=O)c2ccc3c(c2)C(=O)N(c2ccc(OCCCCCCOP([*])(OC)C(F)(F)F)cc3)C3=O)cc1,False,True,False,350.0,0.5,,[*]Nc1ccc(OC(=O)c2ccc3c(c2)C(=O)N(c2ccc(OCCCCCCOP([*])(OC)C(F)(F)F)cc3)C3=O)cc1,,,,invalid
328,[*]COCCCCCOC(=O)C(=O)Nc1ccc(CCCCCCCCCC(=O)OCC(F)(F)C(F)(F)F)cc1)C(=O)O[*],False,True,False,350.0,0.5,,[*]COCCCCCOC(=O)C(=O)Nc1ccc(CCCCCCCCCC(=O)OCC(F)(F)C(F)(F)F)cc1)C(=O)O[*],,,,invalid
332,[*]CCCN1C(=O)c2ccc(C([*])(F)C(=O)O)c(F)c2)cc1,False,True,False,350.0,0.5,,[*]CCCN1C(=O)c2ccc(C([*])(F)C(=O)O)c(F)c2)cc1,,,,invalid
338,[*]Nc1ccc(OCCCCCCCCCCOc2ccc([*])cc2)cc1OC(=O)c1ccc(/C=N/CCN2C(=O)O)cc1,False,True,False,350.0,0.5,,[*]Nc1ccc(OCCCCCCCCCCOc2ccc([*])cc2)cc1OC(=O)c1ccc(/C=N/CCN2C(=O)O)cc1,,,,invalid
355,[*]CCCCCOC(=O)CSC(=O)Nc1ccc(C(=O)OCCCCN2C(=O)O[*])cc2)c(C1,False,True,False,350.0,0.5,,[*]CCCCCOC(=O)CSC(=O)Nc1ccc(C(=O)OCCCCN2C(=O)O[*])cc2)c(C1,,,,invalid
356,[*]CC(=O)OCCCCCCOc1ccc(CC2CC(CCOCCOC)CC2CCN([*])CC2)cc1,False,True,False,350.0,0.5,,[*]CC(=O)OCCCCCCOc1ccc(CC2CC(CCOCCOC)CC2CCN([*])CC2)cc1,,,,invalid
361,[*]N=C1CCCC[Si](C)(C)c2ccc(N(C([*])=O)C[Si](C)(C)C)cc2)cc1,False,True,False,350.0,0.5,,[*]N=C1CCCC[Si](C)(C)c2ccc(N(C([*])=O)C[Si](C)(C)C)cc2)cc1,,,,invalid
363,[*]Nc1cc(OCC)cc(OC(=O)c2ccc3c(c2)C(=O)N(c2ccc(S([*])(=O)=O)cc2)[Si]1CC(C)(C)C2=O,False,True,False,350.0,0.5,,[*]Nc1cc(OCC)cc(OC(=O)c2ccc3c(c2)C(=O)N(c2ccc(S([*])(=O)=O)cc2)[Si]1CC(C)(C)C2=O,,,,invalid
365,[*]C=Cc1ccc(ON2C(=O)c3ccccc3C([*])=O)cc2)c(C1,False,True,False,350.0,0.5,,[*]C=Cc1ccc(ON2C(=O)c3ccccc3C([*])=O)cc2)c(C1,,,,invalid
375,[*]OCC1CCC(NC(=O)c2ccc3c(c2)C(=O)N(c2ccc(Sc4ccc(C([*])=O)cc4)cc2C)CCC2)C2=O,False,True,False,350.0,0.5,,[*]OCC1CCC(NC(=O)c2ccc3c(c2)C(=O)N(c2ccc(Sc4ccc(C([*])=O)cc4)cc2C)CCC2)C2=O,,,,invalid
376,[*]CC(O)CCC(=O)Oc1ccc(C2([*])C2NC2)cc1,False,True,False,350.0,0.5,,[*]CC(O)CCC(=O)Oc1ccc(C2([*])C2NC2)cc1,,,,invalid
379,[*]CCC(=C)NC1CCCCCCS(=O)(=O)CO[*],False,True,False,350.0,0.5,,[*]CCC(=C)NC1CCCCCCS(=O)(=O)CO[*],,,,invalid
381,[*]C=CC([*])CCCCOc1ccc2c(C(=O)N(C)C(=O)O[Na])ccc2ccc(C#N)cc1,False,True,False,350.0,0.5,,[*]C=CC([*])CCCCOc1ccc2c(C(=O)N(C)C(=O)O[Na])ccc2ccc(C#N)cc1,,,,invalid
382,[*]CC(=O)Nc1ccc2ccc(/C(=N/c3ccc(C(C)(C)C(=O)O[*])cc3)C(=O)C([2H])(F)F)ccc1,False,True,False,350.0,0.5,,[*]CC(=O)Nc1ccc2ccc(/C(=N/c3ccc(C(C)(C)C(=O)O[*])cc3)C(=O)C([2H])(F)F)ccc1,,,,invalid
394,[*]Nc1cc(C(=O)c2cccc(OCCCCCCCCN3C(=O)c4ccc(NC(=O)c5ccc([*])cc5)cc4)c2)C2=O)ccc1C,False,True,False,350.0,0.5,,[*]Nc1cc(C(=O)c2cccc(OCCCCCCCCN3C(=O)c4ccc(NC(=O)c5ccc([*])cc5)cc4)c2)C2=O)ccc1C,,,,invalid
398,[*]C=C(CSCCCCCCNC(=O)c1ccc(/C=C(\C)CN([*])c2ccccc2)[Si](C)(C)C)cc1,False,True,False,350.0,0.5,,[*]C=C(CSCCCCCCNC(=O)c1ccc(/C=C(\C)CN([*])c2ccccc2)[Si](C)(C)C)cc1,,,,invalid
399,[*]OC(=O)c1ccc(/N=N/c2ccc(Oc3ccc(C(=O)Oc4ccc(OC([*])c5ccccc5)cc4)cc3)c3ccccc3)cc2)cc1,False,True,False,350.0,0.5,,[*]OC(=O)c1ccc(/N=N/c2ccc(Oc3ccc(C(=O)Oc4ccc(OC([*])c5ccccc5)cc4)cc3)c3ccccc3)cc2)cc1,,,,invalid
421,[*]CC([*])c1ccc2c(c1)C(=O)OCC(C)(CCCCCCS(=O)(=O)O)c1ccc(OCc2ccccc2)cc1,False,True,False,350.0,0.5,,[*]CC([*])c1ccc2c(c1)C(=O)OCC(C)(CCCCCCS(=O)(=O)O)c1ccc(OCc2ccccc2)cc1,,,,invalid
422,[*]=Nc1ccc(/C=C/C(=O)c2ccc3c2C(=O)N(c2ccc(OCCC[Si](C)(C)c4ccc([*])cc4)cc2)C3=O)cc1,False,True,False,350.0,0.5,,[*]=Nc1ccc(/C=C/C(=O)c2ccc3c2C(=O)N(c2ccc(OCCC[Si](C)(C)c4ccc([*])cc4)cc2)C3=O)cc1,,,,invalid
424,[*]Oc1ccc(C(F)(F)C(F)(F)c2cccc([*])n2CCCCC)cc1,False,True,False,350.0,0.5,,[*]Oc1ccc(C(F)(F)C(F)(F)c2cccc([*])n2CCCCC)cc1,,,,invalid
432,[*]C/C=C/c1ccc([*])c(-c2nnc(CCCCCC)c2-c2ccc(/N=N/c3ccc(OC)cc3)cc2)c1,False,True,False,350.0,0.5,,[*]C/C=C/c1ccc([*])c(-c2nnc(CCCCCC)c2-c2ccc(/N=N/c3ccc(OC)cc3)cc2)c1,,,,invalid
433,[*]COc1ccc2cc(c1=O)OCC(CCl)C(=O)N(CCCOc1ccc(O[*])cc1)Cc1ccc(C#N)cc1,False,True,False,350.0,0.5,,[*]COc1ccc2cc(c1=O)OCC(CCl)C(=O)N(CCCOc1ccc(O[*])cc1)Cc1ccc(C#N)cc1,,,,invalid
434,[*]CC[SH](CCCC)OC(=O)c1ccc(-c2ccc(C(=O)NNC(=O)OC)cc2)C([*])(F)F)cc1,False,True,False,350.0,0.5,,[*]CC[SH](CCCC)OC(=O)c1ccc(-c2ccc(C(=O)NNC(=O)OC)cc2)C([*])(F)F)cc1,,,,invalid
436,[*]CC([*])(C)C(=O)OCCCCCCCOc1ccc2c(c1)C(C(=O)OC)C(=O)Oc1ccccc1,False,True,False,350.0,0.5,,[*]CC([*])(C)C(=O)OCCCCCCCOc1ccc2c(c1)C(C(=O)OC)C(=O)Oc1ccccc1,,,,invalid
439,[*]CN([*])C(=O)OCC1CCCN1c2ccccc2SC(C)(C)C2,False,True,False,350.0,0.5,,[*]CN([*])C(=O)OCC1CCCN1c2ccccc2SC(C)(C)C2,,,,invalid
446,[*]C=Cc1ccc2c(c1)C(=O)OCCCCCCCC([*])Nc1cccc(C(C)C)c1,False,True,False,350.0,0.5,,[*]C=Cc1ccc2c(c1)C(=O)OCCCCCCCC([*])Nc1cccc(C(C)C)c1,,,,invalid
448,[*]C(Cl)COc1ccc(N([*])C(=O)c2ccc(OC)cc2)cc1)(=O)N(C)c1ccc(N(C)C)cc1,False,True,False,350.0,0.5,,[*]C(Cl)COc1ccc(N([*])C(=O)c2ccc(OC)cc2)cc1)(=O)N(C)c1ccc(N(C)C)cc1,,,,invalid
449,[*]CC([*])C(=O)OCCCCCCCCCCCc1ccc(CN2CCCC3C(=O)CC2)cc1,False,True,False,350.0,0.5,,[*]CC([*])C(=O)OCCCCCCCCCCCc1ccc(CN2CCCC3C(=O)CC2)cc1,,,,invalid
461,[*]C(=S)c1ccc2c(c1)C(=O)N(CCCC([*])(F)F)C(F)(F)F,False,True,False,350.0,0.5,,[*]C(=S)c1ccc2c(c1)C(=O)N(CCCC([*])(F)F)C(F)(F)F,,,,invalid
465,[*]C(=C)C([*])OCCCCCCCOc1ccc2c(c1)C(c1ccccc1)C(F)(F)C(F)(F)F,False,True,False,350.0,0.5,,[*]C(=C)C([*])OCCCCCCCOc1ccc2c(c1)C(c1ccccc1)C(F)(F)C(F)(F)F,,,,invalid
478,[*]Oc1ccc(C(=O)OC(=O)c2ccc3c(c2)C(=O)N([*])CCCN2C(=O)c3ccc(C)cc3)cc1O,False,True,False,350.0,0.5,,[*]Oc1ccc(C(=O)OC(=O)c2ccc3c(c2)C(=O)N([*])CCCN2C(=O)c3ccc(C)cc3)cc1O,,,,invalid
479,[*]Cc1nc(OCC(=O)Nc2ccc(-c3cccc(C([*])=O)c3)cc2)c(SCCCCC)c1Br,False,True,False,350.0,0.5,,[*]Cc1nc(OCC(=O)Nc2ccc(-c3cccc(C([*])=O)c3)cc2)c(SCCCCC)c1Br,,,,invalid
490,[*]Oc1ccc(CCCCC(=O)c2cc([*])c(OC)c3ccccc2-c2ccccc2)cc1S(C)(=O)CC(C)C,False,True,False,350.0,0.5,,[*]Oc1ccc(CCCCC(=O)c2cc([*])c(OC)c3ccccc2-c2ccccc2)cc1S(C)(=O)CC(C)C,,,,invalid
492,[*]OC(=O)c1ccc(C(=O)Oc2ccc(C(=O)OC3CC(C#N)=C(c4ccc(OC)cc4)C3([*])=O)cc2)cc1,False,True,False,350.0,0.5,,[*]OC(=O)c1ccc(C(=O)Oc2ccc(C(=O)OC3CC(C#N)=C(c4ccc(OC)cc4)C3([*])=O)cc2)cc1,,,,invalid
498,[*]CCOCCCCCCOC(=O)c1ccc2cc(OCCC(O)CSCCCCC(=O)Oc3ccc(C([*])=O)cc3CCCC)cc2c1,False,True,False,350.0,0.5,,[*]CCOCCCCCCOC(=O)c1ccc2cc(OCCC(O)CSCCCCC(=O)Oc3ccc(C([*])=O)cc3CCCC)cc2c1,,,,invalid
499,[*]Cc1ccc(C(=O)CCCCCCCOc2ccc(S([*])=O)cc2OC)c(,False,True,False,350.0,0.5,,[*]Cc1ccc(C(=O)CCCCCCCOc2ccc(S([*])=O)cc2OC)c(,,,,invalid
502,[*]N=P([*])(C)c1ccc([Si](C)(C)CCCCOC(=O)N(C)C)cc1)c1ccc(C)cc1,False,True,False,350.0,0.5,,[*]N=P([*])(C)c1ccc([Si](C)(C)CCCCOC(=O)N(C)C)cc1)c1ccc(C)cc1,,,,invalid
505,[*]c1ccc(/C=C/c2ccc3cc(C(=[*])CCCCCCCC)ccc2C(F)(F)F)cc1,False,True,False,350.0,0.5,,[*]c1ccc(/C=C/c2ccc3cc(C(=[*])CCCCCCCC)ccc2C(F)(F)F)cc1,,,,invalid
512,[*]OCCCCOc1ccc(S(=O)(=O)c2ccc(OC=C3COC3C(=O)c4ccccc4O[*])cc3)cc2)cc1,False,True,False,350.0,0.5,,[*]OCCCCOc1ccc(S(=O)(=O)c2ccc(OC=C3COC3C(=O)c4ccccc4O[*])cc3)cc2)cc1,,,,invalid
527,[*]Oc1ccc([*])c(N2C(=O)C(=O)c3ccc(C(F)(F)C(F)(F)C(F)(F)F)cc3C2=O)cc1C(=O)OCCCCCCCC,False,True,False,350.0,0.5,,[*]Oc1ccc([*])c(N2C(=O)C(=O)c3ccc(C(F)(F)C(F)(F)C(F)(F)F)cc3C2=O)cc1C(=O)OCCCCCCCC,,,,invalid
529,[*]NC(=O)c1c(C)cc(C(=O)OC2CC(O)C(N3C(=O)CCCCCCCCC(=O)OC([*])=O)C2C(=O)c2ccc(/N=N/c3ccccc3)cc2)c(C(C)O)c1,False,True,False,350.0,0.5,,[*]NC(=O)c1c(C)cc(C(=O)OC2CC(O)C(N3C(=O)CCCCCCCCC(=O)OC([*])=O)C2C(=O)c2ccc(/N=N/c3ccccc3)cc2)c(C(C)O)c1,,,,invalid
542,[*]C=C1CCCC(C(=O)Oc2ccc(SCC(=O)C#N)cc2)C([*])=O)CO1,False,True,False,350.0,0.5,,[*]C=C1CCCC(C(=O)Oc2ccc(SCC(=O)C#N)cc2)C([*])=O)CO1,,,,invalid
546,[*]CC([*])CS(=O)(=O)Oc1ccc(C2(CC(C)C)c3cccc(OC(=O)Cl)c3)cc2)cc1,False,True,False,350.0,0.5,,[*]CC([*])CS(=O)(=O)Oc1ccc(C2(CC(C)C)c3cccc(OC(=O)Cl)c3)cc2)cc1,,,,invalid
553,[*]C=Cc1ccc(NC(=O)CCCCCCCCCCC(=O)Nc2ccc3c(c2)C(=O)C([*])=O)cc1,False,True,False,350.0,0.5,,[*]C=Cc1ccc(NC(=O)CCCCCCCCCCC(=O)Nc2ccc3c(c2)C(=O)C([*])=O)cc1,,,,invalid
556,[*]CC(=O)OC1CCCC2C(=O)Nc2ccc(NC(=O)Oc3ccc([*])cc3)cc2C1=O,False,True,False,350.0,0.5,,[*]CC(=O)OC1CCCC2C(=O)Nc2ccc(NC(=O)Oc3ccc([*])cc3)cc2C1=O,,,,invalid
557,[*]CC(CCCCCCOc1ccc([PH](=O)c2ccc(/C=C/c3ccc(OC(=O)c4ccc(C([*])=O)cc4)cc3)cc2)[Se]1,False,True,False,350.0,0.5,,[*]CC(CCCCCCOc1ccc([PH](=O)c2ccc(/C=C/c3ccc(OC(=O)c4ccc(C([*])=O)cc4)cc3)cc2)[Se]1,,,,invalid
561,[*]c1ccc(OCCCCCCCCCC)c(N2C(=O)c3ccc([*])cc3C2=O)c(CCCCC(F)(F)C(F)(F)F)c1,False,True,False,350.0,0.5,,[*]c1ccc(OCCCCCCCCCC)c(N2C(=O)c3ccc([*])cc3C2=O)c(CCCCC(F)(F)C(F)(F)F)c1,,,,invalid
564,[*]C=CC([*])CCCCCCCCOCCN1C(=O)/C=C/C(F)(F)F)CC1=O,False,True,False,350.0,0.5,,[*]C=CC([*])CCCCCCCCOCCN1C(=O)/C=C/C(F)(F)F)CC1=O,,,,invalid
565,[*]Cc1ccc(N(C)C(=O)Oc2cc(C([*])=Cc3ccccc3)cc2)cc1,False,True,False,350.0,0.5,,[*]Cc1ccc(N(C)C(=O)Oc2cc(C([*])=Cc3ccccc3)cc2)cc1,,,,invalid
566,[*]c1ccc2c(c1)[Si](C)(C#N)C([*])c1ccccc1C(=O)OC,False,True,False,350.0,0.5,,[*]c1ccc2c(c1)[Si](C)(C#N)C([*])c1ccccc1C(=O)OC,,,,invalid
577,[*]c1ccc2c(c1)-c1nc([*])c3ccccc3n2CCC/N(c3ccc(C#N)cc3)[Si](C)(C)C)o1,False,True,False,350.0,0.5,,[*]c1ccc2c(c1)-c1nc([*])c3ccccc3n2CCC/N(c3ccc(C#N)cc3)[Si](C)(C)C)o1,,,,invalid
585,[*]OCCCCCOc1ccc(C2(c3ccc(OC(=O)Nc4cc([*])cc(OC)cc4)C3=O)cc2)cc1,False,True,False,350.0,0.5,,[*]OCCCCCOc1ccc(C2(c3ccc(OC(=O)Nc4cc([*])cc(OC)cc4)C3=O)cc2)cc1,,,,invalid
587,[*]CC([*])c1ccc(/C=C/C(=O)c2ccc(OCCCP(=O)(c3ccc(C#N)cc3))c3ccc(C(=O)O)cc3)cc2)o1,False,True,False,350.0,0.5,,[*]CC([*])c1ccc(/C=C/C(=O)c2ccc(OCCCP(=O)(c3ccc(C#N)cc3))c3ccc(C(=O)O)cc3)cc2)o1,,,,invalid
589,[*]O[Si]([*])(C)CCOc1ccc(C2=O)c(C(Cl)=C(OC)C(F)(F)C(F)(F)F)cc2C1=O,False,True,False,350.0,0.5,,[*]O[Si]([*])(C)CCOc1ccc(C2=O)c(C(Cl)=C(OC)C(F)(F)C(F)(F)F)cc2C1=O,,,,invalid
591,[*]CC([*])C[N+](C)(C)CCCCCCCCSC1=O)c1ccc(C)c(F)c1,False,True,False,350.0,0.5,,[*]CC([*])C[N+](C)(C)CCCCCCCCSC1=O)c1ccc(C)c(F)c1,,,,invalid
597,[*]OS(=O)(=O)c1ccc(C([*])CN2CCCCCCC)cc1-c1ccc(C(F)(F)F)cc1,False,True,False,350.0,0.5,,[*]OS(=O)(=O)c1ccc(C([*])CN2CCCCCCC)cc1-c1ccc(C(F)(F)F)cc1,,,,invalid
598,[*]((=O)c1ccc(OC([*])(C)CCN=Nc2ccccc2)cc1,False,True,False,350.0,0.5,,[*]((=O)c1ccc(OC([*])(C)CCN=Nc2ccccc2)cc1,,,,invalid
599,[*]CCCOc1cccc2c1C(=O)N(CCCCCCCOc1ccc(NC(=O)O[*])cc1)CC(C)=O,False,True,False,350.0,0.5,,[*]CCCOc1cccc2c1C(=O)N(CCCCCCCOc1ccc(NC(=O)O[*])cc1)CC(C)=O,,,,invalid
606,[*]CCNC(=O)c1ccc(-c2ccc(OC(=O)Nc3ccc(C([*])=O)cc3)cc2)(Oc2cccc(NC(=O)O)c2)cc1,False,True,False,350.0,0.5,,[*]CCNC(=O)c1ccc(-c2ccc(OC(=O)Nc3ccc(C([*])=O)cc3)cc2)(Oc2cccc(NC(=O)O)c2)cc1,,,,invalid
609,[*]/C=C/c1ccc2c(c1)C(=[*])CCCCCC[N+](C)(C)C,False,True,False,350.0,0.5,,[*]/C=C/c1ccc2c(c1)C(=[*])CCCCCC[N+](C)(C)C,,,,invalid
610,[*]N=Nc1ccc(C=Cc2ccccc2)cc1C=C[N+](=O)(OCC)OC,False,True,False,350.0,0.5,,[*]N=Nc1ccc(C=Cc2ccccc2)cc1C=C[N+](=O)(OCC)OC,,,,invalid
612,[*]CC(O)CNc1ccc(-c2cc(C(=O)OC(=O)CCCCCCCCC([*])=O)cc2)c(OC)c1,False,True,False,350.0,0.5,,[*]CC(O)CNc1ccc(-c2cc(C(=O)OC(=O)CCCCCCCCC([*])=O)cc2)c(OC)c1,,,,invalid
616,[*]CC(C)n1ccc2ccc(/C=N/c3ccc(C#N)cc3)cc2c1[*],False,True,False,350.0,0.5,,[*]CC(C)n1ccc2ccc(/C=N/c3ccc(C#N)cc3)cc2c1[*],,,,invalid
620,[*]CC[Se](=O)OCCCCCCCCN1C(=O)c2ccc(C(=O)OCCOCC)cc2[*])CC1,False,True,False,350.0,0.5,,[*]CC[Se](=O)OCCCCCCCCN1C(=O)c2ccc(C(=O)OCCOCC)cc2[*])CC1,,,,invalid
621,[*]C=COc1ccc(C(=O)c2ccc3c(c2)C(=O)N(CCCCCCCCCOC(=O)c2ccc(OC([*])=O)cc2)C(=O)Oc2ccc(C)cc2)cc1C,False,True,False,350.0,0.5,,[*]C=COc1ccc(C(=O)c2ccc3c(c2)C(=O)N(CCCCCCCCCOC(=O)c2ccc(OC([*])=O)cc2)C(=O)Oc2ccc(C)cc2)cc1C,,,,invalid
631,[*]Nc1ccc2c(c1)C(=O)Oc1ccc(-c3ccc(/C=C/c4ccc(C([*])=O)cc4)c(OCCCCCCCCCCC)c3)cc1-c1ccccc1,False,True,False,350.0,0.5,,[*]Nc1ccc2c(c1)C(=O)Oc1ccc(-c3ccc(/C=C/c4ccc(C([*])=O)cc4)c(OCCCCCCCCCCC)c3)cc1-c1ccccc1,,,,invalid
633,[*]C(=O)c1ccc2c(c1)C([*])OCCS(C)(C)C,False,True,False,350.0,0.5,,[*]C(=O)c1ccc2c(c1)C([*])OCCS(C)(C)C,,,,invalid
637,[*]Oc1cc(C(=O)c2ccc(OC(=O)c3ccc(Oc4ccc(C([*])=O)cc4)cc3)cc2)c2ccccc2-c2ccc(C(F)(F)F)cc2)cc1,False,True,False,350.0,0.5,,[*]Oc1cc(C(=O)c2ccc(OC(=O)c3ccc(Oc4ccc(C([*])=O)cc4)cc3)cc2)c2ccccc2-c2ccc(C(F)(F)F)cc2)cc1,,,,invalid
640,[*]CC(O)CCOc1ccc(C(=O)(CCCCCCN)c2ccc(-c3ccc(C([*])=O)cc3)cc2)cc1,False,True,False,350.0,0.5,,[*]CC(O)CCOc1ccc(C(=O)(CCCCCCN)c2ccc(-c3ccc(C([*])=O)cc3)cc2)cc1,,,,invalid
647,[*]CC([*])c1ccc(CCc2ccc3cc(C)ccc2S(=O)(=O)O)c(C(C)C)c1,False,True,False,350.0,0.5,,[*]CC([*])c1ccc(CCc2ccc3cc(C)ccc2S(=O)(=O)O)c(C(C)C)c1,,,,invalid
650,[*]COC(=O)c1ccc2c(c1)CCCCC(=O)OCCCCCCSc1ccc(/C=C/c3ccccc3[*])cc1,False,True,False,350.0,0.5,,[*]COC(=O)c1ccc2c(c1)CCCCC(=O)OCCCCCCSc1ccc(/C=C/c3ccccc3[*])cc1,,,,invalid
660,[*]c1cc([*])c(C(=O)Oc2ccc(O[Si](C)(C)C)cc2)c2ccc(CCCCCCCC)cc2c1,False,True,False,350.0,0.5,,[*]c1cc([*])c(C(=O)Oc2ccc(O[Si](C)(C)C)cc2)c2ccc(CCCCCCCC)cc2c1,,,,invalid
669,[*]O[Si]([*])(C)c1ccc2c(c1)C(=O)OCC(CC)(C)C3)cc1,False,True,False,350.0,0.5,,[*]O[Si]([*])(C)c1ccc2c(c1)C(=O)OCC(CC)(C)C3)cc1,,,,invalid
673,[*]OC(=O)c1ccc(Oc2ccccc2)c(C(=O)OCNSC([*])=O)c1ccc(-c2ccccc2)cc1,False,True,False,350.0,0.5,,[*]OC(=O)c1ccc(Oc2ccccc2)c(C(=O)OCNSC([*])=O)c1ccc(-c2ccccc2)cc1,,,,invalid
676,[*]NC(CCCCCCCC(=O)C1CC(N1)C(=O)Oc2ccc([N+](=O)[O-])cc2)C([*])C1COCCOC,False,True,False,350.0,0.5,,[*]NC(CCCCCCCC(=O)C1CC(N1)C(=O)Oc2ccc([N+](=O)[O-])cc2)C([*])C1COCCOC,,,,invalid
677,[*]Oc1ccc2c(c1)C(=O)N(CCCCOC(=O)c1ccc(C([*])=O)cc1)c1ccccc1,False,True,False,350.0,0.5,,[*]Oc1ccc2c(c1)C(=O)N(CCCCOC(=O)c1ccc(C([*])=O)cc1)c1ccccc1,,,,invalid
679,[*]C=C(C)CCCCCCN1C(=O)c2ccc(S([*])(=O)=O)cc2)c(/N=C/c2ccc(C)cc2)c1,False,True,False,350.0,0.5,,[*]C=C(C)CCCCCCN1C(=O)c2ccc(S([*])(=O)=O)cc2)c(/N=C/c2ccc(C)cc2)c1,,,,invalid
680,[*]CCOc1ccc([*])c(OCCCN2CCC(=O)c3ccc(C(=O)Nc4ccc([*])cc4)c3)C2)c1,False,True,False,350.0,0.5,,[*]CCOc1ccc([*])c(OCCCN2CCC(=O)c3ccc(C(=O)Nc4ccc([*])cc4)c3)C2)c1,,,,invalid
682,[*]O[Si]([*])(C)CCCOc1ccc(C(=O)OCCSc2cccc3c2ccccc2)cc1,False,True,False,350.0,0.5,,[*]O[Si]([*])(C)CCCOc1ccc(C(=O)OCCSc2cccc3c2ccccc2)cc1,,,,invalid
684,[*]Oc1c(OC([*])=O)cc(CCCCCCC)cc1-c1ccc2ccc(-c3ccc([N+](=O)[O-])cc3)cc2)c1,False,True,False,350.0,0.5,,[*]Oc1c(OC([*])=O)cc(CCCCCCC)cc1-c1ccc2ccc(-c3ccc([N+](=O)[O-])cc3)cc2)c1,,,,invalid
691,[*]CCNC(=O)c1ccc(OC(=O)CN2C(=O)c3ccccc3C(=O)Nc3ccc(O[*])cc3)c2)cc1,False,True,False,350.0,0.5,,[*]CCNC(=O)c1ccc(OC(=O)CN2C(=O)c3ccccc3C(=O)Nc3ccc(O[*])cc3)c2)cc1,,,,invalid
693,[*]Nc1ccc(S(=O)(=O)c2cc(CCCCC([*])=O)ccc2)c(C(=O)OC)cc1,False,True,False,350.0,0.5,,[*]Nc1ccc(S(=O)(=O)c2cc(CCCCC([*])=O)ccc2)c(C(=O)OC)cc1,,,,invalid
707,[*]C(=C)c1ccc2cc(CCCCC)cc1CSC1[*],False,True,False,350.0,0.5,,[*]C(=C)c1ccc2cc(CCCCC)cc1CSC1[*],,,,invalid
708,[*]CC1CCC(COc2ccc(C(=O)NC(=O)CCCCN3CCC([*])=O)cc2)CC1=O,False,True,False,350.0,0.5,,[*]CC1CCC(COc2ccc(C(=O)NC(=O)CCCCN3CCC([*])=O)cc2)CC1=O,,,,invalid
712,[*]Oc1ccc2c(c1)C(=O)OCc1ccc(/N=C/c2ccc(C([*])=O)cc2)cc1,False,True,False,350.0,0.5,,[*]Oc1ccc2c(c1)C(=O)OCc1ccc(/N=C/c2ccc(C([*])=O)cc2)cc1,,,,invalid
717,[*]CC([*])C(=O)Cc1ccc2cc(C(=O)O)ccc2c2ccc(OCCCCCCCC)cc2)c1,False,True,False,350.0,0.5,,[*]CC([*])C(=O)Cc1ccc2cc(C(=O)O)ccc2c2ccc(OCCCCCCCC)cc2)c1,,,,invalid
718,[*]Nc1ccc([*])c(-c2ccccc2)c1ccc(S(=O)(=O)Nc2ccc(-c3cccc(Cl)c3)cc2)o1,False,True,False,350.0,0.5,,[*]Nc1ccc([*])c(-c2ccccc2)c1ccc(S(=O)(=O)Nc2ccc(-c3cccc(Cl)c3)cc2)o1,,,,invalid
729,[*]C(=O)CCCCN1C(=O)OC(=O)c2ccc(C(=O)Nc3ccc([Si]([*])(C)C)cc3)o2)cc1-c1ccc(C)cc1,False,True,False,350.0,0.5,,[*]C(=O)CCCCN1C(=O)OC(=O)c2ccc(C(=O)Nc3ccc([Si]([*])(C)C)cc3)o2)cc1-c1ccc(C)cc1,,,,invalid
730,[*]CC(=O)N1CCC(OC(=O)NCCCCCNC(=O)c2ccc(C(=O)O[*])cc2S(=O)(=O)C[N+]2C)c1,False,True,False,350.0,0.5,,[*]CC(=O)N1CCC(OC(=O)NCCCCCNC(=O)c2ccc(C(=O)O[*])cc2S(=O)(=O)C[N+]2C)c1,,,,invalid
732,[*]OC(Cl)COc1c(-c2ccc(C)cc2)c(OC([*])C)cc1Cl,False,True,False,350.0,0.5,,[*]OC(Cl)COc1c(-c2ccc(C)cc2)c(OC([*])C)cc1Cl,,,,invalid
733,[*]OC(=O)CCCCN1C(=O)c2ccc(C(=O)OC(OC)c3ccc([*])cc3)cc2)CO1,False,True,False,350.0,0.5,,[*]OC(=O)CCCCN1C(=O)c2ccc(C(=O)OC(OC)c3ccc([*])cc3)cc2)CO1,,,,invalid
736,[*]CC(=O)NC(=O)Nc1cccc(N2C(=O)c3ccccc3C(=O)N([*])C3=O)c(C(C)(C)c3ccccc3)c2)C1=O,False,True,False,350.0,0.5,,[*]CC(=O)NC(=O)Nc1cccc(N2C(=O)c3ccccc3C(=O)N([*])C3=O)c(C(C)(C)c3ccccc3)c2)C1=O,,,,invalid
750,[*]CCCN([*])C(C)CCCCCCCCOc1ccc(-c2cc(C=C(C)CCCC)s2)cc1,False,True,False,350.0,0.5,,[*]CCCN([*])C(C)CCCCCCCCOc1ccc(-c2cc(C=C(C)CCCC)s2)cc1,,,,invalid
751,[*]CC([*])(C)c1cc(Br)c(Oc2ccc3ccccc2n2C(=O)O)c(F)c1,False,True,False,350.0,0.5,,[*]CC([*])(C)c1cc(Br)c(Oc2ccc3ccccc2n2C(=O)O)c(F)c1,,,,invalid
763,[*]=C=Cc1ccc(-c2ccc(CCCCCCN3C(=O)c4ccc(C(=O)Oc5ccc(N=[*])cc5)cc4)cc3)cc2)cc1,False,True,False,350.0,0.5,,[*]=C=Cc1ccc(-c2ccc(CCCCCCN3C(=O)c4ccc(C(=O)Oc5ccc(N=[*])cc5)cc4)cc3)cc2)cc1,,,,invalid
770,[*]C=C1CCCCCCCNC(=O)S(=O)(=O)O[*])CC1,False,True,False,350.0,0.5,,[*]C=C1CCCCCCCNC(=O)S(=O)(=O)O[*])CC1,,,,invalid
787,[*]C(=O)C([*])c1ccc2c(c1)S(=O)(=O)C(C)(C)c1cccc(C#N)c1,False,True,False,350.0,0.5,,[*]C(=O)C([*])c1ccc2c(c1)S(=O)(=O)C(C)(C)c1cccc(C#N)c1,,,,invalid
804,[*]NC(=O)c1ccc2c(CC(=O)Nc2ccc(/N=N/c3ccc([*])cc3)c(OC)c2)cc(OC(C)(C)C)c1,False,True,False,350.0,0.5,,[*]NC(=O)c1ccc2c(CC(=O)Nc2ccc(/N=N/c3ccc([*])cc3)c(OC)c2)cc(OC(C)(C)C)c1,,,,invalid
811,[*]C=C1ccc(-c2ccc(C=C(C#N)CSC(=O)CCCCCC)cc2)c2ccccc2C1[*],False,True,False,350.0,0.5,,[*]C=C1ccc(-c2ccc(C=C(C#N)CSC(=O)CCCCCC)cc2)c2ccccc2C1[*],,,,invalid
815,[*]CC([*])C(=O)OCCCCOc1ccc2c(c1)C(=O)Oc1ccc(CSc3ccccc3)cc1,False,True,False,350.0,0.5,,[*]CC([*])C(=O)OCCCCOc1ccc2c(c1)C(=O)Oc1ccc(CSc3ccccc3)cc1,,,,invalid
828,[*]CNC(=O)C1CCCCC1C(=O)N(C(=O)c2ccccc2C)C1OC(=O)c1ccc2c(c1)C(=O)N([*])C(CCCCC)C12,False,True,False,350.0,0.5,,[*]CNC(=O)C1CCCCC1C(=O)N(C(=O)c2ccccc2C)C1OC(=O)c1ccc2c(c1)C(=O)N([*])C(CCCCC)C12,,,,invalid
829,[*]C(=O)c1cnc(C(OC)c2ccc3c(c2)C(=O)N([*])C2=O)c(C(C)(C)C)c1C,False,True,False,350.0,0.5,,[*]C(=O)c1cnc(C(OC)c2ccc3c(c2)C(=O)N([*])C2=O)c(C(C)(C)C)c1C,,,,invalid
837,[*]CCCCCP(C=C)(C)c1ccc(/N=C/CC(=O)Nc2ccc(C#N)c([*])s2)cc1,False,True,False,350.0,0.5,,[*]CCCCCP(C=C)(C)c1ccc(/N=C/CC(=O)Nc2ccc(C#N)c([*])s2)cc1,,,,invalid
840,[*]Oc1ccc2cc(C([*])(C)C)c(-c3ccc(OC[N+](C)(C)C)cc3C)cc2-c2ccccc2)cc1,False,True,False,350.0,0.5,,[*]Oc1ccc2cc(C([*])(C)C)c(-c3ccc(OC[N+](C)(C)C)cc3C)cc2-c2ccccc2)cc1,,,,invalid
841,[*]CC([*])C(=O)OCCCCCCCCCCOc1ccc(Cl)cc1-c1ccc(Sc2ccc3ccccc3CCC(F)(F)F)cc2)cc1,False,True,False,350.0,0.5,,[*]CC([*])C(=O)OCCCCCCCCCCOc1ccc(Cl)cc1-c1ccc(Sc2ccc3ccccc3CCC(F)(F)F)cc2)cc1,,,,invalid
845,[*]CC(=O)C(CCCCOc1ccc2ccccc2C=NC([*])=O)cc1,False,True,False,350.0,0.5,,[*]CC(=O)C(CCCCOc1ccc2ccccc2C=NC([*])=O)cc1,,,,invalid
846,[*]C(=O)c1ccc2c(c1)O[Si]([*])(C)CCCOc1ccc(C(C)C)cc1,False,True,False,350.0,0.5,,[*]C(=O)c1ccc2c(c1)O[Si]([*])(C)CCCOc1ccc(C(C)C)cc1,,,,invalid
856,[*]Nc1ccc(C(C)(C)c2cc(NC([*])(C(F)(F)F)C(F)(F)C(F)(F)C(F)(F)F)cc2)cc1,False,True,False,350.0,0.5,,[*]Nc1ccc(C(C)(C)c2cc(NC([*])(C(F)(F)F)C(F)(F)C(F)(F)C(F)(F)F)cc2)cc1,,,,invalid
863,[*]Oc1ccc(N2C(=O)CC3CC3C(=O)OC(C)(C)CC3OC(=O)N([*])C3=O)cc1Br,False,True,False,350.0,0.5,,[*]Oc1ccc(N2C(=O)CC3CC3C(=O)OC(C)(C)CC3OC(=O)N([*])C3=O)cc1Br,,,,invalid
865,[*]CCC(=O)NCC(CO)CN1C(=O)c2ccc(CSC(=O)N[*])cc2)cc1,False,True,False,350.0,0.5,,[*]CCC(=O)NCC(CO)CN1C(=O)c2ccc(CSC(=O)N[*])cc2)cc1,,,,invalid
872,[*]CC(C)CN1C(=O)c2ccc(C(OCCCCC)OC(=O)c3ccc(NC([*])=O)cc3)cc2)CC1,False,True,False,350.0,0.5,,[*]CC(C)CN1C(=O)c2ccc(C(OCCCCC)OC(=O)c3ccc(NC([*])=O)cc3)cc2)CC1,,,,invalid
875,[*]CCCCCCCN1C(=O)c2ccc(C(=O)Nc3ccc(OC(=O)CCCCCOC(=O)c4ccc(C(=O)O[*])cc4)cc3)cc2)cc1-c1ccccc1,False,True,False,350.0,0.5,,[*]CCCCCCCN1C(=O)c2ccc(C(=O)Nc3ccc(OC(=O)CCCCCOC(=O)c4ccc(C(=O)O[*])cc4)cc3)cc2)cc1-c1ccccc1,,,,invalid
880,[*]/C=C(/[*])c1ccc(C(=O)Oc2ccc3ccccc23)cc1,False,True,False,350.0,0.5,,[*]/C=C(/[*])c1ccc(C(=O)Oc2ccc3ccccc23)cc1,,,,invalid
881,[*]C(=O)c1c(OCCCCCCOc2ccc(/N=N/c3ccc(C)cc3)cc2)cc(C(=O)OC([*])=O)c1,False,True,False,350.0,0.5,,[*]C(=O)c1c(OCCCCCCOc2ccc(/N=N/c3ccc(C)cc3)cc2)cc(C(=O)OC([*])=O)c1,,,,invalid
882,[*]OC(=O)C([*])COc1ccc(C(=O)OCCCCCC)cc11ccc(OC(=O)C(C)(C)C)cc1,False,True,False,350.0,0.5,,[*]OC(=O)C([*])COc1ccc(C(=O)OCCCCCC)cc11ccc(OC(=O)C(C)(C)C)cc1,,,,invalid
883,[*]Cc1ccc(CO[Si](C)(C)CCCN2C(=O)c3ccc(/N=C/c4ccc(S([*])=O)cc4)cc3)cc2)cc1,False,True,False,350.0,0.5,,[*]Cc1ccc(CO[Si](C)(C)CCCN2C(=O)c3ccc(/N=C/c4ccc(S([*])=O)cc4)cc3)cc2)cc1,,,,invalid
886,[*]NC(=O)c1ccc(C(=O)ON2C(=O)c3ccccc3[Si]([*])(=O)CCCOC)cc2)c(OC)c1,False,True,False,350.0,0.5,,[*]NC(=O)c1ccc(C(=O)ON2C(=O)c3ccccc3[Si]([*])(=O)CCCOC)cc2)c(OC)c1,,,,invalid
900,[*]CC([*])CCCCCOC(=O)N(C(=O)O)c1ccc(C(O)C(F)(F)F)cc1)c1ccc(C)cc1,False,True,False,350.0,0.5,,[*]CC([*])CCCCCOC(=O)N(C(=O)O)c1ccc(C(O)C(F)(F)F)cc1)c1ccc(C)cc1,,,,invalid
901,[*]CCc1ccc(CNC(=O)CCCCCCCCC(=O)N(C)c2ccc(C3([*])C(=O)CC3CC3)cc2)cc1,False,True,False,350.0,0.5,,[*]CCc1ccc(CNC(=O)CCCCCCCCC(=O)N(C)c2ccc(C3([*])C(=O)CC3CC3)cc2)cc1,,,,invalid
902,[*]c1ccc(/C=C/c2ccc([Si](C)(C)O[Si](C)(C)c3ccc(OC(=O)c4c([2H])cc([Si]([*])(C)C)cc4C)cc3)C3=O)c(C)c2)cc1,False,True,False,350.0,0.5,,[*]c1ccc(/C=C/c2ccc([Si](C)(C)O[Si](C)(C)c3ccc(OC(=O)c4c([2H])cc([Si]([*])(C)C)cc4C)cc3)C3=O)c(C)c2)cc1,,,,invalid
904,[*]Cc1ccc(N(CO)c2cc(Br)c(C(=O)O)c(N([*])CC(F)(F)C(F)(F)F)s2)o1,False,True,False,350.0,0.5,,[*]Cc1ccc(N(CO)c2cc(Br)c(C(=O)O)c(N([*])CC(F)(F)C(F)(F)F)s2)o1,,,,invalid
908,[*]C=Cc1ccc(CNC(=O)C(CCCCCC)C(=O)Nc2ccc(C3CCC(=O)C(=O)N[*])CC3)cc2)cc1,False,True,False,350.0,0.5,,[*]C=Cc1ccc(CNC(=O)C(CCCCCC)C(=O)Nc2ccc(C3CCC(=O)C(=O)N[*])CC3)cc2)cc1,,,,invalid
914,[*]CCCCC(Oc1ccc(C(=O)OCCCCC)c(NC(=O)c2ccc(S(=O)(=O)Oc3ccc([*])cc3)c2)c1)OC(=O)c1ccccc1,False,True,False,350.0,0.5,,[*]CCCCC(Oc1ccc(C(=O)OCCCCC)c(NC(=O)c2ccc(S(=O)(=O)Oc3ccc([*])cc3)c2)c1)OC(=O)c1ccccc1,,,,invalid
915,[*]CC(C)c1ccc(NC(=O)(CCC)NS[*])cc1,False,True,False,350.0,0.5,,[*]CC(C)c1ccc(NC(=O)(CCC)NS[*])cc1,,,,invalid
918,[*]c1ccc(C(C)(C)CCCCOc2ccc(-c3nc4ccc(S(=O)(=O)C([*])=O)cc4)cc3)cc2)cc1,False,True,False,350.0,0.5,,[*]c1ccc(C(C)(C)CCCCOc2ccc(-c3nc4ccc(S(=O)(=O)C([*])=O)cc4)cc3)cc2)cc1,,,,invalid
923,[*]CC([*])c1ccc2c(c1)C(=O)OCCOCC[Si](C)(C)C,False,True,False,350.0,0.5,,[*]CC([*])c1ccc2c(c1)C(=O)OCCOCC[Si](C)(C)C,,,,invalid
931,[*]Nc1ccc(N2C(=O)c3ccc(-c4ccc(C(=O)N([*])C)cc4)cc3)o2)cc1,False,True,False,350.0,0.5,,[*]Nc1ccc(N2C(=O)c3ccc(-c4ccc(C(=O)N([*])C)cc4)cc3)o2)cc1,,,,invalid
932,[*]Nc1ccc(C(c2ccccc2)(c2ccc(Oc3ccc(C(=O)c4ccc([*])cc4)cc3)cc2)(C(F)(F)F)C(F)(F)F)cc1,False,True,False,350.0,0.5,,[*]Nc1ccc(C(c2ccccc2)(c2ccc(Oc3ccc(C(=O)c4ccc([*])cc4)cc3)cc2)(C(F)(F)F)C(F)(F)F)cc1,,,,invalid
940,[*]SCC(=O)Oc1ccc(C=C2CCCCCC(N3C(=O)Oc4ccc(S([*])(=O)=O)cc4)CC3CC3CC3)cc1,False,True,False,350.0,0.5,,[*]SCC(=O)Oc1ccc(C=C2CCCCCC(N3C(=O)Oc4ccc(S([*])(=O)=O)cc4)CC3CC3CC3)cc1,,,,invalid
941,[*]N1COC(=O)c2ccc(OCCCCCC([*])=O)cc2[PH](C)=O)c1,False,True,False,350.0,0.5,,[*]N1COC(=O)c2ccc(OCCCCCC([*])=O)cc2[PH](C)=O)c1,,,,invalid
944,[*]CC([*])OCCc1ccc2c(c1)c1cccc(C)c1-c1ccc(CCCCCCCCC)cc1,False,True,False,350.0,0.5,,[*]CC([*])OCCc1ccc2c(c1)c1cccc(C)c1-c1ccc(CCCCCCCCC)cc1,,,,invalid
945,[*]C(=O)OCCCCCCN1C(=O)c2ccc(OC([*])C)cc2)c1,False,True,False,350.0,0.5,,[*]C(=O)OCCCCCCN1C(=O)c2ccc(OC([*])C)cc2)c1,,,,invalid
948,[*]Oc1ccc(C(=O)Oc2cccc(OC(=O)c3ccc(C([*])c4ccccc4)cc3)c(C(c3ccccc3)C(F)(F)F)c2)cc1,False,True,False,350.0,0.5,,[*]Oc1ccc(C(=O)Oc2cccc(OC(=O)c3ccc(C([*])c4ccccc4)cc3)c(C(c3ccccc3)C(F)(F)F)c2)cc1,,,,invalid
952,[*]c1cccc(C(=O)NOCCCCOc2ccc(N3C(=O)c4ccc(F)cc4C(=O)O)c(C=[*])c3)cc2)c1,False,True,False,350.0,0.5,,[*]c1cccc(C(=O)NOCCCCOc2ccc(N3C(=O)c4ccc(F)cc4C(=O)O)c(C=[*])c3)cc2)c1,,,,invalid
955,[*]C(=O)c1ccc2c(c1)C(=O)OCCCCCCOC([*])C,False,True,False,350.0,0.5,,[*]C(=O)c1ccc2c(c1)C(=O)OCCCCCCOC([*])C,,,,invalid
956,[*]C(=O)O[Si](C)(C)c1ccc(SC(=O)OC2=CC(Oc3ccc([*])cc3)C(=O)N(c3ccccc3)OC)C2=O)cc1,False,True,False,350.0,0.5,,[*]C(=O)O[Si](C)(C)c1ccc(SC(=O)OC2=CC(Oc3ccc([*])cc3)C(=O)N(c3ccccc3)OC)C2=O)cc1,,,,invalid
959,[*]CC([*])C(=O)Oc1ccc(C=CCCCCCC)c(-c2ccc(C[Si](C)(C)C)cc2)cc1,False,True,False,350.0,0.5,,[*]CC([*])C(=O)Oc1ccc(C=CCCCCCC)c(-c2ccc(C[Si](C)(C)C)cc2)cc1,,,,invalid
969,[*]CCN1CCOC(=O)C(CCCCCCOCCOCCO)C(=O)NCC(=O)O[*],False,True,False,350.0,0.5,,[*]CCN1CCOC(=O)C(CCCCCCOCCOCCO)C(=O)NCC(=O)O[*],,,,invalid
973,[*]C(=O)Oc1cc(OCC2=Cc3ccccc3c2)cc([*])cc1C,False,True,False,350.0,0.5,,[*]C(=O)Oc1cc(OCC2=Cc3ccccc3c2)cc([*])cc1C,,,,invalid
981,[*]NC(=O)C(=O)c1ccc(OCCCCOc2ccc(/N=N/c3ccc(OC(=O)c4ccc([*])cc4)cc3)cc2)cc1)OC,False,True,False,350.0,0.5,,[*]NC(=O)C(=O)c1ccc(OCCCCOc2ccc(/N=N/c3ccc(OC(=O)c4ccc([*])cc4)cc3)cc2)cc1)OC,,,,invalid
982,[*]C(=O)c1ccc2c(c1)C(=O)Oc1ccc(-c3ccc([*])cc3)ccc1,False,True,False,350.0,0.5,,[*]C(=O)c1ccc2c(c1)C(=O)Oc1ccc(-c3ccc([*])cc3)ccc1,,,,invalid
983,[*]CC([*])c1cc(CCCCC)c(OC(=O)Oc2ccc(C(F)(F)F)cc2)c2ccccc2c1,False,True,False,350.0,0.5,,[*]CC([*])c1cc(CCCCC)c(OC(=O)Oc2ccc(C(F)(F)F)cc2)c2ccccc2c1,,,,invalid
993,[*]Cc1ccc(OCCCCN2C(=O)c3ccc(-c4ccc(C([*])(C)C#N)cc4)c(C)c3c2)cc1,False,True,False,350.0,0.5,,[*]Cc1ccc(OCCCCN2C(=O)c3ccc(-c4ccc(C([*])(C)C#N)cc4)c(C)c3c2)cc1,,,,invalid
994,[*]c1ccc2c(c1)N([*])C(=O)/C=C/c1ccc(N=O)cc1,False,True,False,350.0,0.5,,[*]c1ccc2c(c1)N([*])C(=O)/C=C/c1ccc(N=O)cc1,,,,invalid
1006,[*]c1ccc(Oc2ccc(C=[*])cc2)c(-c2ccc(S(=O)(=O)=O)cc2)c1,False,True,False,450.0,0.5,,[*]c1ccc(Oc2ccc(C=[*])cc2)c(-c2ccc(S(=O)(=O)=O)cc2)c1,,,,invalid
1007,[*]Cc1ccc(/C=N/c2ccc(NC(=O)CCCCCCCC([*])=O)cc2)c2ccc([N+](=O)[O-])cc2)cc1,False,True,False,450.0,0.5,,[*]Cc1ccc(/C=N/c2ccc(NC(=O)CCCCCCCC([*])=O)cc2)c2ccc([N+](=O)[O-])cc2)cc1,,,,invalid
1008,[*]CCCCCCNC(=O)CCCCCOc1ccc(/C=C/c2ccc(Oc3ccc(C(=O)O[*])cc3)c(O)c2)c2ccccc1-c1ccccc1,False,True,False,450.0,0.5,,[*]CCCCCCNC(=O)CCCCCOc1ccc(/C=C/c2ccc(Oc3ccc(C(=O)O[*])cc3)c(O)c2)c2ccccc1-c1ccccc1,,,,invalid
1019,[*]C#Cc1ccc(C(=O)Oc2ccc3cc(N3C(=O)CCCCCCCCC(=O)N([*])CC3C)cc2)cc1,False,True,False,450.0,0.5,,[*]C#Cc1ccc(C(=O)Oc2ccc3cc(N3C(=O)CCCCCCCCC(=O)N([*])CC3C)cc2)cc1,,,,invalid
1020,[*]CC(OC(C)=O)c1ccc2c(c1)C(=O)N(c1ccc(S(=O)(=O)CCCOC(C)=O)cc1)C([*])=O,False,True,False,450.0,0.5,,[*]CC(OC(C)=O)c1ccc2c(c1)C(=O)N(c1ccc(S(=O)(=O)CCCOC(C)=O)cc1)C([*])=O,,,,invalid
1025,[*]CC([*])CCCCCC(=O)O[Na])c1ccc(C#N)cc1,False,True,False,450.0,0.5,,[*]CC([*])CCCCCC(=O)O[Na])c1ccc(C#N)cc1,,,,invalid
1030,[*]CCC(=O)c1ccc(OC(=O)CCCCCCC(=O)NC2COC([*])=O)cc1,False,True,False,450.0,0.5,,[*]CCC(=O)c1ccc(OC(=O)CCCCCCC(=O)NC2COC([*])=O)cc1,,,,invalid
1033,[*]CCC([*])=O)CCCCCCOCC=O,False,True,False,450.0,0.5,,[*]CCC([*])=O)CCCCCCOCC=O,,,,invalid
1035,[*]c1cc([*])c(OC[Si](C)(C)C)c2ccc(-c3ccc(O)cc3C)cc2)cc1,False,True,False,450.0,0.5,,[*]c1cc([*])c(OC[Si](C)(C)C)c2ccc(-c3ccc(O)cc3C)cc2)cc1,,,,invalid
1050,[*]C=CC(CCCCOc1ccc(C(=O)O)c(NC(=O)CCc2ccccc2)c1O[*],False,True,False,450.0,0.5,,[*]C=CC(CCCCOc1ccc(C(=O)O)c(NC(=O)CCc2ccccc2)c1O[*],,,,invalid
1055,[*]OCC(CC)COC(=O)c1ccccc1-c1nc([*])c(C(=O)OC(=O)CCCCCCC)c1C,False,True,False,450.0,0.5,,[*]OCC(CC)COC(=O)c1ccccc1-c1nc([*])c(C(=O)OC(=O)CCCCCCC)c1C,,,,invalid
1059,[*]CC([*])(C)C(=O)Oc1ccc(Oc2ccc3c(=O)c3ccccc3c2)cc1,False,True,False,450.0,0.5,,[*]CC([*])(C)C(=O)Oc1ccc(Oc2ccc3c(=O)c3ccccc3c2)cc1,,,,invalid
1060,[*]=C([*])c1ccc(/C=C(\C)c2ccc(C(=O)Nc3ccc(C(C)(C)C)cc3)cc2)c2ccccc2c1,False,True,False,450.0,0.5,,[*]=C([*])c1ccc(/C=C(\C)c2ccc(C(=O)Nc3ccc(C(C)(C)C)cc3)cc2)c2ccccc2c1,,,,invalid
1061,[*]CCC(C)(C)CN1C(=O)C([*])(C)CCCSC,False,True,False,450.0,0.5,,[*]CCC(C)(C)CN1C(=O)C([*])(C)CCCSC,,,,invalid
1063,[*]Cc1ccc(C(c2cccc([*])c2)(OCC)Oc2ccc(C#N)cc2)c(=O)n1,False,True,False,450.0,0.5,,[*]Cc1ccc(C(c2cccc([*])c2)(OCC)Oc2ccc(C#N)cc2)c(=O)n1,,,,invalid
1071,[*]Cc1ccc(NS(=O)(=O)c2ccc(OCCCCCCCCO)cc2)c(C([*])=O)cc1-c1ccccc1,False,True,False,450.0,0.5,,[*]Cc1ccc(NS(=O)(=O)c2ccc(OCCCCCCCCO)cc2)c(C([*])=O)cc1-c1ccccc1,,,,invalid
1072,[*]Cc1cc(OCCCCCCCC)c(/N=C/c2ccc(N([*])C#N)cc2)c(N2C(=O)CCC(F)(F)C(F)(F)C(F)(F)F)c1,False,True,False,450.0,0.5,,[*]Cc1cc(OCCCCCCCC)c(/N=C/c2ccc(N([*])C#N)cc2)c(N2C(=O)CCC(F)(F)C(F)(F)C(F)(F)F)c1,,,,invalid
1076,[*]CC([*])c1ccc(Oc2ccc(CCOc3ccc(C(C)(C)C)cc3)cc2)c2ccc([2H])cc2)cc1,False,True,False,450.0,0.5,,[*]CC([*])c1ccc(Oc2ccc(CCOc3ccc(C(C)(C)C)cc3)cc2)c2ccc([2H])cc2)cc1,,,,invalid
1078,[*]COc1ccc(NC(=O)c2ccc3ccc(CC(=O)Oc4ccc([*])cc4)cc3)cc2c1,False,True,False,450.0,0.5,,[*]COc1ccc(NC(=O)c2ccc3ccc(CC(=O)Oc4ccc([*])cc4)cc3)cc2c1,,,,invalid
1079,[*]=C=CCCCCCCCc1ccc(NC(=O)C#CCCCCC(=O)Nc2ccccc2C(=O)N([*])C)cc1)c1ccc(S(=O)(=O)O)cc1,False,True,False,450.0,0.5,,[*]=C=CCCCCCCCc1ccc(NC(=O)C#CCCCCC(=O)Nc2ccccc2C(=O)N([*])C)cc1)c1ccc(S(=O)(=O)O)cc1,,,,invalid
1084,[*]CC(C)(C)C(=O)OC(=O)C(C[*])C1CCCCN1C(=O)CC(C)(C)C)cc1,False,True,False,450.0,0.5,,[*]CC(C)(C)C(=O)OC(=O)C(C[*])C1CCCCN1C(=O)CC(C)(C)C)cc1,,,,invalid
1097,[*]CC([*])C(=O)Nc1ccc2c([SiH](CCCCC(F)(F)F)OCc3ccccc3)oc1,False,True,False,450.0,0.5,,[*]CC([*])C(=O)Nc1ccc2c([SiH](CCCCC(F)(F)F)OCc3ccccc3)oc1,,,,invalid
1098,[*]C=C([*])CCOc1ccc(CN2C(=O)CCc3ccc(C(=O)OCc4ccccc4)cc3)cc2)cc1,False,True,False,450.0,0.5,,[*]C=C([*])CCOc1ccc(CN2C(=O)CCc3ccc(C(=O)OCc4ccccc4)cc3)cc2)cc1,,,,invalid
1100,[*]C=Cc1cc(OCCCCCCCC)c(C(=O)N[Ca]CCN([*])CC)c1,False,True,False,450.0,0.5,,[*]C=Cc1cc(OCCCCCCCC)c(C(=O)N[Ca]CCN([*])CC)c1,,,,invalid
1108,[*]N=C(C#N)Oc1ccc2c(c1)C(=O)N(C=C)CC([*])=O,False,True,False,450.0,0.5,,[*]N=C(C#N)Oc1ccc2c(c1)C(=O)N(C=C)CC([*])=O,,,,invalid
1113,[*]CCCCC(=O)Oc1ccc2c(c1)C(=O)N(c1ccc(OCC)cc1)c1ccc([*])cc1,False,True,False,450.0,0.5,,[*]CCCCC(=O)Oc1ccc2c(c1)C(=O)N(c1ccc(OCC)cc1)c1ccc([*])cc1,,,,invalid
1123,[*]CC([*])Oc1ccc2cccc(c1)C(=O)N(C(=O)c1ccc(OC(F)(F)F)cc1)C2=O,False,True,False,450.0,0.5,,[*]CC([*])Oc1ccc2cccc(c1)C(=O)N(C(=O)c1ccc(OC(F)(F)F)cc1)C2=O,,,,invalid
1128,[*]C=C([*])(CCCCCC)C(=O)OCC1COCC(C)Oc2ccc(-c3ccc(C=O)cc3)cc2)CC1,False,True,False,450.0,0.5,,[*]C=C([*])(CCCCCC)C(=O)OCC1COCC(C)Oc2ccc(-c3ccc(C=O)cc3)cc2)CC1,,,,invalid
1131,[*]CC1([*])C1C(=O)OCCCCCCNc2ccc(C=C2C(=O)OCC)cc1,False,True,False,450.0,0.5,,[*]CC1([*])C1C(=O)OCCCCCCNc2ccc(C=C2C(=O)OCC)cc1,,,,invalid
1141,[*]CCN([*])C(=O)Oc1ccc(Oc2ccc(NC(=O)c3ccc(C(C)(C)C)cc3)cc2)C(=O)O)cc1,False,True,False,450.0,0.5,,[*]CCN([*])C(=O)Oc1ccc(Oc2ccc(NC(=O)c3ccc(C(C)(C)C)cc3)cc2)C(=O)O)cc1,,,,invalid
1148,[*]CCOC(=O)c1cc([Si](C)(C)C)cc(N2C(=O)c3ccc([*])cc3C2)c1)CC(F)(F)F,False,True,False,450.0,0.5,,[*]CCOC(=O)c1cc([Si](C)(C)C)cc(N2C(=O)c3ccc([*])cc3C2)c1)CC(F)(F)F,,,,invalid
1155,[*]CC=CC1(CCCCCCC(C)C([*])OCCC)CCO,False,True,False,450.0,0.5,,[*]CC=CC1(CCCCCCC(C)C([*])OCCC)CCO,,,,invalid
1158,[*]C=C(F)(F)C([*])[SH](C)(=O)CCC,False,True,False,450.0,0.5,,[*]C=C(F)(F)C([*])[SH](C)(=O)CCC,,,,invalid
1159,[*]CCC(C)OC(=O)c1ccccc1CN1C(=O)c2ccc(C(=O)O[*])cc2)cc1C,False,True,False,450.0,0.5,,[*]CCC(C)OC(=O)c1ccccc1CN1C(=O)c2ccc(C(=O)O[*])cc2)cc1C,,,,invalid
1160,[*]c1cc(OC(=O)c2cccc([Si]([*])(C)CCCC(F)(F)F)c2)ccc2Cl)cc(Br)c1,False,True,False,450.0,0.5,,[*]c1cc(OC(=O)c2cccc([Si]([*])(C)CCCC(F)(F)F)c2)ccc2Cl)cc(Br)c1,,,,invalid
1161,[*]C(=O)OCCC(c1ccccc1)N1C(=O)c2ccc(OCC(F)(F)C([*])(F)F)c([N+](=O)[O-])c2)cc1,False,True,False,450.0,0.5,,[*]C(=O)OCCC(c1ccccc1)N1C(=O)c2ccc(OCC(F)(F)C([*])(F)F)c([N+](=O)[O-])c2)cc1,,,,invalid
1162,[*]C(=O)OCCN(C(=O)c1cccc(CCCCCCCCC(=O)Nc2ccc([*])cc2)C(=O)O[Na])c1,False,True,False,450.0,0.5,,[*]C(=O)OCCN(C(=O)c1cccc(CCCCCCCCC(=O)Nc2ccc([*])cc2)C(=O)O[Na])c1,,,,invalid
1166,[*]CCCCCN1C(=O)c2cccc(OCC3CCCCC(C(=O)O[*])CC3=O)c2)cc1,False,True,False,450.0,0.5,,[*]CCCCCN1C(=O)c2cccc(OCC3CCCCC(C(=O)O[*])CC3=O)c2)cc1,,,,invalid
1175,[*]c1ccc(CCCCCOc2nc3ccc([*])cc3oc3c(S(=O)(=O)O)c3ccccc23)c(Br)c1,False,True,False,450.0,0.5,,[*]c1ccc(CCCCCOc2nc3ccc([*])cc3oc3c(S(=O)(=O)O)c3ccccc23)c(Br)c1,,,,invalid
1177,[*]Nc1ccc(/C=C/CCCCN2C(=O)c3ccc(C(=O)c4ccc(OCC([*])=O)cc4)cc3-c3ccccc3)CC2)cc1,False,True,False,450.0,0.5,,[*]Nc1ccc(/C=C/CCCCN2C(=O)c3ccc(C(=O)c4ccc(OCC([*])=O)cc4)cc3-c3ccccc3)CC2)cc1,,,,invalid
1178,[*]c1ccc(/N=C(\C)C(=O)OC(=O)c2ccc(C([*])(C)c3ccc(C(=O)Oc4ccc(C)cc4)cc3)cc2)(C(F)(F)F)C(F)(F)F)cc1,False,True,False,450.0,0.5,,[*]c1ccc(/N=C(\C)C(=O)OC(=O)c2ccc(C([*])(C)c3ccc(C(=O)Oc4ccc(C)cc4)cc3)cc2)(C(F)(F)F)C(F)(F)F)cc1,,,,invalid
1181,[*]CC(=O)Oc1ccc(CC(CCCCC)(C([*])=O)c2ccccc2)c2ccccc2c1,False,True,False,450.0,0.5,,[*]CC(=O)Oc1ccc(CC(CCCCC)(C([*])=O)c2ccccc2)c2ccccc2c1,,,,invalid
1182,[*]Oc1ccc(-c2ccc(OC(=O)c3cc(C(C)(C)c4ccccc4OCCC([*])=O)cc3)s2)cc1O,False,True,False,450.0,0.5,,[*]Oc1ccc(-c2ccc(OC(=O)c3cc(C(C)(C)c4ccccc4OCCC([*])=O)cc3)s2)cc1O,,,,invalid
1184,[*]C=CCCCCC(N)C(=O)c1cccc2nc2ccc(CS[*])cc2c1,False,True,False,450.0,0.5,,[*]C=CCCCCC(N)C(=O)c1cccc2nc2ccc(CS[*])cc2c1,,,,invalid
1197,[*]C(=N)C(=Cc1ccc(OCCCCCCCN)cc1)c1ccc(N2C(=O)c3ccc([*])cc3)C2=O)cc1,False,True,False,450.0,0.5,,[*]C(=N)C(=Cc1ccc(OCCCCCCCN)cc1)c1ccc(N2C(=O)c3ccc([*])cc3)C2=O)cc1,,,,invalid
1198,[*]OCCCCN(C)c1ccc(/C=C/C(=O)Cc2ccc(OC([*])=O)cc2)cc1)c1ccccc1,False,True,False,450.0,0.5,,[*]OCCCCN(C)c1ccc(/C=C/C(=O)Cc2ccc(OC([*])=O)cc2)cc1)c1ccccc1,,,,invalid
1202,[*]CCCCN1C(=O)C1CC(=O)N(c2ccc(C(=O)O[*])cc2)c2ccc(OCCCCCC)cc2)cc1,False,True,False,450.0,0.5,,[*]CCCCN1C(=O)C1CC(=O)N(c2ccc(C(=O)O[*])cc2)c2ccc(OCCCCCC)cc2)cc1,,,,invalid
1203,[*]CC([*])c1ccc(Oc2ccc([N+](=O)(=O)c3cc(C)ccc3C(C)CCc3ccc(C)cc3)cc2)cc1,False,True,False,450.0,0.5,,[*]CC([*])c1ccc(Oc2ccc([N+](=O)(=O)c3cc(C)ccc3C(C)CCc3ccc(C)cc3)cc2)cc1,,,,invalid
1208,[*]c1ccc(-c2ccc3c(c2)C([*])(C)C)cc1CC,False,True,False,450.0,0.5,,[*]c1ccc(-c2ccc3c(c2)C([*])(C)C)cc1CC,,,,invalid
1212,[*]CCCCCC(=O)Oc1ccc(/C=C(\C)c2ccc(OCCCCCCOC(=O)c3cc(O[*])cc3)c(OCCCC)c2)cc1,False,True,False,450.0,0.5,,[*]CCCCCC(=O)Oc1ccc(/C=C(\C)c2ccc(OCCCCCCOC(=O)c3cc(O[*])cc3)c(OCCCC)c2)cc1,,,,invalid
1217,[*]/C=C/CCCCCCNC(=O)c1ccc(Cc2ccc(NC(=O)O[*])cc2Sc2ccc3ccc3c2C(=O)N(CCCCC)C3=O)cc1,False,True,False,450.0,0.5,,[*]/C=C/CCCCCCNC(=O)c1ccc(Cc2ccc(NC(=O)O[*])cc2Sc2ccc3ccc3c2C(=O)N(CCCCC)C3=O)cc1,,,,invalid
1222,[*]COc1cc(NC(=O)c2ccc3cc(OC)c(/N=C/c4ccc(C([*])=O)cc4)c(C)c3)cc2C)cc(C)c1,False,True,False,450.0,0.5,,[*]COc1cc(NC(=O)c2ccc3cc(OC)c(/N=C/c4ccc(C([*])=O)cc4)c(C)c3)cc2C)cc(C)c1,,,,invalid
1226,[*]CC([*])(C)C(=O)NCCCCN1C(=O)C(C)(C[Si](C)(C)C)=C(C#N)CC1,False,True,False,450.0,0.5,,[*]CC([*])(C)C(=O)NCCCCN1C(=O)C(C)(C[Si](C)(C)C)=C(C#N)CC1,,,,invalid
1227,[*]Oc1ccc(C2(c3ccccc3)c3ccc(OCCCCC([*])Oc4ccccc4)cc3)C2=O)cc1,False,True,False,450.0,0.5,,[*]Oc1ccc(C2(c3ccccc3)c3ccc(OCCCCC([*])Oc4ccccc4)cc3)C2=O)cc1,,,,invalid
1235,[*]CC(=Nc1ccc(OCCCCCN2C(=O)C(=[*])C3)cc2)OCCS1,False,True,False,450.0,0.5,,[*]CC(=Nc1ccc(OCCCCCN2C(=O)C(=[*])C3)cc2)OCCS1,,,,invalid
1236,[*]c1ccc(NC(=O)c2ccc3c(C([*])(C)CCCCCCC)C(=O)Nc3ccccc3)cc2)c(C1,False,True,False,450.0,0.5,,[*]c1ccc(NC(=O)c2ccc3c(C([*])(C)CCCCCCC)C(=O)Nc3ccccc3)cc2)c(C1,,,,invalid
1237,[*]CCc1ccc(OC(=O)CCCCCC(=O)N[*])c2ccccc2O)cc1,False,True,False,450.0,0.5,,[*]CCc1ccc(OC(=O)CCCCCC(=O)N[*])c2ccccc2O)cc1,,,,invalid
1240,[*]C=CCOCCCCCCCCOC(=O)c1ccc2c(C)cc(-c3ccc(O[*])cc3ccccc23)cc1,False,True,False,450.0,0.5,,[*]C=CCOCCCCCCCCOC(=O)c1ccc2c(C)cc(-c3ccc(O[*])cc3ccccc23)cc1,,,,invalid
1241,[*]CCCCCOC(=O)CCCCN1C(=O)c2ccc(C(=O)OC([*])=O)cc2)CC1=O,False,True,False,450.0,0.5,,[*]CCCCCOC(=O)CCCCN1C(=O)c2ccc(C(=O)OC([*])=O)cc2)CC1=O,,,,invalid
1250,[*]CC([*])(C)C(=O)OC1CC(C(=O)Oc2ccc(N3CC3CC3)CC2)C2=O,False,True,False,450.0,0.5,,[*]CC([*])(C)C(=O)OC1CC(C(=O)Oc2ccc(N3CC3CC3)CC2)C2=O,,,,invalid
1255,[*]CC(=O)c1ccc(CCc2ccc(NC(=O)C(=O)[N+]([*])Oc3ccc([N+](=O)[O-])cc3)cc2)c2ccc(Cl)cc2)cc1,False,True,False,450.0,0.5,,[*]CC(=O)c1ccc(CCc2ccc(NC(=O)C(=O)[N+]([*])Oc3ccc([N+](=O)[O-])cc3)cc2)c2ccc(Cl)cc2)cc1,,,,invalid
1266,[*]C(=[*])NCCCCCCCCCNC(=O)Oc1ccc(OC(=O)c2ccc3c(c2)CC(=O)N3CC3)cc1,False,True,False,450.0,0.5,,[*]C(=[*])NCCCCCCCCCNC(=O)Oc1ccc(OC(=O)c2ccc3c(c2)CC(=O)N3CC3)cc1,,,,invalid
1268,[*]c1ccc2c(c1)C(=[*])OCCCCOc1ccc(/C=C(\C)C)cc1,False,True,False,450.0,0.5,,[*]c1ccc2c(c1)C(=[*])OCCCCOc1ccc(/C=C(\C)C)cc1,,,,invalid
1273,[*]/C=C(/[*])COc1ccc(S(=O)(=O)CCCCCCC(=O)N2CC3CC2)cc1,False,True,False,450.0,0.5,,[*]/C=C(/[*])COc1ccc(S(=O)(=O)CCCCCCC(=O)N2CC3CC2)cc1,,,,invalid
1312,[*]Oc1ccc(C2(c3ccc(OCCCCC)cc3)N2C(=O)c3ccc([*])cc3OCCCC)C2)cc1,False,True,False,450.0,0.5,,[*]Oc1ccc(C2(c3ccc(OCCCCC)cc3)N2C(=O)c3ccc([*])cc3OCCCC)C2)cc1,,,,invalid
1313,[*]C=C(=O)N[SH](C)=Nc1ccc(OCCO)cc1[*],False,True,False,450.0,0.5,,[*]C=C(=O)N[SH](C)=Nc1ccc(OCCO)cc1[*],,,,invalid
1317,[*]C=C([*])(C)C(=O)OCCCCCCCCN1CCN(c2ccc(C(C)C)cc2)C1,False,True,False,450.0,0.5,,[*]C=C([*])(C)C(=O)OCCCCCCCCN1CCN(c2ccc(C(C)C)cc2)C1,,,,invalid
1332,[*]CCCCCCCCC(=O)Oc1ccc2ccccc1-c1ccc(C(O)CCCOc2ccc(N3C(=O)c4ccc([*])cc4)cc3)cc2)cc1,False,True,False,450.0,0.5,,[*]CCCCCCCCC(=O)Oc1ccc2ccccc1-c1ccc(C(O)CCCOc2ccc(N3C(=O)c4ccc([*])cc4)cc3)cc2)cc1,,,,invalid
1340,[*]CC([*])C(=O)OCCCCCN1C(=O)c2ccc(C(F)(F)F)cc2)cc1,False,True,False,450.0,0.5,,[*]CC([*])C(=O)OCCCCCN1C(=O)c2ccc(C(F)(F)F)cc2)cc1,,,,invalid
1345,[*]/C=N/C1CC(C(=O)OCCCCCCN2C(=O)c3ccc([*])cc3)C2=O)C1CCC1,False,True,False,450.0,0.5,,[*]/C=N/C1CC(C(=O)OCCCCCCN2C(=O)c3ccc([*])cc3)C2=O)C1CCC1,,,,invalid
1346,[*]c1ccccc1C(=O)OCCCCCCN1C(=O)c2cccc(NC(CCCCCC)C([*])=O)c2)cc1,False,True,False,450.0,0.5,,[*]c1ccccc1C(=O)OCCCCCCN1C(=O)c2cccc(NC(CCCCCC)C([*])=O)c2)cc1,,,,invalid
1350,[*]OC1COC(OC(=O)Sc2cc(/N=N/CCN(CC)c3cccc(C([*])=O)c3)cc2C)C1,False,True,False,450.0,0.5,,[*]OC1COC(OC(=O)Sc2cc(/N=N/CCN(CC)c3cccc(C([*])=O)c3)cc2C)C1,,,,invalid
1351,[*]Nc1ccc(C2(c3ccccc3)c3cccc(S(=O)(=O)CCCCCCC([*])=O)c3)cc2S(=O)(=O)O[Na])c(Cl)c1,False,True,False,450.0,0.5,,[*]Nc1ccc(C2(c3ccccc3)c3cccc(S(=O)(=O)CCCCCCC([*])=O)c3)cc2S(=O)(=O)O[Na])c(Cl)c1,,,,invalid
1352,[*]N=CCCCCC(=O)c1ccc2ccc([Si]([*])(C)C)cc2cc1,False,True,False,450.0,0.5,,[*]N=CCCCCC(=O)c1ccc2ccc([Si]([*])(C)C)cc2cc1,,,,invalid
1355,[*]CCN1C(=O)CCCCCCCCC(=O)Nc2ccc(C(=O)OC(=O)c3ccc(/N=N/c4ccc(S([*])=O)cc4)cc3)cc2)cc1,False,True,False,450.0,0.5,,[*]CCN1C(=O)CCCCCCCCC(=O)Nc2ccc(C(=O)OC(=O)c3ccc(/N=N/c4ccc(S([*])=O)cc4)cc3)cc2)cc1,,,,invalid
1356,[*]COc1cc(C(=O)OCC)c(Sc2ccc(N=[*])cc2)c2ccccc2c(C(F)(F)F)cc1,False,True,False,450.0,0.5,,[*]COc1cc(C(=O)OCC)c(Sc2ccc(N=[*])cc2)c2ccccc2c(C(F)(F)F)cc1,,,,invalid
1358,[*]Nc1ccc2c(c1)C(=O)Nc1ccc(Oc3ccc(NCCCC[Si]([*])(C)C)cc3)cc1,False,True,False,450.0,0.5,,[*]Nc1ccc2c(c1)C(=O)Nc1ccc(Oc3ccc(NCCCC[Si]([*])(C)C)cc3)cc1,,,,invalid
1361,[*]CCCCCCOC(=O)c1cccc(C(=O)OCc2ccc(NC(=O)c3ccc([*])cc3)cc2)C(F)(F)F)c1,False,True,False,450.0,0.5,,[*]CCCCCCOC(=O)c1cccc(C(=O)OCc2ccc(NC(=O)c3ccc([*])cc3)cc2)C(F)(F)F)c1,,,,invalid
1363,[*]CCN(CCOCCOc1ccc(C(=O)NCCCCCCCCNC(=O)c2cccc([*])c2)c(C(F)(F)F)c1)C2=O,False,True,False,450.0,0.5,,[*]CCN(CCOCCOc1ccc(C(=O)NCCCCCCCCNC(=O)c2cccc([*])c2)c(C(F)(F)F)c1)C2=O,,,,invalid
1366,[*]C=C[Si](C)(C)CCC(=O)Oc1cc(P([*])(=O)OC)ccc1)c1ccc(C)cc1,False,True,False,450.0,0.5,,[*]C=C[Si](C)(C)CCC(=O)Oc1cc(P([*])(=O)OC)ccc1)c1ccc(C)cc1,,,,invalid
1376,[*]CC(F)(F)C(F)(F)c1ccc(N2C(=O)c3ccc(OCCCCC[Si]([*])(C)C(=O)OC)cc3)C3=O)cc1,False,True,False,450.0,0.5,,[*]CC(F)(F)C(F)(F)c1ccc(N2C(=O)c3ccc(OCCCCC[Si]([*])(C)C(=O)OC)cc3)C3=O)cc1,,,,invalid
1396,[*]OCCCCN1C(=O)Nc2ccc(Cc3ccc(OC([*])=O)cc3S(=O)(=O)c3ccccc3)cc2)cc1,False,True,False,450.0,0.5,,[*]OCCCCN1C(=O)Nc2ccc(Cc3ccc(OC([*])=O)cc3S(=O)(=O)c3ccccc3)cc2)cc1,,,,invalid
1400,[*]C=CCCCCCCCCc1ccc(-c2ccc([*])cc2CCCCCCCCC)c(C1=O,False,True,False,450.0,0.5,,[*]C=CCCCCCCCCc1ccc(-c2ccc([*])cc2CCCCCCCCC)c(C1=O,,,,invalid
1413,[*]CC(=O)Nc1ccc(OCC(O)COc2ccc(C(=O)NC3CCCCCNC([*])=O)cc3)cc2)cc1,False,True,False,450.0,0.5,,[*]CC(=O)Nc1ccc(OCC(O)COc2ccc(C(=O)NC3CCCCCNC([*])=O)cc3)cc2)cc1,,,,invalid
1421,[*]CCN(CCCCOC(=O)c1cccc(C(=O)NNC(=O)Oc2ccc(/C=N/c3ccc(O[*])cc3)c(C)c2)C)c1,False,True,False,450.0,0.5,,[*]CCN(CCCCOC(=O)c1cccc(C(=O)NNC(=O)Oc2ccc(/C=N/c3ccc(O[*])cc3)c(C)c2)C)c1,,,,invalid
1424,[*]C=C(C(=O)NCCCCCCCCOc1ccc(-c2ccc(/N=N/CCOC)cc2)C(=O)CC[*])cc1,False,True,False,450.0,0.5,,[*]C=C(C(=O)NCCCCCCCCOc1ccc(-c2ccc(/N=N/CCOC)cc2)C(=O)CC[*])cc1,,,,invalid
1428,[*]/C=C/c1ccc2c(c1)C(=O)N(CCCC=[*])c1ccccc1C,False,True,False,450.0,0.5,,[*]/C=C/c1ccc2c(c1)C(=O)N(CCCC=[*])c1ccccc1C,,,,invalid
1433,[*]C([*])C(=O)OCCCCCOc1ccc(C(=O)OC)cc1)c1ccc(OC(C)=O)cc1,False,True,False,450.0,0.5,,[*]C([*])C(=O)OCCCCCOc1ccc(C(=O)OC)cc1)c1ccc(OC(C)=O)cc1,,,,invalid
1435,[*]C=C(NC(=O)c1ccc(C)cc1C)c1ccc2c(c1)C(=O)N([*])CCC[Si](C)(C)C,False,True,False,450.0,0.5,,[*]C=C(NC(=O)c1ccc(C)cc1C)c1ccc2c(c1)C(=O)N([*])CCC[Si](C)(C)C,,,,invalid
1443,[*]Oc1ccc(Sc2ccc(OCCc3ccc(Oc4ccc5c(c4)C([*])=O)cc4)cc3)cc2)o1,False,True,False,450.0,0.5,,[*]Oc1ccc(Sc2ccc(OCCc3ccc(Oc4ccc5c(c4)C([*])=O)cc4)cc3)cc2)o1,,,,invalid
1453,[*]C=CC(O)C(F)(F)C(F)(F)C(F)(F)C1C(=O)N(CCCC)C([*])=O,False,True,False,450.0,0.5,,[*]C=CC(O)C(F)(F)C(F)(F)C(F)(F)C1C(=O)N(CCCC)C([*])=O,,,,invalid
1457,[*]CC([*])(OCc1ccc2c(Cl)cc(-c3cccc(C)c3)cc2C)C(=O)OCC(F)(F)C(F)(F)C(F)(F)F)c1,False,True,False,450.0,0.5,,[*]CC([*])(OCc1ccc2c(Cl)cc(-c3cccc(C)c3)cc2C)C(=O)OCC(F)(F)C(F)(F)C(F)(F)F)c1,,,,invalid
1461,[*]Oc1ccc(O[Si]([*])(C)C)c(-c2cccc(C(F)(F)F)c2)c(C)c1,False,True,False,450.0,0.5,,[*]Oc1ccc(O[Si]([*])(C)C)c(-c2cccc(C(F)(F)F)c2)c(C)c1,,,,invalid
1470,[*]C=CC1CCC(=O)N(CCCCCCCNC(=O)/C=C/C(=O)Oc2ccc(C(=O)N3CCCC([*])(C)CC3C3)cc2)CC1,False,True,False,450.0,0.5,,[*]C=CC1CCC(=O)N(CCCCCCCNC(=O)/C=C/C(=O)Oc2ccc(C(=O)N3CCCC([*])(C)CC3C3)cc2)CC1,,,,invalid
1476,[*]CC(=C)C(CCCC(=O)NNC(=O)O[*])C1(C)CCC(C)(C)O[Na],False,True,False,450.0,0.5,,[*]CC(=C)C(CCCC(=O)NNC(=O)O[*])C1(C)CCC(C)(C)O[Na],,,,invalid
1483,[*]CCc1ccc(NC(=O)OC2CC3CC(C(C)(C)C)C2C2=O)c(C(=O)Nc2ccc(C=[*])cc2N2C(=O)c3ccccc3)c1,False,True,False,450.0,0.5,,[*]CCc1ccc(NC(=O)OC2CC3CC(C(C)(C)C)C2C2=O)c(C(=O)Nc2ccc(C=[*])cc2N2C(=O)c3ccccc3)c1,,,,invalid
1484,[*]COC(=O)c1ccc(CN2CCCCC(=O)Oc3ccc(C([*])(C)c4ccccc4)cc3)cc2)cc1,False,True,False,450.0,0.5,,[*]COC(=O)c1ccc(CN2CCCCC(=O)Oc3ccc(C([*])(C)c4ccccc4)cc3)cc2)cc1,,,,invalid
1485,[*]Cc1ccc(OC)cc1C=C(Nc1ccc(N([*])c2ccc([N+](=O)[O-])cc2)c2ccc(CCCCC)cc2)cc1,False,True,False,450.0,0.5,,[*]Cc1ccc(OC)cc1C=C(Nc1ccc(N([*])c2ccc([N+](=O)[O-])cc2)c2ccc(CCCCC)cc2)cc1,,,,invalid
1494,[*]CC([*])CNCCOc1ccc(SC(=O)OCC(C)CNC(=O)C1=O,False,True,False,450.0,0.5,,[*]CC([*])CNCCOc1ccc(SC(=O)OCC(C)CNC(=O)C1=O,,,,invalid
1512,[*]/C=C(/[*])c1ccc2c(c1)C(=O)OCCOc1ccc(O[Si](C)(C)c3cccc(OC(=O)O[Na])c3)cc1,False,True,False,450.0,0.5,,[*]/C=C(/[*])c1ccc2c(c1)C(=O)OCCOc1ccc(O[Si](C)(C)c3cccc(OC(=O)O[Na])c3)cc1,,,,invalid
1516,[*]OCCOc1ccc(CC(C)(C)c2ccc(OC(=O)Oc3ccc(-c4ccc(C([*])=O)cc4)cc3)cc2)C(=O)[N+](C)=O)cc1,False,True,False,450.0,0.5,,[*]OCCOc1ccc(CC(C)(C)c2ccc(OC(=O)Oc3ccc(-c4ccc(C([*])=O)cc4)cc3)cc2)C(=O)[N+](C)=O)cc1,,,,invalid
1518,[*]Nc1ccc(C(C)(C)c2ccc3c(c2)C3=Cc3ccc([*])cc3C2=O)cc1OCC,False,True,False,450.0,0.5,,[*]Nc1ccc(C(C)(C)c2ccc3c(c2)C3=Cc3ccc([*])cc3C2=O)cc1OCC,,,,invalid
1523,[*]NC(CCCCCC)CCc1cc(Oc2ccc(/C=N/c3nsc([*])cc3CC)cc2)ccc1O,False,True,False,450.0,0.5,,[*]NC(CCCCCC)CCc1cc(Oc2ccc(/C=N/c3nsc([*])cc3CC)cc2)ccc1O,,,,invalid
1527,[*]COC(=O)c1ccc(C)cc1CCCC(=O)N(Sc1ccc(S[*])cc1)C2=O,False,True,False,450.0,0.5,,[*]COC(=O)c1ccc(C)cc1CCCC(=O)N(Sc1ccc(S[*])cc1)C2=O,,,,invalid
1529,[*]CC(C=C)(c1ccccc1)c1ccc(OC(=[*])c2cc(Cl)cc([N+](=O)[O-])cc2)cc1,False,True,False,450.0,0.5,,[*]CC(C=C)(c1ccccc1)c1ccc(OC(=[*])c2cc(Cl)cc([N+](=O)[O-])cc2)cc1,,,,invalid
1538,[*]C([*])c1ccc2c(c1)C(=O)Oc1ccc(-c3c([SiH](C)C)cccc3c1)C(C)C,False,True,False,450.0,0.5,,[*]C([*])c1ccc2c(c1)C(=O)Oc1ccc(-c3c([SiH](C)C)cccc3c1)C(C)C,,,,invalid
1539,[*]CC([*])CCCCCCc1ccc(N2C(=O)c3ccc(CC)cc3[N+](=O)[O-])o2)cc1,False,True,False,450.0,0.5,,[*]CC([*])CCCCCCc1ccc(N2C(=O)c3ccc(CC)cc3[N+](=O)[O-])o2)cc1,,,,invalid
1540,[*]N=C(Cc1ccc(C(=O)c2ccc(Oc3ccc([*])cc3)cc2)C(=O)OCCCCCC)cc1,False,True,False,450.0,0.5,,[*]N=C(Cc1ccc(C(=O)c2ccc(Oc3ccc([*])cc3)cc2)C(=O)OCCCCCC)cc1,,,,invalid
1541,[*]=NCCCN(c1ccc(NC(=O)CC(CC([*])=O)c2cccc(C(=O)OCCCC)c2)cc1)=C(C)C,False,True,False,450.0,0.5,,[*]=NCCCN(c1ccc(NC(=O)CC(CC([*])=O)c2cccc(C(=O)OCCCC)c2)cc1)=C(C)C,,,,invalid
1542,[*]c1ccc(S(=O)(=O)Oc2ccc(OC3(C#N)C(C)(C)c4ccc([*])cc4)c(OC)c3)cc2C1,False,True,False,450.0,0.5,,[*]c1ccc(S(=O)(=O)Oc2ccc(OC3(C#N)C(C)(C)c4ccc([*])cc4)c(OC)c3)cc2C1,,,,invalid
1547,[*]C#CCCCCOc1ccc(/N=C(\C)CCC(=O)NC(=O)Oc2ccc(OC([*])=O)cc2)c(=O)c1,False,True,False,450.0,0.5,,[*]C#CCCCCOc1ccc(/N=C(\C)CCC(=O)NC(=O)Oc2ccc(OC([*])=O)cc2)c(=O)c1,,,,invalid
1548,[*]Cc1ccc2c(c1)C(=O)N(=O)OCCCCCCCSCc1ccc(N([*])C)cc1,False,True,False,450.0,0.5,,[*]Cc1ccc2c(c1)C(=O)N(=O)OCCCCCCCSCc1ccc(N([*])C)cc1,,,,invalid
1558,[*]CC(CC)c1cccc(C#Cc2ccc(-c3nc4ccc([*])cc4)cc3)cc2C1,False,True,False,450.0,0.5,,[*]CC(CC)c1cccc(C#Cc2ccc(-c3nc4ccc([*])cc4)cc3)cc2C1,,,,invalid
1560,[*]CCN(CCCCOC(=O)c1ccc(C2([*])CCCCCCC(=O)OCC(C)(C)C)C2=O)cc1ccccc1,False,True,False,450.0,0.5,,[*]CCN(CCCCOC(=O)c1ccc(C2([*])CCCCCCC(=O)OCC(C)(C)C)C2=O)cc1ccccc1,,,,invalid
1562,[*]CC(=S)Oc1ccc(C(=O)c2ccc(/C=N/C(=O)c3ccc(O[*])cc3)cc2)c2ccccc2c1,False,True,False,450.0,0.5,,[*]CC(=S)Oc1ccc(C(=O)c2ccc(/C=N/C(=O)c3ccc(O[*])cc3)cc2)c2ccccc2c1,,,,invalid
1565,[*]CC([*])C(=O)OCCCCCCOc1ccc2c(c1)CSCC(C1)N2,False,True,False,450.0,0.5,,[*]CC([*])C(=O)OCCCCCCOc1ccc2c(c1)CSCC(C1)N2,,,,invalid
1573,[*]CCc1cc(OC)c([*])cc1C2(=O)OCC3CC3CC(CC)COCC2)c1,False,True,False,450.0,0.5,,[*]CCc1cc(OC)c([*])cc1C2(=O)OCC3CC3CC(CC)COCC2)c1,,,,invalid
1575,[*]C(=O)c1cccc(OC2=C(C)C(=[*])C(C)(C)C)c1C,False,True,False,450.0,0.5,,[*]C(=O)c1cccc(OC2=C(C)C(=[*])C(C)(C)C)c1C,,,,invalid
1576,[*]c1c(C)cc(OCCCCCCC)c(OC(=O)c2ccc3c(c2)C(=O)N(c2ccc([*])cc2C)C3=O)c(OCC)c1C,False,True,False,450.0,0.5,,[*]c1c(C)cc(OCCCCCCC)c(OC(=O)c2ccc3c(c2)C(=O)N(c2ccc([*])cc2C)C3=O)c(OCC)c1C,,,,invalid
1581,[*]C#CC#CCOc1ccc(NC(=O)[Si](C)(C)CCN2C([*])c3cc(C#N)cc3C)cc2)cc1,False,True,False,450.0,0.5,,[*]C#CC#CCOc1ccc(NC(=O)[Si](C)(C)CCN2C([*])c3cc(C#N)cc3C)cc2)cc1,,,,invalid
1583,[*]c1ccc([*])c(N2C(=O)CCCCC(=O)Oc3ccc(-c4ccccc4)cc3)cc2OC)c1,False,True,False,450.0,0.5,,[*]c1ccc([*])c(N2C(=O)CCCCC(=O)Oc3ccc(-c4ccccc4)cc3)cc2OC)c1,,,,invalid
1584,[*]CC([*])c1ccc(CNC(=O)CCCCCOC(=O)c2ccccc2)c2ccc(SCCCCC)cc2)cc1,False,True,False,450.0,0.5,,[*]CC([*])c1ccc(CNC(=O)CCCCCOC(=O)c2ccccc2)c2ccc(SCCCCC)cc2)cc1,,,,invalid
1591,[*]NCCCc1ccc(Nc2cccc(NC(=O)CCCCCCC(=O)Nc3c([*])C)cc2O)c(C)c1,False,True,False,450.0,0.5,,[*]NCCCc1ccc(Nc2cccc(NC(=O)CCCCCCC(=O)Nc3c([*])C)cc2O)c(C)c1,,,,invalid
1595,[*]C(=O)N1C1=[SH]=C(NCCCC)c1ccc(C(=O)c2ccc(C([*])=O)cc2C)cc1,False,True,False,450.0,0.5,,[*]C(=O)N1C1=[SH]=C(NCCCC)c1ccc(C(=O)c2ccc(C([*])=O)cc2C)cc1,,,,invalid
1598,[*]CC([*])c1ccc2c(c1)C(=O)NCCCCSCCOc1ccc(/N=N/c3ccccc3C)cc1,False,True,False,450.0,0.5,,[*]CC([*])c1ccc2c(c1)C(=O)NCCCCSCCOc1ccc(/N=N/c3ccccc3C)cc1,,,,invalid
1600,[*]c1ccc(OC)c(C=N2CCCCC2)c1[*],False,True,False,450.0,0.5,,[*]c1ccc(OC)c(C=N2CCCCC2)c1[*],,,,invalid
1604,[*]CC(CO)CN1C(=O)C(Cc2ccc(C([*])=O)cc2)C([2H])(F)F)C1,False,True,False,450.0,0.5,,[*]CC(CO)CN1C(=O)C(Cc2ccc(C([*])=O)cc2)C([2H])(F)F)C1,,,,invalid
1605,[*]CNC(=O)Sc1ccc(C=C(C)(C)CCC(=O)N[*])cc1,False,True,False,450.0,0.5,,[*]CNC(=O)Sc1ccc(C=C(C)(C)CCC(=O)N[*])cc1,,,,invalid
1617,[*]Nc1ccc(-c2cc(N([*])C(=O)c3ccc(CCCCCCCCC)c(C)c3)cc2[nH]1,False,True,False,450.0,0.5,,[*]Nc1ccc(-c2cc(N([*])C(=O)c3ccc(CCCCCCCCC)c(C)c3)cc2[nH]1,,,,invalid
1621,[*]Oc1ccc2cc(N=C(C)C(=O)OCCN)ccc1[*],False,True,False,450.0,0.5,,[*]Oc1ccc2cc(N=C(C)C(=O)OCCN)ccc1[*],,,,invalid
1626,[*]OC(=O)CCCCCCC(=O)Oc1ccc(C(C)(CCCC)c2ccc(OC([*])=O)cc2)cc1)c1ccccc1,False,True,False,450.0,0.5,,[*]OC(=O)CCCCCCC(=O)Oc1ccc(C(C)(CCCC)c2ccc(OC([*])=O)cc2)cc1)c1ccccc1,,,,invalid
1631,[*]C=C([2H])(C)c1ccc(OC(=O)c2ccc3c(c2)C(=O)N(c2ccc(-c4ccc(C#N)cc4)cc2)C([*])=O)cc1,False,True,False,450.0,0.5,,[*]C=C([2H])(C)c1ccc(OC(=O)c2ccc3c(c2)C(=O)N(c2ccc(-c4ccc(C#N)cc4)cc2)C([*])=O)cc1,,,,invalid
1636,[*]Cc1ccccc1C1=O)c1cc(C)c(/C=C(\C)CCC(=O)O[*])cc1,False,True,False,450.0,0.5,,[*]Cc1ccccc1C1=O)c1cc(C)c(/C=C(\C)CCC(=O)O[*])cc1,,,,invalid
1638,[*]CC([*])C(=O)Oc1ccc2c(c1)C(C)(C)c1ccccc1OCC(CCCCCC)C,False,True,False,450.0,0.5,,[*]CC([*])C(=O)Oc1ccc2c(c1)C(C)(C)c1ccccc1OCC(CCCCCC)C,,,,invalid
1645,[*]OCCCCCOc1ccc(C(=O)c2ccc3c(c2)C(=O)N(CC)c2ccc([*])cc2OC)cc1,False,True,False,450.0,0.5,,[*]OCCCCCOc1ccc(C(=O)c2ccc3c(c2)C(=O)N(CC)c2ccc([*])cc2OC)cc1,,,,invalid
1649,[*]c1ccc(C(=O)N2CCCC([*])=C2CCN(C)CC2)cc1,False,True,False,450.0,0.5,,[*]c1ccc(C(=O)N2CCCC([*])=C2CCN(C)CC2)cc1,,,,invalid
1650,[*]CC([*])CCCCCCN(C)c1ccc2c(c1)C(F)(F)C(F)(F)C(F)(F)C(F)(F)COCCOCCO,False,True,False,450.0,0.5,,[*]CC([*])CCCCCCN(C)c1ccc2c(c1)C(F)(F)C(F)(F)C(F)(F)C(F)(F)COCCOCCO,,,,invalid
1653,[*]NC(C)C(=O)Oc1ccc(/N=C/c2ccc(OC(=O)c3ccccc3)cc2)C([*])=O)cc1,False,True,False,450.0,0.5,,[*]NC(C)C(=O)Oc1ccc(/N=C/c2ccc(OC(=O)c3ccccc3)cc2)C([*])=O)cc1,,,,invalid
1660,[*]CCNC(=O)c1ccc2c(c1)C(=O)NCCCCCC(=O)NC([*])=O,False,True,False,450.0,0.5,,[*]CCNC(=O)c1ccc2c(c1)C(=O)NCCCCCC(=O)NC([*])=O,,,,invalid
1661,[*]Cc1cc(CCCCCCCC)cc1NC(=O)C(=O)NCCCCCCSC([*])=O,False,True,False,450.0,0.5,,[*]Cc1cc(CCCCCCCC)cc1NC(=O)C(=O)NCCCCCCSC([*])=O,,,,invalid
1662,[*]C=C(O)COc1ccc2c(c1)C(=O)OCCCCCCCCOc1ccc(/C=C/c3ccc(O[*])s3)cc1,False,True,False,450.0,0.5,,[*]C=C(O)COc1ccc2c(c1)C(=O)OCCCCCCCCOc1ccc(/C=C/c3ccc(O[*])s3)cc1,,,,invalid
1663,[*]CCOc1cc(C(=C)c2ccc(OCC(F)(F)F)c(-c3ccc(C)c([*])c3)cc2C)c(C)c1,False,True,False,450.0,0.5,,[*]CCOc1cc(C(=C)c2ccc(OCC(F)(F)F)c(-c3ccc(C)c([*])c3)cc2C)c(C)c1,,,,invalid
1669,[*]COc1ccc(/N=C/C(=O)OCCOc2ccc(NC(=O)N(c3cc(C#N)cc3)c3ccc(OC([*])=O)cc3)cc2)cc1,False,True,False,450.0,0.5,,[*]COc1ccc(/N=C/C(=O)OCCOc2ccc(NC(=O)N(c3cc(C#N)cc3)c3ccc(OC([*])=O)cc3)cc2)cc1,,,,invalid
1672,[*]CC([*])C1COC2C(CC)(C(F)(F)F)C(=O)Oc2ccc3c(c1)C(CCC)=O,False,True,False,450.0,0.5,,[*]CC([*])C1COC2C(CC)(C(F)(F)F)C(=O)Oc2ccc3c(c1)C(CCC)=O,,,,invalid
1681,[*]C=CN(C)CCOC(=O)c1cc(C([*])=O)cc(C)n1S,False,True,False,450.0,0.5,,[*]C=CN(C)CCOC(=O)c1cc(C([*])=O)cc(C)n1S,,,,invalid
1690,[*]Nc1ccc(C(Oc2ccc(C(=O)c3ccc(OC)cc3)c3cccc(-c4ccc(C([*])=O)cc4)c3)cc2)cc1,False,True,False,450.0,0.5,,[*]Nc1ccc(C(Oc2ccc(C(=O)c3ccc(OC)cc3)c3cccc(-c4ccc(C([*])=O)cc4)c3)cc2)cc1,,,,invalid
1699,[*]NC1CCCCC(C(=O)c2ccc(OC=CCCC)cc2)C([*])=O1,False,True,False,450.0,0.5,,[*]NC1CCCCC(C(=O)c2ccc(OC=CCCC)cc2)C([*])=O1,,,,invalid
1702,[*]CCN1C(=O)OCC(C)(CCCC)CSc2ccccc2C(=O)O[*])cc1,False,True,False,450.0,0.5,,[*]CCN1C(=O)OCC(C)(CCCC)CSc2ccccc2C(=O)O[*])cc1,,,,invalid
1703,[*]CCCCOC(=O)c1ccc(N2C(=O)CCCC(=O)Nc3ccc(C(=O)C(=O)N[*])cc3)c2)cc1,False,True,False,450.0,0.5,,[*]CCCCOC(=O)c1ccc(N2C(=O)CCCC(=O)Nc3ccc(C(=O)C(=O)N[*])cc3)c2)cc1,,,,invalid
1708,[*]CCCOC(=O)C1CCC(c2cc(OC)c([PH]([*])(C)C(=O)OCCCC)cc2)C(C)=O)cc1,False,True,False,450.0,0.5,,[*]CCCOC(=O)C1CCC(c2cc(OC)c([PH]([*])(C)C(=O)OCCCC)cc2)C(C)=O)cc1,,,,invalid
1709,[*]Oc1c([*])C(=O)Oc1ccc(-c2ccc(C(=O)c3ccc(OC(C)=O)cc3)cc2C)c(C(=O)O)c1,False,True,False,450.0,0.5,,[*]Oc1c([*])C(=O)Oc1ccc(-c2ccc(C(=O)c3ccc(OC(C)=O)cc3)cc2C)c(C(=O)O)c1,,,,invalid
1713,[*]Oc1ccc(NC(=O)CCCC(=O)NNC(=O)c2ccc(C([*])=O)cc2)Sc1,False,True,False,450.0,0.5,,[*]Oc1ccc(NC(=O)CCCC(=O)NNC(=O)c2ccc(C([*])=O)cc2)Sc1,,,,invalid
1729,[*]C(=O)Nc1ccc(C(c2cccc(NC(=O)[Si](C)(C)C([*])=O)c2)cc1,False,True,False,450.0,0.5,,[*]C(=O)Nc1ccc(C(c2cccc(NC(=O)[Si](C)(C)C([*])=O)c2)cc1,,,,invalid
1732,[*]CCN1COC(=O)/C=C(\C)C(=O)Oc2ccc(C([*])(C)CCCC)cc2)C=O,False,True,False,450.0,0.5,,[*]CCN1COC(=O)/C=C(\C)C(=O)Oc2ccc(C([*])(C)CCCC)cc2)C=O,,,,invalid
1736,[*]CC(C)N(C)c1ccc(C(=O)Oc2ccc(CCCCCC)cc2)c2ccc([*])cc2C(F)(F)F)cc1,False,True,False,450.0,0.5,,[*]CC(C)N(C)c1ccc(C(=O)Oc2ccc(CCCCCC)cc2)c2ccc([*])cc2C(F)(F)F)cc1,,,,invalid
1743,[*]CC([*])C(=O)OCCCCCCOC(=O)c1ccc(S(=O)(=O)CCCN2C(=O)c3ccccc3C(F)(F)C(F)(F)F)c2)cc1,False,True,False,450.0,0.5,,[*]CC([*])C(=O)OCCCCCCOC(=O)c1ccc(S(=O)(=O)CCCN2C(=O)c3ccccc3C(F)(F)C(F)(F)F)c2)cc1,,,,invalid
1750,[*]CCCCCCCCCCC(=O)NCc1ccc(CN([*])CCOCCOC)cc1)C(=O)OC,False,True,False,450.0,0.5,,[*]CCCCCCCCCCC(=O)NCc1ccc(CN([*])CCOCCOC)cc1)C(=O)OC,,,,invalid
1751,[*]CC([*])c1ccc([SH](=O)(=O)CN2CCCCCCC(C)CC2)cc1,False,True,False,450.0,0.5,,[*]CC([*])c1ccc([SH](=O)(=O)CN2CCCCCCC(C)CC2)cc1,,,,invalid
1752,[*]Cc1ccc(C(O)CCCCCCC)c(N2C(=O)c3ccc(-c4ccccc4C(=O)O)cc3)c2ccc(C([*])=O)cc2c1,False,True,False,450.0,0.5,,[*]Cc1ccc(C(O)CCCCCCC)c(N2C(=O)c3ccc(-c4ccccc4C(=O)O)cc3)c2ccc(C([*])=O)cc2c1,,,,invalid
1755,[*]Cc1ccc(OC(=O)CCCCS([*])(=O)=O)c(C(=O)OCC[N+](F)(F)C(F)(F)C(F)(F)C(F)(F)C(F)(F)F)c2ccccc21,False,True,False,450.0,0.5,,[*]Cc1ccc(OC(=O)CCCCS([*])(=O)=O)c(C(=O)OCC[N+](F)(F)C(F)(F)C(F)(F)C(F)(F)C(F)(F)F)c2ccccc21,,,,invalid
1767,[*]Oc1ccc(SC(=O)OC(=O)c2ccc3ccccc2C)c(C[N+]([*])(C)C)cc1,False,True,False,450.0,0.5,,[*]Oc1ccc(SC(=O)OC(=O)c2ccc3ccccc2C)c(C[N+]([*])(C)C)cc1,,,,invalid
1771,[*]Cc1cc(CSC(=O)NCCCCCC(=O)NC([*])C#N)c(O)c1,False,True,False,450.0,0.5,,[*]Cc1cc(CSC(=O)NCCCCCC(=O)NC([*])C#N)c(O)c1,,,,invalid
1775,[*]C(=O)Oc1cc(C)c(CCNC(=O)OC1CCC([*])(C)C2=O)cc1C,False,True,False,450.0,0.5,,[*]C(=O)Oc1cc(C)c(CCNC(=O)OC1CCC([*])(C)C2=O)cc1C,,,,invalid
1776,[*]COCCCCCOC(=O)Sc1ccc(-c2cc(C(=O)OCCCCCC)c(N3C(=O)c4ccc(O[*])cc4C3CCCC3)cc2)cc1,False,True,False,450.0,0.5,,[*]COCCCCCOC(=O)Sc1ccc(-c2cc(C(=O)OCCCCCC)c(N3C(=O)c4ccc(O[*])cc4C3CCCC3)cc2)cc1,,,,invalid
1783,[*]NC1CCC(=O)N(CCCCCCc2ccc(O[*])cc2)=C(c2ccccc2C)C1,False,True,False,450.0,0.5,,[*]NC1CCC(=O)N(CCCCCCc2ccc(O[*])cc2)=C(c2ccccc2C)C1,,,,invalid
1787,[*]C(=O)OCCOc1ccc2c(c1)C(=O)N(c1ccc([*])cc1)C(C)C3C,False,True,False,450.0,0.5,,[*]C(=O)OCCOc1ccc2c(c1)C(=O)N(c1ccc([*])cc1)C(C)C3C,,,,invalid
1790,[*]CC([*])C(=O)Oc1ccc(C2(c3ccccc3)CC3OCC(C)(C)C)cc2)cc1,False,True,False,450.0,0.5,,[*]CC([*])C(=O)Oc1ccc(C2(c3ccccc3)CC3OCC(C)(C)C)cc2)cc1,,,,invalid
1798,[*]OC(=O)c1ccc2c(c1)C(=O)OCC([*])C(=O)Oc1cccc(S(=O)(=O)O)c1,False,True,False,450.0,0.5,,[*]OC(=O)c1ccc2c(c1)C(=O)OCC([*])C(=O)Oc1cccc(S(=O)(=O)O)c1,,,,invalid
1800,[*]O[Si](OCCCCCCCC)C1C(C(=O)O)c2ccc(C([*])(C)CCCCCC)cc2)cc(C(=O)OCC(C)C)c1,False,True,False,450.0,0.5,,[*]O[Si](OCCCCCCCC)C1C(C(=O)O)c2ccc(C([*])(C)CCCCCC)cc2)cc(C(=O)OCC(C)C)c1,,,,invalid
1803,[*]C=CCCCCCC(=O)c1ccc2c(c1)C([*])(NC(F)(F)F)C(F)(F)F)cc1,False,True,False,450.0,0.5,,[*]C=CCCCCCC(=O)c1ccc2c(c1)C([*])(NC(F)(F)F)C(F)(F)F)cc1,,,,invalid
1809,[*]CCC(Cc1ccc(OCCCCCC)c([*])o1,False,True,False,450.0,0.5,,[*]CCC(Cc1ccc(OCCCCCC)c([*])o1,,,,invalid
1810,[*]Oc1ccc2c(c1)C(=O)N(CCSCCCC)C(=O)Oc1ccc(OC([*])=O)cc1-c1ccccc1[N+](=O)[O-],False,True,False,450.0,0.5,,[*]Oc1ccc2c(c1)C(=O)N(CCSCCCC)C(=O)Oc1ccc(OC([*])=O)cc1-c1ccccc1[N+](=O)[O-],,,,invalid
1824,[*]CC(CCCC)OC(=O)Nc1ccc2c(=O)n([*])c(=O)c3ccccc2c1,False,True,False,450.0,0.5,,[*]CC(CCCC)OC(=O)Nc1ccc2c(=O)n([*])c(=O)c3ccccc2c1,,,,invalid
1825,[*]NCC([*])CCCCCCC(=O)Nc1ccc([Si](C)(C)COC1,False,True,False,450.0,0.5,,[*]NCC([*])CCCCCCC(=O)Nc1ccc([Si](C)(C)COC1,,,,invalid
1827,[*]CCC(CC)c1ccc(CCOC(=O)c2ccnc([*])s2)o1,False,True,False,450.0,0.5,,[*]CCC(CC)c1ccc(CCOC(=O)c2ccnc([*])s2)o1,,,,invalid
1831,[*]NC(=O)OCCOC(=O)c1cccc(OCc2ccc(C([*])C)cc2)c1-c1ccc2ccccc2c2c1=O,False,True,False,450.0,0.5,,[*]NC(=O)OCCOC(=O)c1cccc(OCc2ccc(C([*])C)cc2)c1-c1ccc2ccccc2c2c1=O,,,,invalid
1834,[*]CC(OCCCCCC)C(=O)OCCOP(=O)(O[*])c1ccc(C(=O)[N+](C#N)(=O)CCCCOC)cc1,False,True,False,450.0,0.5,,[*]CC(OCCCCCC)C(=O)OCCOP(=O)(O[*])c1ccc(C(=O)[N+](C#N)(=O)CCCCOC)cc1,,,,invalid
1842,[*]CCCCCC(CS)(=O)c1ccc(OCC(CCCCCCC)N2C(=O)C(=O)N([*])C=O)cc1,False,True,False,450.0,0.5,,[*]CCCCCC(CS)(=O)c1ccc(OCC(CCCCCCC)N2C(=O)C(=O)N([*])C=O)cc1,,,,invalid
1845,[*]CCC([*])C(=O)Oc1ccc(C(=O)c2ccc3c(c2)C(=O)N(c2ccc(Oc4ccc(C)cc4)ccc2C)C3=O)cc1O,False,True,False,450.0,0.5,,[*]CCC([*])C(=O)Oc1ccc(C(=O)c2ccc3c(c2)C(=O)N(c2ccc(Oc4ccc(C)cc4)ccc2C)C3=O)cc1O,,,,invalid
1846,[*]Nc1ccc(CCCCCCCCCC(=O)Nc2ccc(/C=C/c3ccc4c(c3)C(=O)N([*])CC(C)C)cc2)cc1,False,True,False,450.0,0.5,,[*]Nc1ccc(CCCCCCCCCC(=O)Nc2ccc(/C=C/c3ccc4c(c3)C(=O)N([*])CC(C)C)cc2)cc1,,,,invalid
1848,[*]CC(CCCC)c1ccc(OC(=O)CCCCC(=O)NCC2(CCC(F)(F)F)C2=O)cc1[*],False,True,False,450.0,0.5,,[*]CC(CCCC)c1ccc(OC(=O)CCCCC(=O)NCC2(CCC(F)(F)F)C2=O)cc1[*],,,,invalid
1849,[*]CCCCCCCOc1ccc(/C=N/c2ccc(NC(=O)[SH]N3CCC/C(=O)c4ccc(O[*])cc4)cc3)cc2)cc1,False,True,False,450.0,0.5,,[*]CCCCCCCOc1ccc(/C=N/c2ccc(NC(=O)[SH]N3CCC/C(=O)c4ccc(O[*])cc4)cc3)cc2)cc1,,,,invalid
1851,[*]NC([*])C(=O)OC(=O)c1ccc(/C=C/C(=O)c2ccc(OCCCCCC)cc2)cc1)C(F)(F)F,False,True,False,450.0,0.5,,[*]NC([*])C(=O)OC(=O)c1ccc(/C=C/C(=O)c2ccc(OCCCCCC)cc2)cc1)C(F)(F)F,,,,invalid
1852,[*]CCCCCCCCN1C(=O)C(OCc2ccc(/C=C/CCCCC(=O)O[*])cc2)C2=O)c(C)c1,False,True,False,450.0,0.5,,[*]CCCCCCCCN1C(=O)C(OCc2ccc(/C=C/CCCCC(=O)O[*])cc2)C2=O)c(C)c1,,,,invalid
1854,[*]CCC(=O)N(Cc1ccc(C)c(NC(=O)OC(=O)CCCCC(=O)NNC(=O)c2cccc(S(=O)(=O)OC(=O)c3ccc([N+](=O)[O-])o3)c2)C([*])(C)C)c1,False,True,False,450.0,0.5,,[*]CCC(=O)N(Cc1ccc(C)c(NC(=O)OC(=O)CCCCC(=O)NNC(=O)c2cccc(S(=O)(=O)OC(=O)c3ccc([N+](=O)[O-])o3)c2)C([*])(C)C)c1,,,,invalid
1868,[*]CC([*])(CCCC)C(=O)C/C=C/c1ccc2c(c1)C(F)(F)C(=O)OCCC(C)C,False,True,False,450.0,0.5,,[*]CC([*])(CCCC)C(=O)C/C=C/c1ccc2c(c1)C(F)(F)C(=O)OCCC(C)C,,,,invalid
1871,[*]C=CCO[Si](=O)(C#N)c1ccc2c(c1)C(=O)N([*])OCCOCCCC,False,True,False,450.0,0.5,,[*]C=CCO[Si](=O)(C#N)c1ccc2c(c1)C(=O)N([*])OCCOCCCC,,,,invalid
1874,[*]/C=C/c1ccc2c(c1)C(=O)NCCCCOc1ccc(NC([*])=O)cc1C,False,True,False,450.0,0.5,,[*]/C=C/c1ccc2c(c1)C(=O)NCCCCOc1ccc(NC([*])=O)cc1C,,,,invalid
1879,[*]NC(=O)C(=O)NCC#CCN1C(=O)C(=O)N(CCC(C)C)SC([*])=O,False,True,False,450.0,0.5,,[*]NC(=O)C(=O)NCC#CCN1C(=O)C(=O)N(CCC(C)C)SC([*])=O,,,,invalid
1887,[*]c1ccc2c(c1)OCCOc1cc(C(=O)Nc2ccc(Oc3ccc(S([*])(=O)=O)cc3C)cc2)ccc1OC,False,True,False,450.0,0.5,,[*]c1ccc2c(c1)OCCOc1cc(C(=O)Nc2ccc(Oc3ccc(S([*])(=O)=O)cc3C)cc2)ccc1OC,,,,invalid
1890,[*]C=C([*])c1ccc2ccccc1n2Cc1ccc(C(C)(C)C)c2ccccc12,False,True,False,450.0,0.5,,[*]C=C([*])c1ccc2ccccc1n2Cc1ccc(C(C)(C)C)c2ccccc12,,,,invalid
1891,[*]Oc1ccc(C=N(c2ccccc2)c2ccc(C(C)(C)CCCNC([*])=O)cc2)cc1,False,True,False,450.0,0.5,,[*]Oc1ccc(C=N(c2ccccc2)c2ccc(C(C)(C)CCCNC([*])=O)cc2)cc1,,,,invalid
1922,[*]Nc1ccc(C(=O)c2ccc(Oc3ccc([Si]([*])(C)c4ccc(OC)cc4)cc3)cc2C(=O)O)c(CCCCCCCCC)cc1,False,True,False,450.0,0.5,,[*]Nc1ccc(C(=O)c2ccc(Oc3ccc([Si]([*])(C)c4ccc(OC)cc4)cc3)cc2C(=O)O)c(CCCCCCCCC)cc1,,,,invalid
1931,[*]CC([*])OCCCCCCOc1ccc2cc(C#N)ccc1C,False,True,False,450.0,0.5,,[*]CC([*])OCCCCCCOc1ccc2cc(C#N)ccc1C,,,,invalid
1933,[*]Nc1ccc(/C(=C\c2ccc(OC(=O)CCCCCC)cc2)(C([*])=O)/N=N/c2ccc(Cl)cc2)cc1,False,True,False,450.0,0.5,,[*]Nc1ccc(/C(=C\c2ccc(OC(=O)CCCCCC)cc2)(C([*])=O)/N=N/c2ccc(Cl)cc2)cc1,,,,invalid
1943,[*]O[Si](C)(C)OCCCCCCOc1ccc(C(=O)Oc2ccc(N3C(=O)c4ccc(OC([*])c5ccccc5)cc4)cc3)c(Cl)c2)cc1O,False,True,False,450.0,0.5,,[*]O[Si](C)(C)OCCCCCCOc1ccc(C(=O)Oc2ccc(N3C(=O)c4ccc(OC([*])c5ccccc5)cc4)cc3)c(Cl)c2)cc1O,,,,invalid
1953,[*]COC(=O)Nc1ccc(C2(c3ccc(NC(=O)OCCCCCOP(=O)(O[*])=O)cc3)[N+]=C2\c3ccc([N+](=O)[O-])cc3)cc2)cc1,False,True,False,450.0,0.5,,[*]COC(=O)Nc1ccc(C2(c3ccc(NC(=O)OCCCCCOP(=O)(O[*])=O)cc3)[N+]=C2\c3ccc([N+](=O)[O-])cc3)cc2)cc1,,,,invalid
1964,[*]=NCc1ccc(OC(=O)CNc2ccc(C([*])=O)cc2C(C)C)c(C1,False,True,False,450.0,0.5,,[*]=NCc1ccc(OC(=O)CNc2ccc(C([*])=O)cc2C(C)C)c(C1,,,,invalid
1967,[*]c1cnc(CCCN([*])c2ccccc2)c(-c2nc3ccc(C)o3)o1,False,True,False,450.0,0.5,,[*]c1cnc(CCCN([*])c2ccccc2)c(-c2nc3ccc(C)o3)o1,,,,invalid
1974,[*]C=C(CCCC)c1ccc(N2C(=O)CCC(=O)Oc3ccc(C([*])=O)cc3)cc2)cc1,False,True,False,450.0,0.5,,[*]C=C(CCCC)c1ccc(N2C(=O)CCC(=O)Oc3ccc(C([*])=O)cc3)cc2)cc1,,,,invalid
1975,[*]Nc1ccc(Cc2ccc(NC(=O)c3ccc(OC4CC5CCC(=O)N(C([*])=O)C(=O)c5ccccc5C4=O)cc3)cc2)c(C(F)(F)F)c1,False,True,False,450.0,0.5,,[*]Nc1ccc(Cc2ccc(NC(=O)c3ccc(OC4CC5CCC(=O)N(C([*])=O)C(=O)c5ccccc5C4=O)cc3)cc2)c(C(F)(F)F)c1,,,,invalid
1977,[*]Nc1ccc(C)cc1CCCCC1CCC(C)(C)CS([*])(=O)=O)cc1,False,True,False,450.0,0.5,,[*]Nc1ccc(C)cc1CCCCC1CCC(C)(C)CS([*])(=O)=O)cc1,,,,invalid
1978,[*]CCOCCCCC1CC(=O)N(Cc2ccccc2OC(=O)C(CC(C)C(=O)O[*])C2=O)C(F)(F)F)C(F)(F)F)c(C1Cl,False,True,False,450.0,0.5,,[*]CCOCCCCC1CC(=O)N(Cc2ccccc2OC(=O)C(CC(C)C(=O)O[*])C2=O)C(F)(F)F)C(F)(F)F)c(C1Cl,,,,invalid
1980,[*]C=CCCCOc1ccc(NC(=O)[Se]N2C(=O)c3ccccc3C(=O)O[*])c2)cc1,False,True,False,450.0,0.5,,[*]C=CCCCOc1ccc(NC(=O)[Se]N2C(=O)c3ccccc3C(=O)O[*])c2)cc1,,,,invalid
1988,[*]/C=C(\C#N)CCCCOc1c(C)cc([*])c2ccccc1N,False,True,False,450.0,0.5,,[*]/C=C(\C#N)CCCCOc1c(C)cc([*])c2ccccc1N,,,,invalid
1990,[*]Nc1cccc(NC(=O)COCCCCCCOc2ccc(C([*])=O)cc2C(=O)S2)c1,False,True,False,450.0,0.5,,[*]Nc1cccc(NC(=O)COCCCCCCOc2ccc(C([*])=O)cc2C(=O)S2)c1,,,,invalid
1999,[*]Cc1ccc(CNC(=O)Oc2ccc3c(c2)C(=O)N(C)C(C)(C)c2ccc(S([*])=O)cc2)cc1,False,True,False,450.0,0.5,,[*]Cc1ccc(CNC(=O)Oc2ccc3c(c2)C(=O)N(C)C(C)(C)c2ccc(S([*])=O)cc2)cc1,,,,invalid
2014,[*]Nc1cc(OCc2ccc(P([*])(=O)C)cc2)c2cc(C=C(C)C)ccc2Cl)cc1,False,True,False,500.0,0.5,,[*]Nc1cc(OCc2ccc(P([*])(=O)C)cc2)c2cc(C=C(C)C)ccc2Cl)cc1,,,,invalid
2016,[*]Nc1ccc2c([*])ccc1C(=O)c1ccc2c(O)cc(C(=O)Oc3ccc(C4(C)c5ccccc54)cc3)cc1,False,True,False,500.0,0.5,,[*]Nc1ccc2c([*])ccc1C(=O)c1ccc2c(O)cc(C(=O)Oc3ccc(C4(C)c5ccccc54)cc3)cc1,,,,invalid
2019,[*]C=C([*])C(=O)OCCCCCCCCOC(=O)Nc1ccc2c(c1)c1ccccc1/C=C/c1ccc(OC)cc1,False,True,False,500.0,0.5,,[*]C=C([*])C(=O)OCCCCCCCCOC(=O)Nc1ccc2c(c1)c1ccccc1/C=C/c1ccc(OC)cc1,,,,invalid
2021,[*]CCCCCOC(=O)Nc1cccc(/C=C/C(=O)O[*])c(Sc2ccc(OCCCC)cc2)c1,False,True,False,500.0,0.5,,[*]CCCCCOC(=O)Nc1cccc(/C=C/C(=O)O[*])c(Sc2ccc(OCCCC)cc2)c1,,,,invalid
2029,[*]CC1CCC(CC(=O)Nc2ccc([N+](=O)[O-])cc2)C2CCCCC1[*],False,True,False,500.0,0.5,,[*]CC1CCC(CC(=O)Nc2ccc([N+](=O)[O-])cc2)C2CCCCC1[*],,,,invalid
2043,[*]CC([*])C(C)(CCCC(F)(F)F)C1(C)C,False,True,False,500.0,0.5,,[*]CC([*])C(C)(CCCC(F)(F)F)C1(C)C,,,,invalid
2046,[*]CC(C)CCCCCC(=O)Nc1ccc(C(O)COc2ccc(OC(=O)c3ccc4c(c3)c3ccc([*])cc3-c3ccccc3)cc2)cc1,False,True,False,500.0,0.5,,[*]CC(C)CCCCCC(=O)Nc1ccc(C(O)COc2ccc(OC(=O)c3ccc4c(c3)c3ccc([*])cc3-c3ccccc3)cc2)cc1,,,,invalid
2055,[*]C=CCCCCCN1C(=O)c2ccc(SCC/C=C/c3ccc(C(=O)N[*])cc3)cc2)cc1,False,True,False,500.0,0.5,,[*]C=CCCCCCN1C(=O)c2ccc(SCC/C=C/c3ccc(C(=O)N[*])cc3)cc2)cc1,,,,invalid
2057,[*]CCC([*])C(=O)OCCC(C)c1ccc2c(c1)C(C)=C(C)C,False,True,False,500.0,0.5,,[*]CCC([*])C(=O)OCCC(C)c1ccc2c(c1)C(C)=C(C)C,,,,invalid
2060,[*]Oc1ccc(C(=O)c2ccc(Oc3ccc(N4CCCCC(C)(C)COC([*])=O)cc4)cc3)cc2)cc1,False,True,False,500.0,0.5,,[*]Oc1ccc(C(=O)c2ccc(Oc3ccc(N4CCCCC(C)(C)COC([*])=O)cc4)cc3)cc2)cc1,,,,invalid
2061,[*]CC([*])c1ccc(C(=O)Sc2ccc3cc(OCCCCCC(C)CC#N)ccc2N)c(O)c1,False,True,False,500.0,0.5,,[*]CC([*])c1ccc(C(=O)Sc2ccc3cc(OCCCCCC(C)CC#N)ccc2N)c(O)c1,,,,invalid
2062,[*]C(=O)OCCCc1ccc(N2C(=O)c3ccc([*])cc3)cc1,False,True,False,500.0,0.5,,[*]C(=O)OCCCc1ccc(N2C(=O)c3ccc([*])cc3)cc1,,,,invalid
2063,[*]N=C(c1ccc(OC(=O)c2ccc(O[*])cc2Br)C(=O)OCC(CCCC)C(C)C)cc1,False,True,False,500.0,0.5,,[*]N=C(c1ccc(OC(=O)c2ccc(O[*])cc2Br)C(=O)OCC(CCCC)C(C)C)cc1,,,,invalid
2071,[*]OCC1C(=O)N(c2ccc(OCCC[Si]([*])(C)O[Si](C)(C)C)cc2)c2ccc(CCCC)nc2)cc1,False,True,False,500.0,0.5,,[*]OCC1C(=O)N(c2ccc(OCCC[Si]([*])(C)O[Si](C)(C)C)cc2)c2ccc(CCCC)nc2)cc1,,,,invalid
2084,[*]Nc1cccc(NC(=O)C(c2ccccc2)c2ccc(C(c3ccc(C([*])=O)cc3)cc2)c2ccccc2)cc1,False,True,False,500.0,0.5,,[*]Nc1cccc(NC(=O)C(c2ccccc2)c2ccc(C(c3ccc(C([*])=O)cc3)cc2)c2ccccc2)cc1,,,,invalid
2089,[*]Nc1ccc(NC(=O)c2cccc([Si](C)(CCCCCCCCCCCOc3ccc(C([*])=O)cc3)c2)CC2)cc1,False,True,False,500.0,0.5,,[*]Nc1ccc(NC(=O)c2cccc([Si](C)(CCCCCCCCCCCOc3ccc(C([*])=O)cc3)c2)CC2)cc1,,,,invalid
2096,[*]CC(=O)Oc1ccc(C(=O)Oc2ccc(C3(c4ccc([*])cc4)C(=O)C3C(=O)OCCCCC(C)(C)C)=C3)cc2)cc1,False,True,False,500.0,0.5,,[*]CC(=O)Oc1ccc(C(=O)Oc2ccc(C3(c4ccc([*])cc4)C(=O)C3C(=O)OCCCCC(C)(C)C)=C3)cc2)cc1,,,,invalid
2097,[*]CNC(=O)c1ccc(Cc2ccc(NC4CCCC([*])CC4C3)o2)cc1,False,True,False,500.0,0.5,,[*]CNC(=O)c1ccc(Cc2ccc(NC4CCCC([*])CC4C3)o2)cc1,,,,invalid
2099,[*]Cc1ccc2c(c1)CCCCC(F)(F)C([*])(F)F,False,True,False,500.0,0.5,,[*]Cc1ccc2c(c1)CCCCC(F)(F)C([*])(F)F,,,,invalid
2103,[*]CC=CCCCCCOCCCCCCS1C(=O)c2ccc(/N=C/c3ccc(C(=O)C[*])cc3)cc2c1,False,True,False,500.0,0.5,,[*]CC=CCCCCCOCCCCCCS1C(=O)c2ccc(/N=C/c3ccc(C(=O)C[*])cc3)cc2c1,,,,invalid
2116,[*]Cc1ccc(C(=O)NCCCCCCCCCCOc2ccc(/C=C(\C)c3ccc(Oc4ccc(C([*])=O)cc4)cc3)cc2)c2ccccc2)cc1,False,True,False,500.0,0.5,,[*]Cc1ccc(C(=O)NCCCCCCCCCCOc2ccc(/C=C(\C)c3ccc(Oc4ccc(C([*])=O)cc4)cc3)cc2)c2ccccc2)cc1,,,,invalid
2120,[*]/C=C/c1cc(OC)c(OCC(C)CCCCCOc2ccc(S(=O)(=O)Oc3ccc([*])cc3)cc2)c1C,False,True,False,500.0,0.5,,[*]/C=C/c1cc(OC)c(OCC(C)CCCCCOc2ccc(S(=O)(=O)Oc3ccc([*])cc3)cc2)c1C,,,,invalid
2121,[*]c1ccc(CCCCC(=O)Oc2ccc(C([*])([2H])=O)cc2)c2ccc([N+](=O)[O-])cc2)cc1,False,True,False,500.0,0.5,,[*]c1ccc(CCCCC(=O)Oc2ccc(C([*])([2H])=O)cc2)c2ccc([N+](=O)[O-])cc2)cc1,,,,invalid
2125,[*]O[Si]([*])(C)OCCN(CC)c1ccc(Oc2ccc3c(c2)C(=O)N(C)C(C)C)cc1,False,True,False,500.0,0.5,,[*]O[Si]([*])(C)OCCN(CC)c1ccc(Oc2ccc3c(c2)C(=O)N(C)C(C)C)cc1,,,,invalid
2132,[*]CC=Cc1cc(OCCCCCC)c(C(=O)Nc2ccc(C=[*])cc2)cc1[SH](=O)(=O)O[Na],False,True,False,500.0,0.5,,[*]CC=Cc1cc(OCCCCCC)c(C(=O)Nc2ccc(C=[*])cc2)cc1[SH](=O)(=O)O[Na],,,,invalid
2136,[*]Oc1cc(CCCCC([*])O[Si](C)(C)C(=O)Oc2ccc(N(C)C(=O)c3ccc(C#N)cc3)cc2)c2ccccc2)cc1,False,True,False,500.0,0.5,,[*]Oc1cc(CCCCC([*])O[Si](C)(C)C(=O)Oc2ccc(N(C)C(=O)c3ccc(C#N)cc3)cc2)c2ccccc2)cc1,,,,invalid
2138,[*]c1ccc(C(=O)c2cccc([*])n2)cc1-c1ccc(OC(=O)N(CCCC(C)(C)C)cc1)C2=O,False,True,False,500.0,0.5,,[*]c1ccc(C(=O)c2cccc([*])n2)cc1-c1ccc(OC(=O)N(CCCC(C)(C)C)cc1)C2=O,,,,invalid
2141,[*]CN1CCC(C2(c3ccc(S(=O)(=O)OCCCCc4ccc([*])cc4)cc3)S2=O)CC1,False,True,False,500.0,0.5,,[*]CN1CCC(C2(c3ccc(S(=O)(=O)OCCCCc4ccc([*])cc4)cc3)S2=O)CC1,,,,invalid
2150,[*]CCC(CCCCNC(=O)c1ccc(S(=O)(=O)O[*])c2ccccc2C=CC(CN)C2)cc1,False,True,False,500.0,0.5,,[*]CCC(CCCCNC(=O)c1ccc(S(=O)(=O)O[*])c2ccccc2C=CC(CN)C2)cc1,,,,invalid
2151,[*]Nc1cc(O)c(S(=O)(=O)c2ccc(OCC([*])CCN3C(C)(C)C)cc2)cc1-c1ccc(Cl)cc1,False,True,False,500.0,0.5,,[*]Nc1cc(O)c(S(=O)(=O)c2ccc(OCC([*])CCN3C(C)(C)C)cc2)cc1-c1ccc(Cl)cc1,,,,invalid
2157,[*]Cc1ccc(OC(=O)c2ccc3c(c2)c2ccc(C(=O)OCCCC)cc2[N+]([*])(C)C)cc1,False,True,False,500.0,0.5,,[*]Cc1ccc(OC(=O)c2ccc3c(c2)c2ccc(C(=O)OCCCC)cc2[N+]([*])(C)C)cc1,,,,invalid
2158,[*]CCCOc1ccc(/C=C(\C)[Si](C)(C)C(=[*])CCCCCC)c2ccc3ccccc2c2C(=O)C(C)C3)cc1,False,True,False,500.0,0.5,,[*]CCCOc1ccc(/C=C(\C)[Si](C)(C)C(=[*])CCCCCC)c2ccc3ccccc2c2C(=O)C(C)C3)cc1,,,,invalid
2161,[*]C=C(CCCCCN(C(=O)O[*])C(=O)OCC(F)(F)C(F)(F)F)C(=O)C1,False,True,False,500.0,0.5,,[*]C=C(CCCCCN(C(=O)O[*])C(=O)OCC(F)(F)C(F)(F)F)C(=O)C1,,,,invalid
2172,[*]/C=C/c1ccc(NC(=O)COc2ccc(C(=O)OCCCCCCOc3ccc(OC)cc3)c(C([*])(=O)OC)c2)cc1,False,True,False,500.0,0.5,,[*]/C=C/c1ccc(NC(=O)COc2ccc(C(=O)OCCCCCCOc3ccc(OC)cc3)c(C([*])(=O)OC)c2)cc1,,,,invalid
2186,[*]CC(=O)N(CCCCC)c1ccc(NC(=O)c2ccc(OCC3CCC(C4)NCC3)cc2)cc1[*],False,True,False,500.0,0.5,,[*]CC(=O)N(CCCCC)c1ccc(NC(=O)c2ccc(OCC3CCC(C4)NCC3)cc2)cc1[*],,,,invalid
2187,[*]CC([*])(C)C(=O)OCCN(CC(=O)c1ccc(O[*])c(F)c1)c1ccc(N2C(=O)c3cc(F)c(F)c(Cl)cc3C2=O)cc1,False,True,False,500.0,0.5,,[*]CC([*])(C)C(=O)OCCN(CC(=O)c1ccc(O[*])c(F)c1)c1ccc(N2C(=O)c3cc(F)c(F)c(Cl)cc3C2=O)cc1,,,,invalid
2190,[*]NC(=O)C=CCS([*])(=O)=O)OCc1ccccc1C,False,True,False,500.0,0.5,,[*]NC(=O)C=CCS([*])(=O)=O)OCc1ccccc1C,,,,invalid
2191,[*]CCCCCCOc1ccc(C(=O)c2ccc(OCC(CCCCCCC)C(=O)Nc3ccc(C([*])=O)cc3)c3ccccc3C(=O)OCCCCCC)cc2)cc1,False,True,False,500.0,0.5,,[*]CCCCCCOc1ccc(C(=O)c2ccc(OCC(CCCCCCC)C(=O)Nc3ccc(C([*])=O)cc3)c3ccccc3C(=O)OCCCCCC)cc2)cc1,,,,invalid
2193,[*]CCC([*])CCCCOCCCCC[N+](=O)(C)Cc1ccccc1,False,True,False,500.0,0.5,,[*]CCC([*])CCCCOCCCCC[N+](=O)(C)Cc1ccccc1,,,,invalid
2197,[*]CC1(CCOC(=O)NCCCCCCN)C(=O)c2ccc(C(=O)NC(=O)C(=[*])C3)cc2)cc1,False,True,False,500.0,0.5,,[*]CC1(CCOC(=O)NCCCCCCN)C(=O)c2ccc(C(=O)NC(=O)C(=[*])C3)cc2)cc1,,,,invalid
2208,[*]NC(=O)c1ccc(OCCOC(=O)Nc2ccc(CNC(=O)OCCCCCCOc3ccc(C([*])=O)cc3)cc2)cc1)c1ccc([Si](C)(C)C)cc1,False,True,False,500.0,0.5,,[*]NC(=O)c1ccc(OCCOC(=O)Nc2ccc(CNC(=O)OCCCCCCOc3ccc(C([*])=O)cc3)cc2)cc1)c1ccc([Si](C)(C)C)cc1,,,,invalid
2211,[*]NC(=O)Oc1ccc(C2CCCNC(=O)c3ccc(C([*])=O)cc3)COC2=O)cc1,False,True,False,500.0,0.5,,[*]NC(=O)Oc1ccc(C2CCCNC(=O)c3ccc(C([*])=O)cc3)COC2=O)cc1,,,,invalid
2212,[*]CCCCCOc1ccc(CCc2ccc([*])cc2C(=O)c2ccccc2)cc1OC1CCCCC(C)(C)Cc1ccccc1,False,True,False,500.0,0.5,,[*]CCCCCOc1ccc(CCc2ccc([*])cc2C(=O)c2ccccc2)cc1OC1CCCCC(C)(C)Cc1ccccc1,,,,invalid
2214,[*]C(=O)Nc1ccc(-c2ccc(NC(=O)c3ccc4c(c3)c3ccc(OCCOc4ccc(C([*])=O)cc4)cc3S(=O)(=O)OC)cc2)cc1,False,True,False,500.0,0.5,,[*]C(=O)Nc1ccc(-c2ccc(NC(=O)c3ccc4c(c3)c3ccc(OCCOc4ccc(C([*])=O)cc4)cc3S(=O)(=O)OC)cc2)cc1,,,,invalid
2216,[*]Oc1ccc2c(c1)C(=O)N(CCCCC(F)(F)F)c1ccc(OC(=O)c3ccc([*])cc3)cc1,False,True,False,500.0,0.5,,[*]Oc1ccc2c(c1)C(=O)N(CCCCC(F)(F)F)c1ccc(OC(=O)c3ccc([*])cc3)cc1,,,,invalid
2219,[*]CC([*])OC(=O)c1ccc2c(c1)C(=O)NCCCCC(=O)N(C)c1ccc(C(=O)OC(=S)CO)cc1,False,True,False,500.0,0.5,,[*]CC([*])OC(=O)c1ccc2c(c1)C(=O)NCCCCC(=O)N(C)c1ccc(C(=O)OC(=S)CO)cc1,,,,invalid
2221,[*]CCCCCCC1CC1C(=O)C([*])C[N+](CC)(C)CC1CC,False,True,False,500.0,0.5,,[*]CCCCCCC1CC1C(=O)C([*])C[N+](CC)(C)CC1CC,,,,invalid
2227,[*]OC1CCCCC(N2C([*])C(=O)C2(F)(F)F)C1=O,False,True,False,500.0,0.5,,[*]OC1CCCCC(N2C([*])C(=O)C2(F)(F)F)C1=O,,,,invalid
2232,[*]CC(=O)NCCCCCCCCN1C(=O)c2ccc(OC(=O)S[*])cc2)cc1,False,True,False,500.0,0.5,,[*]CC(=O)NCCCCCCCCN1C(=O)c2ccc(OC(=O)S[*])cc2)cc1,,,,invalid
2233,[*]Oc1ccc(N2C(=O)CC[Si](C([*])=O)OCC)cc1,False,True,False,500.0,0.5,,[*]Oc1ccc(N2C(=O)CC[Si](C([*])=O)OCC)cc1,,,,invalid
2236,[*]CC([*])COC(=O)C(C)CCC[N+](=O)(Cl)c1ccc([SiH](=O)OCC)cc1,False,True,False,500.0,0.5,,[*]CC([*])COC(=O)C(C)CCC[N+](=O)(Cl)c1ccc([SiH](=O)OCC)cc1,,,,invalid
2238,[*]C[Si]([*])(C)OCCCCCCN1C(=O)c2ccc(-c3ccc(C(=O)OCc4ccccc4)o3)o2)cc1,False,True,False,500.0,0.5,,[*]C[Si]([*])(C)OCCCCCCN1C(=O)c2ccc(-c3ccc(C(=O)OCc4ccccc4)o3)o2)cc1,,,,invalid
2239,[*]Cc1ccc2c(c1)C(=O)N(c1ccc(-c3cc(OCCCCOC(C)=O)ccc3)cc1)S[*],False,True,False,500.0,0.5,,[*]Cc1ccc2c(c1)C(=O)N(c1ccc(-c3cc(OCCCCOC(C)=O)ccc3)cc1)S[*],,,,invalid
2241,[*]C=C(C)c1ccc(Cc2ccc(OCC(=O)O[*])cc2)c2ccccc2ccccc12,False,True,False,500.0,0.5,,[*]C=C(C)c1ccc(Cc2ccc(OCC(=O)O[*])cc2)c2ccccc2ccccc12,,,,invalid
2243,[*]NC(C)CCOC(=O)c1ccc(C(=O)OCCCC[N+](-c2cccc(C([*])=O)c2)C#N)cc1)C(=O)OCCC,False,True,False,500.0,0.5,,[*]NC(C)CCOC(=O)c1ccc(C(=O)OCCCC[N+](-c2cccc(C([*])=O)c2)C#N)cc1)C(=O)OCCC,,,,invalid
2246,[*]OCCCCCCOC(=O)c1ccc2c(c1)C(=O)Oc1ccc(C(=O)OCCCCCCOc3ccc([*])cc3)cc1,False,True,False,500.0,0.5,,[*]OCCCCCCOC(=O)c1ccc2c(c1)C(=O)Oc1ccc(C(=O)OCCCCCCOc3ccc([*])cc3)cc1,,,,invalid
2251,[*]CC([*])C(=O)Oc1ccc(N2C(=O)CCCC2C[Si]2)cc1,False,True,False,500.0,0.5,,[*]CC([*])C(=O)Oc1ccc(N2C(=O)CCCC2C[Si]2)cc1,,,,invalid
2256,[*]NC(=O)c1ccc2c(c1)C(=O)OCC[N+](C)(C)C([*])=O,False,True,False,500.0,0.5,,[*]NC(=O)c1ccc2c(c1)C(=O)OCC[N+](C)(C)C([*])=O,,,,invalid
2257,[*]CCCCP(=O)(CCCCC)Nc1ccc(COC(=O)c2ccc(N3CC(C)CCC(=O)O[*])cc3)s2)cc1C,False,True,False,500.0,0.5,,[*]CCCCP(=O)(CCCCC)Nc1ccc(COC(=O)c2ccc(N3CC(C)CCC(=O)O[*])cc3)s2)cc1C,,,,invalid
2268,[*]C(=C=C=C=C)C([*])(OCCCCCOc1ccc(-c2ccc(OC(=O)c3ccccc3)cc2)cc1)=Oc1ccc(OC(C)=O)cc1,False,True,False,500.0,0.5,,[*]C(=C=C=C=C)C([*])(OCCCCCOc1ccc(-c2ccc(OC(=O)c3ccccc3)cc2)cc1)=Oc1ccc(OC(C)=O)cc1,,,,invalid
2271,[*]Nc1ccc(C(=O)Nc2ccc(OC(=O)c3cccc(C(=O)NNC(=O)c4ccc(O[*])cc4)c3)cc2)cc1)c1ccc(C#N)cc1,False,True,False,500.0,0.5,,[*]Nc1ccc(C(=O)Nc2ccc(OC(=O)c3cccc(C(=O)NNC(=O)c4ccc(O[*])cc4)c3)cc2)cc1)c1ccc(C#N)cc1,,,,invalid
2279,[*]c1ccc(OC(=O)c2ccc(COc3ccc(S([*])(=O)=O)cc3)cc2Sc2ccccc2)c(C(=O)Oc2ccccc2)cc1,False,True,False,500.0,0.5,,[*]c1ccc(OC(=O)c2ccc(COc3ccc(S([*])(=O)=O)cc3)cc2Sc2ccccc2)c(C(=O)Oc2ccccc2)cc1,,,,invalid
2281,[*]c1ccc2c(c1)C([*])c1ccc(O)c(O[Si](C)(C)C#N)c1,False,True,False,500.0,0.5,,[*]c1ccc2c(c1)C([*])c1ccc(O)c(O[Si](C)(C)C#N)c1,,,,invalid
2284,[*]CC([*])(C)C(=O)OCC1C(=O)N(CCCCCC)[N+]1ccc(OC)cc1,False,True,False,500.0,0.5,,[*]CC([*])(C)C(=O)OCC1C(=O)N(CCCCCC)[N+]1ccc(OC)cc1,,,,invalid
2286,[*]NC(=O)C(CCCCC(=O)OCCOCCN)C([*])=O)C[Si](C)(C)C,False,True,False,500.0,0.5,,[*]NC(=O)C(CCCCC(=O)OCCOCCN)C([*])=O)C[Si](C)(C)C,,,,invalid
2287,[*]Cc1ccc(OCCN([*])C(=O)c2ccccc2)c(C(=O)OC(Oc2ccc(S(=O)(=O)O[Si](C)(C)C(F)(F)F)C(F)(F)F)cc2)c1,False,True,False,500.0,0.5,,[*]Cc1ccc(OCCN([*])C(=O)c2ccccc2)c(C(=O)OC(Oc2ccc(S(=O)(=O)O[Si](C)(C)C(F)(F)F)C(F)(F)F)cc2)c1,,,,invalid
2290,[*]CCCOCCCCOC(=O)c1ccc2c(c1)C(=O)N(c1ccc(C(=O)O[*])cc1O[SiH],False,True,False,500.0,0.5,,[*]CCCOCCCCOC(=O)c1ccc2c(c1)C(=O)N(c1ccc(C(=O)O[*])cc1O[SiH],,,,invalid
2297,[*]CC(=O)OCCCCN1C(=O)c2ccc(COc3ccc(C(=O)O[*])cc3)cc2)C(=O)N(C)c2ccccc21,False,True,False,500.0,0.5,,[*]CC(=O)OCCCCN1C(=O)c2ccc(COc3ccc(C(=O)O[*])cc3)cc2)C(=O)N(C)c2ccccc21,,,,invalid
2302,[*]CC1(CCCCCCOc2ccc([*])cc2)C1(C)CCCC1,False,True,False,500.0,0.5,,[*]CC1(CCCCCCOc2ccc([*])cc2)C1(C)CCCC1,,,,invalid
2306,[*]CC([*])(C)C(=O)OCC=CC(CCCCC)c1ccc(N2C(=O)OCC(C)C)cc1,False,True,False,500.0,0.5,,[*]CC([*])(C)C(=O)OCC=CC(CCCCC)c1ccc(N2C(=O)OCC(C)C)cc1,,,,invalid
2307,[*]CC([*])c1cccc(OCCCCCCCCCC)c1-c1ccc(NC(=O)c2ccc(-c3ccc(C(=O)OC)cc3)cc2C)c1,False,True,False,500.0,0.5,,[*]CC([*])c1cccc(OCCCCCCCCCC)c1-c1ccc(NC(=O)c2ccc(-c3ccc(C(=O)OC)cc3)cc2C)c1,,,,invalid
2334,[*]Cc1ccc(CCCCCN(C)C(=O)CCC(=CCCO[*])=O)c2ccccc21,False,True,False,500.0,0.5,,[*]Cc1ccc(CCCCCN(C)C(=O)CCC(=CCCO[*])=O)c2ccccc21,,,,invalid
2336,[*]Oc1ccc(OC(=O)c2ccc3c(c2)C(=O)N(CC)c2ccc(C(=O)OCCCCC(C)OCC)cc2)cc1[*],False,True,False,500.0,0.5,,[*]Oc1ccc(OC(=O)c2ccc3c(c2)C(=O)N(CC)c2ccc(C(=O)OCCCCC(C)OCC)cc2)cc1[*],,,,invalid
2338,[*]Oc1ccc(NC(=O)c2cc(Oc3ccc(OC(=O)CCC([*])=O)cc3Br)c(C(F)(F)F)c2)c(C(F)(F)F)c1C,False,True,False,500.0,0.5,,[*]Oc1ccc(NC(=O)c2cc(Oc3ccc(OC(=O)CCC([*])=O)cc3Br)c(C(F)(F)F)c2)c(C(F)(F)F)c1C,,,,invalid
2340,[*]c1ccc(OC(=CCCCCCCC)c2ccc(N3C(=O)C([*])CCCCC3CC3C3=O)cc2)c(C(F)(F)F)c1,False,True,False,500.0,0.5,,[*]c1ccc(OC(=CCCCCCCC)c2ccc(N3C(=O)C([*])CCCCC3CC3C3=O)cc2)c(C(F)(F)F)c1,,,,invalid
2345,[*]CCC(CO)C([*])=C[SH](=O)(=O)=O,False,True,False,500.0,0.5,,[*]CCC(CO)C([*])=C[SH](=O)(=O)=O,,,,invalid
2356,[*]N=P([*])(C#N)CCCCc1ccc(OC(=O)C(C)CC2)cc1,False,True,False,500.0,0.5,,[*]N=P([*])(C#N)CCCCc1ccc(OC(=O)C(C)CC2)cc1,,,,invalid
2378,[*]CC(=O)NCCCCCCCNC(=O)CC/C(=[SH])(OCC(F)(F)F)C(=O)OC1CCCOC1[*],False,True,False,500.0,0.5,,[*]CC(=O)NCCCCCCCNC(=O)CC/C(=[SH])(OCC(F)(F)F)C(=O)OC1CCCOC1[*],,,,invalid
2384,[*]CC1CCCN(C)C(=O)c2ccc(CCCCCCO[Si](=O)c3ccc(C([*])=O)cc3)cc2)CC1=O,False,True,False,500.0,0.5,,[*]CC1CCCN(C)C(=O)c2ccc(CCCCCCO[Si](=O)c3ccc(C([*])=O)cc3)cc2)CC1=O,,,,invalid
2385,[*]NC(=O)c1ccc(C([*])=NCCCCCCCC)cc1)COC(=O)NCCOC,False,True,False,500.0,0.5,,[*]NC(=O)c1ccc(C([*])=NCCCCCCCC)cc1)COC(=O)NCCOC,,,,invalid
2389,[*]CC(C)COC(=O)C1CC(=COCC)C([*])C,False,True,False,500.0,0.5,,[*]CC(C)COC(=O)C1CC(=COCC)C([*])C,,,,invalid
2395,[*]Oc1cc(C(OCC)COC(=O)Nc2ccc(SCCN3C([*])=O)cc3)[nH]2)cc(C(=O)OC(C)C)c1,False,True,False,500.0,0.5,,[*]Oc1cc(C(OCC)COC(=O)Nc2ccc(SCCN3C([*])=O)cc3)[nH]2)cc(C(=O)OC(C)C)c1,,,,invalid
2398,[*]CC([*])c1ccc(OCCCCC)c2cc(c1)C(=O)OC,False,True,False,500.0,0.5,,[*]CC([*])c1ccc(OCCCCC)c2cc(c1)C(=O)OC,,,,invalid
2406,[*]Oc1ccc(NC(=O)c2cc(C([*])CCCCC)ccc2Oc2ccc3ccccc23)cc1,False,True,False,500.0,0.5,,[*]Oc1ccc(NC(=O)c2cc(C([*])CCCCC)ccc2Oc2ccc3ccccc23)cc1,,,,invalid
2413,[*]Cc1cc(C#N)c(-c2ccc(OCCCCCC)c([*])c2)c2ccc(O)cc2c1O,False,True,False,500.0,0.5,,[*]Cc1cc(C#N)c(-c2ccc(OCCCCCC)c([*])c2)c2ccc(O)cc2c1O,,,,invalid
2414,[*]Cc1ccc(C#N)c(-c2ccc(N=C([*])C(=O)OCC)cc2)cc1,False,True,False,500.0,0.5,,[*]Cc1ccc(C#N)c(-c2ccc(N=C([*])C(=O)OCC)cc2)cc1,,,,invalid
2420,[*]CC=CCOC(=O)Oc1c(CC(=O)OC)cc(C(=O)Oc2ccc([*])cc2)c1,False,True,False,500.0,0.5,,[*]CC=CCOC(=O)Oc1c(CC(=O)OC)cc(C(=O)Oc2ccc([*])cc2)c1,,,,invalid
2421,[*]CCc1ccc2c(c1)C(=O)OCCOCCOc1ccc(-c2ccc(/C=C/c3ccc(O[*])cc3C)cc1)(C(F)(F)F)C(F)(F)F)cc1,False,True,False,500.0,0.5,,[*]CCc1ccc2c(c1)C(=O)OCCOCCOc1ccc(-c2ccc(/C=C/c3ccc(O[*])cc3C)cc1)(C(F)(F)F)C(F)(F)F)cc1,,,,invalid
2422,[*]C(=O)Oc1ccc(/C=C2\CCCCC(c3ccc(-c4ccc(OC)cc4)cc3)C(=O)N(c3ccc(C([*])=O)cc2)C2=O)cc1,False,True,False,500.0,0.5,,[*]C(=O)Oc1ccc(/C=C2\CCCCC(c3ccc(-c4ccc(OC)cc4)cc3)C(=O)N(c3ccc(C([*])=O)cc2)C2=O)cc1,,,,invalid
2429,[*]Oc1ccc(CCCCCC(=O)Oc2ccc(S([*])(=O)=O)cc2)c2ccccc2ccccc12,False,True,False,500.0,0.5,,[*]Oc1ccc(CCCCCC(=O)Oc2ccc(S([*])(=O)=O)cc2)c2ccccc2ccccc12,,,,invalid
2432,[*]Oc1ccc(NC(=O)C(Oc2ccc(C=C(C)(C)c3ccc(N=[*])cc3)cc2)OCCCC)cc1,False,True,False,500.0,0.5,,[*]Oc1ccc(NC(=O)C(Oc2ccc(C=C(C)(C)c3ccc(N=[*])cc3)cc2)OCCCC)cc1,,,,invalid
2440,[*]CC([*])(C)C(=O)Oc1ccc(N2C(=O)CCCC3(C)CC(C3)C3=O)cc1,False,True,False,500.0,0.5,,[*]CC([*])(C)C(=O)Oc1ccc(N2C(=O)CCCC3(C)CC(C3)C3=O)cc1,,,,invalid
2442,[*]CC(CCCOC(=O)c1ccc(OC2CCCCCCC2C(C)C(=O)O[*])CCC(Nc2ccccc2)c2ccccc2)cc1,False,True,False,500.0,0.5,,[*]CC(CCCOC(=O)c1ccc(OC2CCCCCCC2C(C)C(=O)O[*])CCC(Nc2ccccc2)c2ccccc2)cc1,,,,invalid
2445,[*]=Nc1ccc2c(c1)C(=O)N(CSC(=O)c1cccc(NC([*])C)c1)C(F)(F)C(F)(F)F,False,True,False,500.0,0.5,,[*]=Nc1ccc2c(c1)C(=O)N(CSC(=O)c1cccc(NC([*])C)c1)C(F)(F)C(F)(F)F,,,,invalid
2447,[*]C=C(O)C[N+](C)(C)C(=O)OCCOCC1([*])C(=O)c2ccccc2c1C(F)(F)F,False,True,False,500.0,0.5,,[*]C=C(O)C[N+](C)(C)C(=O)OCCOCC1([*])C(=O)c2ccccc2c1C(F)(F)F,,,,invalid
2448,[*]Oc1c(C(=O)OCCCCC)cc([*])cc1OC2=CC(CC)C(=O)N(CC)C1=O,False,True,False,500.0,0.5,,[*]Oc1c(C(=O)OCCCCC)cc([*])cc1OC2=CC(CC)C(=O)N(CC)C1=O,,,,invalid
2456,[*]Cc1ccc2c(c1)N(CCCCSCC)c1ccc([*])cc1[N+](=O)[O-],False,True,False,500.0,0.5,,[*]Cc1ccc2c(c1)N(CCCCSCC)c1ccc([*])cc1[N+](=O)[O-],,,,invalid
2459,[*]O[Si](C)(C)Oc1ccc(C(F)(F)C(F)(F)C(F)(F)F)cc1-c1ccc(OC(=O)c2ccc3c(c2)OC3(C)C3)cc1[*],False,True,False,500.0,0.5,,[*]O[Si](C)(C)Oc1ccc(C(F)(F)C(F)(F)C(F)(F)F)cc1-c1ccc(OC(=O)c2ccc3c(c2)OC3(C)C3)cc1[*],,,,invalid
2460,[*]C=CC([*])COC(=O)NCCCCN1c2ccc(OCC)cc2)c1=O,False,True,False,500.0,0.5,,[*]C=CC([*])COC(=O)NCCCCN1c2ccc(OCC)cc2)c1=O,,,,invalid
2464,[*]NC(=O)Oc1cc(C(C)(C)C)c([*])c(OC(F)(F)F)c1-c1ccc2c(c1)C(=O)(F)F)c(Br)c1,False,True,False,500.0,0.5,,[*]NC(=O)Oc1cc(C(C)(C)C)c([*])c(OC(F)(F)F)c1-c1ccc2c(c1)C(=O)(F)F)c(Br)c1,,,,invalid
2475,[*]c1cc(-c2ccccc2)c([*])c2ccc(C(=O)Oc3ccc(C(O)(C)c4ccccc4)cc3C)cc2)c(C)c1,False,True,False,500.0,0.5,,[*]c1cc(-c2ccccc2)c([*])c2ccc(C(=O)Oc3ccc(C(O)(C)c4ccccc4)cc3C)cc2)c(C)c1,,,,invalid
2478,[*]CC([*])(C)C(=O)Oc1ccc2c(c1)C(=O)OCC(C)(C)CC[Si](C)(C)C3=O,False,True,False,500.0,0.5,,[*]CC([*])(C)C(=O)Oc1ccc2c(c1)C(=O)OCC(C)(C)CC[Si](C)(C)C3=O,,,,invalid
2480,[*]c1cc(OCCCCCOc2ccc(NC(=O)OC3CC4=CC(O)CN([*])CC4=O)cc3)cc2)ccc1Cl,False,True,False,500.0,0.5,,[*]c1cc(OCCCCCOc2ccc(NC(=O)OC3CC4=CC(O)CN([*])CC4=O)cc3)cc2)ccc1Cl,,,,invalid
2486,[*]C(=CC(Cl)c1ccc(C(=O)c2ccc(OCCCC)cc2)c2ccc([*])cc2)cc1S,False,True,False,500.0,0.5,,[*]C(=CC(Cl)c1ccc(C(=O)c2ccc(OCCCC)cc2)c2ccc([*])cc2)cc1S,,,,invalid
2487,[*]OC1CCCCC([*])C(=O)OCCCCCN1c2cc(C)cc(C(=O)CC)c2)cc1,False,True,False,500.0,0.5,,[*]OC1CCCCC([*])C(=O)OCCCCCN1c2cc(C)cc(C(=O)CC)c2)cc1,,,,invalid
2494,[*]/C=C/C1(Cl)C([*])CC(=O)OCCCCCCCCCC,False,True,False,500.0,0.5,,[*]/C=C/C1(Cl)C([*])CC(=O)OCCCCCCCCCC,,,,invalid
2495,[*]C(=O)c1ccc(Oc2ccc(C(=O)c3ccc(OC4CCCCCCC5C([*])=O)cc4)cc3)cc2)cc1,False,True,False,500.0,0.5,,[*]C(=O)c1ccc(Oc2ccc(C(=O)c3ccc(OC4CCCCCCC5C([*])=O)cc4)cc3)cc2)cc1,,,,invalid
2497,[*]c1ccc(OCC([*])(C#N)CN2C(=O)c3ccc(OCCCCCC)cc3Cl)cc2)cc1,False,True,False,500.0,0.5,,[*]c1ccc(OCC([*])(C#N)CN2C(=O)c3ccc(OCCCCCC)cc3Cl)cc2)cc1,,,,invalid
2498,[*]Oc1cc(C(=O)OC(=O)c2ccccc2)c(N2C(=O)CCCCCCCOC([*])=O)cc1-c1ccccc1,False,True,False,500.0,0.5,,[*]Oc1cc(C(=O)OC(=O)c2ccccc2)c(N2C(=O)CCCCCCCOC([*])=O)cc1-c1ccccc1,,,,invalid
2503,[*]Cc1ccc(NC(=O)CCCCCCC(C)=C([*])C(=O)OC)cc1C2=C(C)CCCCC1C,False,True,False,500.0,0.5,,[*]Cc1ccc(NC(=O)CCCCCCC(C)=C([*])C(=O)OC)cc1C2=C(C)CCCCC1C,,,,invalid
2504,[*]C=C(C)(COC(=O)CCCCCCC(=O)NCCCC([*])C)C(=O)Oc1ccc(C(C)(C)C)cc1,False,True,False,500.0,0.5,,[*]C=C(C)(COC(=O)CCCCCCC(=O)NCCCC([*])C)C(=O)Oc1ccc(C(C)(C)C)cc1,,,,invalid
2506,[*]C([*])C(=O)OCCCc1ccc(/C=C/c2ccc(OC(=O)c3ccc4c(c3)C(F)(F)C(F)(F)F)ccc3-c2ccccc2)c(Cl)c1,False,True,False,500.0,0.5,,[*]C([*])C(=O)OCCCc1ccc(/C=C/c2ccc(OC(=O)c3ccc4c(c3)C(F)(F)C(F)(F)F)ccc3-c2ccccc2)c(Cl)c1,,,,invalid
2509,[*]CC([*])c1ccc2c(c1)OCCCCCCOc1ccc(C(C)(C)c3ccc(OC)cc3)cc1,False,True,False,500.0,0.5,,[*]CC([*])c1ccc2c(c1)OCCCCCCOc1ccc(C(C)(C)c3ccc(OC)cc3)cc1,,,,invalid
2519,[*]CCCOC(=O)c1ccc(CCCCCCC(=O)NCCN2C(=O)c3ccc([*])cc3)cc2)cc1C,False,True,False,500.0,0.5,,[*]CCCOC(=O)c1ccc(CCCCCCC(=O)NCCN2C(=O)c3ccc([*])cc3)cc2)cc1C,,,,invalid
2524,[*]Cc1ccc(OC(=O)CCCCC(=O)N2CC3=C[Si](-c3ccc(OCCCOc4ccc(NC([*])=O)cc4)cc3)C2=O)cc1,False,True,False,500.0,0.5,,[*]Cc1ccc(OC(=O)CCCCC(=O)N2CC3=C[Si](-c3ccc(OCCCOc4ccc(NC([*])=O)cc4)cc3)C2=O)cc1,,,,invalid
2551,[*]C([*])C(=O)OC1CCCCN(c2ccccc2)=Nc2ccc(/N=N/c3ccc(C(Oc4ccccc4)C(=O)OC(C)=O)cc3)cc2)cc1,False,True,False,500.0,0.5,,[*]C([*])C(=O)OC1CCCCN(c2ccccc2)=Nc2ccc(/N=N/c3ccc(C(Oc4ccccc4)C(=O)OC(C)=O)cc3)cc2)cc1,,,,invalid
2553,[*]O[Si](C)(C)CCCCCC(=O)Oc1ccc(C2(C)c3ccc(OC(=O)Oc4ccc(S[*])cc4)cc3)cc2C)c(C1,False,True,False,500.0,0.5,,[*]O[Si](C)(C)CCCCCC(=O)Oc1ccc(C2(C)c3ccc(OC(=O)Oc4ccc(S[*])cc4)cc3)cc2C)c(C1,,,,invalid
2565,[*]Cc1ccc(CCCCCNC(=O)c2ccc(OC)cc2)c(N2C(=O)C([*])(OCC(F)(F)F)COC)cc1,False,True,False,500.0,0.5,,[*]Cc1ccc(CCCCCNC(=O)c2ccc(OC)cc2)c(N2C(=O)C([*])(OCC(F)(F)F)COC)cc1,,,,invalid
2568,[*]C=CC1CC(=O)OCCN(CCCCC)C(=O)CCC(=O)Oc2ccc(C(F)(F)C(F)(F)F)cc2)C1[*],False,True,False,500.0,0.5,,[*]C=CC1CC(=O)OCCN(CCCCC)C(=O)CCC(=O)Oc2ccc(C(F)(F)C(F)(F)F)cc2)C1[*],,,,invalid
2574,[*]c1ccc2cc(OCCCCCCOC(=O)Nc3ccc(N=[*])cc3)ccc1S2,False,True,False,500.0,0.5,,[*]c1ccc2cc(OCCCCCCOC(=O)Nc3ccc(N=[*])cc3)ccc1S2,,,,invalid
2576,[*]Oc1ccc2c(c1)C(=O)OCCCCCCN(C)c1ccc(-c3ccc(C=[*])cc3)cc1,False,True,False,500.0,0.5,,[*]Oc1ccc2c(c1)C(=O)OCCCCCCN(C)c1ccc(-c3ccc(C=[*])cc3)cc1,,,,invalid
2586,[*]Oc1ccc2c(c1)C(=O)OCCCOc1cccc(C([*])=O)c1,False,True,False,500.0,0.5,,[*]Oc1ccc2c(c1)C(=O)OCCCOc1cccc(C([*])=O)c1,,,,invalid
2595,[*]C([*])C(=O)OCCCCCCN1C(=O)c2ccc(C(C)=Nc3ccc(OC)cc3)cc2)cc1,False,True,False,500.0,0.5,,[*]C([*])C(=O)OCCCCCCN1C(=O)c2ccc(C(C)=Nc3ccc(OC)cc3)cc2)cc1,,,,invalid
2606,[*]COc1ccc(C(=O)OCCCCCCCCN(CO[*])C(=O)=O)cc1,False,True,False,500.0,0.5,,[*]COc1ccc(C(=O)OCCCCCCCCN(CO[*])C(=O)=O)cc1,,,,invalid
2609,[*]CCCCCCCNC(=O)Oc1ccc2c(c1)C(=O)N(CCCCNC(=O)OCc1cccc(O[*])c1)O2=O,False,True,False,500.0,0.5,,[*]CCCCCCCNC(=O)Oc1ccc2c(c1)C(=O)N(CCCCNC(=O)OCc1cccc(O[*])c1)O2=O,,,,invalid
2612,[*]C(=O)OCCc1cc(OC(=O)c2ccc(Cc3ccc(C([*])(C)c4ccccc4)cc3)cc2)ccc1CCCCCCN1C,False,True,False,500.0,0.5,,[*]C(=O)OCCc1cc(OC(=O)c2ccc(Cc3ccc(C([*])(C)c4ccccc4)cc3)cc2)ccc1CCCCCCN1C,,,,invalid
2614,[*]Oc1ccc(OC(=O)C(CCCCCOc2ccc(N(C)C([*])=O)cc2)C2=O)cc1Cl,False,True,False,500.0,0.5,,[*]Oc1ccc(OC(=O)C(CCCCCOc2ccc(N(C)C([*])=O)cc2)C2=O)cc1Cl,,,,invalid
2615,[*]CCC(=O)N(c1ccc(C#Cc2ccc(N3C(=O)c4ccc(C(=O)O[*])cc4)cc3)cc2)cc1C,False,True,False,500.0,0.5,,[*]CCC(=O)N(c1ccc(C#Cc2ccc(N3C(=O)c4ccc(C(=O)O[*])cc4)cc3)cc2)cc1C,,,,invalid
2617,[*]Cc1cccc(N2C(=O)O[Na])c(C(=O)OC([*])C2)c1,False,True,False,500.0,0.5,,[*]Cc1cccc(N2C(=O)O[Na])c(C(=O)OC([*])C2)c1,,,,invalid
2626,[*]c1ccc(-c2nnc(C(=O)OCCCCCCOC([*])=O)cc2)[Si](C#N)CC(F)(F)F)cc1,False,True,False,500.0,0.5,,[*]c1ccc(-c2nnc(C(=O)OCCCCCCOC([*])=O)cc2)[Si](C#N)CC(F)(F)F)cc1,,,,invalid
2632,[*]O[Si](C)(C)OC(=O)c1ccc2c(c1)C(CCCCC)Oc1ccc(S([*])(=O)=O)cc1,False,True,False,500.0,0.5,,[*]O[Si](C)(C)OC(=O)c1ccc2c(c1)C(CCCCC)Oc1ccc(S([*])(=O)=O)cc1,,,,invalid
2634,[*]Oc1cc(OCC)c(Sc2ccc(C(=O)Oc3ccc(N4C([*])OCCCCCCCC)cc4)cc3)cc2OCC)cc1,False,True,False,500.0,0.5,,[*]Oc1cc(OCC)c(Sc2ccc(C(=O)Oc3ccc(N4C([*])OCCCCCCCC)cc4)cc3)cc2OCC)cc1,,,,invalid
2648,[*]CC(O)C1(CCCOC(=O)c2cccc(C(=O)OCCOC([*])=O)c2)cc([N+](=O)[O-])c1Cl,False,True,False,500.0,0.5,,[*]CC(O)C1(CCCOC(=O)c2cccc(C(=O)OCCOC([*])=O)c2)cc([N+](=O)[O-])c1Cl,,,,invalid
2650,[*]CNC(=O)c1ccc2c(c1)C(=O)N(CCCCCCC)C(=O)NC(=O)Nc1ccccc1COC([*])=O,False,True,False,500.0,0.5,,[*]CNC(=O)c1ccc2c(c1)C(=O)N(CCCCCCC)C(=O)NC(=O)Nc1ccccc1COC([*])=O,,,,invalid
2652,[*]CCCCOc1ccc(CCC/N=C/c2ccc([N+](=O)[O-])cc2)s1[*],False,True,False,500.0,0.5,,[*]CCCCOc1ccc(CCC/N=C/c2ccc([N+](=O)[O-])cc2)s1[*],,,,invalid
2659,[*]C=CC(C)CCCC(=[*])=C,False,True,False,500.0,0.5,,[*]C=CC(C)CCCC(=[*])=C,,,,invalid
2661,[*]CNC(=O)OCCCCCCOc1ccc(SC(=O)c2ccc(N3C(=O)CCC(=O)N[*])cc3)cc21,False,True,False,500.0,0.5,,[*]CNC(=O)OCCCCCCOc1ccc(SC(=O)c2ccc(N3C(=O)CCC(=O)N[*])cc3)cc21,,,,invalid
2665,[*]C(=O)Nc1ccc(OCCCCCCC(=O)Oc2ccc(OC(=O)c3ccc4c(c3)c3ccc(N([*])CCCCCCC)cc3)cc2)cc1,False,True,False,500.0,0.5,,[*]C(=O)Nc1ccc(OCCCCCCC(=O)Oc2ccc(OC(=O)c3ccc4c(c3)c3ccc(N([*])CCCCCCC)cc3)cc2)cc1,,,,invalid
2671,[*]CCCC1CCC(C(=S)SOCCCCC2)O[*],False,True,False,500.0,0.5,,[*]CCCC1CCC(C(=S)SOCCCCC2)O[*],,,,invalid
2672,[*]CC(CCCCCCCOc1ccc(C(=[*])OC(C)CS(=O)(=O)Oc2ccc(C#N)cc2Br)c(C)c1,False,True,False,500.0,0.5,,[*]CC(CCCCCCCOc1ccc(C(=[*])OC(C)CS(=O)(=O)Oc2ccc(C#N)cc2Br)c(C)c1,,,,invalid
2673,[*]/C=C/c1cc(C(=O)c2ccc3ccc(Oc4ccc([N+](=O)[O-])cc4)cc3)c(C(=O)c3ccc(O[*])cc3Cl)c2c1,False,True,False,500.0,0.5,,[*]/C=C/c1cc(C(=O)c2ccc3ccc(Oc4ccc([N+](=O)[O-])cc4)cc3)c(C(=O)c3ccc(O[*])cc3Cl)c2c1,,,,invalid
2674,[*]Cc1ccc2cc(c1)C(=O)NCCCCCNC(=O)Sc1ccc(NC([*])=O)cc1,False,True,False,500.0,0.5,,[*]Cc1ccc2cc(c1)C(=O)NCCCCCNC(=O)Sc1ccc(NC([*])=O)cc1,,,,invalid
2677,[*]OC1=CC2C(=O)C(c3ccc(-c4ccc(CCCCCCCC)cc4)cc2SC2=O)C1[*],False,True,False,500.0,0.5,,[*]OC1=CC2C(=O)C(c3ccc(-c4ccc(CCCCCCCC)cc4)cc2SC2=O)C1[*],,,,invalid
2689,[*]CCC(O)CN1C(=O)C(=O)OCc1cc(C(=O)OCCCCCCCC)cc([*])c1O,False,True,False,500.0,0.5,,[*]CCC(O)CN1C(=O)C(=O)OCc1cc(C(=O)OCCCCCCCC)cc([*])c1O,,,,invalid
2695,[*]C([*])C(=O)Nc1c(ccc(CCCCCC)cc1)c1ccc(O[Na])cc1,False,True,False,500.0,0.5,,[*]C([*])C(=O)Nc1c(ccc(CCCCCC)cc1)c1ccc(O[Na])cc1,,,,invalid
2714,[*]C/C=C(\C)c1ccc(OCCCCCCCCOc2ccc(-c3csc(C(=[*])NC(=O)C#N)cc3)c3)cc2)cc1,False,True,False,500.0,0.5,,[*]C/C=C(\C)c1ccc(OCCCCCCCCOc2ccc(-c3csc(C(=[*])NC(=O)C#N)cc3)c3)cc2)cc1,,,,invalid
2716,[*]C=C([*])(C)C(=O)c1ccc(C(=O)OCCCCCCO)cc1,False,True,False,500.0,0.5,,[*]C=C([*])(C)C(=O)c1ccc(C(=O)OCCCCCCO)cc1,,,,invalid
2721,[*]Cc1ccccc1OC(=O)SCCCCN1ccc(N([*])CCC)cc1,False,True,False,500.0,0.5,,[*]Cc1ccccc1OC(=O)SCCCCN1ccc(N([*])CCC)cc1,,,,invalid
2723,[*]/C=C(/[*])Cc1ccc2cc(c1)CC(CC(F)(F)F)c1cccc(O[N+](C)(C)C)c1,False,True,False,500.0,0.5,,[*]/C=C(/[*])Cc1ccc2cc(c1)CC(CC(F)(F)F)c1cccc(O[N+](C)(C)C)c1,,,,invalid
2725,[*]CC([*])(O)C1C(=O)Oc2ccc3c(c2)CCCCCCC)cc(-c2ccc(C)cc21,False,True,False,500.0,0.5,,[*]CC([*])(O)C1C(=O)Oc2ccc3c(c2)CCCCCCC)cc(-c2ccc(C)cc21,,,,invalid
2727,[*]OC(=O)N1CC(NC(=O)c2ccc(OCCCCOP(=O)(O)OC)cc2)C2=CC=C([*])C2)c1,False,True,False,500.0,0.5,,[*]OC(=O)N1CC(NC(=O)c2ccc(OCCCCOP(=O)(O)OC)cc2)C2=CC=C([*])C2)c1,,,,invalid
2730,[*]=C=CC(C)CCCCN1C(=O)c2ccc(Oc3ccc(C([*])=O)cc3)c(C=C)c2)ccc1-c1ccc(F)cc1,False,True,False,500.0,0.5,,[*]=C=CC(C)CCCCN1C(=O)c2ccc(Oc3ccc(C([*])=O)cc3)c(C=C)c2)ccc1-c1ccc(F)cc1,,,,invalid
2750,[*]Nc1ccc(OC(=O)c2ccc(C([*])C)cc2)cc1C(C)CCCCCCCN(c1ccc(C(F)(F)F)C(F)(F)F)cc1,False,True,False,500.0,0.5,,[*]Nc1ccc(OC(=O)c2ccc(C([*])C)cc2)cc1C(C)CCCCCCCN(c1ccc(C(F)(F)F)C(F)(F)F)cc1,,,,invalid
2752,[*]CC([*])(C)C(=O)OCCCCCCCC(=O)c1cc(-c2ccc(C(C)(C)C)cc2)oc(Cl)c1,False,True,False,500.0,0.5,,[*]CC([*])(C)C(=O)OCCCCCCCC(=O)c1cc(-c2ccc(C(C)(C)C)cc2)oc(Cl)c1,,,,invalid
2755,[*]OC(=O)c1ccc(NSC(=O)OCCOc2ccc3c(c2)C(=O)N(C)COc2ccc(C([*])=O)cc2S(=O)(=O)O)cc1,False,True,False,500.0,0.5,,[*]OC(=O)c1ccc(NSC(=O)OCCOc2ccc3c(c2)C(=O)N(C)COc2ccc(C([*])=O)cc2S(=O)(=O)O)cc1,,,,invalid
2764,[*]NC([*])(OC(=O)c1ccccc1)Oc1ccc2ccc(C2CCCC2)cc1,False,True,False,500.0,0.5,,[*]NC([*])(OC(=O)c1ccccc1)Oc1ccc2ccc(C2CCCC2)cc1,,,,invalid
2772,[*]CNC(=O)COc1ccc(/C=N/N(C)c2ccc(C([*])=O)cc2)cc1)OC(C)C,False,True,False,500.0,0.5,,[*]CNC(=O)COc1ccc(/C=N/N(C)c2ccc(C([*])=O)cc2)cc1)OC(C)C,,,,invalid
2775,[*]c1ccc(-c2ccc(OCC(=O)c3cc(OCCCCCCCC)cc3)cc2-c2ccc(S([*])(=O)=O)cc2)cc1,False,True,False,500.0,0.5,,[*]c1ccc(-c2ccc(OCC(=O)c3cc(OCCCCCCCC)cc3)cc2-c2ccc(S([*])(=O)=O)cc2)cc1,,,,invalid
2792,[*]N1C(=O)N(c2ccc(C(C([*])=O)cc2)c2cc(S(=O)(=O)OCCCCCC)cc2C(F)(F)F)cc1,False,True,False,500.0,0.5,,[*]N1C(=O)N(c2ccc(C(C([*])=O)cc2)c2cc(S(=O)(=O)OCCCCCC)cc2C(F)(F)F)cc1,,,,invalid
2794,[*]CC(=O)c1ccc2cc(c1)C(=O)NCCCOC(=O)c1ccc([*])cc1,False,True,False,500.0,0.5,,[*]CC(=O)c1ccc2cc(c1)C(=O)NCCCOC(=O)c1ccc([*])cc1,,,,invalid
2798,[*]Oc1ccc2cc(CC(F)(F)CN([*])C(=O)[Si](CCCCC)OCC)ccc12,False,True,False,500.0,0.5,,[*]Oc1ccc2cc(CC(F)(F)CN([*])C(=O)[Si](CCCCC)OCC)ccc12,,,,invalid
2799,[*]CC([*])c1ccc(CCOC(=O)C(=O)Oc2ccc3c(c2)C(=O)N(C)c2ccc(S(=O)(=O)O)cc2)cc1,False,True,False,500.0,0.5,,[*]CC([*])c1ccc(CCOC(=O)C(=O)Oc2ccc3c(c2)C(=O)N(C)c2ccc(S(=O)(=O)O)cc2)cc1,,,,invalid
2803,[*]C(=[*])OC#CCN1C(=O)c2ccc(C(=O)Oc3ccc(C#N)cc3)cc2)c2ccccc12,False,True,False,500.0,0.5,,[*]C(=[*])OC#CCN1C(=O)c2ccc(C(=O)Oc3ccc(C#N)cc3)cc2)c2ccccc12,,,,invalid
2804,[*]Oc1c(C(C)(C)C)cc(OC(=O)c2cccc(Oc3ccc(C([*])=O)cc3)c2)C(=O)Oc2ccc(OCC(C)(C)C)cc2)cc1,False,True,False,500.0,0.5,,[*]Oc1c(C(C)(C)C)cc(OC(=O)c2cccc(Oc3ccc(C([*])=O)cc3)c2)C(=O)Oc2ccc(OCC(C)(C)C)cc2)cc1,,,,invalid
2808,[*]C=C(CO)O[Si](C)(=O)c1ccc(C(=O)Nc2ccc(C(=O)C3CCC2)cc2)cc1[*],False,True,False,500.0,0.5,,[*]C=C(CO)O[Si](C)(=O)c1ccc(C(=O)Nc2ccc(C(=O)C3CCC2)cc2)cc1[*],,,,invalid
2820,[*]Nc1cc(/N=C(\C#N)c2ccc([*])cc2)c(OCCCCN2C(=O)c3ccccc32)c2ccccc2ccc1,False,True,False,500.0,0.5,,[*]Nc1cc(/N=C(\C#N)c2ccc([*])cc2)c(OCCCCN2C(=O)c3ccccc32)c2ccccc2ccc1,,,,invalid
2823,[*]C=C(F)(F)C(=O)N([*])c1cccc(C(=O)CCO[Si](F)(F)C(F)(F)F)c1,False,True,False,500.0,0.5,,[*]C=C(F)(F)C(=O)N([*])c1cccc(C(=O)CCO[Si](F)(F)C(F)(F)F)c1,,,,invalid
2826,[*]CC([*])C(=O)OCCCCCCCCCCN1C(=O)C(CCCC)=Nc2ccc(C(F)(F)F)cc2)cc1,False,True,False,500.0,0.5,,[*]CC([*])C(=O)OCCCCCCCCCCN1C(=O)C(CCCC)=Nc2ccc(C(F)(F)F)cc2)cc1,,,,invalid
2835,[*]CCCNC(=O)CCCCC(=O)Nc1ccc(C2(c3ccc(NC([*])=O)cc3)C2)o1,False,True,False,500.0,0.5,,[*]CCCNC(=O)CCCCC(=O)Nc1ccc(C2(c3ccc(NC([*])=O)cc3)C2)o1,,,,invalid
2848,[*]C=C([*])(Cl)Oc1ccc2nc3ccc(CCCCCC)cc3o1,False,True,False,500.0,0.5,,[*]C=C([*])(Cl)Oc1ccc2nc3ccc(CCCCCC)cc3o1,,,,invalid
2849,[*]CNC(=O)CCCCC(=O)Oc1ccccc1C(C)(C)C1COC([*])O,False,True,False,500.0,0.5,,[*]CNC(=O)CCCCC(=O)Oc1ccccc1C(C)(C)C1COC([*])O,,,,invalid
2850,[*]c1ccc(Oc2ccc3c(c2)C(=Cc2ccc(N(c3ccc([*])cc3)c3ccc([Si](C)(C)C)cc3)cc1)C2=O,False,True,False,500.0,0.5,,[*]c1ccc(Oc2ccc3c(c2)C(=Cc2ccc(N(c3ccc([*])cc3)c3ccc([Si](C)(C)C)cc3)cc1)C2=O,,,,invalid
2851,[*]Nc1ccc([*])c(-c2c(CCCCC)cc(C(C)C)c2)c1,False,True,False,500.0,0.5,,[*]Nc1ccc([*])c(-c2c(CCCCC)cc(C(C)C)c2)c1,,,,invalid
2860,[*]CCN1C(=O)CC(F)(F)C(F)(F)C(F)(F)CCCOCC1Cnc([*])cc1-c1ccccc1,False,True,False,500.0,0.5,,[*]CCN1C(=O)CC(F)(F)C(F)(F)C(F)(F)CCCOCC1Cnc([*])cc1-c1ccccc1,,,,invalid
2867,[*]C=CC=CCOC(=O)c1ccc(C(=O)CCCCCC(=O)N([*])CCCN)P(=O)(=O)CC)cc1,False,True,False,500.0,0.5,,[*]C=CC=CCOC(=O)c1ccc(C(=O)CCCCCC(=O)N([*])CCCN)P(=O)(=O)CC)cc1,,,,invalid
2869,[*]C=CC(CCCCCC)c1ccc2ccc(c1=O)N(C)CCSC([*])C,False,True,False,500.0,0.5,,[*]C=CC(CCCCCC)c1ccc2ccc(c1=O)N(C)CCSC([*])C,,,,invalid
2870,[*]CCCCCC(c1ccc(C(=O)OC=CC([*])CCCC)s1,False,True,False,500.0,0.5,,[*]CCCCCC(c1ccc(C(=O)OC=CC([*])CCCC)s1,,,,invalid
2875,[*]Nc1ccc(S(=O)(=O)c2ccc(Oc3ccc4c(c3)C(=O)N(CCCCCCCS([*])(=O)=O)C(C)(C)C)cc2)cc1,False,True,False,500.0,0.5,,[*]Nc1ccc(S(=O)(=O)c2ccc(Oc3ccc4c(c3)C(=O)N(CCCCCCCS([*])(=O)=O)C(C)(C)C)cc2)cc1,,,,invalid
2876,[*]CCCCCOC(=O)C(CCCCCCCCC)C(=O)N1CCC(F)(F)CCCOC([*])=O)CC1,False,True,False,500.0,0.5,,[*]CCCCCOC(=O)C(CCCCCCCCC)C(=O)N1CCC(F)(F)CCCOC([*])=O)CC1,,,,invalid
2880,[*]C=C1CCC(CC)C(=O)c2ccc([*])cc2)cc1,False,True,False,500.0,0.5,,[*]C=C1CCC(CC)C(=O)c2ccc([*])cc2)cc1,,,,invalid
2887,[*]Nc1cccc(NC(=O)c2ccc(C(=O)Oc3ccc(O[*])cc3C)cc2)c(-c2ccc(CCCCCCC)cc2)c1,False,True,False,500.0,0.5,,[*]Nc1cccc(NC(=O)c2ccc(C(=O)Oc3ccc(O[*])cc3C)cc2)c(-c2ccc(CCCCCCC)cc2)c1,,,,invalid
2888,[*]CCCCCOc1ccc(/C=N/CCCCCN(CC)c2ccc(OC(=O)c3ccc(O[*])cc3S3=O)cc2)cc1,False,True,False,500.0,0.5,,[*]CCCCCOc1ccc(/C=N/CCCCCN(CC)c2ccc(OC(=O)c3ccc(O[*])cc3S3=O)cc2)cc1,,,,invalid
2890,[*]CC([*])(C)C(=O)OCCCCCCCCOc1ccc(C2(CCCCC(C)(C)CSC(=O)OC3)CC2)cc1,False,True,False,500.0,0.5,,[*]CC([*])(C)C(=O)OCCCCCCCCOc1ccc(C2(CCCCC(C)(C)CSC(=O)OC3)CC2)cc1,,,,invalid
2895,[*]C=C(CCCCCCC)COC(=O)c1ccc(NC(=O)CCCCCCC(=O)OCCN(C)C(=O)c2ccccc2)cc1)C(=O)O[*],False,True,False,500.0,0.5,,[*]C=C(CCCCCCC)COC(=O)c1ccc(NC(=O)CCCCCCC(=O)OCCN(C)C(=O)c2ccccc2)cc1)C(=O)O[*],,,,invalid
2900,[*]COc1ccc(C(=CSc2ccc(OC)cc2)c2ccc(-c3nc4ccccc4)cc3)cc2)c([*])c1,False,True,False,500.0,0.5,,[*]COc1ccc(C(=CSc2ccc(OC)cc2)c2ccc(-c3nc4ccccc4)cc3)cc2)c([*])c1,,,,invalid
2903,[*]Oc1ccc(C2(c3ccc(OC(=O)c4cccc(C([*])=O)c4)cc3)C2=O)cc1,False,True,False,500.0,0.5,,[*]Oc1ccc(C2(c3ccc(OC(=O)c4cccc(C([*])=O)c4)cc3)C2=O)cc1,,,,invalid
2918,[*]CCCCCOC(=O)c1ccc(NCC(=O)Nc2ccc3c(c2)C(C)(C)COC([*])=O)cc1,False,True,False,500.0,0.5,,[*]CCCCCOC(=O)c1ccc(NCC(=O)Nc2ccc3c(c2)C(C)(C)COC([*])=O)cc1,,,,invalid
2929,[*]CCC(CCCCCCCC)N1C(=O)C(CCCC)N[*],False,True,False,500.0,0.5,,[*]CCC(CCCCCCCC)N1C(=O)C(CCCC)N[*],,,,invalid
2940,[*]N=P([*])(OCCC)c1ccc2nc(c1)C(=O)c1ccccc1[Si](C)(C)CC(F)(F)F,False,True,False,500.0,0.5,,[*]N=P([*])(OCCC)c1ccc2nc(c1)C(=O)c1ccccc1[Si](C)(C)CC(F)(F)F,,,,invalid
2943,[*]CCN1C(=O)OCCN(C)c2ccc(C(=O)NNC(=O)CCCCOC3=O)c([*])c2)cc1Cl,False,True,False,500.0,0.5,,[*]CCN1C(=O)OCCN(C)c2ccc(C(=O)NNC(=O)CCCCOC3=O)c([*])c2)cc1Cl,,,,invalid
2949,[*]CC([*])c1ccc(C(C)(C)c2ccc(OC(=O)c3ccc4c(c3)CC(=O)Oc4ccc(S(C)(=O)c5ccccc5)cc3)c(C)c2)cc1,False,True,False,500.0,0.5,,[*]CC([*])c1ccc(C(C)(C)c2ccc(OC(=O)c3ccc4c(c3)CC(=O)Oc4ccc(S(C)(=O)c5ccccc5)cc3)c(C)c2)cc1,,,,invalid
2953,[*]C=C(CCCCC)C(=O)Nc1ccc(C(=O)c2ccc3c(c2)C(=O)N([*])CCCCCCC)cc1-2,False,True,False,500.0,0.5,,[*]C=C(CCCCC)C(=O)Nc1ccc(C(=O)c2ccc3c(c2)C(=O)N([*])CCCCCCC)cc1-2,,,,invalid
2960,[*]Nc1ccc(/N=N/C(=O)CS(=O)(=O)Nc2ccc(C([*])(C)c3ccccc3)cc2)c2ccccc2c1,False,True,False,500.0,0.5,,[*]Nc1ccc(/N=N/C(=O)CS(=O)(=O)Nc2ccc(C([*])(C)c3ccccc3)cc2)c2ccccc2c1,,,,invalid
2963,[*]C(=O)N([*])CCCCCOc1cccc(O2C(=O)c3ccc(Cl)cc3)c2c1,False,True,False,500.0,0.5,,[*]C(=O)N([*])CCCCCOc1cccc(O2C(=O)c3ccc(Cl)cc3)c2c1,,,,invalid
2968,[*]c1ccc(OC(=O)C2(C)CCC(=S)Nc2ccc([Si]([*])(C)C)cc2)cc1,False,True,False,500.0,0.5,,[*]c1ccc(OC(=O)C2(C)CCC(=S)Nc2ccc([Si]([*])(C)C)cc2)cc1,,,,invalid
2975,[*]CC([*])C(=O)c1ccc2c(c1)N(c1ccc(OCCCCC)cc1Br)c1ccc([N+](=O)[O-])cc1,False,True,False,500.0,0.5,,[*]CC([*])C(=O)c1ccc2c(c1)N(c1ccc(OCCCCC)cc1Br)c1ccc([N+](=O)[O-])cc1,,,,invalid
2981,[*]CC(CCCCCCCCOc1ccc(SN=O)c(C(C)O[*])c(C)c1)c1ccccc1C,False,True,False,500.0,0.5,,[*]CC(CCCCCCCCOc1ccc(SN=O)c(C(C)O[*])c(C)c1)c1ccccc1C,,,,invalid
2983,[*]C=CC(CCCCNC(=O)c1ccc(C(=O)OC)c(P(=O)(c2ccccc2)c2ccccc2)C([*])(C#N)OC)c1,False,True,False,500.0,0.5,,[*]C=CC(CCCCNC(=O)c1ccc(C(=O)OC)c(P(=O)(c2ccccc2)c2ccccc2)C([*])(C#N)OC)c1,,,,invalid
2989,[*]CC(=O)CCCCCN1C(=O)c2ccc(C(=O)O[*])cc2)cc1/C=C/CCN1CCCC1C,False,True,False,500.0,0.5,,[*]CC(=O)CCCCCN1C(=O)c2ccc(C(=O)O[*])cc2)cc1/C=C/CCN1CCCC1C,,,,invalid
2992,[*]CCCN1CCC(NC(=O)CCCCC(=O)N[*])C(C)=O,False,True,False,500.0,0.5,,[*]CCCN1CCC(NC(=O)CCCCC(=O)N[*])C(C)=O,,,,invalid
2994,[*]O[Si]([*])(C)CCCCCC(=O)Oc1ccc(C(C)CC(C)=NC(=O)c2ccccc2ccccc12,False,True,False,500.0,0.5,,[*]O[Si]([*])(C)CCCCCC(=O)Oc1ccc(C(C)CC(C)=NC(=O)c2ccccc2ccccc12,,,,invalid
