mol_id,psmiles,num_nodes,num_edges,csv_row,label,file_path,test_smiles,nn_similarity,nn_train_index,nn_train_smiles,similarity_bin
1791,[*]CC([*])OC(=O)C(C)(C)C(C)C(C)C,15,14,1791,328.15,data/graphs_tg2/batch_1/1791.npz,[*]CC([*])OC(=O)C(C)(C)C(C)C(C)C,0.625,636,[*]CC([*])OC(=O)C(C)(C(C)C)C(C)C,medium
4121,[*]Nc1cccc(P(=O)(c2ccccc2)c2cccc(NC(=O)Oc3ccc(-c4ccc(OC([*])=O)cc4)cc3)c2)c1,42,46,4121,345.15,data/graphs_tg2/batch_4/4121.npz,[*]Nc1cccc(P(=O)(c2ccccc2)c2cccc(NC(=O)Oc3ccc(-c4ccc(OC([*])=O)cc4)cc3)c2)c1,0.6792452830188679,3398,[*]Nc1ccc(OP(=O)(Oc2ccc(NC(=O)Oc3ccc(-c4ccc(OC([*])=O)cc4)cc3)cc2)c2ccccc2)cc1,medium
5471,[*]c1cc(C)c(N2C(=O)c3ccc(C(c4ccc5c(c4)C(=O)N(c4c(C)cc(C([*])c6cccc(C(F)(F)F)c6)cc4C)C5=O)(C(F)(F)F)C(F)(F)F)cc3C2=O)c(C)c1,60,66,5471,559.25,data/graphs_tg2/batch_5/5471.npz,[*]c1cc(C)c(N2C(=O)c3ccc(C(c4ccc5c(c4)C(=O)N(c4c(C)cc(C([*])c6cccc(C(F)(F)F)c6)cc4C)C5=O)(C(F)(F)F)C(F)(F)F)cc3C2=O)c(C)c1,0.8,3840,[*]c1cc(C)c(N2C(=O)c3ccc(-c4ccc5c(c4)C(=O)N(c4c(C)cc(C([*])c6cccc(C(F)(F)F)c6)cc4C)C5=O)cc3C2=O)c(C)c1,high
1876,[*]CC([*])c1cc(Br)ccc1OC,13,13,1876,359.15,data/graphs_tg2/batch_1/1876.npz,[*]CC([*])c1cc(Br)ccc1OC,0.7352941176470589,4613,[*]CC([*])c1cc(Br)ccc1OCC,medium
739,[*]C(F)(F)C([*])(OC(F)(F)F)OC(F)(F)F,16,15,739,213.15,data/graphs_tg2/batch_0/739.npz,[*]C(F)(F)C([*])(OC(F)(F)F)OC(F)(F)F,0.5555555555555556,2807,[*]C(F)(F)C([*])(F)OC(F)(F)F,medium
3541,[*]NCCN(CCNC(=O)c1ccc([Si](c2ccccc2)(c2ccccc2)c2ccc(C([*])=O)cc2)cc1)c1ccc(/C=C/c2ccc([N+](=O)[O-])cc2)cc1,55,60,3541,438.15,data/graphs_tg2/batch_3/3541.npz,[*]NCCN(CCNC(=O)c1ccc([Si](c2ccccc2)(c2ccccc2)c2ccc(C([*])=O)cc2)cc1)c1ccc(/C=C/c2ccc([N+](=O)[O-])cc2)cc1,0.64,3411,[*]NCCN(CCNC(=O)c1ccc2c(c1)C(=O)N(c1ccc(C([*])=O)cc1)C2=O)c1ccc(/C=C/c2ccc([N+](=O)[O-])cc2)cc1,medium
5223,[*]Oc1ccc2ccc(Oc3ccc4c(c3)C(=O)N(c3ccc(Oc5ccc(Oc6ccc(N7C(=O)c8ccc([*])cc8C7=O)cc6)cc5)cc3)C4=O)cc2c1,56,64,5223,501.15,data/graphs_tg2/batch_5/5223.npz,[*]Oc1ccc2ccc(Oc3ccc4c(c3)C(=O)N(c3ccc(Oc5ccc(Oc6ccc(N7C(=O)c8ccc([*])cc8C7=O)cc6)cc5)cc3)C4=O)cc2c1,1.0,2194,[*]Oc1ccc2ccc(Oc3ccc4c(c3)C(=O)N(c3ccc(Oc5ccc(N6C(=O)c7ccc([*])cc7C6=O)cc5)cc3)C4=O)cc2c1,high
6896,[*]c1ccc2c(c1)C(=O)N(c1cccc(P(=O)(c3ccc(C(F)(F)F)cc3)c3cccc(N4C(=O)c5ccc(C([*])(C(F)(F)F)C(F)(F)F)cc5C4=O)c3)c1)C2=O,57,63,6896,533.15,data/graphs_tg2/batch_6/6896.npz,[*]c1ccc2c(c1)C(=O)N(c1cccc(P(=O)(c3ccc(C(F)(F)F)cc3)c3cccc(N4C(=O)c5ccc(C([*])(C(F)(F)F)C(F)(F)F)cc5C4=O)c3)c1)C2=O,0.8867924528301887,1374,[*]c1ccc2c(c1)C(=O)N(c1cccc(P(=O)(c3ccccc3)c3cccc(N4C(=O)c5ccc(C([*])(C(F)(F)F)C(F)(F)F)cc5C4=O)c3)c1)C2=O,high
4042,[*]Nc1ccc([*])cc1OCCCCCCCCCCCC,22,22,4042,360.15,data/graphs_tg2/batch_4/4042.npz,[*]Nc1ccc([*])cc1OCCCCCCCCCCCC,1.0,1975,[*]Nc1ccc([*])cc1OCCCCCCCCCC,high
1234,[*]CC([*])(C)C(=O)OCC(F)(F)C(F)(F)C(F)(F)C(F)(F)C(F)(F)C(F)(F)C(F)(F)C(F)F,33,32,1234,258.15,data/graphs_tg2/batch_1/1234.npz,[*]CC([*])(C)C(=O)OCC(F)(F)C(F)(F)C(F)(F)C(F)(F)C(F)(F)C(F)(F)C(F)(F)C(F)F,0.65,2009,[*]CC([*])(F)C(=O)OCC(F)(F)C(F)(F)C(F)(F)C(F)F,medium
3979,[*]Nc1ccc(Oc2ccc3nc(-c4ccccc4)c(-c4ccc(-c5nc6cc(Oc7ccc(NC(=O)c8cc(C([*])=O)cc(N9C(=O)c%10ccccc%10C9=O)c8)cc7)ccc6nc5-c5ccccc5)cc4)nc3c2)cc1,77,88,3979,575.15,data/graphs_tg2/batch_3/3979.npz,[*]Nc1ccc(Oc2ccc3nc(-c4ccccc4)c(-c4ccc(-c5nc6cc(Oc7ccc(NC(=O)c8cc(C([*])=O)cc(N9C(=O)c%10ccccc%10C9=O)c8)cc7)ccc6nc5-c5ccccc5)cc4)nc3c2)cc1,1.0,863,[*]Nc1ccc(Oc2ccc3nc(-c4ccccc4)c(-c4ccc(Oc5ccc(-c6nc7cc(Oc8ccc(NC(=O)c9cc(C([*])=O)cc(N%10C(=O)c%11ccccc%11C%10=O)c9)cc8)ccc7nc6-c6ccccc6)cc5)cc4)nc3c2)cc1,high
1182,[*]CC([*])(C#N)C(=O)OCC(C)C,13,12,1182,324.15,data/graphs_tg2/batch_1/1182.npz,[*]CC([*])(C#N)C(=O)OCC(C)C,0.6666666666666666,4870,[*]CC([*])(C#N)C(=O)OCC,medium
3702,[*]Nc1ccc(C2(c3ccc(N4C(=O)c5ccc(C([*])=O)cc5C4=O)cc3)CCCCC2)cc1,34,38,3702,592.15,data/graphs_tg2/batch_3/3702.npz,[*]Nc1ccc(C2(c3ccc(N4C(=O)c5ccc(C([*])=O)cc5C4=O)cc3)CCCCC2)cc1,0.6666666666666666,251,[*]Nc1ccc(N2C(=O)c3ccc(C(=O)c4ccc5c(c4)C(=O)N(c4ccc(C([*])=O)cc4)C5=O)cc3C2=O)cc1,medium
7224,[*]CC([*])(C)C(=O)OCC,10,9,7224,293.0,data/graphs_tg2/batch_7/7224.npz,[*]CC([*])(C)C(=O)OCC,0.7037037037037037,1221,[*]CC([*])(C)C(=O)OCCC,medium
5507,[*]c1cc(C)c(OCC(O)COc2ccc(S(=O)(=O)c3ccc(OCC(O)COc4c(C)cc(S([*])(=O)=O)cc4C)cc3)cc2)c(C)c1,48,51,5507,418.15,data/graphs_tg2/batch_5/5507.npz,[*]c1cc(C)c(OCC(O)COc2ccc(S(=O)(=O)c3ccc(OCC(O)COc4c(C)cc(S([*])(=O)=O)cc4C)cc3)cc2)c(C)c1,0.7906976744186046,3463,[*]c1cc(C)c(OCC(O)COc2c(C)cc(S([*])(=O)=O)cc2C)c(C)c1,medium
89,[*]=Cc1ccc(N(c2ccccc2)c2ccc(C=C(c3ccc(OC)cc3)c3ccc(C(=[*])c4ccc(OC)cc4)cc3)cc2)cc1,47,52,89,470.15,data/graphs_tg2/batch_0/89.npz,[*]=Cc1ccc(N(c2ccccc2)c2ccc(C=C(c3ccc(OC)cc3)c3ccc(C(=[*])c4ccc(OC)cc4)cc3)cc2)cc1,0.5,2121,[*]=Cc1cc(OC)c(/C=C(\c2ccc(OC)cc2)c2ccc(C(=[*])c3ccc(OC)cc3)cc2)cc1OC,medium
2513,[*]CCCCCN1C(=O)c2ccc(C(=O)c3ccc4c(c3)C(=O)N(CCCCCC(=O)Nc3ccc(Cc5ccc(NC([*])=O)cc5)cc3)C4=O)cc2C1=O,55,60,2513,460.15,data/graphs_tg2/batch_2/2513.npz,[*]CCCCCN1C(=O)c2ccc(C(=O)c3ccc4c(c3)C(=O)N(CCCCCC(=O)Nc3ccc(Cc5ccc(NC([*])=O)cc5)cc3)C4=O)cc2C1=O,0.9056603773584906,1162,[*]CCCCCN1C(=O)c2ccc(C(=O)c3ccc4c(c3)C(=O)N(CCCCCC(=O)Nc3ccc(NC([*])=O)cc3)C4=O)cc2C1=O,high
2985,[*]Cc1cc(C(C)C)c(N2C(=O)c3ccc(C(=O)c4ccc5c(c4)C(=O)N(c4c(C(C)C)cc([*])cc4C(C)C)C5=O)cc3C2=O)c(C(C)C)c1,51,56,2985,536.15,data/graphs_tg2/batch_2/2985.npz,[*]Cc1cc(C(C)C)c(N2C(=O)c3ccc(C(=O)c4ccc5c(c4)C(=O)N(c4c(C(C)C)cc([*])cc4C(C)C)C5=O)cc3C2=O)c(C(C)C)c1,0.7142857142857143,1895,[*]Cc1cc(C)c(N2C(=O)c3ccc(C(=O)c4ccc5c(c4)C(=O)N(c4c(C)cc([*])cc4C)C5=O)cc3C2=O)c(C)c1,medium
6213,[*]c1ccc(OCCCCCCCCCCCCOc2ccc(N(c3ccccc3)c3ccc(-c4ccc(N([*])c5ccccc5)cc4)cc3)cc2)cc1,54,59,6213,315.65,data/graphs_tg2/batch_6/6213.npz,[*]c1ccc(OCCCCCCCCCCCCOc2ccc(N(c3ccccc3)c3ccc(-c4ccc(N([*])c5ccccc5)cc4)cc3)cc2)cc1,0.717948717948718,3803,[*]c1ccc(Oc2ccc(N(c3ccccc3)c3ccc(-c4ccc(N([*])c5ccccc5)cc4)cc3)cc2)cc1,medium
192,[*]C(=O)N(C(=O)c1cccc([*])c1)c1ccccc1,19,20,192,421.15,data/graphs_tg2/batch_0/192.npz,[*]C(=O)N(C(=O)c1cccc([*])c1)c1ccccc1,0.5333333333333333,448,[*]C(=O)N(C(=O)c1ccc(OCCCCCCOc2ccc([*])cc2)cc1)c1ccccc1,medium
7192,[*]c1ccc2c(c1)C(=O)N(c1ccc(S(=O)(=O)c3ccc(N4C(=O)c5ccc(C([*])(C(F)(F)F)C(F)(F)F)cc5C4=O)cc3)cc1)C2=O,48,53,7192,609.65,data/graphs_tg2/batch_7/7192.npz,[*]c1ccc2c(c1)C(=O)N(c1ccc(S(=O)(=O)c3ccc(N4C(=O)c5ccc(C([*])(C(F)(F)F)C(F)(F)F)cc5C4=O)cc3)cc1)C2=O,1.0,3181,[*]c1ccc2c(c1)C(=O)N(c1ccc(S(=O)(=O)c3ccc(S(=O)(=O)c4ccc(S(=O)(=O)c5ccc(N6C(=O)c7ccc(C([*])(C(F)(F)F)C(F)(F)F)cc7C6=O)cc5)cc4)cc3)cc1)C2=O,high
5878,[*]c1ccc(C)c(N2C(=O)c3ccc(C(c4ccc5c(c4)C(=O)N([*])C5=O)(C(F)(F)F)C(F)(F)F)cc3C2=O)c1,40,44,5878,608.15,data/graphs_tg2/batch_5/5878.npz,[*]c1ccc(C)c(N2C(=O)c3ccc(C(c4ccc5c(c4)C(=O)N([*])C5=O)(C(F)(F)F)C(F)(F)F)cc3C2=O)c1,0.7551020408163265,5495,[*]c1cc(C)c(N2C(=O)c3ccc(C(c4ccc5c(c4)C(=O)N([*])C5=O)(C(F)(F)F)C(F)(F)F)cc3C2=O)cc1C,medium
3948,[*]Nc1ccc(Oc2ccc(Oc3ccc(NC(=O)c4ccc5c(c4)C(=O)N(c4ccc(Oc6ccc(C7(c8ccc(Oc9ccc(N%10C(=O)c%11ccc(C([*])=O)cc%11C%10=O)cc9)cc8)NC(=O)c8ccccc87)cc6)cc4)C5=O)cc3)cc2)cc1,86,98,3948,573.15,data/graphs_tg2/batch_3/3948.npz,[*]Nc1ccc(Oc2ccc(Oc3ccc(NC(=O)c4ccc5c(c4)C(=O)N(c4ccc(Oc6ccc(C7(c8ccc(Oc9ccc(N%10C(=O)c%11ccc(C([*])=O)cc%11C%10=O)cc9)cc8)NC(=O)c8ccccc87)cc6)cc4)C5=O)cc3)cc2)cc1,1.0,886,[*]Nc1ccc(Oc2ccc(C3(c4ccc(Oc5ccc(NC(=O)c6ccc7c(c6)C(=O)N(c6ccc(Oc8ccc(C9(c%10ccc(Oc%11ccc(N%12C(=O)c%13ccc(C([*])=O)cc%13C%12=O)cc%11)cc%10)NC(=O)c%10ccccc%109)cc8)cc6)C7=O)cc5)cc4)NC(=O)c4ccccc43)cc2)cc1,high
3192,[*]N=Nc1ccc(-c2ccc(/N=N/P(=O)(OC)OCC3CCC(COP([*])(=O)OC)CC3)cc2)cc1,36,38,3192,331.15,data/graphs_tg2/batch_3/3192.npz,[*]N=Nc1ccc(-c2ccc(/N=N/P(=O)(OC)OCC3CCC(COP([*])(=O)OC)CC3)cc2)cc1,0.8076923076923077,2748,[*]N=Nc1ccc(C(=O)c2ccc(/N=N/P(=O)(OC)OCC3CCC(COP([*])(=O)OC)CC3)cc2)cc1,high
604,[*]C(=O)c1ccc2c(c1)C(=O)N(c1cccc(N3C(=O)c4ccc(C(=O)c5cc([*])cc(C(C)(C)C)c5)cc4C3=O)c1)C2=O,44,49,604,537.65,data/graphs_tg2/batch_0/604.npz,[*]C(=O)c1ccc2c(c1)C(=O)N(c1cccc(N3C(=O)c4ccc(C(=O)c5cc([*])cc(C(C)(C)C)c5)cc4C3=O)c1)C2=O,0.7678571428571429,5464,[*]C(=O)c1ccc2c(c1)C(=O)N(c1ccc(Oc3ccc(N4C(=O)c5ccc(C(=O)c6cc([*])cc(C(C)(C)C)c6)cc5C4=O)cc3)cc1)C2=O,medium
6462,[*]c1ccc(Oc2ccc(C(c3ccc(Oc4ccc(S([*])(=O)=O)cc4)c(Br)c3)(C(F)(F)F)C(F)(F)F)cc2Br)cc1,42,45,6462,470.65,data/graphs_tg2/batch_6/6462.npz,[*]c1ccc(Oc2ccc(C(c3ccc(Oc4ccc(S([*])(=O)=O)cc4)c(Br)c3)(C(F)(F)F)C(F)(F)F)cc2Br)cc1,0.5576923076923077,162,[*]c1ccc(Oc2ccc(-c3ccc(-c4ccc(Oc5ccc(S([*])(=O)=O)cc5)c(C(F)(F)F)c4)cc3)cc2C(F)(F)F)cc1,medium
3908,[*]Nc1ccc(Oc2ccc(NC(=O)c3ccc(C(=O)Nc4ccc(Oc5ccc(NC(=C(C#N)C#N)c6cccc(C([*])=C(C#N)C#N)c6)cc5)cc4)cc3)cc2)cc1,60,65,3908,547.15,data/graphs_tg2/batch_3/3908.npz,[*]Nc1ccc(Oc2ccc(NC(=O)c3ccc(C(=O)Nc4ccc(Oc5ccc(NC(=C(C#N)C#N)c6cccc(C([*])=C(C#N)C#N)c6)cc5)cc4)cc3)cc2)cc1,0.7450980392156863,918,[*]Nc1ccc(Oc2ccc(NC(=C(C#N)C#N)c3ccc4cc(C([*])=C(C#N)C#N)ccc4c3)cc2)cc1,medium
3295,[*]N=P([*])(Oc1ccc2cc(I)ccc2c1)Oc1ccc2cc(I)ccc2c1,28,31,3295,363.45,data/graphs_tg2/batch_3/3295.npz,[*]N=P([*])(Oc1ccc2cc(I)ccc2c1)Oc1ccc2cc(I)ccc2c1,0.7,5130,[*]N=P([*])(Oc1ccc(I)cc1)Oc1ccc(I)cc1,medium
3575,[*]NNC(=O)c1ccccc1C(=O)Nc1cccc(C=C2CCCC(=Cc3cccc(NC(=O)c4ccccc4C([*])=O)c3)C2=O)c1,47,51,3575,468.15,data/graphs_tg2/batch_3/3575.npz,[*]NNC(=O)c1ccccc1C(=O)Nc1cccc(C=C2CCCC(=Cc3cccc(NC(=O)c4ccccc4C([*])=O)c3)C2=O)c1,0.92,872,[*]NNC(=O)c1ccccc1C(=O)Nc1cccc(C=C2CCC(=Cc3cccc(NC(=O)c4ccccc4C([*])=O)c3)C2=O)c1,high
935,[*]C=CC1CC([*])C2C(=O)N(c3cc(C(F)(F)F)cc(C(F)(F)F)c3)C(=O)C12,28,30,935,435.15,data/graphs_tg2/batch_0/935.npz,[*]C=CC1CC([*])C2C(=O)N(c3cc(C(F)(F)F)cc(C(F)(F)F)c3)C(=O)C12,0.6304347826086957,2732,[*]C=CC1CC([*])C2C(=O)N(c3ccccc3)C(=O)C12,medium
5122,[*]Oc1ccc(Sc2ccc(Oc3ccc4c(c3)C(=O)N(c3ccc(-c5ccc(N6C(=O)c7ccc([*])cc7C6=O)cc5)cc3)C4=O)cc2)cc1,51,58,5122,530.15,data/graphs_tg2/batch_5/5122.npz,[*]Oc1ccc(Sc2ccc(Oc3ccc4c(c3)C(=O)N(c3ccc(-c5ccc(N6C(=O)c7ccc([*])cc7C6=O)cc5)cc3)C4=O)cc2)cc1,1.0,1775,[*]Oc1ccc(-c2ccc(Oc3ccc4c(c3)C(=O)N(c3ccc(Oc5ccc(Sc6ccc(Oc7ccc(N8C(=O)c9ccc([*])cc9C8=O)cc7)cc6)cc5)cc3)C4=O)cc2)cc1,high
2910,[*]COCC([*])(CS(=O)(=O)CCC)CS(=O)(=O)CCC,20,19,2910,344.15,data/graphs_tg2/batch_2/2910.npz,[*]COCC([*])(CS(=O)(=O)CCC)CS(=O)(=O)CCC,0.8064516129032258,2627,[*]COCC([*])(CS(=O)(=O)CCCC)CS(=O)(=O)CCCC,high
3516,[*]NCCCCCCNC(=O)c1ccc(C([*])=O)cc1Sc1ccccc1,27,28,3516,394.15,data/graphs_tg2/batch_3/3516.npz,[*]NCCCCCCNC(=O)c1ccc(C([*])=O)cc1Sc1ccccc1,1.0,1397,[*]NCCCCCCCCCCCCNC(=O)c1ccc(C([*])=O)cc1Sc1ccccc1,high
5608,[*]c1cc(SCCCCCCCCCCCC)c([*])s1,20,20,5608,306.15,data/graphs_tg2/batch_5/5608.npz,[*]c1cc(SCCCCCCCCCCCC)c([*])s1,1.0,884,[*]c1cc(SCCCCCC)c([*])s1,high
5498,[*]c1cc(C)c(OC(=O)c2cccc(C(=O)Oc3c(C)cc(C([*])(C)C)cc3C)c2)c(C)c1,33,35,5498,460.15,data/graphs_tg2/batch_5/5498.npz,[*]c1cc(C)c(OC(=O)c2cccc(C(=O)Oc3c(C)cc(C([*])(C)C)cc3C)c2)c(C)c1,0.7209302325581395,793,[*]c1cc(Br)c(OC(=O)c2cccc(C(=O)Oc3c(Br)cc(C([*])(C)C)cc3Br)c2)c(Br)c1,medium
273,[*]C(=O)Nc1ccc(Oc2ccc(NC(=O)c3cc([*])cc(NC(=O)c4ccncc4)c3)cc2)cc1,36,39,273,578.15,data/graphs_tg2/batch_0/273.npz,[*]C(=O)Nc1ccc(Oc2ccc(NC(=O)c3cc([*])cc(NC(=O)c4ccncc4)c3)cc2)cc1,0.8541666666666666,3679,[*]C(=O)Nc1ccc(Oc2ccc(S(=O)(=O)c3ccc(Oc4ccc(NC(=O)c5cc([*])cc(NC(=O)c6ccncc6)c5)cc4)cc3)cc2)cc1,high
2972,[*]C[Si]([*])(C)CCCCCC,11,10,2972,195.55,data/graphs_tg2/batch_2/2972.npz,[*]C[Si]([*])(C)CCCCCC,0.625,4425,[*]C[Si]([*])(CCCCCC)CCCCCC,medium
4643,[*]O[Si]([*])(C)CCCCCCOc1ccc(C(=O)Oc2ccc(C(=O)Oc3ccc(C=C(C(=O)OCCCCCCCCC)C(=O)OCCCCCCCCC)cc3)cc2)cc1,62,64,4643,268.15,data/graphs_tg2/batch_4/4643.npz,[*]O[Si]([*])(C)CCCCCCOc1ccc(C(=O)Oc2ccc(C(=O)Oc3ccc(C=C(C(=O)OCCCCCCCCC)C(=O)OCCCCCCCCC)cc3)cc2)cc1,0.7636363636363637,2523,[*]O[Si]([*])(C)CCCCCCOc1ccc(C(=O)Oc2ccc(OCCCCCC)cc2)cc1,medium
7209,[*]C(=O)c1ccc(Oc2ccc(Oc3ccc([*])cc3)cc2)cc1,24,26,7209,419.0,data/graphs_tg2/batch_7/7209.npz,[*]C(=O)c1ccc(Oc2ccc(Oc3ccc([*])cc3)cc2)cc1,1.0,4286,[*]C(=O)c1ccc(Oc2ccc(Oc3ccc(Oc4ccc([*])cc4)cc3)cc2)cc1,high
5164,[*]Oc1ccc2c(c1)C(=O)N(c1ccc(C(c3ccccc3)c3ccc(N4C(=O)c5ccc([*])cc5C4=O)cc3)cc1)C2=O,44,50,5164,542.15,data/graphs_tg2/batch_5/5164.npz,[*]Oc1ccc2c(c1)C(=O)N(c1ccc(C(c3ccccc3)c3ccc(N4C(=O)c5ccc([*])cc5C4=O)cc3)cc1)C2=O,0.8095238095238095,4838,[*]c1ccc2c(c1)C(=O)N(c1ccc(C(c3ccccc3)c3ccc(N4C(=O)c5ccc([*])cc5C4=O)cc3)cc1)C2=O,high
3635,[*]Nc1ccc(-c2ccc(NC(=O)c3cccc(C([*])=O)c3)c(O)c2)cc1O,28,30,3635,659.15,data/graphs_tg2/batch_3/3635.npz,[*]Nc1ccc(-c2ccc(NC(=O)c3cccc(C([*])=O)c3)c(O)c2)cc1O,0.7045454545454546,3573,[*]Nc1ccc(-c2ccc(NC(=O)c3cccc(C([*])=O)c3)c(S)c2)cc1S,medium
4256,[*]OC1CCC(OC(=O)c2ccc(C([*])=O)cc2)CC1,20,21,4256,367.45,data/graphs_tg2/batch_4/4256.npz,[*]OC1CCC(OC(=O)c2ccc(C([*])=O)cc2)CC1,0.6578947368421053,4698,[*]OC1CC2CC(OC(=O)c3ccc(C([*])=O)cc3)CC(C1)O2,medium
5864,[*]c1ccc(C(C#N)(C(=O)OCCCC)C([*])(C#N)C(=O)OCCCC)cc1,28,28,5864,381.15,data/graphs_tg2/batch_5/5864.npz,[*]c1ccc(C(C#N)(C(=O)OCCCC)C([*])(C#N)C(=O)OCCCC)cc1,0.7727272727272727,2095,[*]c1ccc(C(C#N)(C(=O)OCC)C([*])(C#N)C(=O)OCC)cc1,medium
4524,[*]OCCOCCOCCOC(=O)c1ccc(-c2ccc(-c3ccc(C([*])=O)cc3)cc2)cc1,34,36,4524,323.15,data/graphs_tg2/batch_4/4524.npz,[*]OCCOCCOCCOC(=O)c1ccc(-c2ccc(-c3ccc(C([*])=O)cc3)cc2)cc1,1.0,561,[*]OCCOCCOCCOC(=O)c1ccc(-c2ccc(C([*])=O)cc2)cc1,high
6628,[*]c1ccc(Oc2ccc3c(c2)C(=O)N(c2cccc(N4C(=O)c5ccc(Oc6ccc(C([*])(C)C)cc6)cc5C4=O)c2)C3=O)cc1,47,53,6628,490.65,data/graphs_tg2/batch_6/6628.npz,[*]c1ccc(Oc2ccc3c(c2)C(=O)N(c2cccc(N4C(=O)c5ccc(Oc6ccc(C([*])(C)C)cc6)cc5C4=O)c2)C3=O)cc1,0.8723404255319149,2601,[*]c1ccc(Oc2ccc3c(c2)C(=O)N(c2cccc(N4C(=O)c5ccc(Oc6cccc(C([*])(C)C)c6)cc5C4=O)c2)C3=O)cc1,high
1216,[*]CC([*])(C)C(=O)OC1CCC1,12,12,1216,392.15,data/graphs_tg2/batch_1/1216.npz,[*]CC([*])(C)C(=O)OC1CCC1,0.896551724137931,4367,[*]CC([*])(C)C(=O)OC1CCCCC1,high
7298,[*]CCCCCCCCC(=O)NCCCCCCNC([*])=O,22,21,7298,313.0,data/graphs_tg2/batch_7/7298.npz,[*]CCCCCCCCC(=O)NCCCCCCNC([*])=O,1.0,124,[*]CCCCCCCC(=O)NCCCCCCNC([*])=O,high
921,[*]C=CC1CC([*])C(C(=O)OCCCCCCCCCCCOc2ccc(-c3ccc(C#N)cc3)cc2)C1C(=O)OCCCCCCCCCCCOc1ccc(-c2ccc(C#N)cc2)cc1,67,71,921,296.25,data/graphs_tg2/batch_0/921.npz,[*]C=CC1CC([*])C(C(=O)OCCCCCCCCCCCOc2ccc(-c3ccc(C#N)cc3)cc2)C1C(=O)OCCCCCCCCCCCOc1ccc(-c2ccc(C#N)cc2)cc1,0.5,4273,[*]CCC1CC(OC(=O)CCCCCCCCCCOc2ccc(-c3ccc(C#N)cc3)cc2)CC1[*],medium
2338,[*]CCCCCCCCC(=O)NC1CCC(CCC2CCC(NC([*])=O)CC2)CC1,30,31,2338,389.15,data/graphs_tg2/batch_2/2338.npz,[*]CCCCCCCCC(=O)NC1CCC(CCC2CCC(NC([*])=O)CC2)CC1,1.0,2232,[*]CCCCCCCCCCC(=O)NC1CCC(CCC2CCC(NC([*])=O)CC2)CC1,high
354,[*]C(=O)c1cc(C(=O)c2ccc3c(c2)C(=O)N(c2ccc(C(c4ccc(N5C(=O)c6ccc([*])cc6C5=O)cc4)(C(F)(F)F)C(F)(F)F)cc2)C3=O)cc(-c2ccccc2)c1,61,68,354,533.65,data/graphs_tg2/batch_0/354.npz,[*]C(=O)c1cc(C(=O)c2ccc3c(c2)C(=O)N(c2ccc(C(c4ccc(N5C(=O)c6ccc([*])cc6C5=O)cc4)(C(F)(F)F)C(F)(F)F)cc2)C3=O)cc(-c2ccccc2)c1,0.7419354838709677,260,[*]C(=O)c1cc(C(=O)c2ccc3c(c2)C(=O)N(c2ccc(Oc4ccc(N5C(=O)c6ccc([*])cc6C5=O)cc4)cc2)C3=O)cc(-c2ccccc2)c1,medium
6951,[*]c1ccc2nc(-c3ccc4ccccc4c3)c(-c3ccc(-c4nc5ccc([*])cc5nc4-c4ccc5ccccc5c4)cc3)nc2c1,48,56,6951,606.15,data/graphs_tg2/batch_6/6951.npz,[*]c1ccc2nc(-c3ccc4ccccc4c3)c(-c3ccc(-c4nc5ccc([*])cc5nc4-c4ccc5ccccc5c4)cc3)nc2c1,0.8787878787878788,1199,[*]c1ccc2nc(-c3ccc4ccccc4c3)c(-c3cccc(-c4nc5ccc([*])cc5nc4-c4ccc5ccccc5c4)c3)nc2c1,high
4394,[*]OCCCCCCOC(=O)c1ccc(-c2ccc(C([*])=O)cc2)cc1,26,27,4394,324.15,data/graphs_tg2/batch_4/4394.npz,[*]OCCCCCCOC(=O)c1ccc(-c2ccc(C([*])=O)cc2)cc1,1.0,1632,[*]OCCCCCCCCCOC(=O)c1ccc(-c2ccc(C([*])=O)cc2)cc1,high
400,[*]C(=O)c1ccc(C(=O)c2ccc(Oc3ccc(Oc4ccc([*])cc4)cc3-c3ccc(S(=O)(=O)O)cc3)cc2)cc1,42,46,400,447.15,data/graphs_tg2/batch_0/400.npz,[*]C(=O)c1ccc(C(=O)c2ccc(Oc3ccc(Oc4ccc([*])cc4)cc3-c3ccc(S(=O)(=O)O)cc3)cc2)cc1,0.7450980392156863,2489,[*]C(=O)c1ccc(-c2ccc(C(=O)c3ccc(Oc4ccc(Oc5ccc([*])cc5)cc4-c4ccccc4)cc3)cc2)cc1,medium
6758,[*]c1ccc2c(c1)C(=O)N(c1ccc(N3C(=O)c4ccc(-c5c(-c6ccccc6)c(-c6ccccc6)c(-c6ccc(Sc7ccc(-c8c(-c9ccccc9)c(-c9ccccc9)c([*])c(-c9ccccc9)c8-c8ccccc8)cc7)cc6)c(-c6ccccc6)c5-c5ccccc5)cc4C3=O)cc1)C2=O,103,119,6758,617.15,data/graphs_tg2/batch_6/6758.npz,[*]c1ccc2c(c1)C(=O)N(c1ccc(N3C(=O)c4ccc(-c5c(-c6ccccc6)c(-c6ccccc6)c(-c6ccc(Sc7ccc(-c8c(-c9ccccc9)c(-c9ccccc9)c([*])c(-c9ccccc9)c8-c8ccccc8)cc7)cc6)c(-c6ccccc6)c5-c5ccccc5)cc4C3=O)cc1)C2=O,0.88,3330,[*]c1ccc2c(c1)C(=O)N(c1ccc(Oc3ccc(N4C(=O)c5ccc(-c6c(-c7ccccc7)c(-c7ccccc7)c(-c7ccc(Sc8ccc(-c9c(-c%10ccccc%10)c(-c%10ccccc%10)c([*])c(-c%10ccccc%10)c9-c9ccccc9)cc8)cc7)c(-c7ccccc7)c6-c6ccccc6)cc5C4=O)cc3)cc1)C2=O,high
4903,[*]Oc1ccc(C2(c3ccc(OC(=O)c4cccc(C([*])=O)c4)cc3)CCC3CCCCC3C2)cc1,36,40,4903,521.15,data/graphs_tg2/batch_4/4903.npz,[*]Oc1ccc(C2(c3ccc(OC(=O)c4cccc(C([*])=O)c4)cc3)CCC3CCCCC3C2)cc1,0.6451612903225806,4559,[*]C(=O)c1cccc(C(=O)c2ccc(Oc3ccc(C4(c5ccc(Oc6ccc([*])cc6)cc5)CCC5CCCCC5C4)cc3)cc2)c1,medium
5270,[*]Oc1cccc(Oc2cccc(OC([*])=O)c2)c1,19,20,5270,344.15,data/graphs_tg2/batch_5/5270.npz,[*]Oc1cccc(Oc2cccc(OC([*])=O)c2)c1,0.631578947368421,4959,[*]Oc1cccc(OC(=O)c2ccc(Oc3cccc(Oc4ccc(C([*])=O)cc4)c3)cc2)c1,medium
2923,[*]COCCOC([*])=O,9,8,2923,260.55,data/graphs_tg2/batch_2/2923.npz,[*]COCCOC([*])=O,0.6956521739130435,1523,[*]CCOCCOC([*])=O,medium
6712,[*]c1ccc2c(c1)C(=O)N(c1c(F)cc(Oc3ccc(C(c4ccc(Oc5cc(F)c(N6C(=O)c7ccc(C([*])(C(F)(F)F)C(F)(F)F)cc7C6=O)c(F)c5)cc4)(C(F)(F)F)C(F)(F)F)cc3)cc1F)C2=O,72,79,6712,497.15,data/graphs_tg2/batch_6/6712.npz,[*]c1ccc2c(c1)C(=O)N(c1c(F)cc(Oc3ccc(C(c4ccc(Oc5cc(F)c(N6C(=O)c7ccc(C([*])(C(F)(F)F)C(F)(F)F)cc7C6=O)c(F)c5)cc4)(C(F)(F)F)C(F)(F)F)cc3)cc1F)C2=O,0.7241379310344828,3310,[*]c1ccc2c(c1)C(=O)N(c1cccc(Oc3ccc(C(c4ccc(Oc5cccc(N6C(=O)c7ccc(C([*])(C(F)(F)F)C(F)(F)F)cc7C6=O)c5)cc4)(C(F)(F)F)C(F)(F)F)cc3)c1)C2=O,medium
4358,[*]OCCCCCCCCOC(=O)c1ccc(-c2ccc(C([*])=O)cc2)cc1,28,29,4358,320.15,data/graphs_tg2/batch_4/4358.npz,[*]OCCCCCCCCOC(=O)c1ccc(-c2ccc(C([*])=O)cc2)cc1,1.0,1632,[*]OCCCCCCCCCOC(=O)c1ccc(-c2ccc(C([*])=O)cc2)cc1,high
808,[*]C1C([*])C2CC1C(C(=O)OCCc1ccccc1)C2C(=O)OCCc1ccccc1,31,34,808,527.15,data/graphs_tg2/batch_0/808.npz,[*]C1C([*])C2CC1C(C(=O)OCCc1ccccc1)C2C(=O)OCCc1ccccc1,0.8421052631578947,573,[*]C1C([*])C2CC1C(C(=O)OCCCc1ccccc1)C2C(=O)OCCCc1ccccc1,high
1274,[*]CC([*])(C)C(=O)OCCCCCCC(F)(F)C(F)(F)C(F)(F)C(F)(F)C(F)(F)C(F)(F)C(F)(F)C(F)(F)C(F)(F)C(F)(F)C(F)(F)C(F)(F)F,51,50,1274,357.15,data/graphs_tg2/batch_1/1274.npz,[*]CC([*])(C)C(=O)OCCCCCCC(F)(F)C(F)(F)C(F)(F)C(F)(F)C(F)(F)C(F)(F)C(F)(F)C(F)(F)C(F)(F)C(F)(F)C(F)(F)C(F)(F)F,0.972972972972973,4523,[*]CC([*])(C)C(=O)OCCCCC(F)(F)C(F)(F)C(F)(F)C(F)(F)C(F)(F)C(F)(F)F,high
4556,[*]O[Si](C)(C)O[Si](C)(C)c1ccc([Si](C)(C)O[Si](C)(C)O[Si]([*])(C)C)cc1,27,27,4556,201.15,data/graphs_tg2/batch_4/4556.npz,[*]O[Si](C)(C)O[Si](C)(C)c1ccc([Si](C)(C)O[Si](C)(C)O[Si]([*])(C)C)cc1,0.8333333333333334,41,[*]O[Si](C)(C)O[Si](C)(C)c1ccc(Oc2ccc([Si](C)(C)O[Si](C)(C)O[Si]([*])(C)C)cc2)cc1,high
2444,[*]CCCCCCCCCCCCCCC(=O)NCCCCCCCCNC([*])=O,30,29,2444,325.15,data/graphs_tg2/batch_2/2444.npz,[*]CCCCCCCCCCCCCCC(=O)NCCCCCCCCNC([*])=O,1.0,124,[*]CCCCCCCC(=O)NCCCCCCNC([*])=O,high
3747,[*]Nc1ccc(Cc2ccc(NC(=O)OCCN(CCCCCOc3ccc(/N=N/c4ccccc4)cc3)CCOC([*])=O)cc2)cc1,48,51,3747,332.75,data/graphs_tg2/batch_3/3747.npz,[*]Nc1ccc(Cc2ccc(NC(=O)OCCN(CCCCCOc3ccc(/N=N/c4ccccc4)cc3)CCOC([*])=O)cc2)cc1,1.0,5318,[*]Nc1ccc(Cc2ccc(NC(=O)OCCN(CCCCCCOc3ccc(/N=N/c4ccccc4)cc3)CCOC([*])=O)cc2)cc1,high
3606,[*]Nc1cc(NC(=O)c2ccccc2C([*])=O)cc(-c2nnc(-c3ccccn3)o2)c1,31,34,3606,363.15,data/graphs_tg2/batch_3/3606.npz,[*]Nc1cc(NC(=O)c2ccccc2C([*])=O)cc(-c2nnc(-c3ccccn3)o2)c1,0.7818181818181819,1832,[*]Nc1cc(NC(=O)c2ccc(C([*])=O)cc2)cc(-c2nnc(-c3ccccn3)o2)c1,medium
5845,[*]c1ccc(C(=O)OCCOC(=O)c2ccc3c(c2)C([*])(C)CC3(C)C)cc1,28,30,5845,427.15,data/graphs_tg2/batch_5/5845.npz,[*]c1ccc(C(=O)OCCOC(=O)c2ccc3c(c2)C([*])(C)CC3(C)C)cc1,0.6956521739130435,4633,[*]c1ccc(OC(=O)c2ccc(C(=O)Oc3ccc4c(c3)C([*])(C)CC4(C)C)cc2)cc1,medium
6565,[*]c1ccc(Oc2ccc(S(=O)(=O)c3ccc(Oc4ccc(-c5c6c(c([*])c7ccccc57)C(=O)N(c5cccc(C(F)(F)F)c5)C6=O)cc4)cc3)cc2)cc1,56,63,6565,553.65,data/graphs_tg2/batch_6/6565.npz,[*]c1ccc(Oc2ccc(S(=O)(=O)c3ccc(Oc4ccc(-c5c6c(c([*])c7ccccc57)C(=O)N(c5cccc(C(F)(F)F)c5)C6=O)cc4)cc3)cc2)cc1,0.8305084745762712,3699,[*]c1ccc(Oc2ccc(S(=O)(=O)c3ccc(Oc4ccc(-c5c6c(c([*])c7ccccc57)C(=O)N(c5ccc(C(F)(F)F)cc5)C6=O)cc4)cc3)cc2)cc1,high
3363,[*]NC(=O)OCCN(CCOC(=O)Nc1cccc([*])c1C)c1ccc(/C=C/c2ccc([N+](=O)[O-])cc2)cc1,39,41,3363,396.15,data/graphs_tg2/batch_3/3363.npz,[*]NC(=O)OCCN(CCOC(=O)Nc1cccc([*])c1C)c1ccc(/C=C/c2ccc([N+](=O)[O-])cc2)cc1,0.7058823529411765,2981,[*]NC(=O)OCCN(CCOC(=O)Nc1ccc(C)c([*])c1)c1ccc(/C=C/c2ccc([N+](=O)[O-])cc2)cc1,medium
6207,[*]c1ccc(OCC(O)COc2cccc(OCC(O)COc3ccc(C([*])(C)C)cc3)c2)cc1,35,37,6207,356.15,data/graphs_tg2/batch_6/6207.npz,[*]c1ccc(OCC(O)COc2cccc(OCC(O)COc3ccc(C([*])(C)C)cc3)c2)cc1,0.8378378378378378,3863,[*]c1ccc(OCC(O)COc2ccc(C([*])(C)C)cc2)cc1,high
4383,[*]OCCCCCCOC(=O)OC1CCC(OC([*])=O)CC1,22,22,4383,283.15,data/graphs_tg2/batch_4/4383.npz,[*]OCCCCCCOC(=O)OC1CCC(OC([*])=O)CC1,1.0,5343,[*]OCCCCCCCOC(=O)OC1CCC(OC([*])=O)CC1,high
7019,[*]c1cccc(Oc2ccc(-c3ccc(Oc4cccc(-n5c(=O)c6cc7c(=O)n([*])c(=O)c7cc6c5=O)c4)cc3)cc2)c1,44,50,7019,524.15,data/graphs_tg2/batch_7/7019.npz,[*]c1cccc(Oc2ccc(-c3ccc(Oc4cccc(-n5c(=O)c6cc7c(=O)n([*])c(=O)c7cc6c5=O)c4)cc3)cc2)c1,0.875,972,[*]c1cccc(Oc2cccc(-n3c(=O)c4cc5c(=O)n([*])c(=O)c5cc4c3=O)c2)c1,high
4650,[*]O[Si]([*])(C)CCCCOc1ccc(C(=O)Oc2ccc(C#N)cc2)cc1,27,28,4650,289.15,data/graphs_tg2/batch_4/4650.npz,[*]O[Si]([*])(C)CCCCOc1ccc(C(=O)Oc2ccc(C#N)cc2)cc1,0.9777777777777777,1092,[*]O[Si]([*])(C)CCCCCCOc1ccc(C(=O)Oc2ccc(C#N)cc2)cc1,high
2343,[*]CCCCCCCCC(=O)NCCCC1(CCCNC([*])=O)c2ccccc2-c2ccccc21,35,37,2343,358.15,data/graphs_tg2/batch_2/2343.npz,[*]CCCCCCCCC(=O)NCCCC1(CCCNC([*])=O)c2ccccc2-c2ccccc21,0.9761904761904762,5076,[*]CCCCC(=O)NCCCC1(CCCNC([*])=O)c2ccccc2-c2ccccc21,high
4338,[*]OCCCCCCCCCCOc1ccc(/C=C/c2ccc(OCCCCCCCCCCOP([*])(=O)OCCCCCCCCCCOc3ccc(/N=N/c4ccc([N+](=O)[O-])cc4)cc3)cc2)cc1,71,74,4338,323.15,data/graphs_tg2/batch_4/4338.npz,[*]OCCCCCCCCCCOc1ccc(/C=C/c2ccc(OCCCCCCCCCCOP([*])(=O)OCCCCCCCCCCOc3ccc(/N=N/c4ccc([N+](=O)[O-])cc4)cc3)cc2)cc1,0.7547169811320755,678,[*]OCCCCCCCCCCOc1ccc(/C=C/c2ccc(OCCCCCCCCCCOP([*])(=O)OCCCCCCCCCCOc3ccc(/N=N/c4ccccc4)cc3)cc2)cc1,medium
4687,[*]O[Si]([*])(C)OCCCCCCCCCCCOc1ccc(C2COC(c3ccc(OCC(C)CC)cc3)OC2)cc1,42,44,4687,303.15,data/graphs_tg2/batch_4/4687.npz,[*]O[Si]([*])(C)OCCCCCCCCCCCOc1ccc(C2COC(c3ccc(OCC(C)CC)cc3)OC2)cc1,0.7454545454545455,2195,[*]O[Si]([*])(C)OCCCCCCCCCCCOc1ccc(C2COC(c3ccc(OC)cc3)OC2)cc1,medium
4461,[*]OCCCOC(=O)c1ccc(Oc2ccc(C([*])=O)cc2)cc1,24,25,4461,330.15,data/graphs_tg2/batch_4/4461.npz,[*]OCCCOC(=O)c1ccc(Oc2ccc(C([*])=O)cc2)cc1,0.9411764705882353,4878,[*]OCCCCOC(=O)c1ccc(Oc2ccc(C([*])=O)cc2)cc1,high
3711,[*]Nc1ccc(CCCc2ccc(NC(=O)OCCOC([*])=O)cc2)cc1,27,28,3711,347.25,data/graphs_tg2/batch_3/3711.npz,[*]Nc1ccc(CCCc2ccc(NC(=O)OCCOC([*])=O)cc2)cc1,0.9444444444444444,4188,[*]Nc1ccc(CCCCc2ccc(NC(=O)OCCOC([*])=O)cc2)cc1,high
5959,[*]c1ccc(N2C(=O)c3ccc(C(c4ccc5c(c4)C(=O)N(c4ccc(C(C)(C)c6ccc(C([*])(C)C)cc6)cc4)C5=O)(C(F)(F)F)C(F)(F)F)cc3C2=O)cc1,57,63,5959,508.55,data/graphs_tg2/batch_5/5959.npz,[*]c1ccc(N2C(=O)c3ccc(C(c4ccc5c(c4)C(=O)N(c4ccc(C(C)(C)c6ccc(C([*])(C)C)cc6)cc4)C5=O)(C(F)(F)F)C(F)(F)F)cc3C2=O)cc1,0.8163265306122449,345,[*]c1ccc(Oc2ccc(N3C(=O)c4ccc(C(c5ccc6c(c5)C(=O)N(c5ccc(Oc7ccc(C([*])(C)C)cc7)cc5)C6=O)(C(F)(F)F)C(F)(F)F)cc4C3=O)cc2)cc1,high
2263,[*]CCCCC(=O)Oc1ccc(C2(c3ccc(OC([*])=O)cc3)c3ccccc3-c3ccccc32)cc1,37,41,2263,439.15,data/graphs_tg2/batch_2/2263.npz,[*]CCCCC(=O)Oc1ccc(C2(c3ccc(OC([*])=O)cc3)c3ccccc3-c3ccccc32)cc1,0.9767441860465116,1039,[*]CCCCCCCCCCC(=O)Oc1ccc(C2(c3ccc(OC([*])=O)cc3)c3ccccc3-c3ccccc32)cc1,high
4768,[*]Oc1cc2ccccc2cc1Oc1ccc2c(c1)C(=O)N(c1ccc(Oc3ccc(N4C(=O)c5ccc([*])cc5C4=O)cc3)cc1)C2=O,49,56,4768,493.65,data/graphs_tg2/batch_4/4768.npz,[*]Oc1cc2ccccc2cc1Oc1ccc2c(c1)C(=O)N(c1ccc(Oc3ccc(N4C(=O)c5ccc([*])cc5C4=O)cc3)cc1)C2=O,1.0,3932,[*]Oc1cc2ccccc2cc1Oc1ccc2c(c1)C(=O)N(c1ccc(Oc3ccc(Oc4ccc(N5C(=O)c6ccc([*])cc6C5=O)cc4)cc3)cc1)C2=O,high
1927,[*]CC([*])c1ccc(C(=O)OCC(C)C)cc1,17,17,1927,363.15,data/graphs_tg2/batch_1/1927.npz,[*]CC([*])c1ccc(C(=O)OCC(C)C)cc1,0.7222222222222222,1359,[*]CC([*])c1ccc(C(=O)OCC)cc1,medium
2185,[*]CCC1CC([*])C2C3CC(CC3c3ccc(COC(C)CC)cc3)C12,26,29,2185,412.15,data/graphs_tg2/batch_2/2185.npz,[*]CCC1CC([*])C2C3CC(CC3c3ccc(COC(C)CC)cc3)C12,0.46153846153846156,5408,[*]CCC1CC([*])C2C3CC(CC3CC)C12,low
3093,[*]Cc1ccc(OC(=O)CCCC(=O)Oc2ccc(CCC(=O)NC([*])C(=O)OCCCCCCCCCCCC)cc2)cc1,45,46,3093,300.65,data/graphs_tg2/batch_3/3093.npz,[*]Cc1ccc(OC(=O)CCCC(=O)Oc2ccc(CCC(=O)NC([*])C(=O)OCCCCCCCCCCCC)cc2)cc1,1.0,2552,[*]Cc1ccc(OC(=O)CCCC(=O)Oc2ccc(CCC(=O)NC([*])C(=O)OCCCCCC)cc2)cc1,high
3605,[*]Nc1cc(NC(=O)c2cccc(C([*])=O)n2)cc(-c2nnc(-c3ccccn3)o2)c1,31,34,3605,528.15,data/graphs_tg2/batch_3/3605.npz,[*]Nc1cc(NC(=O)c2cccc(C([*])=O)n2)cc(-c2nnc(-c3ccccn3)o2)c1,0.7586206896551724,4178,[*]Nc1cc(NC(=O)c2cccc(C([*])=O)c2)cc(-c2nnc(-c3ccccn3)o2)c1,medium
6465,[*]c1ccc(Oc2ccc(C(c3ccccc3)(c3ccccc3)c3ccc(Oc4ccc(-c5nc([*])nc(-c6ccccc6)n5)cc4)cc3)cc2)cc1,53,60,6465,534.15,data/graphs_tg2/batch_6/6465.npz,[*]c1ccc(Oc2ccc(C(c3ccccc3)(c3ccccc3)c3ccc(Oc4ccc(-c5nc([*])nc(-c6ccccc6)n5)cc4)cc3)cc2)cc1,0.8055555555555556,860,[*]c1ccc(Oc2ccc(Oc3ccc(Oc4ccc(-c5nc([*])nc(-c6ccccc6)n5)cc4)cc3)cc2)cc1,high
6365,[*]c1ccc(Oc2ccc(/C=C/C(=O)c3ccc(Oc4ccc(C([*])(C)c5ccccc5)cc4)cc3)cc2)cc1,40,44,6365,440.15,data/graphs_tg2/batch_6/6365.npz,[*]c1ccc(Oc2ccc(/C=C/C(=O)c3ccc(Oc4ccc(C([*])(C)c5ccccc5)cc4)cc3)cc2)cc1,0.6071428571428571,1958,[*]c1ccc(Oc2ccc(/C=C/C(=O)c3ccc(Oc4ccc(C([*])(C)C)cc4C)cc3)cc2)c(C)c1,medium
5714,[*]c1ccc(-c2ccc(Oc3ccc(C4(c5ccc(Oc6ccc([*])cc6C(F)(F)F)cc5)c5ccccc5-c5ccccc54)cc3)c(C(F)(F)F)c2)cc1,55,62,5714,510.15,data/graphs_tg2/batch_5/5714.npz,[*]c1ccc(-c2ccc(Oc3ccc(C4(c5ccc(Oc6ccc([*])cc6C(F)(F)F)cc5)c5ccccc5-c5ccccc54)cc3)c(C(F)(F)F)c2)cc1,0.7543859649122807,3727,[*]c1ccc(Oc2ccc(C3(c4ccc(Oc5ccc(-c6cccc([*])n6)cc5C(F)(F)F)cc4)c4ccccc4-c4ccccc43)cc2)c(C(F)(F)F)c1,medium
4513,[*]OCCOCCOC(=O)Oc1cccc(N(c2ccccc2)c2ccc(-c3ccc(N(c4ccccc4)c4cccc(OC([*])=O)c4)cc3)cc2)c1,53,58,4513,386.15,data/graphs_tg2/batch_4/4513.npz,[*]OCCOCCOC(=O)Oc1cccc(N(c2ccccc2)c2ccc(-c3ccc(N(c4ccccc4)c4cccc(OC([*])=O)c4)cc3)cc2)c1,0.40350877192982454,561,[*]OCCOCCOCCOC(=O)c1ccc(-c2ccc(C([*])=O)cc2)cc1,low
6845,[*]c1ccc2c(c1)C(=O)N(c1ccc(Sc3ccc(Oc4ccc(Sc5ccc(N6C(=O)c7ccc(C([*])(C(F)(F)F)C(F)(F)F)cc7C6=O)cc5)cc4)cc3)cc1)C2=O,60,67,6845,515.15,data/graphs_tg2/batch_6/6845.npz,[*]c1ccc2c(c1)C(=O)N(c1ccc(Sc3ccc(Oc4ccc(Sc5ccc(N6C(=O)c7ccc(C([*])(C(F)(F)F)C(F)(F)F)cc7C6=O)cc5)cc4)cc3)cc1)C2=O,0.875,519,[*]c1ccc2c(c1)C(=O)N(c1ccc(Sc3ccc(Sc4ccc(Sc5ccc(Sc6ccc(N7C(=O)c8ccc(C([*])(C(F)(F)F)C(F)(F)F)cc8C7=O)cc6)cc5)cc4)cc3)cc1)C2=O,high
889,[*]C=CC(=O)NNC(=O)/C=C/C(=O)NCCCCCCNC([*])=O,24,23,889,375.55,data/graphs_tg2/batch_0/889.npz,[*]C=CC(=O)NNC(=O)/C=C/C(=O)NCCCCCCNC([*])=O,0.6578947368421053,2927,[*]C=CC(=O)OCCOC(=O)/C=C/C(=O)NCCCCCCNC([*])=O,medium
3663,[*]Nc1ccc(/C=C/c2ccc(NC(=C(C#N)C#N)c3ccc(C([*])=C(C#N)C#N)cc3)cc2)cc1,36,38,3663,523.15,data/graphs_tg2/batch_3/3663.npz,[*]Nc1ccc(/C=C/c2ccc(NC(=C(C#N)C#N)c3ccc(C([*])=C(C#N)C#N)cc3)cc2)cc1,0.7209302325581395,6,[*]Nc1ccc(Oc2ccc(NC(=C(C#N)C#N)c3ccc(C([*])=C(C#N)C#N)cc3)cc2)cc1,medium
5508,[*]c1cc(C)c(ON2C(=O)c3ccc(Oc4ccc(C5(c6ccc(Oc7ccc8c(c7)C(=O)N(Oc7c(C)cc(C([*])(C)C)cc7C)C8=O)cc6)CCC(C(C)(C)C)CC5)cc4)cc3C2=O)c(C)c1,69,77,5508,521.15,data/graphs_tg2/batch_5/5508.npz,[*]c1cc(C)c(ON2C(=O)c3ccc(Oc4ccc(C5(c6ccc(Oc7ccc8c(c7)C(=O)N(Oc7c(C)cc(C([*])(C)C)cc7C)C8=O)cc6)CCC(C(C)(C)C)CC5)cc4)cc3C2=O)c(C)c1,0.6376811594202898,338,[*]c1cc(C)c(OC(=O)c2ccc(Oc3ccc(C4(c5ccc(Oc6ccc(C(=O)Oc7c(C)cc(C([*])(C)C)cc7C)cc6)cc5)CCC(C(C)(C)C)CC4)cc3)cc2)c(C)c1,medium
7223,[*]CC([*])(C)C(=O)OC(C)CC,12,11,7223,330.0,data/graphs_tg2/batch_7/7223.npz,[*]CC([*])(C)C(=O)OC(C)CC,0.5757575757575758,1659,[*]CC([*])(C)C(=O)OC(C(F)(F)F)C(F)(F)F,medium
2171,[*]CCC1C(=O)N(C)C(=O)C1[*],12,12,2171,414.35,data/graphs_tg2/batch_2/2171.npz,[*]CCC1C(=O)N(C)C(=O)C1[*],0.625,3465,[*]CCC1C(=O)N(CCC)C(=O)C1[*],medium
5211,[*]Oc1ccc2cc(Oc3ccc4c(c3)C(=O)N(c3ccc(C(c5ccc(N6C(=O)c7ccc([*])cc7C6=O)cc5)(C(F)(F)F)C(F)(F)F)cc3)C4=O)ccc2c1,57,64,5211,491.15,data/graphs_tg2/batch_5/5211.npz,[*]Oc1ccc2cc(Oc3ccc4c(c3)C(=O)N(c3ccc(C(c5ccc(N6C(=O)c7ccc([*])cc7C6=O)cc5)(C(F)(F)F)C(F)(F)F)cc3)C4=O)ccc2c1,0.96,968,[*]Oc1ccc2ccc(Oc3ccc4c(c3)C(=O)N(c3ccc(C(c5ccc(N6C(=O)c7ccc([*])cc7C6=O)cc5)(C(F)(F)F)C(F)(F)F)cc3)C4=O)cc2c1,high
1227,[*]CC([*])(C)C(=O)OCC(=O)N1CCCC1,16,16,1227,417.15,data/graphs_tg2/batch_1/1227.npz,[*]CC([*])(C)C(=O)OCC(=O)N1CCCC1,0.7567567567567568,660,[*]CC([*])(C)C(=O)OCC(=O)N1CCOCC1,medium
5502,[*]c1cc(C)c(OCC(O)COc2c(C)cc(S(=O)(=O)c3cc(C)c(OCC(O)COc4c(C)cc(C([*])(C)C)cc4C)c(C)c3)cc2C)c(C)c1,52,55,5502,418.15,data/graphs_tg2/batch_5/5502.npz,[*]c1cc(C)c(OCC(O)COc2c(C)cc(S(=O)(=O)c3cc(C)c(OCC(O)COc4c(C)cc(C([*])(C)C)cc4C)c(C)c3)cc2C)c(C)c1,0.8085106382978723,2058,[*]c1cc(C)c(OCC(O)COc2ccc(S(=O)(=O)c3ccc(OCC(O)COc4c(C)cc(C([*])(C)C)cc4C)cc3)cc2)c(C)c1,high
4089,[*]Nc1cccc(NC(=O)c2ccc3c(c2)C(=O)N(c2ccc(C([*])=O)cc2)C3=O)c1,31,34,4089,513.15,data/graphs_tg2/batch_4/4089.npz,[*]Nc1cccc(NC(=O)c2ccc3c(c2)C(=O)N(c2ccc(C([*])=O)cc2)C3=O)c1,0.8269230769230769,2409,[*]Nc1cccc(NC(=O)c2ccc3c(c2)C(=O)N(c2ccc(S(=O)(=O)c4ccc(N5C(=O)c6ccc(C([*])=O)cc6C5=O)cc4)cc2)C3=O)c1,high
90,[*]=Cc1ccc(N(c2ccccc2)c2ccc(N(c3ccccc3)c3ccc(/C=C(\C#N)C(=O)NC4CCCCC4NC(=O)C(=[*])C#N)cc3)cc2)cc1,54,59,90,512.15,data/graphs_tg2/batch_0/90.npz,[*]=Cc1ccc(N(c2ccccc2)c2ccc(N(c3ccccc3)c3ccc(/C=C(\C#N)C(=O)NC4CCCCC4NC(=O)C(=[*])C#N)cc3)cc2)cc1,0.5131578947368421,2912,[*]Cc1ccccc1CN(CC)c1ccc(/C=C/c2ccc(/C=C(\C#N)C(=O)NC3CCCCC3NC(=O)/C(C#N)=C/c3ccc(/C=C/c4ccc(N([*])CC)cc4)cc3)cc2)cc1,medium
4734,[*]Oc1c(Cl)c(Cl)c(OP([*])(=O)Oc2c(Cl)cccc2Cl)c(Cl)c1Cl,25,26,4734,417.15,data/graphs_tg2/batch_4/4734.npz,[*]Oc1c(Cl)c(Cl)c(OP([*])(=O)Oc2c(Cl)cccc2Cl)c(Cl)c1Cl,0.6388888888888888,2952,[*]Oc1c(Cl)c(Cl)c(OP([*])(=O)Oc2ccc(Cl)cc2)c(Cl)c1Cl,medium
7124,[*]CC([*])c1ccccc1OCCCCCCCC,19,19,7124,285.0,data/graphs_tg2/batch_7/7124.npz,[*]CC([*])c1ccccc1OCCCCCCCC,0.6341463414634146,3156,[*]CC([*])c1cc(Br)ccc1OCCCCC,medium
3591,[*]Nc1cc(NC(=O)c2ccc(OCCOCCOCCOCCOCCOCCOc3ccc(C([*])=O)cc3)cc2)cc(-c2nc3ccccc3[nH]2)c1,54,58,3591,398.15,data/graphs_tg2/batch_3/3591.npz,[*]Nc1cc(NC(=O)c2ccc(OCCOCCOCCOCCOCCOCCOc3ccc(C([*])=O)cc3)cc2)cc(-c2nc3ccccc3[nH]2)c1,1.0,654,[*]Nc1cc(NC(=O)c2ccc(OCCOCCOCCOCCOCCOc3ccc(C([*])=O)cc3)cc2)cc(-c2nc3ccccc3[nH]2)c1,high
994,[*]C=Cc1ccc(/C=C/[Si](C)(CCC(F)(F)F)c2ccc([Si]([*])(C)CCC(F)(F)F)cc2)cc1,34,35,994,328.85,data/graphs_tg2/batch_0/994.npz,[*]C=Cc1ccc(/C=C/[Si](C)(CCC(F)(F)F)c2ccc([Si]([*])(C)CCC(F)(F)F)cc2)cc1,0.8181818181818182,4001,[*]C=Cc1cccc(/C=C/[Si](C)(CCC(F)(F)F)c2ccc([Si]([*])(C)CCC(F)(F)F)cc2)c1,high
7115,[*]CC([*])OCCCC,9,8,7115,221.075,data/graphs_tg2/batch_7/7115.npz,[*]CC([*])OCCCC,0.8636363636363636,5210,[*]CC([*])OCCCCC,high
5754,[*]c1ccc(-c2nc3cc(S(=O)(=O)c4ccc5nc(-c6ccccc6)c(-c6ccc(-n7c(=O)c8cc9c(=O)n([*])c(=O)c9cc8c7=O)cc6)nc5c4)ccc3nc2-c2ccccc2)cc1,65,75,5754,459.15,data/graphs_tg2/batch_5/5754.npz,[*]c1ccc(-c2nc3cc(S(=O)(=O)c4ccc5nc(-c6ccccc6)c(-c6ccc(-n7c(=O)c8cc9c(=O)n([*])c(=O)c9cc8c7=O)cc6)nc5c4)ccc3nc2-c2ccccc2)cc1,0.8076923076923077,2098,[*]c1ccc(-c2nc3cc(-c4ccc5nc(-c6ccccc6)c(-c6ccc(-n7c(=O)c8cc9c(=O)n([*])c(=O)c9cc8c7=O)cc6)nc5c4)ccc3nc2-c2ccccc2)cc1,high
853,[*]C=C(C#N)C(=O)OCCCCCCOC(=O)/C(C#N)=C/c1ccc2c(c1)c1cc([*])ccc1n2CCCCCCC,42,44,853,360.15,data/graphs_tg2/batch_0/853.npz,[*]C=C(C#N)C(=O)OCCCCCCOC(=O)/C(C#N)=C/c1ccc2c(c1)c1cc([*])ccc1n2CCCCCCC,1.0,2536,[*]C=C(C#N)C(=O)OCCCCCCCCCCOC(=O)/C(C#N)=C/c1ccc2c(c1)c1cc([*])ccc1n2CCCCCCC,high
6588,[*]c1ccc(Oc2ccc(S(=O)(=O)c3ccc(Oc4ccc(C([*])(C)c5ccccc5)cc4)cc3)cc2)cc1,39,43,6588,480.15,data/graphs_tg2/batch_6/6588.npz,[*]c1ccc(Oc2ccc(S(=O)(=O)c3ccc(Oc4ccc(C([*])(C)c5ccccc5)cc4)cc3)cc2)cc1,0.775,4256,[*]c1ccc(Oc2ccc(S(=O)(=O)c3ccc(Oc4ccc(C([*])(C)c5ccc(O)cc5)cc4)cc3)cc2)cc1,medium
4268,[*]OCC#CC#CCOC(=O)c1ccc(C([*])=O)cc1,20,20,4268,416.15,data/graphs_tg2/batch_4/4268.npz,[*]OCC#CC#CCOC(=O)c1ccc(C([*])=O)cc1,0.5833333333333334,1121,[*]OCCOC(=O)c1ccc(C([*])=O)cc1,medium
890,[*]C=CC(=O)Nc1ccc(OC(=O)/C=C/C(=O)NNC(=O)/C=C/C(=O)Oc2ccc(NC(=O)/C=C/C(=O)NNC([*])=O)cc2)cc1,46,47,890,538.15,data/graphs_tg2/batch_0/890.npz,[*]C=CC(=O)Nc1ccc(OC(=O)/C=C/C(=O)NNC(=O)/C=C/C(=O)Oc2ccc(NC(=O)/C=C/C(=O)NNC([*])=O)cc2)cc1,0.6938775510204082,3017,[*]C=CC(=O)Nc1ccc(OC(=O)c2ccccc2C(=O)NNC(=O)c2ccccc2C(=O)Oc2ccc(NC(=O)/C=C/C(=O)NNC([*])=O)cc2)cc1,medium
1303,[*]CC([*])(C)C(=O)OCCCCCCCCCCOc1ccc(OC(=O)c2ccc(OC)c(Br)c2)cc1,37,38,1303,302.15,data/graphs_tg2/batch_1/1303.npz,[*]CC([*])(C)C(=O)OCCCCCCCCCCOc1ccc(OC(=O)c2ccc(OC)c(Br)c2)cc1,1.0,1048,[*]CC([*])(C)C(=O)OCCCCCCOc1ccc(OC(=O)c2ccc(OC)c(Br)c2)cc1,high
1596,[*]CC([*])C(=O)Nc1ccc(C(=O)/C=C/c2ccc(Br)cc2)cc1,24,25,1596,337.15,data/graphs_tg2/batch_1/1596.npz,[*]CC([*])C(=O)Nc1ccc(C(=O)/C=C/c2ccc(Br)cc2)cc1,0.7551020408163265,1422,[*]CC([*])C(=O)Nc1ccc(C(=O)/C=C/c2cccc(Br)c2)cc1,medium
1660,[*]CC([*])C(=O)OCCCCCOC(=O)c1ccc(OC(=O)c2ccc(C#N)cc2)cc1,32,33,1660,303.15,data/graphs_tg2/batch_1/1660.npz,[*]CC([*])C(=O)OCCCCCOC(=O)c1ccc(OC(=O)c2ccc(C#N)cc2)cc1,1.0,789,[*]CC([*])C(=O)OCCCCCCCCCCOC(=O)c1ccc(OC(=O)c2ccc(C#N)cc2)cc1,high
7345,[*]c1ccc2c(c1)C(=O)N(c1cccc(Oc3cccc(Oc4cccc(N5C(=O)c6ccc([*])cc6C5=O)c4)c3)c1)C2=O,44,50,7345,478.15,data/graphs_tg2/batch_7/7345.npz,[*]c1ccc2c(c1)C(=O)N(c1cccc(Oc3cccc(Oc4cccc(N5C(=O)c6ccc([*])cc6C5=O)c4)c3)c1)C2=O,0.8461538461538461,4604,[*]Oc1ccc2c(c1)C(=O)N(c1cccc(Oc3cccc(Oc4cccc(N5C(=O)c6ccc([*])cc6C5=O)c4)c3)c1)C2=O,high
1426,[*]CC([*])(C)C(=O)OCCOc1ccc(/N=N/c2ccc(C#N)cc2)cc1,27,28,1426,382.15,data/graphs_tg2/batch_1/1426.npz,[*]CC([*])(C)C(=O)OCCOc1ccc(/N=N/c2ccc(C#N)cc2)cc1,0.9347826086956522,1748,[*]CC([*])(C)C(=O)OCCOCCOCCOCCOc1ccc(/N=N/c2ccc(C#N)cc2)cc1,high
6340,[*]c1ccc(Oc2ccc(-c3nnc(-c4ccc(Oc5ccc(C([*])(C)C)cc5)cc4)c4c(-c5ccccc5)c(-c5ccc6ccccc6c5)c(-c5ccc6ccccc6c5)c(-c5ccccc5)c34)cc2)cc1,73,84,6340,563.15,data/graphs_tg2/batch_6/6340.npz,[*]c1ccc(Oc2ccc(-c3nnc(-c4ccc(Oc5ccc(C([*])(C)C)cc5)cc4)c4c(-c5ccccc5)c(-c5ccc6ccccc6c5)c(-c5ccc6ccccc6c5)c(-c5ccccc5)c34)cc2)cc1,0.7818181818181819,4875,[*]c1ccc(Oc2ccc(-c3nnc(-c4ccc(Oc5ccc(C([*])(C(F)(F)F)C(F)(F)F)cc5)cc4)c4c(-c5ccccc5)c(-c5ccc6ccccc6c5)c(-c5ccc6ccccc6c5)c(-c5ccccc5)c34)cc2)cc1,medium
7206,[*]=CCCC(=[*])Cl,7,6,7206,225.0,data/graphs_tg2/batch_7/7206.npz,[*]=CCCC(=[*])Cl,0.5238095238095238,3682,[*]=CCCC(=[*])C,medium
1938,[*]CC([*])c1ccc(C(C)(O)CCC)cc1,16,16,1938,408.15,data/graphs_tg2/batch_1/1938.npz,[*]CC([*])c1ccc(C(C)(O)CCC)cc1,0.8484848484848485,4971,[*]CC([*])c1ccc(C(C)(O)CCCC)cc1,high
6796,[*]c1ccc2c(c1)C(=O)N(c1ccc(Oc3ccc(N4C(=O)c5ccc(-c6c(-c7ccccc7)c(-c7ccccc7)c(-c7ccc(Oc8ccc(-c9c(-c%10ccccc%10)c(-c%10ccccc%10)c([*])c(-c%10ccccc%10)c9-c9ccccc9)cc8)cc7)c(-c7ccccc7)c6-c6ccccc6)cc5C4=O)cc3)cc1)C2=O,110,127,6796,602.15,data/graphs_tg2/batch_6/6796.npz,[*]c1ccc2c(c1)C(=O)N(c1ccc(Oc3ccc(N4C(=O)c5ccc(-c6c(-c7ccccc7)c(-c7ccccc7)c(-c7ccc(Oc8ccc(-c9c(-c%10ccccc%10)c(-c%10ccccc%10)c([*])c(-c%10ccccc%10)c9-c9ccccc9)cc8)cc7)c(-c7ccccc7)c6-c6ccccc6)cc5C4=O)cc3)cc1)C2=O,1.0,4856,[*]c1ccc2c(c1)C(=O)N(c1ccc(N3C(=O)c4ccc(-c5c(-c6ccccc6)c(-c6ccccc6)c(-c6ccc(Oc7ccc(-c8c(-c9ccccc9)c(-c9ccccc9)c([*])c(-c9ccccc9)c8-c8ccccc8)cc7)cc6)c(-c6ccccc6)c5-c5ccccc5)cc4C3=O)cc1)C2=O,high
2707,[*]CCSCCC(=O)OCCOC([*])=O,15,14,2707,230.15,data/graphs_tg2/batch_2/2707.npz,[*]CCSCCC(=O)OCCOC([*])=O,0.9,481,[*]CCSCCC(=O)OCCOCCOCCOCCOC([*])=O,high
4948,[*]Oc1ccc(N2C(=O)c3ccc(-c4ccc5c(c4)C(=O)N(c4ccc(Oc6cccc([*])c6C#N)cc4)C5=O)cc3C2=O)cc1,46,52,4948,544.15,data/graphs_tg2/batch_4/4948.npz,[*]Oc1ccc(N2C(=O)c3ccc(-c4ccc5c(c4)C(=O)N(c4ccc(Oc6cccc([*])c6C#N)cc4)C5=O)cc3C2=O)cc1,0.7894736842105263,1248,[*]Oc1ccc(N2C(=O)c3ccc(C(=O)c4ccc5c(c4)C(=O)N(c4ccc(Oc6cccc([*])c6C#N)cc4)C5=O)cc3C2=O)cc1,medium
2275,[*]CCCCCC(=O)Nc1ccc(NC([*])=O)cc1,19,19,2275,406.15,data/graphs_tg2/batch_2/2275.npz,[*]CCCCCC(=O)Nc1ccc(NC([*])=O)cc1,1.0,3259,[*]CCCCCCCC(=O)Nc1ccc(NC([*])=O)cc1,high
5886,[*]c1ccc(C2(c3ccc(-c4cc(-c5ccccc5)c5cc(C6(c7ccc8nc([*])cc(-c9ccccc9)c8c7)c7ccccc7-c7ccccc76)ccc5n4)cc3)c3ccccc3-c3ccccc32)cc1,72,85,5886,663.15,data/graphs_tg2/batch_5/5886.npz,[*]c1ccc(C2(c3ccc(-c4cc(-c5ccccc5)c5cc(C6(c7ccc8nc([*])cc(-c9ccccc9)c8c7)c7ccccc7-c7ccccc76)ccc5n4)cc3)c3ccccc3-c3ccccc32)cc1,0.9555555555555556,5572,[*]c1ccc(-c2ccc(-c3cc(-c4ccccc4)c4cc(C5(c6ccc7nc([*])cc(-c8ccccc8)c7c6)c6ccccc6-c6ccccc65)ccc4n3)cc2)cc1,high
1536,[*]CC([*])(CC(=O)OCCCCCCCCC)C(=O)OCCCCCCCCC,29,28,1536,260.15,data/graphs_tg2/batch_1/1536.npz,[*]CC([*])(CC(=O)OCCCCCCCCC)C(=O)OCCCCCCCCC,1.0,1307,[*]CC([*])(CC(=O)OCCCCCC)C(=O)OCCCCCC,high
6635,[*]c1ccc(Oc2ccc3cc(Oc4ccc(S([*])(=O)=O)cc4)ccc3c2)cc1,29,32,6635,504.15,data/graphs_tg2/batch_6/6635.npz,[*]c1ccc(Oc2ccc3cc(Oc4ccc(S([*])(=O)=O)cc4)ccc3c2)cc1,0.8214285714285714,2947,[*]c1ccc(Oc2ccc(Oc3ccc(Oc4ccc(S([*])(=O)=O)cc4)cc3)cc2)cc1,high
4965,[*]Oc1ccc(N2C(=O)c3ccc(Oc4ccc5c(c4)C(=O)N(c4ccc(Oc6cc(C(C)(C)C)c([*])cc6C(C)(C)C)cc4)C5=O)cc3C2=O)cc1,53,59,4965,515.15,data/graphs_tg2/batch_4/4965.npz,[*]Oc1ccc(N2C(=O)c3ccc(Oc4ccc5c(c4)C(=O)N(c4ccc(Oc6cc(C(C)(C)C)c([*])cc6C(C)(C)C)cc4)C5=O)cc3C2=O)cc1,0.9019607843137255,907,[*]Oc1ccc2c(c1)C(=O)N(c1ccc(Oc3ccc(-c4ccc(Oc5ccc(N6C(=O)c7ccc(Oc8cc(C(C)(C)C)c([*])cc8C(C)(C)C)cc7C6=O)cc5)cc4)cc3)cc1)C2=O,high
4236,[*]OC([*])C,5,4,4236,253.65,data/graphs_tg2/batch_4/4236.npz,[*]OC([*])C,0.4117647058823529,2381,[*]CC(C)O[*],low
6822,[*]c1ccc2c(c1)C(=O)N(c1ccc(Oc3ccc(S(=O)(=O)c4ccc(Oc5ccc(N6C(=O)c7ccc(C([*])(C(F)(F)F)C(F)(F)F)cc7C6=O)cc5)cc4)cc3)cc1)C2=O,62,69,6822,549.65,data/graphs_tg2/batch_6/6822.npz,[*]c1ccc2c(c1)C(=O)N(c1ccc(Oc3ccc(S(=O)(=O)c4ccc(Oc5ccc(N6C(=O)c7ccc(C([*])(C(F)(F)F)C(F)(F)F)cc7C6=O)cc5)cc4)cc3)cc1)C2=O,0.8775510204081632,3181,[*]c1ccc2c(c1)C(=O)N(c1ccc(S(=O)(=O)c3ccc(S(=O)(=O)c4ccc(S(=O)(=O)c5ccc(N6C(=O)c7ccc(C([*])(C(F)(F)F)C(F)(F)F)cc7C6=O)cc5)cc4)cc3)cc1)C2=O,high
1120,[*]CC(COCC=C)S[*],10,9,1120,214.15,data/graphs_tg2/batch_1/1120.npz,[*]CC(COCC=C)S[*],0.5161290322580645,4276,[*]CC(COCC=C)O[*],medium
405,[*]C(=O)c1ccc(C(c2ccc(C(=O)c3ccc(Oc4ccc(C(c5ccc(Oc6ccc([*])cc6)cc5)(C(F)(F)F)C(F)(F)F)cc4)cc3)cc2)(C(F)(F)F)C(F)(F)F)cc1,62,67,405,458.15,data/graphs_tg2/batch_0/405.npz,[*]C(=O)c1ccc(C(c2ccc(C(=O)c3ccc(Oc4ccc(C(c5ccc(Oc6ccc([*])cc6)cc5)(C(F)(F)F)C(F)(F)F)cc4)cc3)cc2)(C(F)(F)F)C(F)(F)F)cc1,0.9166666666666666,2018,[*]C(=O)c1ccc(Oc2ccc(C(c3ccc(Oc4ccc([*])cc4)cc3)(C(F)(F)F)C(F)(F)F)cc2)cc1,high
1269,[*]CC([*])(C)C(=O)OCCCCCC(=O)Oc1ccc(OC(=O)c2ccc(OCC)cc2)cc1,34,35,1269,316.15,data/graphs_tg2/batch_1/1269.npz,[*]CC([*])(C)C(=O)OCCCCCC(=O)Oc1ccc(OC(=O)c2ccc(OCC)cc2)cc1,0.8846153846153846,3698,[*]CC([*])(C)C(=O)OCCCCCC(=O)Oc1ccc(OC(=O)c2ccc(OCCCC)cc2)cc1,high
5679,[*]c1ccc(-c2ccc(C([*])(C(F)(F)F)C(F)(F)F)cc2)cc1,23,24,5679,537.15,data/graphs_tg2/batch_5/5679.npz,[*]c1ccc(-c2ccc(C([*])(C(F)(F)F)C(F)(F)F)cc2)cc1,0.6129032258064516,3970,[*]c1ccc(OCOc2ccc(C([*])(C(F)(F)F)C(F)(F)F)cc2)cc1,medium
5173,[*]Oc1ccc2c(c1)C(=O)N(c1ccc(Oc3ccc(N4C(=O)c5ccc([*])cc5C4=O)cc3Br)c(Br)c1)C2=O,40,45,5173,524.15,data/graphs_tg2/batch_5/5173.npz,[*]Oc1ccc2c(c1)C(=O)N(c1ccc(Oc3ccc(N4C(=O)c5ccc([*])cc5C4=O)cc3Br)c(Br)c1)C2=O,0.8333333333333334,1730,[*]c1ccc2c(c1)C(=O)N(c1ccc(Oc3ccc(N4C(=O)c5ccc([*])cc5C4=O)cc3Br)c(Br)c1)C2=O,high
3916,[*]Nc1ccc(Oc2ccc(NC(=O)c3ccc4c(c3)C(=O)N(c3ccc(C([*])=O)cc3)C4=O)cc2)cc1,38,42,3916,569.15,data/graphs_tg2/batch_3/3916.npz,[*]Nc1ccc(Oc2ccc(NC(=O)c3ccc4c(c3)C(=O)N(c3ccc(C([*])=O)cc3)C4=O)cc2)cc1,0.9583333333333334,2105,[*]Nc1ccc(Oc2ccc(Oc3ccc(NC(=O)c4ccc5c(c4)C(=O)N(c4ccc(Oc6ccc(N7C(=O)c8ccc(C([*])=O)cc8C7=O)cc6)cc4)C5=O)cc3)cc2)cc1,high
7034,[*]c1cccc(P(=O)(c2ccc(C(F)(F)F)cc2)c2cccc(-n3c(=O)c4cc5c(=O)n([*])c(=O)c5cc4c3=O)c2)c1,42,47,7034,584.15,data/graphs_tg2/batch_7/7034.npz,[*]c1cccc(P(=O)(c2ccc(C(F)(F)F)cc2)c2cccc(-n3c(=O)c4cc5c(=O)n([*])c(=O)c5cc4c3=O)c2)c1,0.8431372549019608,1149,[*]c1cccc(P(=O)(c2cccc(-n3c(=O)c4cc5c(=O)n([*])c(=O)c5cc4c3=O)c2)c2cc(C(F)(F)F)cc(C(F)(F)F)c2)c1,high
3015,[*]Cc1cc(C)c(Oc2cccc3c2C(=O)N(c2ccc(Oc4ccc(N5C(=O)c6cccc(Oc7c(C)cc([*])cc7C)c6C5=O)cc4)cc2)C3=O)c(C)c1,56,63,3015,543.15,data/graphs_tg2/batch_3/3015.npz,[*]Cc1cc(C)c(Oc2cccc3c2C(=O)N(c2ccc(Oc4ccc(N5C(=O)c6cccc(Oc7c(C)cc([*])cc7C)c6C5=O)cc4)cc2)C3=O)c(C)c1,0.8775510204081632,135,[*]c1cc(C)c(Oc2cccc3c2C(=O)N(c2ccc(Oc4ccc(N5C(=O)c6cccc(Oc7c(C)cc([*])cc7C)c6C5=O)cc4)cc2)C3=O)c(C)c1,high
6663,[*]c1ccc(Sc2ccc(-n3c(=O)c4cc5c(=O)n([*])c(=O)c5cc4c3=O)cc2)cc1,31,35,6663,673.15,data/graphs_tg2/batch_6/6663.npz,[*]c1ccc(Sc2ccc(-n3c(=O)c4cc5c(=O)n([*])c(=O)c5cc4c3=O)cc2)cc1,1.0,658,[*]c1ccc(Sc2ccc(Sc3ccc(Sc4ccc(-n5c(=O)c6cc7c(=O)n([*])c(=O)c7cc6c5=O)cc4)cc3)cc2)cc1,high
2262,[*]CCCCC(=O)Oc1ccc(/C(=C/c2ccc(-c3ccc(/C=C(\c4ccccc4)c4ccc(OC([*])=O)cc4)cc3)cc2)c2ccccc2)cc1,52,57,2262,401.15,data/graphs_tg2/batch_2/2262.npz,[*]CCCCC(=O)Oc1ccc(/C(=C/c2ccc(-c3ccc(/C=C(\c4ccccc4)c4ccc(OC([*])=O)cc4)cc3)cc2)c2ccccc2)cc1,0.6595744680851063,540,[*]CCCCCCCCCCCCC(=O)Oc1ccc(-c2ccc(OC([*])=O)cc2)cc1,medium
3974,[*]Nc1ccc(Oc2ccc3cccc(Oc4ccc(NC(=O)c5ccc(Oc6ccccc6Oc6ccc(C([*])=O)cc6)cc5)cc4)c3c2)cc1,52,58,3974,453.15,data/graphs_tg2/batch_3/3974.npz,[*]Nc1ccc(Oc2ccc3cccc(Oc4ccc(NC(=O)c5ccc(Oc6ccccc6Oc6ccc(C([*])=O)cc6)cc5)cc4)c3c2)cc1,0.9591836734693877,1354,[*]Nc1ccc(Oc2ccc3cccc(Oc4ccc(NC(=O)c5ccc(Oc6ccc(C([*])=O)cc6)cc5)cc4)c3c2)cc1,high
2281,[*]CCCCCC(=O)OCCOCCOC([*])=O,18,17,2281,231.65,data/graphs_tg2/batch_2/2281.npz,[*]CCCCCC(=O)OCCOCCOC([*])=O,1.0,366,[*]CCCCCC(=O)OCCOCCOCCOC([*])=O,high
3680,[*]Nc1ccc(C(=O)c2ccc(Oc3ccc(C(=O)c4ccc(NC(=O)c5cccc(C([*])=O)c5)cc4)cc3)cc2)cc1,43,47,3680,487.15,data/graphs_tg2/batch_3/3680.npz,[*]Nc1ccc(C(=O)c2ccc(Oc3ccc(C(=O)c4ccc(NC(=O)c5cccc(C([*])=O)c5)cc4)cc3)cc2)cc1,1.0,883,[*]Nc1ccc(C(=O)c2ccc(Oc3ccc(Oc4ccc(C(=O)c5ccc(NC(=O)c6cccc(C([*])=O)c6)cc5)cc4)cc3)cc2)cc1,high
2583,[*]CCC[Si]([*])(C)CCC[Si](C)(C)C,14,13,2583,227.15,data/graphs_tg2/batch_2/2583.npz,[*]CCC[Si]([*])(C)CCC[Si](C)(C)C,0.6521739130434783,764,[*]CCC[Si]([*])(C)C[Si](C)(C)C,medium
2539,[*]CCCN([*])C(=O)C(F)(F)C(F)(F)C(F)(F)C(F)(F)C(F)(F)C(F)(F)C(F)(F)F,30,29,2539,298.15,data/graphs_tg2/batch_2/2539.npz,[*]CCCN([*])C(=O)C(F)(F)C(F)(F)C(F)(F)C(F)(F)C(F)(F)C(F)(F)C(F)(F)F,0.4411764705882353,446,[*]CCCN([*])C(C)=O,low
4720,[*]Oc1c(Br)cc([*])cc1Br,11,11,4720,469.15,data/graphs_tg2/batch_4/4720.npz,[*]Oc1c(Br)cc([*])cc1Br,0.5,28,[*]Oc1c(Cl)cc([*])cc1Cl,medium
2377,[*]CCCCCCCCC(=O)OCC#CC(C#CCOC([*])=O)=Cc1ccc(C#Cc2ccc(C=C(C#Cc3ccccc3)C#Cc3ccccc3)cc2)cc1,56,59,2377,333.15,data/graphs_tg2/batch_2/2377.npz,[*]CCCCCCCCC(=O)OCC#CC(C#CCOC([*])=O)=Cc1ccc(C#Cc2ccc(C=C(C#Cc3ccccc3)C#Cc3ccccc3)cc2)cc1,0.7627118644067796,2611,[*]CCCCCCCCC(=O)OCC#CC(C#CCOC([*])=O)=Cc1ccc(C#Cc2ccc([N+](=O)[O-])cc2)cc1,medium
5907,[*]c1ccc(CNC(=O)OC(c2ccco2)C(OC(=O)NCc2ccc(C([*])(C)C)o2)c2ccco2)o1,37,40,5907,318.15,data/graphs_tg2/batch_5/5907.npz,[*]c1ccc(CNC(=O)OC(c2ccco2)C(OC(=O)NCc2ccc(C([*])(C)C)o2)c2ccco2)o1,0.6481481481481481,597,[*]c1ccc(CNC(=O)OCCOC(=O)NCc2ccc(C([*])(C)C)o2)o1,medium
557,[*]C(=O)c1ccc2c(c1)C(=O)N(c1ccc(Cl)c(N3C(=O)c4ccc([*])cc4C3=O)c1)C2=O,33,37,557,578.15,data/graphs_tg2/batch_0/557.npz,[*]C(=O)c1ccc2c(c1)C(=O)N(c1ccc(Cl)c(N3C(=O)c4ccc([*])cc4C3=O)c1)C2=O,0.7021276595744681,1186,[*]C(=O)c1ccc2c(c1)C(=O)N(c1ccc3c(c1)C(=O)c1cc(N4C(=O)c5ccc([*])cc5C4=O)ccc1-3)C2=O,medium
4090,[*]Nc1cccc(NC(=O)c2ccc3c(c2)C(=O)N(c2ccc(Oc4ccc(C5(c6ccc(Oc7ccc(N8C(=O)c9ccc(C([*])=O)cc9C8=O)cc7)cc6)NC(=O)c6ccccc65)cc4)cc2)C3=O)c1,72,82,4090,601.15,data/graphs_tg2/batch_4/4090.npz,[*]Nc1cccc(NC(=O)c2ccc3c(c2)C(=O)N(c2ccc(Oc4ccc(C5(c6ccc(Oc7ccc(N8C(=O)c9ccc(C([*])=O)cc9C8=O)cc7)cc6)NC(=O)c6ccccc65)cc4)cc2)C3=O)c1,0.8857142857142857,886,[*]Nc1ccc(Oc2ccc(C3(c4ccc(Oc5ccc(NC(=O)c6ccc7c(c6)C(=O)N(c6ccc(Oc8ccc(C9(c%10ccc(Oc%11ccc(N%12C(=O)c%13ccc(C([*])=O)cc%13C%12=O)cc%11)cc%10)NC(=O)c%10ccccc%109)cc8)cc6)C7=O)cc5)cc4)NC(=O)c4ccccc43)cc2)cc1,high
5107,[*]Oc1ccc(S(=O)(=O)c2ccc(Oc3ccc4c(c3)C(=O)N(c3cccc(N5C(=O)c6ccc([*])cc6C5=O)c3)C4=O)cc2)cc1,47,53,5107,538.15,data/graphs_tg2/batch_5/5107.npz,[*]Oc1ccc(S(=O)(=O)c2ccc(Oc3ccc4c(c3)C(=O)N(c3cccc(N5C(=O)c6ccc([*])cc6C5=O)c3)C4=O)cc2)cc1,0.9183673469387755,1054,[*]Oc1ccc(S(=O)(=O)c2ccc(Oc3ccc4c(c3)C(=O)N(c3cccc(S(=O)(=O)c5cccc(N6C(=O)c7ccc([*])cc7C6=O)c5)c3)C4=O)cc2)cc1,high
5121,[*]Oc1ccc(Sc2ccc(Oc3ccc4c(c3)C(=O)N(c3cc(N5C(=O)c6ccc([*])cc6C5=O)cc(C(F)(F)F)c3)C4=O)cc2)cc1,49,55,5121,491.15,data/graphs_tg2/batch_5/5121.npz,[*]Oc1ccc(Sc2ccc(Oc3ccc4c(c3)C(=O)N(c3cc(N5C(=O)c6ccc([*])cc6C5=O)cc(C(F)(F)F)c3)C4=O)cc2)cc1,0.7692307692307693,276,[*]Oc1ccc(Sc2ccc(Oc3ccc4c(c3)C(=O)N(c3ccc(N5C(=O)c6ccc([*])cc6C5=O)cc3)C4=O)cc2)cc1,medium
6435,[*]c1ccc(Oc2ccc(C(=O)c3cccc(C(=O)c4ccc(Oc5ccc(-c6c7c(c([*])c8ccccc68)C(=O)N(C)C7=O)cc5)cc4)c3)cc2)cc1,54,61,6435,524.15,data/graphs_tg2/batch_6/6435.npz,[*]c1ccc(Oc2ccc(C(=O)c3cccc(C(=O)c4ccc(Oc5ccc(-c6c7c(c([*])c8ccccc68)C(=O)N(C)C7=O)cc5)cc4)c3)cc2)cc1,0.8979591836734694,1316,[*]c1ccc(Oc2ccc(C(=O)c3ccc(Oc4ccc(-c5c6c(c([*])c7ccccc57)C(=O)N(C)C6=O)cc4)cc3)cc2)cc1,high
6098,[*]c1ccc(OC(=O)c2ccc(C(=O)Oc3ccc(C4([*])CCC5CCCCC5C4)cc3C)cc2)c(C)c1,38,42,6098,520.15,data/graphs_tg2/batch_6/6098.npz,[*]c1ccc(OC(=O)c2ccc(C(=O)Oc3ccc(C4([*])CCC5CCCCC5C4)cc3C)cc2)c(C)c1,0.8727272727272727,732,[*]c1ccc(OC(=O)c2cccc(C(=O)Oc3ccc(C4([*])CCC5CCCCC5C4)cc3C)c2)c(C)c1,high
5847,[*]c1ccc(C(=O)Oc2ccc(C(C)(C)c3ccc(OC(=O)c4ccc(C([*])(C)CC)cc4)cc3)cc2)cc1,39,42,5847,484.15,data/graphs_tg2/batch_5/5847.npz,[*]c1ccc(C(=O)Oc2ccc(C(C)(C)c3ccc(OC(=O)c4ccc(C([*])(C)CC)cc4)cc3)cc2)cc1,0.7142857142857143,5375,[*]c1ccc(OC(=O)c2ccc(C(=O)Oc3ccc(C([*])(CC)CC)cc3)cc2)cc1,medium
4553,[*]O[Si](C)(C)O[Si](C)(C)O[Si](C)(C)c1ccc([Si](C)(C)O[Si](C)(C)O[Si]([*])(C)C)cc1,31,31,4553,193.15,data/graphs_tg2/batch_4/4553.npz,[*]O[Si](C)(C)O[Si](C)(C)O[Si](C)(C)c1ccc([Si](C)(C)O[Si](C)(C)O[Si]([*])(C)C)cc1,0.8064516129032258,41,[*]O[Si](C)(C)O[Si](C)(C)c1ccc(Oc2ccc([Si](C)(C)O[Si](C)(C)O[Si]([*])(C)C)cc2)cc1,high
1326,[*]CC([*])(C)C(=O)OCCCCCCOc1ccc(-c2ccc(C#N)cc2)cc1,29,30,1326,336.15,data/graphs_tg2/batch_1/1326.npz,[*]CC([*])(C)C(=O)OCCCCCCOc1ccc(-c2ccc(C#N)cc2)cc1,1.0,2845,[*]CC([*])(C)C(=O)OCCCCCOc1ccc(-c2ccc(C#N)cc2)cc1,high
6621,[*]c1ccc(Oc2ccc3c(c2)C(=O)N(c2ccc(Oc4ccc(N5C(=O)c6ccc(Oc7cccc(C([*])(C)C)c7)cc6C5=O)cc4)cc2)C3=O)cc1,54,61,6621,496.15,data/graphs_tg2/batch_6/6621.npz,[*]c1ccc(Oc2ccc3c(c2)C(=O)N(c2ccc(Oc4ccc(N5C(=O)c6ccc(Oc7cccc(C([*])(C)C)c7)cc6C5=O)cc4)cc2)C3=O)cc1,0.9777777777777777,3988,[*]c1ccc(Oc2ccc3c(c2)C(=O)N(c2ccc(Oc4cccc(Oc5ccc(N6C(=O)c7ccc(Oc8cccc(C([*])(C)C)c8)cc7C6=O)cc5)c4)cc2)C3=O)cc1,high
4622,[*]O[Si]([*])(C)CCCCCCCCCCC(=O)Oc1ccc(C(=O)Oc2ccc(-c3ccc(OC(=O)c4ccc(OCC(C)CC)cc4)cc3)cc2)cc1,54,57,4622,347.45,data/graphs_tg2/batch_4/4622.npz,[*]O[Si]([*])(C)CCCCCCCCCCC(=O)Oc1ccc(C(=O)Oc2ccc(-c3ccc(OC(=O)c4ccc(OCC(C)CC)cc4)cc3)cc2)cc1,1.0,1200,[*]O[Si]([*])(C)CCCCCCCCCCC(=O)Oc1ccc(-c2ccc(OC(=O)c3ccc(OCC(C)CC)cc3)cc2)cc1,high
5443,[*]c1cc(C(C)C)c(N2C(=O)c3ccc(C(c4ccc5c(c4)C(=O)N(c4c(C(C)C)cc(C([*])(c6ccccc6)C(F)(F)F)cc4C(C)C)C5=O)(C(F)(F)F)C(F)(F)F)cc3C2=O)c(C(C)C)c1,68,74,5443,547.15,data/graphs_tg2/batch_5/5443.npz,[*]c1cc(C(C)C)c(N2C(=O)c3ccc(C(c4ccc5c(c4)C(=O)N(c4c(C(C)C)cc(C([*])(c6ccccc6)C(F)(F)F)cc4C(C)C)C5=O)(C(F)(F)F)C(F)(F)F)cc3C2=O)c(C(C)C)c1,0.6119402985074627,887,[*]c1c(C)cc(C(c2ccccc2)(c2cc(C)c(N3C(=O)c4ccc(C(c5ccc6c(c5)C(=O)N([*])C6=O)(C(F)(F)F)C(F)(F)F)cc4C3=O)c(C(C)C)c2)C(F)(F)F)cc1C(C)C,medium
1900,[*]CC([*])c1ccc(-c2ccc3c(c2)C(CCCCCC)(CCCCCC)c2cc(-c4ccc5c(c4)C(CCCCCC)(CCCCCC)c4ccccc4-5)ccc2-3)cc1,60,66,1900,351.75,data/graphs_tg2/batch_1/1900.npz,[*]CC([*])c1ccc(-c2ccc3c(c2)C(CCCCCC)(CCCCCC)c2cc(-c4ccc5c(c4)C(CCCCCC)(CCCCCC)c4ccccc4-5)ccc2-3)cc1,1.0,38,[*]CC([*])c1ccc(-c2ccc3c(c2)C(CCCCCC)(CCCCCC)c2ccccc2-3)cc1,high
1355,[*]CC([*])(C)C(=O)OCCCCCCOc1ccc(OC(=O)c2ccc(OCCCCCC)cc2)cc1,37,38,1355,289.15,data/graphs_tg2/batch_1/1355.npz,[*]CC([*])(C)C(=O)OCCCCCCOc1ccc(OC(=O)c2ccc(OCCCCCC)cc2)cc1,1.0,1589,[*]CC([*])(C)C(=O)OCCCCCCOc1ccc(OC(=O)c2ccc(OCCCCCCCC)cc2)cc1,high
1047,[*]CC(=O)C([*])C,7,6,1047,296.15,data/graphs_tg2/batch_1/1047.npz,[*]CC(=O)C([*])C,0.4782608695652174,1154,[*]CC([*])C(=O)CC,low
1201,[*]CC([*])(C)C(=O)OC(COc1ccc(-c2ccccc2)cc1)COc1ccc(-c2ccccc2)cc1,37,40,1201,358.15,data/graphs_tg2/batch_1/1201.npz,[*]CC([*])(C)C(=O)OC(COc1ccc(-c2ccccc2)cc1)COc1ccc(-c2ccccc2)cc1,0.6,1769,[*]CC([*])(C)C(=O)OC(COc1cccc2ccccc12)COc1cccc2ccccc12,medium
809,[*]C1C([*])C2CC1C(C(=O)OCc1ccccc1)C2C(=O)OCc1ccccc1,29,32,809,550.15,data/graphs_tg2/batch_0/809.npz,[*]C1C([*])C2CC1C(C(=O)OCc1ccccc1)C2C(=O)OCc1ccccc1,0.7,573,[*]C1C([*])C2CC1C(C(=O)OCCCc1ccccc1)C2C(=O)OCCCc1ccccc1,medium
1061,[*]CC(=O)Nc1ccc(NC(=O)Cc2cc(C)c([*])cc2C)cc1,24,25,1061,448.15,data/graphs_tg2/batch_1/1061.npz,[*]CC(=O)Nc1ccc(NC(=O)Cc2cc(C)c([*])cc2C)cc1,0.9210526315789473,307,[*]CC(=O)Nc1ccc(-c2ccc(NC(=O)Cc3cc(C)c([*])cc3C)cc2)cc1,high
2125,[*]CCC(=O)OC1COC2C(OC([*])=O)COC12,18,19,2125,350.15,data/graphs_tg2/batch_2/2125.npz,[*]CCC(=O)OC1COC2C(OC([*])=O)COC12,0.7777777777777778,5788,[*]CCCCCCCCC(=O)OC1COC2C(OC([*])=O)COC12,medium
6848,[*]c1ccc2c(c1)C(=O)N(c1ccc(Sc3ccc(Sc4ccc(Sc5ccc(N6C(=O)c7ccc([*])cc7C6=O)cc5)cc4)cc3)cc1)C2=O,51,58,6848,500.25,data/graphs_tg2/batch_6/6848.npz,[*]c1ccc2c(c1)C(=O)N(c1ccc(Sc3ccc(Sc4ccc(Sc5ccc(N6C(=O)c7ccc([*])cc7C6=O)cc5)cc4)cc3)cc1)C2=O,0.8333333333333334,1509,[*]Sc1ccc(Sc2ccc(Sc3ccc4c(c3)C(=O)N(c3ccc(Sc5ccc(Sc6ccc(N7C(=O)c8ccc([*])cc8C7=O)cc6)cc5)cc3)C4=O)cc2)cc1,high
5193,[*]Oc1ccc2c(c1)C(=O)N(c1cccc(P(=O)(c3ccc(C(F)(F)F)cc3)c3cccc(N4C(=O)c5ccc([*])cc5C4=O)c3)c1)C2=O,49,55,5193,521.15,data/graphs_tg2/batch_5/5193.npz,[*]Oc1ccc2c(c1)C(=O)N(c1cccc(P(=O)(c3ccc(C(F)(F)F)cc3)c3cccc(N4C(=O)c5ccc([*])cc5C4=O)c3)c1)C2=O,0.8571428571428571,2714,[*]Oc1ccc2c(c1)C(=O)N(c1cccc(P(=O)(c3cccc(N4C(=O)c5ccc([*])cc5C4=O)c3)c3cc(C(F)(F)F)cc(C(F)(F)F)c3)c1)C2=O,high
5718,[*]c1ccc(-c2ccc([Si](CCCC)(CCCC)[Si]([*])(CCCC)CCCC)s2)s1,30,31,5718,253.15,data/graphs_tg2/batch_5/5718.npz,[*]c1ccc(-c2ccc([Si](CCCC)(CCCC)[Si]([*])(CCCC)CCCC)s2)s1,0.9714285714285714,753,[*]c1ccc(-c2ccc(-c3ccc([Si](CCCC)(CCCC)[Si]([*])(CCCC)CCCC)s3)s2)s1,high
1264,[*]CC([*])(C)C(=O)OCCCCC,13,12,1264,283.15,data/graphs_tg2/batch_1/1264.npz,[*]CC([*])(C)C(=O)OCCCCC,0.9642857142857143,1346,[*]CC([*])(C)C(=O)OCCCCCCCC,high
1086,[*]CC(C)(C)C1C(=O)N(CCCC)C(=O)C1[*],17,17,1086,353.15,data/graphs_tg2/batch_1/1086.npz,[*]CC(C)(C)C1C(=O)N(CCCC)C(=O)C1[*],0.6285714285714286,3546,[*]CC(C)(C)C1C(=O)N(C)C(=O)C1[*],medium
4627,[*]O[Si]([*])(C)CCCCCCCCCCC(=O)Oc1ccc2cc(C(=O)OC3CCC4(C)C(=CCC5C4CCC4(C)C(C(C)CCCC(C)C)CCC54)C3)ccc2c1,58,63,4627,300.15,data/graphs_tg2/batch_4/4627.npz,[*]O[Si]([*])(C)CCCCCCCCCCC(=O)Oc1ccc2cc(C(=O)OC3CCC4(C)C(=CCC5C4CCC4(C)C(C(C)CCCC(C)C)CCC54)C3)ccc2c1,0.8163265306122449,641,[*]O[Si]([*])(C)CCCCCCCCCCC(=O)Oc1ccc(C(=O)OCCOc2ccc(C(=O)OC3CCC4(C)C(=CCC5C4CCC4(C)C(C(C)CCCC(C)C)CCC54)C3)cc2)cc1,high
7081,[*]C(F)(F)C([*])(F)Cl,8,7,7081,342.625,data/graphs_tg2/batch_7/7081.npz,[*]C(F)(F)C([*])(F)Cl,0.6363636363636364,1042,[*]C([*])(F)Cl,medium
6768,[*]c1ccc2c(c1)C(=O)N(c1ccc(OCC(F)(F)C(F)(F)C(F)(F)C(F)(F)C(F)(F)C(F)(F)C(F)(F)C(F)(F)C(F)(F)C(F)(F)F)c(N3C(=O)c4ccc([*])cc4C3=O)c1)C2=O,63,67,6768,503.15,data/graphs_tg2/batch_6/6768.npz,[*]c1ccc2c(c1)C(=O)N(c1ccc(OCC(F)(F)C(F)(F)C(F)(F)C(F)(F)C(F)(F)C(F)(F)C(F)(F)C(F)(F)C(F)(F)C(F)(F)F)c(N3C(=O)c4ccc([*])cc4C3=O)c1)C2=O,1.0,1038,[*]c1ccc2c(c1)C(=O)N(c1ccc(OCC(F)(F)C(F)(F)C(F)(F)C(F)(F)C(F)(F)C(F)(F)C(F)(F)F)c(N3C(=O)c4ccc([*])cc4C3=O)c1)C2=O,high
4330,[*]OCCCCCCCCCCOC(=O)c1ccc2cc(C([*])=O)ccc2c1,28,29,4330,323.65,data/graphs_tg2/batch_4/4330.npz,[*]OCCCCCCCCCCOC(=O)c1ccc2cc(C([*])=O)ccc2c1,1.0,393,[*]OCCCCCCCCCCCCOC(=O)c1ccc2cc(C([*])=O)ccc2c1,high
1285,[*]CC([*])(C)C(=O)OCCCCCCCCCCCCOc1ccc2cc(C(=O)Oc3ccccc3)ccc2c1,40,42,1285,285.15,data/graphs_tg2/batch_1/1285.npz,[*]CC([*])(C)C(=O)OCCCCCCCCCCCCOc1ccc2cc(C(=O)Oc3ccccc3)ccc2c1,1.0,567,[*]CC([*])(C)C(=O)OCCCCCCCCOc1ccc2cc(C(=O)Oc3ccccc3)ccc2c1,high
5229,[*]Oc1ccc2ccccc2c1-c1c(Oc2ccc3c(c2)C(=O)N(c2ccc(Oc4ccc(N5C(=O)c6ccc([*])cc6C5=O)cc4)cc2)C3=O)ccc2ccccc12,59,68,5229,547.15,data/graphs_tg2/batch_5/5229.npz,[*]Oc1ccc2ccccc2c1-c1c(Oc2ccc3c(c2)C(=O)N(c2ccc(Oc4ccc(N5C(=O)c6ccc([*])cc6C5=O)cc4)cc2)C3=O)ccc2ccccc12,0.7735849056603774,3932,[*]Oc1cc2ccccc2cc1Oc1ccc2c(c1)C(=O)N(c1ccc(Oc3ccc(Oc4ccc(N5C(=O)c6ccc([*])cc6C5=O)cc4)cc3)cc1)C2=O,medium
3731,[*]Nc1ccc(Cc2ccc(NC(=O)Nc3cccc(NC([*])=O)n3)cc2)cc1,29,31,3731,479.65,data/graphs_tg2/batch_3/3731.npz,[*]Nc1ccc(Cc2ccc(NC(=O)Nc3cccc(NC([*])=O)n3)cc2)cc1,0.56,3435,[*]Nc1ccc(CCc2ccccc2NC(=O)Nc2ccc(Cc3ccc(NC([*])=O)cc3)cc2)cc1,medium
3566,[*]NNC(=O)c1ccc(C(=O)NNC(=O)c2ccc(OC(=O)c3cccc(C(=O)Oc4ccc(C([*])=O)cc4)c3)cc2)c(Oc2ccccc2)c1,51,55,3566,433.15,data/graphs_tg2/batch_3/3566.npz,[*]NNC(=O)c1ccc(C(=O)NNC(=O)c2ccc(OC(=O)c3cccc(C(=O)Oc4ccc(C([*])=O)cc4)c3)cc2)c(Oc2ccccc2)c1,0.7450980392156863,4919,[*]NNC(=O)c1cccc(C(=O)NNC(=O)c2ccc(OC(=O)c3cccc(C(=O)Oc4ccc(C([*])=O)cc4)c3)cc2)c1,medium
839,[*]C1CCC2C(=O)N(c3ccc(Oc4ccc(S(=O)(=O)c5ccc(Oc6ccc(N7C(=O)C8CCC([*])CC8C7=O)cc6)cc5)cc4)cc3)C(=O)C2C1,53,60,839,529.65,data/graphs_tg2/batch_0/839.npz,[*]C1CCC2C(=O)N(c3ccc(Oc4ccc(S(=O)(=O)c5ccc(Oc6ccc(N7C(=O)C8CCC([*])CC8C7=O)cc6)cc5)cc4)cc3)C(=O)C2C1,0.825,3774,[*]C1CCC2C(=O)N(c3ccc(Oc4ccc(Oc5ccc(Oc6ccc(N7C(=O)C8CCC([*])CC8C7=O)cc6)cc5)cc4)cc3)C(=O)C2C1,high
3421,[*]NC(CCC(=O)OCCCCCCCC)C([*])=O,19,18,3421,213.65,data/graphs_tg2/batch_3/3421.npz,[*]NC(CCC(=O)OCCCCCCCC)C([*])=O,1.0,99,[*]NC(CCC(=O)OCCCCCCCCCC)C([*])=O,high
5749,[*]c1ccc(-c2nc3cc(C(c4ccc5oc(-c6ccc(C([*])(C(F)(F)F)C(F)(F)F)cc6)nc5c4)(C(F)(F)F)C(F)(F)F)ccc3o2)cc1,50,55,5749,609.15,data/graphs_tg2/batch_5/5749.npz,[*]c1ccc(-c2nc3cc(C(c4ccc5oc(-c6ccc(C([*])(C(F)(F)F)C(F)(F)F)cc6)nc5c4)(C(F)(F)F)C(F)(F)F)ccc3o2)cc1,0.8723404255319149,5603,[*]c1ccc(Oc2ccc(-c3nc4cc(C(c5ccc6oc(-c7ccc(Oc8ccc(C([*])(C(F)(F)F)C(F)(F)F)cc8)cc7)nc6c5)(C(F)(F)F)C(F)(F)F)ccc4o3)cc2)cc1,high
2082,[*]CC1C(=O)N(CCCCNC(=O)C(F)(F)C(F)(F)C(F)(F)C(F)(F)C(F)(F)C(F)(F)C(F)(F)F)C(=O)C1C([*])CCCCCCCCCCCCCCCC,56,56,2082,336.15,data/graphs_tg2/batch_2/2082.npz,[*]CC1C(=O)N(CCCCNC(=O)C(F)(F)C(F)(F)C(F)(F)C(F)(F)C(F)(F)C(F)(F)C(F)(F)F)C(=O)C1C([*])CCCCCCCCCCCCCCCC,0.625,1407,[*]CC1C(=O)N(CCCCCCCCCCCC)C(=O)C1C([*])CCCCCCCCCCCCCCCC,medium
5627,[*]c1ccc(-c2cc(-c3ccccc3)c3cc(C4(c5ccc6nc(-c7ccc(C8([*])c9ccccc9C(=O)c9ccccc98)cc7)cc(-c7ccccc7)c6c5)c5ccccc5-c5ccccc54)ccc3n2)cc1,74,87,5627,658.15,data/graphs_tg2/batch_5/5627.npz,[*]c1ccc(-c2cc(-c3ccccc3)c3cc(C4(c5ccc6nc(-c7ccc(C8([*])c9ccccc9C(=O)c9ccccc98)cc7)cc(-c7ccccc7)c6c5)c5ccccc5-c5ccccc54)ccc3n2)cc1,0.9795918367346939,2830,[*]c1ccc(-c2cc(-c3ccccc3)c3cc(C4(c5ccc6nc(-c7ccc(C8([*])c9ccccc9C(=O)c9ccccc98)cc7)cc(-c7ccccc7)c6c5)c5ccccc5C(=O)c5ccccc54)ccc3n2)cc1,high
2012,[*]CC([*])c1cccc(NC(C)=O)c1,14,14,2012,436.15,data/graphs_tg2/batch_2/2012.npz,[*]CC([*])c1cccc(NC(C)=O)c1,0.5609756097560976,2466,[*]CC([*])c1cccc(OC(C)=O)c1,medium
5285,[*]Oc1cccc2c(OP([*])(=O)OC3CCCCC3)cccc12,23,25,5285,407.15,data/graphs_tg2/batch_5/5285.npz,[*]Oc1cccc2c(OP([*])(=O)OC3CCCCC3)cccc12,0.5952380952380952,5469,[*]Oc1ccc(OP([*])(=O)OC2CCCCC2)cc1,medium
4788,[*]Oc1ccc(-c2ccc(OC(=O)c3ccc4c(c3)C(=O)N(CCCOCCCCOCCCN3C(=O)c5ccc(C([*])=O)cc5C3=O)C4=O)cc2)cc1,54,59,4788,343.15,data/graphs_tg2/batch_4/4788.npz,[*]Oc1ccc(-c2ccc(OC(=O)c3ccc4c(c3)C(=O)N(CCCOCCCCOCCCN3C(=O)c5ccc(C([*])=O)cc5C3=O)C4=O)cc2)cc1,0.9411764705882353,5541,[*]Oc1ccc(OC(=O)c2ccc3c(c2)C(=O)N(CCCOCCCCOCCCN2C(=O)c4ccc(C([*])=O)cc4C2=O)C3=O)cc1,high
4660,[*]O[Si]([*])(C)CCCOc1ccc(C(=O)OC2CCC3(C)C(=CCC4C3CCC3(C)C(C(C)CCCC(C)C)CCC43)C2)cc1,45,49,4660,334.25,data/graphs_tg2/batch_4/4660.npz,[*]O[Si]([*])(C)CCCOc1ccc(C(=O)OC2CCC3(C)C(=CCC4C3CCC3(C)C(C(C)CCCC(C)C)CCC43)C2)cc1,0.8260869565217391,641,[*]O[Si]([*])(C)CCCCCCCCCCC(=O)Oc1ccc(C(=O)OCCOc2ccc(C(=O)OC3CCC4(C)C(=CCC5C4CCC4(C)C(C(C)CCCC(C)C)CCC54)C3)cc2)cc1,high
845,[*]C1Cc2ccccc2C1[*],11,12,845,461.65,data/graphs_tg2/batch_0/845.npz,[*]C1Cc2ccccc2C1[*],0.3333333333333333,2858,[*]C1Oc2ccccc2C1[*],low
5017,[*]Oc1ccc(OC(=O)c2ccc(Oc3ccc(C([*])=O)cc3)cc2)c2ccccc12,31,34,5017,439.15,data/graphs_tg2/batch_5/5017.npz,[*]Oc1ccc(OC(=O)c2ccc(Oc3ccc(C([*])=O)cc3)cc2)c2ccccc12,0.8947368421052632,219,[*]Oc1cccc2c(OC(=O)c3ccc(Oc4ccc(C([*])=O)cc4)cc3)cccc12,high
3562,[*]NCc1ccc(OC2COC3C(Oc4ccc(CNC(=O)c5cccc(C([*])=O)c5)cc4)COC23)cc1,38,42,3562,356.15,data/graphs_tg2/batch_3/3562.npz,[*]NCc1ccc(OC2COC3C(Oc4ccc(CNC(=O)c5cccc(C([*])=O)c5)cc4)COC23)cc1,0.6440677966101694,3185,[*]Nc1ccc(OC2COC3C(Oc4ccc(NC(=O)c5cccc(C([*])=O)c5)cc4)COC23)cc1,medium
975,[*]C=Cc1cc(OCC(CC)CCCC)c([*])cc1OC,21,21,975,352.15,data/graphs_tg2/batch_0/975.npz,[*]C=Cc1cc(OCC(CC)CCCC)c([*])cc1OC,0.9767441860465116,1219,[*]C=Cc1cc(OC)c(C=Cc2cc(OCC(CC)CCCC)c([*])cc2OC)cc1OC,high
3364,[*]NC(=O)OCCN(CCOC(=O)Nc1cccc([*])c1C)c1ccc(/N=N/c2ccc([N+](=O)[O-])cc2)cc1,39,41,3364,420.15,data/graphs_tg2/batch_3/3364.npz,[*]NC(=O)OCCN(CCOC(=O)Nc1cccc([*])c1C)c1ccc(/N=N/c2ccc([N+](=O)[O-])cc2)cc1,0.6716417910447762,3732,[*]c1ccc(NC(=O)OCCN(CCOC(=O)Nc2ccc([*])cc2C)c2ccc(/N=N/c3ccc([N+](=O)[O-])cc3)cc2)c(C)c1,medium
2682,[*]CCOC(=O)c1ccc(OC2(F)C(F)(F)C(F)(F)C2(F)Oc2ccc(C(=O)OCCN([*])c3ccc(/C=C/C4=CC(=C(C#N)C#N)CC(C)(C)C4)cc3)cc2)cc1,58,62,2682,416.15,data/graphs_tg2/batch_2/2682.npz,[*]CCOC(=O)c1ccc(OC2(F)C(F)(F)C(F)(F)C2(F)Oc2ccc(C(=O)OCCN([*])c3ccc(/C=C/C4=CC(=C(C#N)C#N)CC(C)(C)C4)cc3)cc2)cc1,0.4935064935064935,4643,[*]CCOC(=O)c1ccc(C(=O)OCCN([*])c2ccc(C=C(C#N)C#N)cc2)cc1,low
7265,[*]CC([*])OCC(C)C,9,8,7265,251.075,data/graphs_tg2/batch_7/7265.npz,[*]CC([*])OCC(C)C,0.5454545454545454,862,[*]CC([*])OCC,medium
2157,[*]CCC([*])(C)C,7,6,2157,261.15,data/graphs_tg2/batch_2/2157.npz,[*]CCC([*])(C)C,0.6470588235294118,5154,[*]CCCC([*])(C)C,medium
3216,[*]N=P([*])(C)c1ccccc1,11,11,3216,310.15,data/graphs_tg2/batch_3/3216.npz,[*]N=P([*])(C)c1ccccc1,0.5357142857142857,1380,[*]N=P([*])(CC)c1ccccc1,medium
4210,[*]OC(=O)c1cccc(C(=O)Oc2cc([*])cc(CCCCCC)c2)c1,26,27,4210,340.65,data/graphs_tg2/batch_4/4210.npz,[*]OC(=O)c1cccc(C(=O)Oc2cc([*])cc(CCCCCC)c2)c1,1.0,123,[*]OC(=O)c1cccc(C(=O)Oc2cc([*])cc(CCCCCCCCCCCCC)c2)c1,high
1185,[*]CC([*])(C(=O)OC)c1ccccc1,14,14,1185,394.15,data/graphs_tg2/batch_1/1185.npz,[*]CC([*])(C(=O)OC)c1ccccc1,0.5,4900,[*]CC([*])(C)c1ccccc1,medium
7200,[*]c1ccc2nc(-c3ccccc3)c(-c3ccc(-c4nc5cc([*])ccc5nc4-c4ccccc4)cc3)nc2c1,40,46,7200,640.575,data/graphs_tg2/batch_7/7200.npz,[*]c1ccc2nc(-c3ccccc3)c(-c3ccc(-c4nc5cc([*])ccc5nc4-c4ccccc4)cc3)nc2c1,1.0,1405,[*]c1ccc2nc(-c3ccc(-c4nc5cc([*])ccc5nc4-c4ccccc4)cc3)c(-c3ccccc3)nc2c1,high
5834,[*]c1ccc(C(=O)Nc2ccc(Oc3cccc(Oc4ccc(NC(=O)c5ccc([*])cc5C)cc4)c3)cc2)c(C)c1,42,46,5834,486.15,data/graphs_tg2/batch_5/5834.npz,[*]c1ccc(C(=O)Nc2ccc(Oc3cccc(Oc4ccc(NC(=O)c5ccc([*])cc5C)cc4)c3)cc2)c(C)c1,0.8717948717948718,555,[*]c1ccc(C(=O)Nc2ccc(Oc3ccc(Oc4ccc(Oc5ccc(NC(=O)c6ccc([*])cc6C)cc5)cc4)cc3)cc2)c(C)c1,high
1804,[*]CC([*])OC(=O)C1CCCC1,12,12,1804,309.15,data/graphs_tg2/batch_1/1804.npz,[*]CC([*])OC(=O)C1CCCC1,0.9615384615384616,4174,[*]CC([*])OC(=O)C1CCCCC1,high
1751,[*]CC([*])C1CCC(C)CC1,11,11,1751,405.15,data/graphs_tg2/batch_1/1751.npz,[*]CC([*])C1CCC(C)CC1,0.6086956521739131,1315,[*]CC([*])C1CCCC1,medium
2530,[*]CCCCN1C(=O)c2ccc(C(=O)Oc3ccc(-c4ccc(OC([*])=O)cc4)cc3)cc2C1=O,35,38,2530,396.15,data/graphs_tg2/batch_2/2530.npz,[*]CCCCN1C(=O)c2ccc(C(=O)Oc3ccc(-c4ccc(OC([*])=O)cc4)cc3)cc2C1=O,0.9782608695652174,1179,[*]CCCCCCN1C(=O)c2ccc(C(=O)Oc3ccc(-c4ccc(OC([*])=O)cc4)cc3)cc2C1=O,high
3626,[*]Nc1ccc(-c2ccc(N3C(=O)c4ccc(Oc5ccc6c(c5)C(=O)N(c5ccc(-c7ccc(NC(=O)c8cccc(C([*])=O)c8)cc7)cc5)C6=O)cc4C3=O)cc2)cc1,61,69,3626,506.15,data/graphs_tg2/batch_3/3626.npz,[*]Nc1ccc(-c2ccc(N3C(=O)c4ccc(Oc5ccc6c(c5)C(=O)N(c5ccc(-c7ccc(NC(=O)c8cccc(C([*])=O)c8)cc7)cc5)C6=O)cc4C3=O)cc2)cc1,0.8392857142857143,1727,[*]Nc1ccc(-c2ccc(NC(=O)c3ccc4c(c3)C(=O)N(c3ccc(Oc5ccc(N6C(=O)c7ccc(C([*])=O)cc7C6=O)cc5)cc3)C4=O)cc2)cc1,high
5060,[*]Oc1ccc(Oc2ccc(Oc3ccc(Oc4ccc(OC(=O)c5cccc(C([*])=O)c5)cc4)cc3)cc2)cc1,41,45,5060,407.15,data/graphs_tg2/batch_5/5060.npz,[*]Oc1ccc(Oc2ccc(Oc3ccc(Oc4ccc(OC(=O)c5cccc(C([*])=O)c5)cc4)cc3)cc2)cc1,1.0,5341,[*]Oc1ccc(Oc2ccc(OC(=O)c3cccc(C([*])=O)c3)cc2)cc1,high
6414,[*]c1ccc(Oc2ccc(C(=O)c3ccc(C(=O)c4ccc(Oc5ccc(C([*])(C)C)cc5)cc4)cc3)cc2)cc1,41,45,6414,433.15,data/graphs_tg2/batch_6/6414.npz,[*]c1ccc(Oc2ccc(C(=O)c3ccc(C(=O)c4ccc(Oc5ccc(C([*])(C)C)cc5)cc4)cc3)cc2)cc1,1.0,2921,[*]c1ccc(Oc2ccc(C(=O)c3ccc(Oc4ccc(C(=O)c5ccc(Oc6ccc(C([*])(C)C)cc6)cc5)cc4)cc3)cc2)cc1,high
3638,[*]Nc1ccc(-c2ccc(NC(=O)c3cccc(N4C(=O)c5ccc(C(c6ccc7c(c6)C(=O)N(c6cccc(C([*])=O)c6)C7=O)(C(F)(F)F)C(F)(F)F)cc5C4=O)c3)cc2)cc1,63,70,3638,597.15,data/graphs_tg2/batch_3/3638.npz,[*]Nc1ccc(-c2ccc(NC(=O)c3cccc(N4C(=O)c5ccc(C(c6ccc7c(c6)C(=O)N(c6cccc(C([*])=O)c6)C7=O)(C(F)(F)F)C(F)(F)F)cc5C4=O)c3)cc2)cc1,0.9473684210526315,1180,[*]Nc1ccc(NC(=O)c2cccc(N3C(=O)c4ccc(C(c5ccc6c(c5)C(=O)N(c5cccc(C([*])=O)c5)C6=O)(C(F)(F)F)C(F)(F)F)cc4C3=O)c2)cc1,high
6523,[*]c1ccc(Oc2ccc(Oc3ccc(-c4ccc(Oc5ccc(Oc6ccc(S([*])(=O)=O)cc6)cc5)c5ccccc45)c4ccccc34)cc2)cc1,53,60,6523,487.15,data/graphs_tg2/batch_6/6523.npz,[*]c1ccc(Oc2ccc(Oc3ccc(-c4ccc(Oc5ccc(Oc6ccc(S([*])(=O)=O)cc6)cc5)c5ccccc45)c4ccccc34)cc2)cc1,0.7027027027027027,602,[*]c1ccc(Oc2ccccc2Oc2ccc(S([*])(=O)=O)cc2)cc1,medium
3387,[*]NC(=O)c1ccc(NC(=O)CCCCCCCCC(=O)Nc2ccc(C(=O)Nc3ccc([*])cc3C(=O)OCCCCCCCCCCCC)cc2)cc1,55,57,3387,501.65,data/graphs_tg2/batch_3/3387.npz,[*]NC(=O)c1ccc(NC(=O)CCCCCCCCC(=O)Nc2ccc(C(=O)Nc3ccc([*])cc3C(=O)OCCCCCCCCCCCC)cc2)cc1,1.0,54,[*]NC(=O)c1ccc(NC(=O)CCCCCCCCCCCCC(=O)Nc2ccc(C(=O)Nc3ccc([*])cc3C(=O)OCCCCCCCCCCCCCC)cc2)cc1,high
472,[*]C(=O)c1ccc(Oc2ccc(C3(c4ccc(Oc5ccc([*])cc5)cc4)c4ccccc4-c4ccccc43)cc2)s1,42,48,472,468.15,data/graphs_tg2/batch_0/472.npz,[*]C(=O)c1ccc(Oc2ccc(C3(c4ccc(Oc5ccc([*])cc5)cc4)c4ccccc4-c4ccccc43)cc2)s1,0.6470588235294118,881,[*]C(=O)c1ccc(C(=O)c2ccc(Oc3ccc(C4(c5ccc(Oc6ccc([*])cc6)cc5)c5ccccc5-c5ccccc54)cc3)cc2)cc1,medium
5596,[*]c1cc(OCCCC)cc(N2C(=O)c3ccc(Oc4ccc5c(c4)C(=O)N([*])C5=O)cc3C2=O)c1,36,40,5596,510.15,data/graphs_tg2/batch_5/5596.npz,[*]c1cc(OCCCC)cc(N2C(=O)c3ccc(Oc4ccc5c(c4)C(=O)N([*])C5=O)cc3C2=O)c1,0.9347826086956522,257,[*]c1cc(OCCCCCCCCCCCCCCCC)cc(N2C(=O)c3ccc(Oc4ccc5c(c4)C(=O)N([*])C5=O)cc3C2=O)c1,high
3479,[*]NCCCCCCNC(=O)Nc1ccc(Cc2ccc(NC([*])=O)cc2)cc1,29,30,3479,351.15,data/graphs_tg2/batch_3/3479.npz,[*]NCCCCCCNC(=O)Nc1ccc(Cc2ccc(NC([*])=O)cc2)cc1,1.0,439,[*]NCCCCCCCCCCCCCCCCCCNC(=O)Nc1ccc(Cc2ccc(NC([*])=O)cc2)cc1,high
7092,[*]CC([*])(C)C(=O)OCC(F)(F)F,13,12,7092,347.575,data/graphs_tg2/batch_7/7092.npz,[*]CC([*])(C)C(=O)OCC(F)(F)F,0.7333333333333333,4776,[*]CC([*])(C)C(=O)OCC(F)(F)C(F)(F)F,medium
6431,[*]c1ccc(Oc2ccc(C(=O)c3ccc4c(c3)C(=O)N(c3ccc(Cc5ccc(N6C(=O)c7ccc(C(=O)c8ccc(Oc9ccc(C%10([*])OC(=O)c%11ccccc%11%10)cc9)cc8)cc7C6=O)cc5)cc3)C4=O)cc2)cc1,77,88,6431,541.15,data/graphs_tg2/batch_6/6431.npz,[*]c1ccc(Oc2ccc(C(=O)c3ccc4c(c3)C(=O)N(c3ccc(Cc5ccc(N6C(=O)c7ccc(C(=O)c8ccc(Oc9ccc(C%10([*])OC(=O)c%11ccccc%11%10)cc9)cc8)cc7C6=O)cc5)cc3)C4=O)cc2)cc1,0.9032258064516129,482,[*]c1ccc(Oc2ccc(C(=O)c3ccc4c(c3)C(=O)N(c3ccc(Oc5ccc(N6C(=O)c7ccc(C(=O)c8ccc(Oc9ccc(C%10([*])OC(=O)c%11ccccc%11%10)cc9)cc8)cc7C6=O)cc5)cc3)C4=O)cc2)cc1,high
6305,[*]c1ccc(Oc2ccc(-c3ccc(Oc4ccc(S([*])(=O)=O)cc4)cc3)cc2)cc1,31,34,6305,494.15,data/graphs_tg2/batch_6/6305.npz,[*]c1ccc(Oc2ccc(-c3ccc(Oc4ccc(S([*])(=O)=O)cc4)cc3)cc2)cc1,1.0,769,[*]c1ccc(Oc2ccc(-c3ccc(S([*])(=O)=O)cc3)cc2)cc1,high
6161,[*]c1ccc(OCC(COc2ccc(C3CCCC([*])(CC)C3)cc2)OC(C)=O)cc1,31,33,6161,380.15,data/graphs_tg2/batch_6/6161.npz,[*]c1ccc(OCC(COc2ccc(C3CCCC([*])(CC)C3)cc2)OC(C)=O)cc1,0.7592592592592593,3104,[*]c1ccc(OCC(O)COc2ccc(C3CCCC([*])(CC)C3)cc2)cc1,medium
5120,[*]Oc1ccc(Sc2ccc(Oc3ccc4c(=O)n5c6cc(Oc7ccc8c(c7)nc7c9ccc([*])c%10cccc(c(=O)n87)c%109)ccc6nc5c5cccc3c45)cc2)cc1,60,71,5120,619.15,data/graphs_tg2/batch_5/5120.npz,[*]Oc1ccc(Sc2ccc(Oc3ccc4c(=O)n5c6cc(Oc7ccc8c(c7)nc7c9ccc([*])c%10cccc(c(=O)n87)c%109)ccc6nc5c5cccc3c45)cc2)cc1,0.8307692307692308,3567,[*]Oc1cccc(Oc2ccc3c(=O)n4c5cc(Oc6ccc7c(c6)nc6c8ccc([*])c9cccc(c(=O)n76)c98)ccc5nc4c4cccc2c34)c1,high
611,[*]C(=O)c1ccc2c(c1)C(=O)N(c1cccc(OP(=O)(Oc3cccc(N4C(=O)c5ccc([*])cc5C4=O)c3)c3ccccc3)c1)C2=O,48,54,611,449.65,data/graphs_tg2/batch_0/611.npz,[*]C(=O)c1ccc2c(c1)C(=O)N(c1cccc(OP(=O)(Oc3cccc(N4C(=O)c5ccc([*])cc5C4=O)c3)c3ccccc3)c1)C2=O,0.7213114754098361,4785,[*]C(=O)c1ccc2c(c1)C(=O)N(c1cccc(Oc3ccc(P(=O)(c4ccccc4)c4ccc(Oc5ccc(N6C(=O)c7ccc([*])cc7C6=O)cc5)cc4)cc3)c1)C2=O,medium
5843,[*]c1ccc(C(=O)OCCN(CCOC(=O)c2ccc([Si]([*])(C)C)cc2)c2ccc(/C=C/c3ccc([N+](=O)[O-])cc3)cc2)cc1,45,48,5843,400.15,data/graphs_tg2/batch_5/5843.npz,[*]c1ccc(C(=O)OCCN(CCOC(=O)c2ccc([Si]([*])(C)C)cc2)c2ccc(/C=C/c3ccc([N+](=O)[O-])cc3)cc2)cc1,0.5774647887323944,979,[*]c1ccc(C(=O)NCCN(CCNC(=O)c2ccc([Si]([*])(CCCC)CCCC)cc2)c2ccc(/C=C/c3ccc([N+](=O)[O-])cc3)cc2)cc1,medium
5868,[*]c1ccc(C(c2ccc(C#N)cc2)c2ccc(N([*])c3ccc(C)cc3)cc2)cc1,31,34,5868,503.15,data/graphs_tg2/batch_5/5868.npz,[*]c1ccc(C(c2ccc(C#N)cc2)c2ccc(N([*])c3ccc(C)cc3)cc2)cc1,0.5909090909090909,3917,[*]c1ccc(-c2ccc(N(c3ccc(C)cc3)c3ccc(C(c4ccccc4)c4ccc(N([*])c5ccc(C)cc5)cc4)cc3)cc2)cc1,medium
7325,[*]Sc1ccc([*])cc1,9,9,7325,360.0,data/graphs_tg2/batch_7/7325.npz,[*]Sc1ccc([*])cc1,0.7142857142857143,1140,[*]Sc1ccc(Nc2ccc([*])cc2)cc1,medium
2689,[*]CCOC([*])=O,7,6,2689,249.15,data/graphs_tg2/batch_2/2689.npz,[*]CCOC([*])=O,0.7142857142857143,1523,[*]CCOCCOC([*])=O,medium
108,[*]=Cc1ccc2c(c1)c1cc(/C=C(\C#N)C(=O)OCCCCCCOC(=O)C(=[*])C#N)ccc1n2CCCCCCCCCCCn1c2ccccc2c2ccccc21,59,64,108,336.15,data/graphs_tg2/batch_0/108.npz,[*]=Cc1ccc2c(c1)c1cc(/C=C(\C#N)C(=O)OCCCCCCOC(=O)C(=[*])C#N)ccc1n2CCCCCCCCCCCn1c2ccccc2c2ccccc21,1.0,4006,[*]=Cc1ccc2c(c1)c1ccccc1n2CCCCCCCCCCn1c2ccccc2c2cc(/C=C(\C#N)C(=O)OCCCCCCOC(=O)C(=[*])C#N)ccc21,high
1128,[*]CC(COc1ccccc1)O[*],13,13,1128,315.15,data/graphs_tg2/batch_1/1128.npz,[*]CC(COc1ccccc1)O[*],0.6176470588235294,1714,[*]CC(COc1ccccc1)OC([*])=O,medium
4125,[*]Nc1cccc(S(=O)(=O)c2cccc(NC(=O)c3ccc4c(c3)C(=O)N(c3cc(-c5nnc(-c6ccccn6)o5)cc(N5C(=O)c6ccc(C([*])=O)cc6C5=O)c3)C4=O)c2)c1,62,70,4125,446.15,data/graphs_tg2/batch_4/4125.npz,[*]Nc1cccc(S(=O)(=O)c2cccc(NC(=O)c3ccc4c(c3)C(=O)N(c3cc(-c5nnc(-c6ccccn6)o5)cc(N5C(=O)c6ccc(C([*])=O)cc6C5=O)c3)C4=O)c2)c1,0.7894736842105263,4960,[*]Nc1cc(NC(=O)c2ccc3c(c2)C(=O)N(c2cc(-c4nnc(-c5ccccn5)o4)cc(N4C(=O)c5ccc(C([*])=O)cc5C4=O)c2)C3=O)cc(-c2nnc(-c3ccccn3)o2)c1,medium
6859,[*]c1ccc2c(c1)C(=O)N(c1cccc(C(F)(F)C(F)(F)C(F)(F)c3cccc(N4C(=O)c5ccc(C(F)(F)C(F)(F)C([*])(F)F)cc5C4=O)c3)c1)C2=O,54,59,6859,430.15,data/graphs_tg2/batch_6/6859.npz,[*]c1ccc2c(c1)C(=O)N(c1cccc(C(F)(F)C(F)(F)C(F)(F)c3cccc(N4C(=O)c5ccc(C(F)(F)C(F)(F)C([*])(F)F)cc5C4=O)c3)c1)C2=O,0.9333333333333333,522,[*]c1ccc2c(c1)C(=O)N(c1cccc(C(F)(F)C(F)(F)C(F)(F)c3cccc(N4C(=O)c5ccc(C(F)(F)C(F)(F)C(F)(F)C([*])(F)F)cc5C4=O)c3)c1)C2=O,high
342,[*]C(=O)Oc1ccccc1C(=O)OC(=O)c1ccccc1OC(=O)C(C)C([*])C,29,30,342,318.15,data/graphs_tg2/batch_0/342.npz,[*]C(=O)Oc1ccccc1C(=O)OC(=O)c1ccccc1OC(=O)C(C)C([*])C,0.6521739130434783,925,[*]C(=O)Oc1ccccc1C(=O)OC(=O)c1ccccc1OC(=O)C(CC)C([*])CC,medium
6744,[*]c1ccc2c(c1)C(=O)N(c1ccc(C(c3ccc(N4C(=O)c5ccc([*])cc5C4=O)cc3)(C(F)(F)F)C(F)(F)F)cc1)C2=O,45,50,6744,616.15,data/graphs_tg2/batch_6/6744.npz,[*]c1ccc2c(c1)C(=O)N(c1ccc(C(c3ccc(N4C(=O)c5ccc([*])cc5C4=O)cc3)(C(F)(F)F)C(F)(F)F)cc1)C2=O,0.9166666666666666,1369,[*]c1ccc2c(c1)C(=O)N(c1ccc(N3C(=O)c4ccc(C(c5ccc6c(c5)C(=O)N(c5ccc(N7C(=O)c8ccc([*])cc8C7=O)cc5)C6=O)(C(F)(F)F)C(F)(F)F)cc4C3=O)cc1)C2=O,high
2894,[*]COCC([*])(C)C,8,7,2894,223.15,data/graphs_tg2/batch_2/2894.npz,[*]COCC([*])(C)C,0.5909090909090909,33,[*]COCC([*])(C)CC,medium
6239,[*]c1ccc(OCCOC(=O)c2ccc(C(=O)OCCOc3ccc(C([*])(C)C)cc3)cc2)cc1,35,37,6239,356.15,data/graphs_tg2/batch_6/6239.npz,[*]c1ccc(OCCOC(=O)c2ccc(C(=O)OCCOc3ccc(C([*])(C)C)cc3)cc2)cc1,0.7435897435897436,1419,[*]c1ccc(C(=O)OCCCCOC(=O)c2ccc(C([*])(C)C)cc2)cc1,medium
2675,[*]CCOC(=O)Oc1ccc(C(C)(C)c2ccc(OC(=O)OCCN([*])c3ccc(OC)cc3)cc2)cc1,38,40,2675,333.15,data/graphs_tg2/batch_2/2675.npz,[*]CCOC(=O)Oc1ccc(C(C)(C)c2ccc(OC(=O)OCCN([*])c3ccc(OC)cc3)cc2)cc1,0.45901639344262296,2298,[*]c1ccc(OC(=O)OCCN(CCOC(=O)Oc2ccc(C([*])(C)C)cc2)c2ccccc2)cc1,low
6481,[*]c1ccc(Oc2ccc(Cc3ccc(Oc4ccc(S([*])(=O)=O)cc4)cc3)cc2)cc1,32,35,6481,462.7,data/graphs_tg2/batch_6/6481.npz,[*]c1ccc(Oc2ccc(Cc3ccc(Oc4ccc(S([*])(=O)=O)cc4)cc3)cc2)cc1,0.7931034482758621,2947,[*]c1ccc(Oc2ccc(Oc3ccc(Oc4ccc(S([*])(=O)=O)cc4)cc3)cc2)cc1,medium
7035,[*]c1cccc(P(=O)(c2ccc(Oc3ccc(C45CC6CC(CC(C6)C4)C5)cc3)cc2)c2cccc(-n3c(=O)c4cc5c(=O)n([*])c(=O)c5cc4c3=O)c2)c1,55,64,7035,603.15,data/graphs_tg2/batch_7/7035.npz,[*]c1cccc(P(=O)(c2ccc(Oc3ccc(C45CC6CC(CC(C6)C4)C5)cc3)cc2)c2cccc(-n3c(=O)c4cc5c(=O)n([*])c(=O)c5cc4c3=O)c2)c1,0.6229508196721312,5472,[*]c1cccc(P(=O)(c2ccccc2)c2cccc(-n3c(=O)c4cc5c(=O)n([*])c(=O)c5cc4c3=O)c2)c1,medium
5174,[*]Oc1ccc2c(c1)C(=O)N(c1ccc(Oc3ccc(Oc4ccc(N5C(=O)c6ccc([*])cc6C5=O)cc4C(F)(F)F)cc3)cc1)C2=O,49,55,5174,505.45,data/graphs_tg2/batch_5/5174.npz,[*]Oc1ccc2c(c1)C(=O)N(c1ccc(Oc3ccc(Oc4ccc(N5C(=O)c6ccc([*])cc6C5=O)cc4C(F)(F)F)cc3)cc1)C2=O,0.8301886792452831,3927,[*]Oc1ccc2c(c1)C(=O)N(c1ccc(Oc3ccccc3Oc3ccc(N4C(=O)c5ccc([*])cc5C4=O)cc3C(F)(F)F)c(C(F)(F)F)c1)C2=O,high
4440,[*]OCCCCCc1nnc(-c2ccc(-c3nnc(CCCCCOc4ccc([*])c(C)c4)o3)cc2)o1,37,40,4440,368.15,data/graphs_tg2/batch_4/4440.npz,[*]OCCCCCc1nnc(-c2ccc(-c3nnc(CCCCCOc4ccc([*])c(C)c4)o3)cc2)o1,0.9782608695652174,4422,[*]OCCCCc1nnc(-c2ccc(-c3nnc(CCCCOc4ccc([*])c(C)c4)o3)cc2)o1,high
3270,[*]N=P([*])(OCCOc1ccc(-c2ccccc2)cc1I)OCCOc1ccc(-c2ccccc2)cc1I,38,41,3270,342.65,data/graphs_tg2/batch_3/3270.npz,[*]N=P([*])(OCCOc1ccc(-c2ccccc2)cc1I)OCCOc1ccc(-c2ccccc2)cc1I,0.6341463414634146,741,[*]N=P([*])(OCCOc1ccc(-c2ccccc2)cc1)OCCOc1ccc(-c2ccccc2)cc1,medium
1407,[*]CC([*])(C)C(=O)OCCN(CCCC)c1ccc(/N=N/c2ccc(S(=O)(=O)Nc3cc(C)on3)cc2)cc1,39,41,1407,378.15,data/graphs_tg2/batch_1/1407.npz,[*]CC([*])(C)C(=O)OCCN(CCCC)c1ccc(/N=N/c2ccc(S(=O)(=O)Nc3cc(C)on3)cc2)cc1,0.7887323943661971,1345,[*]CC([*])(C)C(=O)OCCN(C)c1ccc(/N=N/c2ccc(S(=O)(=O)Nc3cc(C)on3)cc2)cc1,medium
2479,[*]CCCCCCCCCCN1C(=O)c2ccc(C(=O)c3ccc4c(c3)C(=O)N(CCCCCCCCCCC(=O)Nc3ccc(Cc5ccc(NC([*])=O)cc5)cc3)C4=O)cc2C1=O,65,70,2479,409.15,data/graphs_tg2/batch_2/2479.npz,[*]CCCCCCCCCCN1C(=O)c2ccc(C(=O)c3ccc4c(c3)C(=O)N(CCCCCCCCCCC(=O)Nc3ccc(Cc5ccc(NC([*])=O)cc5)cc3)C4=O)cc2C1=O,0.9056603773584906,1162,[*]CCCCCN1C(=O)c2ccc(C(=O)c3ccc4c(c3)C(=O)N(CCCCCC(=O)Nc3ccc(NC([*])=O)cc3)C4=O)cc2C1=O,high
1566,[*]CC([*])(F)C(=O)OCC,10,9,1566,367.15,data/graphs_tg2/batch_1/1566.npz,[*]CC([*])(F)C(=O)OCC,0.7142857142857143,2691,[*]CC([*])(F)C(=O)OCCC,medium
4304,[*]OCCCCCCCCCCCCOC(=O)c1ccc(-c2ccc(C([*])=O)cc2)cc1,32,33,4304,323.65,data/graphs_tg2/batch_4/4304.npz,[*]OCCCCCCCCCCCCOC(=O)c1ccc(-c2ccc(C([*])=O)cc2)cc1,1.0,1632,[*]OCCCCCCCCCOC(=O)c1ccc(-c2ccc(C([*])=O)cc2)cc1,high
4020,[*]Nc1ccc(S(=O)(=O)c2ccc(NC(=O)c3ccc(Oc4nc(Oc5ccc(C([*])=O)cc5)nc(Sc5ccccc5)n4)cc3)cc2)cc1,50,55,4020,583.15,data/graphs_tg2/batch_4/4020.npz,[*]Nc1ccc(S(=O)(=O)c2ccc(NC(=O)c3ccc(Oc4nc(Oc5ccc(C([*])=O)cc5)nc(Sc5ccccc5)n4)cc3)cc2)cc1,0.7868852459016393,4543,[*]Nc1ccc(Cc2ccc(NC(=O)c3ccc(Oc4nc(Oc5ccc(C([*])=O)cc5)nc(Sc5ccccc5)n4)cc3)cc2)cc1,medium
6726,[*]c1ccc2c(c1)C(=O)N(c1cc(N3C(=O)c4ccc([*])cc4C3=O)cc(C(F)(F)F)c1)C2=O,34,38,6726,602.15,data/graphs_tg2/batch_6/6726.npz,[*]c1ccc2c(c1)C(=O)N(c1cc(N3C(=O)c4ccc([*])cc4C3=O)cc(C(F)(F)F)c1)C2=O,0.8,4061,[*]c1ccc2c(c1)C(=O)N(c1cc(N3C(=O)c4ccc([Si]([*])(C)C)cc4C3=O)cc(C(F)(F)F)c1)C2=O,high
4074,[*]Nc1cccc(N2C(=O)c3ccc(C(=O)c4ccc5c(c4)C(=O)N(c4cccc(Nc6nc([*])nc(N(C)C)n6)c4)C5=O)cc3C2=O)c1,49,55,4074,567.15,data/graphs_tg2/batch_4/4074.npz,[*]Nc1cccc(N2C(=O)c3ccc(C(=O)c4ccc5c(c4)C(=O)N(c4cccc(Nc6nc([*])nc(N(C)C)n6)c4)C5=O)cc3C2=O)c1,0.5873015873015873,2421,[*]Nc1cccc(N2C(=O)c3ccc(C(=O)c4ccc5c(c4)C(=O)N(c4ccc(C([*])=O)cc4)C5=O)cc3C2=O)c1,medium
5782,[*]c1ccc(-c2sc(-c3cc(SCCCCCCCC)c([*])s3)cc2SCCCCCCCC)cc1,36,38,5782,328.45,data/graphs_tg2/batch_5/5782.npz,[*]c1ccc(-c2sc(-c3cc(SCCCCCCCC)c([*])s3)cc2SCCCCCCCC)cc1,0.9285714285714286,5558,[*]c1ccc(-c2sc(-c3ccc(-c4cc(SCCCCCCCC)c([*])s4)cc3)cc2SCCCCCCCC)cc1,high
1535,[*]CC([*])(CC(=O)OCCCCCCCC)C(=O)OCCCCCCCC,27,26,1535,254.15,data/graphs_tg2/batch_1/1535.npz,[*]CC([*])(CC(=O)OCCCCCCCC)C(=O)OCCCCCCCC,1.0,1307,[*]CC([*])(CC(=O)OCCCCCC)C(=O)OCCCCCC,high
1607,[*]CC([*])C(=O)OC(F)(F)C(F)(F)C(F)(F)C(F)(F)C(F)(F)C(F)(F)C(F)(F)C(F)(F)F,32,31,1607,282.15,data/graphs_tg2/batch_1/1607.npz,[*]CC([*])C(=O)OC(F)(F)C(F)(F)C(F)(F)C(F)(F)C(F)(F)C(F)(F)C(F)(F)C(F)(F)F,0.6285714285714286,1196,[*]CC([*])C(=O)OCC(F)(F)C(F)(F)C(F)(F)C(F)(F)C(F)(F)C(F)(F)C(F)(F)F,medium
959,[*]C=CCC([*])COCC(=O)OCCCCCCCCOc1ccc(/C=C/c2ccc([N+](=O)[O-])cc2)cc1,38,39,959,296.15,data/graphs_tg2/batch_0/959.npz,[*]C=CCC([*])COCC(=O)OCCCCCCCCOc1ccc(/C=C/c2ccc([N+](=O)[O-])cc2)cc1,0.5294117647058824,3087,[*]OCC(COC([*])=O)OCCCCCCOc1ccc(/C=C/c2ccc([N+](=O)[O-])cc2)cc1,medium
5783,[*]c1ccc(-c2sc(-c3cc(SCCCCCCCCCCCC)c([*])s3)cc2SCCCCCCCCCCCC)cc1,44,46,5783,338.55,data/graphs_tg2/batch_5/5783.npz,[*]c1ccc(-c2sc(-c3cc(SCCCCCCCCCCCC)c([*])s3)cc2SCCCCCCCCCCCC)cc1,0.9285714285714286,5558,[*]c1ccc(-c2sc(-c3ccc(-c4cc(SCCCCCCCC)c([*])s4)cc3)cc2SCCCCCCCC)cc1,high
7251,[*]CC([*])C(F)(F)F,8,7,7251,300.0,data/graphs_tg2/batch_7/7251.npz,[*]CC([*])C(F)(F)F,0.5789473684210527,3804,[*]CC([*])C(F)(F)C(F)(F)F,medium
4978,[*]Oc1ccc(OC(=O)c2cc(OCCCCCCCCCCC(F)(F)C(F)(F)C(F)(F)C(F)(F)C(F)(F)C(F)(F)C(F)(F)C(F)(F)C(F)(F)C(F)(F)F)cc(C([*])=O)c2)cc1,62,63,4978,410.15,data/graphs_tg2/batch_4/4978.npz,[*]Oc1ccc(OC(=O)c2cc(OCCCCCCCCCCC(F)(F)C(F)(F)C(F)(F)C(F)(F)C(F)(F)C(F)(F)C(F)(F)C(F)(F)C(F)(F)C(F)(F)F)cc(C([*])=O)c2)cc1,0.5666666666666667,3265,[*]Oc1ccc(C(c2ccc(OC(=O)c3ccc(OCCCCCCCCCCOc4ccc(C([*])=O)cc4)cc3)cc2)(C(F)(F)F)C(F)(F)F)cc1,medium
2919,[*]COCC([*])C,7,6,2919,218.15,data/graphs_tg2/batch_2/2919.npz,[*]COCC([*])C,0.5238095238095238,4012,[*]COCC([*])O,medium
237,[*]C(=O)Nc1ccc(C(c2ccc(NC(=O)c3cccc(N4C(=O)c5ccc(C(c6ccc7c(c6)C(=O)N(c6cccc([*])c6C)C7=O)(C(F)(F)F)C(F)(F)F)cc5C4=O)c3C)cc2)(C(F)(F)F)C(F)(F)F)cc1,74,81,237,523.15,data/graphs_tg2/batch_0/237.npz,[*]C(=O)Nc1ccc(C(c2ccc(NC(=O)c3cccc(N4C(=O)c5ccc(C(c6ccc7c(c6)C(=O)N(c6cccc([*])c6C)C7=O)(C(F)(F)F)C(F)(F)F)cc5C4=O)c3C)cc2)(C(F)(F)F)C(F)(F)F)cc1,0.6451612903225806,75,[*]c1cccc(N2C(=O)c3ccc(C(c4ccc5c(c4)C(=O)N([*])C5=O)(C(F)(F)F)C(F)(F)F)cc3C2=O)c1C,medium
4555,[*]O[Si](C)(C)O[Si](C)(C)c1ccc(Oc2ccc([Si](C)(C)O[Si]([*])(C)C)cc2)cc1,30,31,4555,236.15,data/graphs_tg2/batch_4/4555.npz,[*]O[Si](C)(C)O[Si](C)(C)c1ccc(Oc2ccc([Si](C)(C)O[Si]([*])(C)C)cc2)cc1,0.9032258064516129,41,[*]O[Si](C)(C)O[Si](C)(C)c1ccc(Oc2ccc([Si](C)(C)O[Si](C)(C)O[Si]([*])(C)C)cc2)cc1,high
540,[*]C(=O)c1ccc2c(c1)C(=O)N(c1ccc(/C=C/c3ccc(N4C(=O)c5ccc([*])cc5C4=O)cc3S(=O)(=O)O[Na])c(S(=O)(=O)O[Na])c1)C2=O,50,55,540,502.15,data/graphs_tg2/batch_0/540.npz,[*]C(=O)c1ccc2c(c1)C(=O)N(c1ccc(/C=C/c3ccc(N4C(=O)c5ccc([*])cc5C4=O)cc3S(=O)(=O)O[Na])c(S(=O)(=O)O[Na])c1)C2=O,0.7857142857142857,3532,[*]C(=O)c1ccc2c(c1)C(=O)N(c1ccc(N3C(=O)c4ccc([*])cc4C3=O)c(S(=O)(=O)O[Na])c1)C2=O,medium
2020,[*]CC([*])c1ccccc1C(=O)NC,14,14,2020,462.15,data/graphs_tg2/batch_2/2020.npz,[*]CC([*])c1ccccc1C(=O)NC,0.6944444444444444,3748,[*]CC([*])c1ccccc1C(=O)Nc1ccccc1,medium
3301,[*]N=P([*])(Oc1cccc(F)c1)Oc1cccc(F)c1,20,21,3301,235.15,data/graphs_tg2/batch_3/3301.npz,[*]N=P([*])(Oc1cccc(F)c1)Oc1cccc(F)c1,0.6363636363636364,1565,[*]N=P([*])(Oc1cccc(Br)c1)Oc1cccc(Br)c1,medium
2446,[*]CCCCCCCCCCCCCCCCC(=O)NCCCCCCCCCCCCCCCCCCNC([*])=O,42,41,2446,323.15,data/graphs_tg2/batch_2/2446.npz,[*]CCCCCCCCCCCCCCCCC(=O)NCCCCCCCCCCCCCCCCCCNC([*])=O,1.0,124,[*]CCCCCCCC(=O)NCCCCCCNC([*])=O,high
1819,[*]CC([*])OC(=O)c1ccc(C(C)C)cc1,16,16,1819,340.85,data/graphs_tg2/batch_1/1819.npz,[*]CC([*])OC(=O)c1ccc(C(C)C)cc1,0.7058823529411765,1602,[*]CC([*])OC(=O)c1ccc(C)cc1,medium
2934,[*]COc1ccc(C(C)(C)c2ccc(OCC([*])OC(=O)CC)cc2)cc1,27,28,2934,333.15,data/graphs_tg2/batch_2/2934.npz,[*]COc1ccc(C(C)(C)c2ccc(OCC([*])OC(=O)CC)cc2)cc1,0.7674418604651163,5724,[*]COc1ccc(C(C)(C)c2ccc(OCC([*])OC(C)=O)cc2)cc1,medium
6607,[*]c1ccc(Oc2ccc3c(-c4ccccc4)nn(-c4ccc(S(=O)(=O)c5ccc(-n6nc(-c7ccccc7)c7cc(Oc8ccc(C([*])(C)C)cc8)ccc7c6=O)cc5)cc4)c(=O)c3c2)cc1,68,77,6607,483.65,data/graphs_tg2/batch_6/6607.npz,[*]c1ccc(Oc2ccc3c(-c4ccccc4)nn(-c4ccc(S(=O)(=O)c5ccc(-n6nc(-c7ccccc7)c7cc(Oc8ccc(C([*])(C)C)cc8)ccc7c6=O)cc5)cc4)c(=O)c3c2)cc1,0.7910447761194029,1888,[*]c1ccc(Oc2ccc3c(-c4ccccc4)nn(-c4ccc(C(=O)c5ccc(-n6nc(-c7ccccc7)c7cc(Oc8ccc(C([*])(C)C)cc8)ccc7c6=O)cc5)cc4)c(=O)c3c2)cc1,medium
7207,[*]=CCCC=[*],6,5,7207,182.15,data/graphs_tg2/batch_7/7207.npz,[*]=CCCC=[*],0.6363636363636364,3647,[*]=CCCCC=[*],medium
5436,[*]c1cc(C(=O)OCCCCCC)cc(N2C(=O)C3c4ccccc4CC(C4CC(=O)N([*])C4=O)C3C2=O)c1,39,43,5436,460.15,data/graphs_tg2/batch_5/5436.npz,[*]c1cc(C(=O)OCCCCCC)cc(N2C(=O)C3c4ccccc4CC(C4CC(=O)N([*])C4=O)C3C2=O)c1,0.9846153846153847,3242,[*]c1cc(C(=O)OCCCCC)cc(N2C(=O)C3c4ccccc4CC(C4CC(=O)N([*])C4=O)C3C2=O)c1,high
5136,[*]Oc1ccc(Sc2cccc(C(=O)Oc3ccc(OC(=O)c4cccc(Sc5ccc(OC(=O)c6ccc(C([*])=O)cc6)cc5)c4)c(-c4ccccc4)c3)c2)cc1,58,64,5136,401.15,data/graphs_tg2/batch_5/5136.npz,[*]Oc1ccc(Sc2cccc(C(=O)Oc3ccc(OC(=O)c4cccc(Sc5ccc(OC(=O)c6ccc(C([*])=O)cc6)cc5)c4)c(-c4ccccc4)c3)c2)cc1,0.6491228070175439,1251,[*]Oc1ccc(-c2ccc(OC(=O)c3ccc(C([*])=O)cc3)c(-c3ccccc3)c2)cc1,medium
7125,[*]CCC(=O)OCCOC([*])=O,12,11,7125,264.525,data/graphs_tg2/batch_7/7125.npz,[*]CCC(=O)OCCOC([*])=O,0.875,5139,[*]CCC(=O)OCCOCCOC([*])=O,high
1312,[*]CC([*])(C)C(=O)OCCCCCCCCCCn1c2ccccc2c2cc(/N=N/c3ccc([N+](=O)[O-])cc3)ccc21,42,45,1312,309.15,data/graphs_tg2/batch_1/1312.npz,[*]CC([*])(C)C(=O)OCCCCCCCCCCn1c2ccccc2c2cc(/N=N/c3ccc([N+](=O)[O-])cc3)ccc21,0.8285714285714286,3368,[*]CC([*])(C)C(=O)OCCCCn1c2ccccc2c2cc(/N=N/c3ccc([N+](=O)[O-])cc3[N+](=O)[O-])ccc21,high
5592,[*]c1cc(OC)c(OC(=O)c2cccc(C(=O)Oc3c(OC)cc([*])cc3OC)c2)c(OC)c1,34,36,5592,525.15,data/graphs_tg2/batch_5/5592.npz,[*]c1cc(OC)c(OC(=O)c2cccc(C(=O)Oc3c(OC)cc([*])cc3OC)c2)c(OC)c1,0.5333333333333333,793,[*]c1cc(Br)c(OC(=O)c2cccc(C(=O)Oc3c(Br)cc(C([*])(C)C)cc3Br)c2)c(Br)c1,medium
1203,[*]CC([*])(C)C(=O)OC(F)(F)C(F)(F)C(F)(F)C(F)(F)C(F)(F)C(F)(F)C(F)(F)C(F)(F)F,33,32,1203,322.15,data/graphs_tg2/batch_1/1203.npz,[*]CC([*])(C)C(=O)OC(F)(F)C(F)(F)C(F)(F)C(F)(F)C(F)(F)C(F)(F)C(F)(F)C(F)(F)F,0.5641025641025641,1651,[*]CC([*])(C)C(=O)OCCC(F)(F)C(F)(F)C(F)(F)C(F)(F)F,medium
3732,[*]Nc1ccc(Cc2ccc(NC(=O)OC(COC([*])=O)c3ccco3)cc2)cc1,30,32,3732,313.15,data/graphs_tg2/batch_3/3732.npz,[*]Nc1ccc(Cc2ccc(NC(=O)OC(COC([*])=O)c3ccco3)cc2)cc1,0.7169811320754716,3105,[*]Nc1ccc(Cc2ccc(NC(=O)OC(c3ccco3)C(OC([*])=O)c3ccco3)cc2)cc1,medium
2391,[*]CCCCCCCCC(=O)Oc1ccc(/C(=C/c2ccc(-c3ccc(/C=C(\c4ccccc4)c4ccc(OC([*])=O)cc4)cc3)cc2)c2ccccc2)cc1,56,61,2391,384.15,data/graphs_tg2/batch_2/2391.npz,[*]CCCCCCCCC(=O)Oc1ccc(/C(=C/c2ccc(-c3ccc(/C=C(\c4ccccc4)c4ccc(OC([*])=O)cc4)cc3)cc2)c2ccccc2)cc1,0.6808510638297872,540,[*]CCCCCCCCCCCCC(=O)Oc1ccc(-c2ccc(OC([*])=O)cc2)cc1,medium
525,[*]C(=O)c1ccc2c(c1)C(=O)N(c1cc(N3C(=O)c4ccc([*])cc4C3=O)c(O)cc1O)C2=O,34,38,525,597.15,data/graphs_tg2/batch_0/525.npz,[*]C(=O)c1ccc2c(c1)C(=O)N(c1cc(N3C(=O)c4ccc([*])cc4C3=O)c(O)cc1O)C2=O,0.7837837837837838,1935,[*]c1ccc2c(c1)C(=O)N(c1cc(N3C(=O)c4ccc([*])cc4C3=O)c(O)cc1O)C2=O,medium
4884,[*]Oc1ccc(C(c2ccccc2)(c2ccccc2)c2ccc(OC([*])=O)cc2)cc1,31,34,4884,486.15,data/graphs_tg2/batch_4/4884.npz,[*]Oc1ccc(C(c2ccccc2)(c2ccccc2)c2ccc(OC([*])=O)cc2)cc1,0.6923076923076923,1131,[*]Oc1ccc(C(c2ccccc2)(c2ccccc2)c2ccc(OC(=O)c3ccc(C([*])=O)cc3)cc2)cc1,medium
3905,[*]Nc1ccc(Oc2ccc(NC(=O)c3ccc(-n4c(=O)c5cc6c(=O)n(-c7ccc(C([*])=O)cc7)c(=O)c6cc5c4=O)cc3)cc2)cc1,49,55,3905,633.15,data/graphs_tg2/batch_3/3905.npz,[*]Nc1ccc(Oc2ccc(NC(=O)c3ccc(-n4c(=O)c5cc6c(=O)n(-c7ccc(C([*])=O)cc7)c(=O)c6cc5c4=O)cc3)cc2)cc1,0.7111111111111111,506,[*]Nc1ccc(Oc2ccc(NC(=O)c3ccc(C([*])=O)cc3)cc2)cc1,medium
2713,[*]CCSC[*],6,5,2713,219.65,data/graphs_tg2/batch_2/2713.npz,[*]CCSC[*],0.4666666666666667,1793,[*]CCSSCC[*],low
1476,[*]CC([*])(C)C(=O)Oc1ccc(/C=C/c2ccccc2)cc1,22,23,1476,416.15,data/graphs_tg2/batch_1/1476.npz,[*]CC([*])(C)C(=O)Oc1ccc(/C=C/c2ccccc2)cc1,0.75,2403,[*]CC([*])(C)C(=O)Oc1ccccc1,medium
3806,[*]Nc1ccc(NC(=O)c2ccc(P(=O)(c3ccccc3)c3ccc(C([*])=O)cc3)cc2)cc1,34,37,3806,525.15,data/graphs_tg2/batch_3/3806.npz,[*]Nc1ccc(NC(=O)c2ccc(P(=O)(c3ccccc3)c3ccc(C([*])=O)cc3)cc2)cc1,1.0,3598,[*]Nc1ccc(NC(=O)c2ccc(P(=O)(c3ccccc3)c3ccc(C(=O)Nc4ccc(C([*])=O)cc4)cc3)cc2)cc1,high
5795,[*]c1ccc(-n2c(=O)c3cc4c(=O)n(-c5ccc(Oc6c(C(C)(C)C)cc([*])cc6C(C)(C)C)cc5)c(=O)c4cc3c2=O)cc1,45,50,5795,671.65,data/graphs_tg2/batch_5/5795.npz,[*]c1ccc(-n2c(=O)c3cc4c(=O)n(-c5ccc(Oc6c(C(C)(C)C)cc([*])cc6C(C)(C)C)cc5)c(=O)c4cc3c2=O)cc1,0.7,5282,[*]c1ccc(-n2c(=O)c3cc4c(=O)n(-c5ccc(Oc6c(C(C)(C)C)cc([*])cc6C(C)(C)C)c(C(F)(F)F)c5)c(=O)c4cc3c2=O)cc1,medium
319,[*]C(=O)OCCOC(=O)c1ccc(-c2ccc([*])cc2C)c(C)c1,24,25,319,346.15,data/graphs_tg2/batch_0/319.npz,[*]C(=O)OCCOC(=O)c1ccc(-c2ccc([*])cc2C)c(C)c1,0.5,3848,[*]Cc1ccc(C(=O)OCCOC([*])=O)cc1,medium
2057,[*]CC(c1ccccc1)C1C(=O)N(C(C)(C)C)C(=O)C1[*],21,22,2057,451.15,data/graphs_tg2/batch_2/2057.npz,[*]CC(c1ccccc1)C1C(=O)N(C(C)(C)C)C(=O)C1[*],0.6829268292682927,3529,[*]CC(c1ccccc1)C1C(=O)N(C)C(=O)C1[*],medium
6436,[*]c1ccc(Oc2ccc(C(=O)c3cccc(C(=O)c4ccc(Oc5ccc(-c6c7c(c([*])c8ccccc68)C(=O)N(CCCCCCCCCCCC)C7=O)cc5)cc4)c3)cc2)cc1,65,72,6436,413.15,data/graphs_tg2/batch_6/6436.npz,[*]c1ccc(Oc2ccc(C(=O)c3cccc(C(=O)c4ccc(Oc5ccc(-c6c7c(c([*])c8ccccc68)C(=O)N(CCCCCCCCCCCC)C7=O)cc5)cc4)c3)cc2)cc1,0.9122807017543859,2282,[*]c1ccc(Oc2ccc(C(=O)c3ccc(Oc4ccc(-c5c6c(c([*])c7ccccc57)C(=O)N(CCCCCCCCCCCC)C6=O)cc4)cc3)cc2)cc1,high
1309,[*]CC([*])(C)C(=O)OCCCCCCCCCCn1c2ccccc2c2cc(/C=C(\C#N)C(=O)OC)ccc21,39,41,1309,331.15,data/graphs_tg2/batch_1/1309.npz,[*]CC([*])(C)C(=O)OCCCCCCCCCCn1c2ccccc2c2cc(/C=C(\C#N)C(=O)OC)ccc21,0.6835443037974683,4193,[*]CC([*])(C)C(=O)OCCCCCCCCCCn1c2ccccc2c2cc(/C=C(\C#N)c3ccc([N+](=O)[O-])cc3)ccc21,medium
3241,[*]N=P([*])(OCC1COCCOCCOCCOCCO1)OCC1COCCOCCOCCOCCO1,38,39,3241,233.15,data/graphs_tg2/batch_3/3241.npz,[*]N=P([*])(OCC1COCCOCCOCCOCCO1)OCC1COCCOCCOCCOCCO1,1.0,488,[*]N=P([*])(OCC1COCCOCCOCCOCCOCCO1)OCC1COCCOCCOCCOCCOCCO1,high
2865,[*]COC(=O)c1ccc(C(=O)OCC(C)C([*])C)cc1,20,20,2865,310.65,data/graphs_tg2/batch_2/2865.npz,[*]COC(=O)c1ccc(C(=O)OCC(C)C([*])C)cc1,0.7575757575757576,1550,[*]COC(=O)c1ccc(C(=O)OCC([*])C)cc1,medium
7301,[*]CCCCCNC([*])=O,10,9,7301,328.875,data/graphs_tg2/batch_7/7301.npz,[*]CCCCCNC([*])=O,1.0,293,[*]CCCCCCCCCNC([*])=O,high
1770,[*]CC([*])CCc1ccccc1,12,12,1770,283.15,data/graphs_tg2/batch_1/1770.npz,[*]CC([*])CCc1ccccc1,0.6153846153846154,3522,[*]CC([*])Cc1ccccc1,medium
219,[*]C(=O)NNC(=O)c1ccc([*])cc1OCCCCCCCCCC,25,25,219,466.15,data/graphs_tg2/batch_0/219.npz,[*]C(=O)NNC(=O)c1ccc([*])cc1OCCCCCCCCCC,1.0,4289,[*]C(=O)NNC(=O)c1ccc([*])cc1OCCCCCCCC,high
2490,[*]CCCCCCCCCn1c(=O)c2cc3c(=O)n([*])c(=O)c3cc2c1=O,27,29,2490,383.15,data/graphs_tg2/batch_2/2490.npz,[*]CCCCCCCCCn1c(=O)c2cc3c(=O)n([*])c(=O)c3cc2c1=O,0.5526315789473685,5863,[*]CCCn1c(=O)c2cc3c(=O)n(CCCC([*])(C)C)c(=O)c3cc2c1=O,medium
5538,[*]c1cc(C)c(Oc2ccc(NC(=O)c3ccc4c(c3)C(=O)N(c3ccc(Oc5ccc(C6(c7ccc(Oc8ccc(N9C(=O)c%10ccc(C(=O)Nc%11ccc(Oc%12c(C)cc(C([*])(C)C)cc%12C)cc%11)cc%10C9=O)cc8)cc7)CC7CC6C6CCCC76)cc5)cc3)C4=O)cc2)c(C)c1,99,113,5538,549.15,data/graphs_tg2/batch_5/5538.npz,[*]c1cc(C)c(Oc2ccc(NC(=O)c3ccc4c(c3)C(=O)N(c3ccc(Oc5ccc(C6(c7ccc(Oc8ccc(N9C(=O)c%10ccc(C(=O)Nc%11ccc(Oc%12c(C)cc(C([*])(C)C)cc%12C)cc%11)cc%10C9=O)cc8)cc7)CC7CC6C6CCCC76)cc5)cc3)C4=O)cc2)c(C)c1,0.8024691358024691,1752,[*]c1cc(C)c(Oc2ccc3c(c2)C(=O)N(c2ccc(Oc4ccc(C5(c6ccc(Oc7ccc(N8C(=O)c9ccc(Oc%10c(C)cc(C([*])(C)C)cc%10C)cc9C8=O)cc7)cc6)CC6CC5C5CCCC65)cc4)cc2)C3=O)c(C)c1,high
2388,[*]CCCCCCCCC(=O)Oc1c(-c2ccccc2)cc(-c2cc(-c3ccccc3)c(OC([*])=O)c(-c3ccccc3)c2)cc1-c1ccccc1,52,57,2388,371.15,data/graphs_tg2/batch_2/2388.npz,[*]CCCCCCCCC(=O)Oc1c(-c2ccccc2)cc(-c2cc(-c3ccccc3)c(OC([*])=O)c(-c3ccccc3)c2)cc1-c1ccccc1,0.8409090909090909,3474,[*]CCCCCC(=O)Oc1c(-c2ccccc2)cc(Cc2cc(-c3ccccc3)c(OC([*])=O)c(-c3ccccc3)c2)cc1-c1ccccc1,high
4909,[*]Oc1ccc(C2(c3ccc(OC([*])=O)cc3)CC3CC2C2C4CCC(C4)C32)cc1,30,35,4909,540.65,data/graphs_tg2/batch_4/4909.npz,[*]Oc1ccc(C2(c3ccc(OC([*])=O)cc3)CC3CC2C2C4CCC(C4)C32)cc1,0.6862745098039216,1,[*]Oc1ccc(C2(c3ccc(OC([*])=O)cc3)CC3CC2C2CCCC32)cc1,medium
2948,[*]COc1ccc(OCCCCCCCCCCCCOc2ccc(OCc3ccc([*])cc3)cc2)cc1,38,40,2948,297.15,data/graphs_tg2/batch_2/2948.npz,[*]COc1ccc(OCCCCCCCCCCCCOc2ccc(OCc3ccc([*])cc3)cc2)cc1,0.5,5234,[*]c1ccc(OCCCCCCCCOc2ccc(C([*])(C)C)cc2)cc1,medium
4240,[*]OC1=C(O[Si](C)(C)O[Si](C)(C)O[Si](C)(C)O[Si](C)(C)O[Si]([*])(C)C)c2cccc3cccc1c23,35,37,4240,219.15,data/graphs_tg2/batch_4/4240.npz,[*]OC1=C(O[Si](C)(C)O[Si](C)(C)O[Si](C)(C)O[Si](C)(C)O[Si]([*])(C)C)c2cccc3cccc1c23,1.0,333,[*]OC1=C(O[Si](C)(C)O[Si](C)(C)O[Si](C)(C)O[Si]([*])(C)C)c2cccc3cccc1c23,high
6012,[*]c1ccc(Nc2c(F)c(F)c(-c3c(F)c(F)c(Nc4ccc(S([*])(=O)=O)cc4)c(F)c3F)c(F)c2F)cc1,39,42,6012,605.15,data/graphs_tg2/batch_6/6012.npz,[*]c1ccc(Nc2c(F)c(F)c(-c3c(F)c(F)c(Nc4ccc(S([*])(=O)=O)cc4)c(F)c3F)c(F)c2F)cc1,0.6666666666666666,1952,[*]c1ccc(Nc2ccc(Nc3ccc(S([*])(=O)=O)cc3)cc2)cc1,medium
5239,[*]Oc1ccc2nc(-c3ccccc3)c(-c3ccc(-c4nc5cc([*])ccc5nc4-c4ccccc4)cc3)nc2c1,41,47,5239,577.15,data/graphs_tg2/batch_5/5239.npz,[*]Oc1ccc2nc(-c3ccccc3)c(-c3ccc(-c4nc5cc([*])ccc5nc4-c4ccccc4)cc3)nc2c1,1.0,1335,[*]Oc1ccc2nc(-c3ccc(-c4nc5ccc([*])cc5nc4-c4ccccc4)cc3)c(-c3ccccc3)nc2c1,high
3784,[*]Nc1ccc(N2C(=O)c3ccc(C(=O)Nc4ccc(-c5ccc(NC(=O)c6ccc7c(c6)C(=O)N(c6ccc(NC([*])=O)cc6)C7=O)cc5)cc4)cc3C2=O)cc1,58,65,3784,506.15,data/graphs_tg2/batch_3/3784.npz,[*]Nc1ccc(N2C(=O)c3ccc(C(=O)Nc4ccc(-c5ccc(NC(=O)c6ccc7c(c6)C(=O)N(c6ccc(NC([*])=O)cc6)C7=O)cc5)cc4)cc3C2=O)cc1,0.9302325581395349,2662,[*]Nc1ccc(N2C(=O)c3ccc(C(=O)Nc4ccc(NC(=O)c5ccc6c(c5)C(=O)N(c5ccc(NC([*])=O)cc5)C6=O)cc4)cc3C2=O)cc1,high
1125,[*]CC(COc1ccc(-c2ccc(C#N)cc2)cc1)O[*],21,22,1125,367.3,data/graphs_tg2/batch_1/1125.npz,[*]CC(COc1ccc(-c2ccc(C#N)cc2)cc1)O[*],0.6756756756756757,2476,[*]CC(COc1ccc(-c2ccc(OC)cc2)cc1)O[*],medium
3050,[*]Cc1ccc(N2C(=O)C3CCC4C(=O)N(c5ccc([*])cc5C)C(=O)C4C3C2=O)c(C)c1,33,37,3050,613.15,data/graphs_tg2/batch_3/3050.npz,[*]Cc1ccc(N2C(=O)C3CCC4C(=O)N(c5ccc([*])cc5C)C(=O)C4C3C2=O)c(C)c1,0.5384615384615384,3115,[*]Cc1ccc(N2C(=O)c3cccc(-c4cccc5c4C(=O)N(c4ccc([*])cc4C)C5=O)c3C2=O)c(C)c1,medium
6359,[*]c1ccc(Oc2ccc(-n3nc(-c4ccccc4)cc3-c3cccc(-c4cc(-c5ccccc5)nn4[*])c3)cc2)cc1,43,49,6359,505.15,data/graphs_tg2/batch_6/6359.npz,[*]c1ccc(Oc2ccc(-n3nc(-c4ccccc4)cc3-c3cccc(-c4cc(-c5ccccc5)nn4[*])c3)cc2)cc1,0.8863636363636364,1502,[*]c1ccc(Oc2ccc(-n3nc(-c4ccccc4)cc3-c3ccc(-c4cc(-c5ccccc5)nn4[*])cc3)cc2)cc1,high
2121,[*]CCC(=O)NCCCCCCNC(=O)CC([*])C,19,18,2121,290.15,data/graphs_tg2/batch_2/2121.npz,[*]CCC(=O)NCCCCCCNC(=O)CC([*])C,0.5526315789473685,496,[*]CCC(=O)NCCCCCCCCCCNC(=O)CCP([*])(C)=O,medium
1450,[*]CC([*])(C)C(=O)OCc1ccc(OCCOCC)c(OCCOCC)c1,27,27,1450,271.15,data/graphs_tg2/batch_1/1450.npz,[*]CC([*])(C)C(=O)OCc1ccc(OCCOCC)c(OCCOCC)c1,0.9772727272727273,956,[*]CC([*])(C)C(=O)OCc1ccc(OCCOCCOCCOCC)c(OCCOCCOCCOCC)c1,high
6993,[*]c1cccc(-c2nc3cc4nc([*])c(-c5ccccc5)nc4cc3nc2-c2ccccc2)c1,34,39,6993,638.15,data/graphs_tg2/batch_6/6993.npz,[*]c1cccc(-c2nc3cc4nc([*])c(-c5ccccc5)nc4cc3nc2-c2ccccc2)c1,1.0,4403,[*]c1cccc(-c2nc3cc4nc(-c5ccccc5)c([*])nc4cc3nc2-c2ccccc2)c1,high
423,[*]C(=O)c1ccc(Nc2ccc(N=Nc3ccc(Nc4ccc([*])cc4)cc3)cc2)cc1,32,35,423,489.57,data/graphs_tg2/batch_0/423.npz,[*]C(=O)c1ccc(Nc2ccc(N=Nc3ccc(Nc4ccc([*])cc4)cc3)cc2)cc1,0.90625,4277,[*]C(=O)c1ccc(C(=O)c2ccc(Nc3ccc(N=Nc4ccc(Nc5ccc([*])cc5)cc4)cc3)cc2)cc1,high
901,[*]C=CC(=O)OCCOCCOCCOCCOC(=O)/C=C/C(=O)NCCCCCCNC([*])=O,35,34,901,325.15,data/graphs_tg2/batch_0/901.npz,[*]C=CC(=O)OCCOCCOCCOCCOC(=O)/C=C/C(=O)NCCCCCCNC([*])=O,1.0,299,[*]C=CC(=O)OCCOCCOCCOC(=O)/C=C/C(=O)NCCCCCCNC([*])=O,high
3537,[*]NCCCNS(=O)(=O)c1cccc(S([*])(=O)=O)c1,19,19,3537,365.15,data/graphs_tg2/batch_3/3537.npz,[*]NCCCNS(=O)(=O)c1cccc(S([*])(=O)=O)c1,0.9393939393939394,3908,[*]NCCCCNS(=O)(=O)c1cccc(S([*])(=O)=O)c1,high
2099,[*]CC1CCC(N2C(=O)c3ccc(C(=O)c4ccc5c(c4)C(=O)N(C4CCC([*])CC4C)C5=O)cc3C2=O)C(C)C1,41,46,2099,513.15,data/graphs_tg2/batch_2/2099.npz,[*]CC1CCC(N2C(=O)c3ccc(C(=O)c4ccc5c(c4)C(=O)N(C4CCC([*])CC4C)C5=O)cc3C2=O)C(C)C1,0.7647058823529411,2122,[*]CC1CCC(N2C(=O)c3ccc(-c4ccc5c(c4)C(=O)N(C4CCC([*])CC4C)C5=O)cc3C2=O)C(C)C1,medium
5469,[*]c1cc(C)c(N2C(=O)c3ccc(C(c4ccc5c(c4)C(=O)N(c4c(C)cc(-c6cc(C)c([*])cc6C)cc4C)C5=O)(C(F)(F)F)C(F)(F)F)cc3C2=O)c(C)c1,57,63,5469,634.15,data/graphs_tg2/batch_5/5469.npz,[*]c1cc(C)c(N2C(=O)c3ccc(C(c4ccc5c(c4)C(=O)N(c4c(C)cc(-c6cc(C)c([*])cc6C)cc4C)C5=O)(C(F)(F)F)C(F)(F)F)cc3C2=O)c(C)c1,0.7872340425531915,156,[*]c1cc(C)c(N2C(=O)c3ccc(C(c4ccc5c(c4)C(=O)N(c4c(C)cc([*])cc4C)C5=O)(C(F)(F)F)C(F)(F)F)cc3C2=O)c(C)c1,medium
2221,[*]CCCCC(=O)NCCCCCCCCCNC([*])=O,21,20,2221,341.15,data/graphs_tg2/batch_2/2221.npz,[*]CCCCC(=O)NCCCCCCCCCNC([*])=O,1.0,124,[*]CCCCCCCC(=O)NCCCCCCNC([*])=O,high
6924,[*]c1ccc2c(c1)Sc1cc(-c3ccc(-c4ccc([*])s4)s3)ccc1N2CCCCCCCCCCCC,38,42,6924,423.15,data/graphs_tg2/batch_6/6924.npz,[*]c1ccc2c(c1)Sc1cc(-c3ccc(-c4ccc([*])s4)s3)ccc1N2CCCCCCCCCCCC,1.0,825,[*]c1ccc2c(c1)Sc1cc(-c3ccc(-c4ccc([*])s4)s3)ccc1N2CCCCCC,high
5069,[*]Oc1ccc(Oc2ccc(Oc3cccc4c3C(=O)N(c3cccc(N5C(=O)c6cccc([*])c6C5=O)c3)C4=O)cc2)cc1,45,51,5069,511.15,data/graphs_tg2/batch_5/5069.npz,[*]Oc1ccc(Oc2ccc(Oc3cccc4c3C(=O)N(c3cccc(N5C(=O)c6cccc([*])c6C5=O)c3)C4=O)cc2)cc1,0.9767441860465116,5178,[*]Oc1ccc(Oc2cccc3c2C(=O)N(c2cccc(N4C(=O)c5cccc([*])c5C4=O)c2)C3=O)cc1,high
5716,[*]c1ccc(-c2ccc([Si](C)(C)[Si]([*])(C)C)s2)s1,18,19,5716,318.15,data/graphs_tg2/batch_5/5716.npz,[*]c1ccc(-c2ccc([Si](C)(C)[Si]([*])(C)C)s2)s1,0.7777777777777778,1882,[*]c1ccc([Si](C)(C)[Si]([*])(C)C)s1,medium
1302,[*]CC([*])(C)C(=O)OCCCCCCCCCCOc1ccc(OC(=O)c2ccc(-c3ccc(OC)cc3)cc2)cc1,42,44,1302,330.15,data/graphs_tg2/batch_1/1302.npz,[*]CC([*])(C)C(=O)OCCCCCCCCCCOc1ccc(OC(=O)c2ccc(-c3ccc(OC)cc3)cc2)cc1,1.0,213,[*]CC([*])(C)C(=O)OCCCCCCOc1ccc(OC(=O)c2ccc(-c3ccc(OC)cc3)cc2)cc1,high
2993,[*]Cc1cc(C)c(N2C(=O)c3ccc(Oc4cc5ccccc5cc4Oc4ccc5c(c4)C(=O)N(c4c(C)cc([*])cc4C)C5=O)cc3C2=O)c(C)c1,53,60,2993,538.15,data/graphs_tg2/batch_2/2993.npz,[*]Cc1cc(C)c(N2C(=O)c3ccc(Oc4cc5ccccc5cc4Oc4ccc5c(c4)C(=O)N(c4c(C)cc([*])cc4C)C5=O)cc3C2=O)c(C)c1,0.8695652173913043,4766,[*]c1cc(C)c(N2C(=O)c3ccc(Oc4cc5ccccc5cc4Oc4ccc5c(c4)C(=O)N(c4c(C)cc([*])cc4C)C5=O)cc3C2=O)c(C)c1,high
5202,[*]Oc1ccc2cc(-c3nc4ccccc4nc3-c3ccc4cc(OC(=O)c5ccc(C([*])=O)cc5)ccc4c3)ccc2c1,44,50,5202,409.15,data/graphs_tg2/batch_5/5202.npz,[*]Oc1ccc2cc(-c3nc4ccccc4nc3-c3ccc4cc(OC(=O)c5ccc(C([*])=O)cc5)ccc4c3)ccc2c1,0.8333333333333334,3138,[*]Oc1ccc2cc(-c3nc4ccccc4nc3-c3ccc4cc(OC(=O)c5cccc(C([*])=O)c5)ccc4c3)ccc2c1,high
6913,[*]c1ccc2c(c1)C(CCCCCCCC)(CCCCCCCC)c1cc(-c3ccc(-c4ccc(-c5ccc([*])s5)c5cc(-c6ccccc6)c(-c6ccccc6)nc45)s3)ccc1-2,63,71,6913,415.15,data/graphs_tg2/batch_6/6913.npz,[*]c1ccc2c(c1)C(CCCCCCCC)(CCCCCCCC)c1cc(-c3ccc(-c4ccc(-c5ccc([*])s5)c5cc(-c6ccccc6)c(-c6ccccc6)nc45)s3)ccc1-2,0.7571428571428571,2205,[*]c1ccc2c(c1)C(CCCCCCCC)(CCCCCCCC)c1cc(-c3ccc(-c4c(-c5ccccc5)c(-c5ccccc5)c(-c5ccc([*])s5)c5nc(-c6ccccc6)c(-c6ccccc6)nc45)s3)ccc1-2,medium
1590,[*]CC([*])C(=O)NC(C)CC,11,10,1590,390.0,data/graphs_tg2/batch_1/1590.npz,[*]CC([*])C(=O)NC(C)CC,0.6666666666666666,2658,[*]CC([*])C(=O)NC(C)C,medium
40,[*]/C=C(/[*])c1ccc(-n2c(=O)c3cc4c(=O)n(-c5ccc(C#C)cc5)c(=O)c4cc3c2=O)cc1,34,38,40,693.15,data/graphs_tg2/batch_0/40.npz,[*]/C=C(/[*])c1ccc(-n2c(=O)c3cc4c(=O)n(-c5ccc(C#C)cc5)c(=O)c4cc3c2=O)cc1,0.4888888888888889,4141,[*]C(=O)c1ccc(-n2c(=O)c3cc4c(=O)n(-c5ccc([*])cc5)c(=O)c4cc3c2=O)cc1,low
1608,[*]CC([*])C(=O)OC(OCC)C(F)(F)F,15,14,1608,278.15,data/graphs_tg2/batch_1/1608.npz,[*]CC([*])C(=O)OC(OCC)C(F)(F)F,0.5882352941176471,5059,[*]CC([*])C(=O)OC(C(F)(F)F)C(F)(F)F,medium
3544,[*]NCCN(CCNC(=O)c1cccc(N2C(=O)c3ccc(C([*])=O)cc3C2=O)c1)c1ccc(/C=C/c2ccc([N+](=O)[O-])cc2)cc1,47,51,3544,451.15,data/graphs_tg2/batch_3/3544.npz,[*]NCCN(CCNC(=O)c1cccc(N2C(=O)c3ccc(C([*])=O)cc3C2=O)c1)c1ccc(/C=C/c2ccc([N+](=O)[O-])cc2)cc1,0.8591549295774648,3411,[*]NCCN(CCNC(=O)c1ccc2c(c1)C(=O)N(c1ccc(C([*])=O)cc1)C2=O)c1ccc(/C=C/c2ccc([N+](=O)[O-])cc2)cc1,high
2032,[*]CC([*])c1ccccc1C(=O)OCCN(C)C,18,18,2032,342.15,data/graphs_tg2/batch_2/2032.npz,[*]CC([*])c1ccccc1C(=O)OCCN(C)C,0.7317073170731707,5483,[*]CC([*])c1ccccc1C(=O)OCCC,medium
933,[*]C=CC1CC([*])C2C(=O)N(CCCCCCCCCC)C(=O)C12,24,25,933,319.15,data/graphs_tg2/batch_0/933.npz,[*]C=CC1CC([*])C2C(=O)N(CCCCCCCCCC)C(=O)C12,1.0,2000,[*]C=CC1CC([*])C2C(=O)N(CCCCCCCCC)C(=O)C12,high
4037,[*]Nc1ccc(Sc2ccc(Nc3ccc([*])cc3)cc2)cc1,23,25,4037,387.15,data/graphs_tg2/batch_4/4037.npz,[*]Nc1ccc(Sc2ccc(Nc3ccc([*])cc3)cc2)cc1,0.625,5870,[*]Nc1ccc([*])cc1,medium
1735,[*]CC([*])C(=O)Oc1ccccc1C(C)(C)C,17,17,1735,345.15,data/graphs_tg2/batch_1/1735.npz,[*]CC([*])C(=O)Oc1ccccc1C(C)(C)C,0.6578947368421053,360,[*]CC([*])C(=O)Oc1ccccc1C,medium
5869,[*]c1ccc(C(c2ccc(N([*])c3ccc(C)cc3)cc2)c2ccc([N+](=O)[O-])cc2)cc1,32,35,5869,488.15,data/graphs_tg2/batch_5/5869.npz,[*]c1ccc(C(c2ccc(N([*])c3ccc(C)cc3)cc2)c2ccc([N+](=O)[O-])cc2)cc1,0.5652173913043478,3917,[*]c1ccc(-c2ccc(N(c3ccc(C)cc3)c3ccc(C(c4ccccc4)c4ccc(N([*])c5ccc(C)cc5)cc4)cc3)cc2)cc1,medium
6372,[*]c1ccc(Oc2ccc(/C=N/c3ccc(/N=C/c4ccc(Oc5ccc(C([*])(c6ccccc6)c6ccccc6)cc5)cc4)cc3)cc2)cc1,51,57,6372,503.15,data/graphs_tg2/batch_6/6372.npz,[*]c1ccc(Oc2ccc(/C=N/c3ccc(/N=C/c4ccc(Oc5ccc(C([*])(c6ccccc6)c6ccccc6)cc5)cc4)cc3)cc2)cc1,1.0,5598,[*]c1ccc(Oc2ccc(/C=N/c3ccc(Oc4ccc(/N=C/c5ccc(Oc6ccc(C([*])(c7ccccc7)c7ccccc7)cc6)cc5)cc4)cc3)cc2)cc1,high
7069,[*]c1nnc(-c2sc(-c3nnc(-c4cc(OCCCCCCCC)c([*])cc4OCCCCCCCC)o3)cc2CCCCCCCC)o1,49,52,7069,397.45,data/graphs_tg2/batch_7/7069.npz,[*]c1nnc(-c2sc(-c3nnc(-c4cc(OCCCCCCCC)c([*])cc4OCCCCCCCC)o3)cc2CCCCCCCC)o1,0.5245901639344263,3853,[*]c1ccc(-c2nnc([*])o2)c(OCCCCCCCCCC)c1,medium
6043,[*]c1ccc(OC(=O)OC2C(C)(C)C(OC(=O)Oc3ccc(C([*])(C)C)cc3)C2(C)C)cc1,33,35,6043,403.15,data/graphs_tg2/batch_6/6043.npz,[*]c1ccc(OC(=O)OC2C(C)(C)C(OC(=O)Oc3ccc(C([*])(C)C)cc3)C2(C)C)cc1,0.7619047619047619,2948,[*]c1ccc(OC(=O)OC2C(C)(C)C(OC(=O)Oc3ccc(C([*])(C)c4ccccc4)cc3)C2(C)C)cc1,medium
5667,[*]c1ccc(-c2ccc(-c3sc(-c4ccc([Si](C)(C)[Si](C)(C)[Si](C)(C)[Si](C)(C)c5ccc(-c6cc(CCCCCCCC)c([*])s6)s5)s4)cc3CCCCCCCC)s2)s1,60,65,5667,279.15,data/graphs_tg2/batch_5/5667.npz,[*]c1ccc(-c2ccc(-c3sc(-c4ccc([Si](C)(C)[Si](C)(C)[Si](C)(C)[Si](C)(C)c5ccc(-c6cc(CCCCCCCC)c([*])s6)s5)s4)cc3CCCCCCCC)s2)s1,0.98,1759,[*]c1ccc(-c2ccc(-c3sc(-c4ccc([Si](C)(C)[Si](C)(C)[Si](C)(C)[Si](C)(C)[Si](C)(C)[Si](C)(C)[Si](C)(C)[Si](C)(C)c5ccc(-c6cc(CCCCCCCC)c([*])s6)s5)s4)cc3CCCCCCCC)s2)s1,high
1559,[*]CC([*])(Cl)C(=O)OCCC,11,10,1559,339.15,data/graphs_tg2/batch_1/1559.npz,[*]CC([*])(Cl)C(=O)OCCC,0.7931034482758621,743,[*]CC([*])(Cl)C(=O)OCCCC,medium
550,[*]C(=O)c1ccc2c(c1)C(=O)N(c1ccc(Cc3ccc(Cc4ccc(N5C(=O)c6ccc([*])cc6C5=O)cc4)cc3)cc1)C2=O,46,52,550,620.15,data/graphs_tg2/batch_0/550.npz,[*]C(=O)c1ccc2c(c1)C(=O)N(c1ccc(Cc3ccc(Cc4ccc(N5C(=O)c6ccc([*])cc6C5=O)cc4)cc3)cc1)C2=O,1.0,4879,[*]C(=O)c1ccc2c(c1)C(=O)N(c1ccc(Cc3ccc(N4C(=O)c5ccc([*])cc5C4=O)cc3)cc1)C2=O,high
4245,[*]OC1C(COC(=O)Nc2ccccc2)OC([*])C(OC(=O)Nc2ccccc2)C1OC(=O)Nc1ccccc1,40,43,4245,490.15,data/graphs_tg2/batch_4/4245.npz,[*]OC1C(COC(=O)Nc2ccccc2)OC([*])C(OC(=O)Nc2ccccc2)C1OC(=O)Nc1ccccc1,0.52,3402,[*]OC1C(COC(C)=O)OC([*])C(OC(C)=O)C1OC(C)=O,medium
248,[*]C(=O)Nc1ccc(NC(=O)c2cc(-c3ccc(C(=O)O)c([*])c3)ccc2C(=O)O)cc1,32,34,248,521.55,data/graphs_tg2/batch_0/248.npz,[*]C(=O)Nc1ccc(NC(=O)c2cc(-c3ccc(C(=O)O)c([*])c3)ccc2C(=O)O)cc1,0.6976744186046512,2316,[*]C(=O)Nc1ccc(NC(=O)c2cc(-c3ccc(C(=O)OC)c([*])c3)ccc2C(=O)OC)cc1,medium
5157,[*]Oc1ccc2c(c1)C(=O)N(c1cc(N3C(=O)c4ccc([*])cc4C3=O)c(O)cc1O)C2=O,33,37,5157,536.15,data/graphs_tg2/batch_5/5157.npz,[*]Oc1ccc2c(c1)C(=O)N(c1cc(N3C(=O)c4ccc([*])cc4C3=O)c(O)cc1O)C2=O,0.7837837837837838,1935,[*]c1ccc2c(c1)C(=O)N(c1cc(N3C(=O)c4ccc([*])cc4C3=O)c(O)cc1O)C2=O,medium
5818,[*]c1ccc(C(=O)Nc2ccc(C(=O)Nc3ccc(-c4ccc(NC(=O)c5ccc(NC(=O)c6ccc([Si]([*])(C)C)cc6)cc5)cc4)cc3)cc2)cc1,53,58,5818,593.15,data/graphs_tg2/batch_5/5818.npz,[*]c1ccc(C(=O)Nc2ccc(C(=O)Nc3ccc(-c4ccc(NC(=O)c5ccc(NC(=O)c6ccc([Si]([*])(C)C)cc6)cc5)cc4)cc3)cc2)cc1,0.9117647058823529,4158,[*]c1ccc(C(=O)Nc2ccc(C(=O)Nc3ccc(NC(=O)c4ccc(NC(=O)c5ccc([Si]([*])(C)C)cc5)cc4)cc3)cc2)cc1,high
6315,[*]c1ccc(Oc2ccc(-c3cnc4cc(-c5ccc6ncc([*])nc6c5)ccc4n3)cc2)cc1,35,40,6315,553.15,data/graphs_tg2/batch_6/6315.npz,[*]c1ccc(Oc2ccc(-c3cnc4cc(-c5ccc6ncc([*])nc6c5)ccc4n3)cc2)cc1,0.9487179487179487,650,[*]c1ccc(Oc2ccc(-c3cnc4cc(-c5ccc6nc([*])cnc6c5)ccc4n3)cc2)cc1,high
6464,[*]c1ccc(Oc2ccc(C(c3ccccc3)(c3ccc(Oc4ccc(P([*])(C)=O)cc4)cc3)C(F)(F)F)cc2)cc1,42,46,6464,502.15,data/graphs_tg2/batch_6/6464.npz,[*]c1ccc(Oc2ccc(C(c3ccccc3)(c3ccc(Oc4ccc(P([*])(C)=O)cc4)cc3)C(F)(F)F)cc2)cc1,0.7209302325581395,1102,[*]c1ccc(Oc2ccc(C(c3ccc(Oc4ccc(P([*])(C)=O)cc4)cc3)(C(F)(F)F)C(F)(F)F)cc2)cc1,medium
3510,[*]NCCCCCCNC(=O)c1ccc(C([*])=O)cc1,20,20,3510,405.65,data/graphs_tg2/batch_3/3510.npz,[*]NCCCCCCNC(=O)c1ccc(C([*])=O)cc1,1.0,210,[*]NCCCCCCCCCNC(=O)c1ccc(C([*])=O)cc1,high
5199,[*]Oc1ccc2c(c1)Oc1cc(OC(=O)c3ccc(C([*])=O)cc3)ccc1C21c2ccccc2-c2ccccc21,40,46,5199,563.15,data/graphs_tg2/batch_5/5199.npz,[*]Oc1ccc2c(c1)Oc1cc(OC(=O)c3ccc(C([*])=O)cc3)ccc1C21c2ccccc2-c2ccccc21,0.6538461538461539,1119,[*]Oc1ccc(C2(c3ccc(OC(=O)c4ccc(C([*])=O)cc4)cc3)c3ccccc3-c3ccccc32)cc1,medium
6039,[*]c1ccc(OC(=O)CN(CC(=O)Oc2ccc(C([*])(C)C)cc2)c2ccc(/N=N/c3ccc([N+](=O)[O-])cc3)cc2)cc1,43,46,6039,425.15,data/graphs_tg2/batch_6/6039.npz,[*]c1ccc(OC(=O)CN(CC(=O)Oc2ccc(C([*])(C)C)cc2)c2ccc(/N=N/c3ccc([N+](=O)[O-])cc3)cc2)cc1,0.5333333333333333,4988,[*]CC([*])(C)C(=O)Oc1ccc(/N=N/c2ccc([N+](=O)[O-])cc2)cc1,medium
4283,[*]OCC(F)(F)OC(F)(F)COC(=O)c1cccc(C(F)(F)C(F)(F)C(F)(F)c2cccc(C([*])=O)c2)c1,38,39,4283,303.15,data/graphs_tg2/batch_4/4283.npz,[*]OCC(F)(F)OC(F)(F)COC(=O)c1cccc(C(F)(F)C(F)(F)C(F)(F)c2cccc(C([*])=O)c2)c1,0.8,3355,[*]OCC(F)(F)OC(F)(F)COC(=O)c1cccc(C([*])=O)c1,high
2271,[*]CCCCC(C)O[Si](C)(C)O[Si](C)(C)O[Si](C)(C)O[Si](C)(C)O[Si](C)(C)OC([*])C,31,30,2271,169.15,data/graphs_tg2/batch_2/2271.npz,[*]CCCCC(C)O[Si](C)(C)O[Si](C)(C)O[Si](C)(C)O[Si](C)(C)O[Si](C)(C)OC([*])C,1.0,2629,[*]CCCCC(C)O[Si](C)(C)O[Si](C)(C)O[Si](C)(C)O[Si](C)(C)OC([*])C,high
4027,[*]Nc1ccc(S(=O)(=O)c2ccc(NC(=O)c3ccc4c(c3)C(=O)N(c3ccc(C([*])=O)cc3)C4=O)cc2)cc1,40,44,4027,525.15,data/graphs_tg2/batch_4/4027.npz,[*]Nc1ccc(S(=O)(=O)c2ccc(NC(=O)c3ccc4c(c3)C(=O)N(c3ccc(C([*])=O)cc3)C4=O)cc2)cc1,0.9591836734693877,1484,[*]Nc1ccc(S(=O)(=O)c2ccc(NC(=O)c3ccc4c(c3)C(=O)N(c3ccc(S(=O)(=O)c5ccc(N6C(=O)c7ccc(C([*])=O)cc7C6=O)cc5)cc3)C4=O)cc2)cc1,high
6620,[*]c1ccc(Oc2ccc3c(c2)C(=O)N(c2ccc(Oc4ccc(N5C(=O)c6ccc(Oc7ccc(C([*])(C)C)cc7)cc6C5=O)cc4)cc2)C3=O)cc1,54,61,6620,488.15,data/graphs_tg2/batch_6/6620.npz,[*]c1ccc(Oc2ccc3c(c2)C(=O)N(c2ccc(Oc4ccc(N5C(=O)c6ccc(Oc7ccc(C([*])(C)C)cc7)cc6C5=O)cc4)cc2)C3=O)cc1,1.0,1763,[*]c1ccc(Oc2ccc(N3C(=O)c4ccc(Oc5ccc6c(c5)C(=O)N(c5ccc(Oc7ccc(C([*])(C)C)cc7)cc5)C6=O)cc4C3=O)cc2)cc1,high
5079,[*]Oc1ccc(Oc2ccc3c(c2)C(=O)N(c2ccc(S(=O)(=O)c4ccc(N5C(=O)c6ccc([*])cc6C5=O)cc4)cc2)C3=O)cc1,47,53,5079,556.15,data/graphs_tg2/batch_5/5079.npz,[*]Oc1ccc(Oc2ccc3c(c2)C(=O)N(c2ccc(S(=O)(=O)c4ccc(N5C(=O)c6ccc([*])cc6C5=O)cc4)cc2)C3=O)cc1,1.0,3351,[*]Oc1ccc(S(=O)(=O)c2ccc(Oc3ccc4c(c3)C(=O)N(c3ccc(Oc5ccc(N6C(=O)c7ccc([*])cc7C6=O)cc5)cc3)C4=O)cc2)cc1,high
5124,[*]Oc1ccc(Sc2ccc(Oc3ccc4c(c3)C(=O)N(c3ccc(Oc5ccc(-c6ccc(Oc7ccc(N8C(=O)c9ccc([*])cc9C8=O)cc7)cc6)cc5)cc3)C4=O)cc2)cc1,65,74,5124,478.15,data/graphs_tg2/batch_5/5124.npz,[*]Oc1ccc(Sc2ccc(Oc3ccc4c(c3)C(=O)N(c3ccc(Oc5ccc(-c6ccc(Oc7ccc(N8C(=O)c9ccc([*])cc9C8=O)cc7)cc6)cc5)cc3)C4=O)cc2)cc1,1.0,1775,[*]Oc1ccc(-c2ccc(Oc3ccc4c(c3)C(=O)N(c3ccc(Oc5ccc(Sc6ccc(Oc7ccc(N8C(=O)c9ccc([*])cc9C8=O)cc7)cc6)cc5)cc3)C4=O)cc2)cc1,high
4551,[*]O[Si](C)(C)O[Si](C)(C)O[SiH]([*])O[Si](C)(C)C=C,18,17,4551,205.15,data/graphs_tg2/batch_4/4551.npz,[*]O[Si](C)(C)O[Si](C)(C)O[SiH]([*])O[Si](C)(C)C=C,0.34375,2468,[*]O[Si]([*])(C)C=C,low
53,[*]=C(C)CCC(=[*])C,8,7,53,277.15,data/graphs_tg2/batch_0/53.npz,[*]=C(C)CCC(=[*])C,0.5294117647058824,3682,[*]=CCCC(=[*])C,medium
2092,[*]CC1CC(C[*])C2C3CCC(C3)C12,14,16,2092,437.15,data/graphs_tg2/batch_2/2092.npz,[*]CC1CC(C[*])C2C3CCC(C3)C12,0.4,3909,[*]=CC1CC(C=[*])C2C3CCC(C3)C12,low
3052,[*]Cc1ccc(N2C(=O)c3ccc(C(=O)c4ccc5c(c4)C(=O)N(c4ccc([*])cc4C(C)(C)C)C5=O)cc3C2=O)c(C(C)(C)C)c1,47,52,3052,486.15,data/graphs_tg2/batch_3/3052.npz,[*]Cc1ccc(N2C(=O)c3ccc(C(=O)c4ccc5c(c4)C(=O)N(c4ccc([*])cc4C(C)(C)C)C5=O)cc3C2=O)c(C(C)(C)C)c1,0.7647058823529411,557,[*]Cc1ccc(N2C(=O)c3ccc(-c4ccc5c(c4)C(=O)N(c4ccc([*])cc4C(C)(C)C)C5=O)cc3C2=O)c(C(C)(C)C)c1,medium
1440,[*]CC([*])(C)C(=O)OCc1c(Cl)cccc1Cl,17,17,1440,332.05,data/graphs_tg2/batch_1/1440.npz,[*]CC([*])(C)C(=O)OCc1c(Cl)cccc1Cl,0.6923076923076923,1379,[*]CC([*])(C)C(=O)OCc1c(F)cccc1F,medium
5040,[*]Oc1ccc(Oc2cc(C(=O)c3ccccc3)c([*])cc2C(=O)c2ccccc2)cc1,32,35,5040,410.15,data/graphs_tg2/batch_5/5040.npz,[*]Oc1ccc(Oc2cc(C(=O)c3ccccc3)c([*])cc2C(=O)c2ccccc2)cc1,0.54,4016,[*]Oc1ccc(-c2ccc(Oc3ccc(C(=O)c4ccccc4)c(-c4cc([*])ccc4C(=O)c4ccccc4)c3)cc2)cc1,medium
1605,[*]CC([*])C(=O)OC(Cl)C(Cl)(Cl)Cl,13,12,1605,343.65,data/graphs_tg2/batch_1/1605.npz,[*]CC([*])C(=O)OC(Cl)C(Cl)(Cl)Cl,0.5333333333333333,3783,[*]CC([*])C(=O)OC(C)C,medium
1823,[*]CC([*])OC(=O)c1ccc(OC(=O)CCC)cc1,19,19,1823,334.15,data/graphs_tg2/batch_1/1823.npz,[*]CC([*])OC(=O)c1ccc(OC(=O)CCC)cc1,0.7,5447,[*]CC([*])OC(=O)c1ccc(OC(C)=O)cc1,medium
2292,[*]CCCCCC([*])CCCCCCCCCC,18,17,2292,208.15,data/graphs_tg2/batch_2/2292.npz,[*]CCCCCC([*])CCCCCCCCCC,1.0,1732,[*]CCCCCC([*])CCCCCC,high
800,[*]C1C(=O)OC(=O)C1C1C2CC(C(=O)OC3CCCCC3)C(C2)C1[*],25,28,800,468.15,data/graphs_tg2/batch_0/800.npz,[*]C1C(=O)OC(=O)C1C1C2CC(C(=O)OC3CCCCC3)C(C2)C1[*],0.6071428571428571,3767,[*]C1C(=O)OC(=O)C1C1C2CC(C(=O)OC(C)CC)C(C2)C1[*],medium
2879,[*]COC(=O)c1ccc(Oc2ccc(C(=O)OCC([*])(C)C)cc2)cc1,26,27,2879,346.15,data/graphs_tg2/batch_2/2879.npz,[*]COC(=O)c1ccc(Oc2ccc(C(=O)OCC([*])(C)C)cc2)cc1,0.8484848484848485,3753,[*]COC(=O)c1ccc(C(=O)OCC([*])(C)C)cc1,high
6214,[*]c1ccc(OCCCCCCCCCCOc2ccc(N(c3ccccc3)c3ccc(-c4ccc(N([*])c5ccccc5)cc4)cc3)cc2)cc1,52,57,6214,363.15,data/graphs_tg2/batch_6/6214.npz,[*]c1ccc(OCCCCCCCCCCOc2ccc(N(c3ccccc3)c3ccc(-c4ccc(N([*])c5ccccc5)cc4)cc3)cc2)cc1,0.717948717948718,3803,[*]c1ccc(Oc2ccc(N(c3ccccc3)c3ccc(-c4ccc(N([*])c5ccccc5)cc4)cc3)cc2)cc1,medium
5656,[*]c1ccc(-c2ccc(-c3ccc([Si](C)(C)[Si]([*])(C)C)s3)s2)s1,23,25,5656,318.15,data/graphs_tg2/batch_5/5656.npz,[*]c1ccc(-c2ccc(-c3ccc([Si](C)(C)[Si]([*])(C)C)s3)s2)s1,0.75,1882,[*]c1ccc([Si](C)(C)[Si]([*])(C)C)s1,medium
3408,[*]NC(=O)c1cccc(C(=O)Nc2cc([*])cc(C(=O)OCCOC(=O)/C=C/c3ccc(N(C)C)cc3)c2)c1,39,41,3408,459.15,data/graphs_tg2/batch_3/3408.npz,[*]NC(=O)c1cccc(C(=O)Nc2cc([*])cc(C(=O)OCCOC(=O)/C=C/c3ccc(N(C)C)cc3)c2)c1,0.8833333333333333,1430,[*]NC(=O)c1ccc(C(=O)Nc2cc([*])cc(C(=O)OCCOC(=O)/C=C/c3ccc(N(C)C)cc3)c2)cc1,high
58,[*]=C(OC)c1ccc(C(=[*])OC)s1,13,13,58,364.15,data/graphs_tg2/batch_0/58.npz,[*]=C(OC)c1ccc(C(=[*])OC)s1,0.2702702702702703,2022,[*]c1cc(C(C(=O)OC)C(=O)OC)c([*])s1,low
6399,[*]c1ccc(Oc2ccc(C(=O)Nc3ccc(Oc4cccc(NC(=O)c5ccc(Oc6ccc(C(C)(C)c7ccc(C([*])(C)C)cc7)cc6)cc5)c4)cc3)cc2)cc1,59,65,6399,441.15,data/graphs_tg2/batch_6/6399.npz,[*]c1ccc(Oc2ccc(C(=O)Nc3ccc(Oc4cccc(NC(=O)c5ccc(Oc6ccc(C(C)(C)c7ccc(C([*])(C)C)cc7)cc6)cc5)c4)cc3)cc2)cc1,0.9019607843137255,3547,[*]c1ccc(Oc2ccc(C(=O)Nc3cccc(Oc4ccc(NC(=O)c5ccc(Oc6ccc(C(C)(C)c7cccc(C([*])(C)C)c7)cc6)cc5)cc4)c3)cc2)cc1,high
3678,[*]Nc1ccc(C(=O)c2ccc(Nc3ccc4c(c3)c3cc([*])ccc3n4CC(CC)CCCC)cc2)cc1,39,43,3678,509.205,data/graphs_tg2/batch_3/3678.npz,[*]Nc1ccc(C(=O)c2ccc(Nc3ccc4c(c3)c3cc([*])ccc3n4CC(CC)CCCC)cc2)cc1,0.7666666666666667,1141,[*]Nc1ccc(Oc2ccc(Nc3ccc4c(c3)c3cc([*])ccc3n4CC(CC)CCCC)cc2)cc1,medium
1511,[*]CC([*])(C)c1nc(N(CCOCCOCCOC)CCOCCOCCOC)nc(N(CCOCCOCCOC)c2ccccc2)n1,49,50,1511,198.15,data/graphs_tg2/batch_1/1511.npz,[*]CC([*])(C)c1nc(N(CCOCCOCCOC)CCOCCOCCOC)nc(N(CCOCCOCCOC)c2ccccc2)n1,0.3492063492063492,5758,[*]CC([*])(C)C(=O)OCCN(CC)c1ccccc1,low
562,[*]C(=O)c1ccc2c(c1)C(=O)N(c1ccc(OCCOCCOCCOc3ccc(N4C(=O)c5ccc([*])cc5C4=O)cc3)cc1)C2=O,48,53,562,473.15,data/graphs_tg2/batch_0/562.npz,[*]C(=O)c1ccc2c(c1)C(=O)N(c1ccc(OCCOCCOCCOc3ccc(N4C(=O)c5ccc([*])cc5C4=O)cc3)cc1)C2=O,1.0,104,[*]C(=O)c1ccc2c(c1)C(=O)N(c1ccc(OCCOCCOc3ccc(N4C(=O)c5ccc([*])cc5C4=O)cc3)cc1)C2=O,high
3841,[*]Nc1ccc(Oc2ccc(-c3ccc(Oc4ccc(NC(=O)c5cccc(N6C(=O)c7ccc(-c8ccc9c(c8)C(=O)N(c8cccc(C([*])=O)c8)C9=O)cc7C6=O)c5)cc4)cc3)cc2)cc1,68,77,3841,543.15,data/graphs_tg2/batch_3/3841.npz,[*]Nc1ccc(Oc2ccc(-c3ccc(Oc4ccc(NC(=O)c5cccc(N6C(=O)c7ccc(-c8ccc9c(c8)C(=O)N(c8cccc(C([*])=O)c8)C9=O)cc7C6=O)c5)cc4)cc3)cc2)cc1,0.9814814814814815,181,[*]Nc1ccc(Oc2ccc(Oc3ccc(Oc4ccc(NC(=O)c5cccc(N6C(=O)c7ccc(-c8ccc9c(c8)C(=O)N(c8cccc(C([*])=O)c8)C9=O)cc7C6=O)c5)cc4)cc3)cc2)cc1,high
1899,[*]CC([*])c1cc[n+](CCCCCCCC)cc1,18,18,1899,479.35,data/graphs_tg2/batch_1/1899.npz,[*]CC([*])c1cc[n+](CCCCCCCC)cc1,0.5833333333333334,581,[*]CC([*])c1ccc(CCCCCCCCC)cc1,medium
5875,[*]c1ccc(C)c(N2C(=O)c3ccc(-c4ccc5c(c4)C(=O)N([*])C5=O)cc3C2=O)c1,31,35,5875,668.15,data/graphs_tg2/batch_5/5875.npz,[*]c1ccc(C)c(N2C(=O)c3ccc(-c4ccc5c(c4)C(=O)N([*])C5=O)cc3C2=O)c1,0.7272727272727273,4558,[*]c1ccc(C)c(N2C(=O)c3ccc(S(=O)(=O)c4ccc5c(c4)C(=O)N([*])C5=O)cc3C2=O)c1,medium
6381,[*]c1ccc(Oc2ccc(C(=O)C(=O)c3ccc(Oc4ccc(C([*])(C)c5ccccc5)cc4)cc3)cc2)cc1,40,44,6381,450.15,data/graphs_tg2/batch_6/6381.npz,[*]c1ccc(Oc2ccc(C(=O)C(=O)c3ccc(Oc4ccc(C([*])(C)c5ccccc5)cc4)cc3)cc2)cc1,0.7368421052631579,1740,[*]c1ccc(Oc2ccc(C(=O)C(=O)c3ccc(Oc4ccc(C([*])(C)C)cc4)cc3)cc2)cc1,medium
2925,[*]COCCSSC[*],9,8,2925,220.15,data/graphs_tg2/batch_2/2925.npz,[*]COCCSSC[*],0.7727272727272727,5583,[*]COCOCCSSC[*],medium
467,[*]C(=O)c1ccc(Oc2ccc(C3(c4ccc(Oc5ccc(C(=O)c6ccc([*])cc6)cc5C(F)(F)F)cc4)c4ccccc4-c4ccccc43)cc2)c(C(F)(F)F)c1,59,66,467,502.15,data/graphs_tg2/batch_0/467.npz,[*]C(=O)c1ccc(Oc2ccc(C3(c4ccc(Oc5ccc(C(=O)c6ccc([*])cc6)cc5C(F)(F)F)cc4)c4ccccc4-c4ccccc43)cc2)c(C(F)(F)F)c1,0.7192982456140351,4830,[*]C(=O)c1cccc(C(=O)c2ccc(Oc3ccc(C4(c5ccc(Oc6ccc([*])cc6)cc5)c5ccccc5-c5ccccc54)cc3)cc2)c1,medium
7007,[*]c1cccc(Cc2cccc(-n3c(=O)c4cc5c(=O)n([*])c(=O)c5cc4c3=O)c2)c1,31,35,7007,600.65,data/graphs_tg2/batch_7/7007.npz,[*]c1cccc(Cc2cccc(-n3c(=O)c4cc5c(=O)n([*])c(=O)c5cc4c3=O)c2)c1,0.825,1069,[*]c1cccc(Cc2ccc(-n3c(=O)c4cc5c(=O)n([*])c(=O)c5cc4c3=O)cc2)c1,high
4192,[*]OC(=O)c1ccc(OCCCCOc2ccc(C([*])=O)cc2)cc1,25,26,4192,318.15,data/graphs_tg2/batch_4/4192.npz,[*]OC(=O)c1ccc(OCCCCOc2ccc(C([*])=O)cc2)cc1,0.9666666666666667,2699,[*]OC(=O)c1ccc(OCCCCCOc2ccc(C([*])=O)cc2)cc1,high
38,[*]/C=C(/[*])c1c(C)cc(C(C)(C)C)cc1C,16,16,38,473.15,data/graphs_tg2/batch_0/38.npz,[*]/C=C(/[*])c1c(C)cc(C(C)(C)C)cc1C,0.3333333333333333,4746,[*]/C=C(/[*])c1c(F)c(F)c(CCCC)c(F)c1F,low
3014,[*]Cc1cc(C)c(Oc2cccc3c2C(=O)N(c2ccc(Oc4ccc(-c5ccc(Oc6ccc(N7C(=O)c8cccc(Oc9c(C)cc([*])cc9C)c8C7=O)cc6)cc5)cc4)cc2)C3=O)c(C)c1,69,78,3014,532.15,data/graphs_tg2/batch_3/3014.npz,[*]Cc1cc(C)c(Oc2cccc3c2C(=O)N(c2ccc(Oc4ccc(-c5ccc(Oc6ccc(N7C(=O)c8cccc(Oc9c(C)cc([*])cc9C)c8C7=O)cc6)cc5)cc4)cc2)C3=O)c(C)c1,0.8269230769230769,135,[*]c1cc(C)c(Oc2cccc3c2C(=O)N(c2ccc(Oc4ccc(N5C(=O)c6cccc(Oc7c(C)cc([*])cc7C)c6C5=O)cc4)cc2)C3=O)c(C)c1,high
6200,[*]c1ccc(OCC(O)COc2cccc(NC(=O)CCCC(=O)Nc3cccc(OCC(O)COc4ccc(C([*])(C)C)cc4)c3)c2)cc1,50,53,6200,384.15,data/graphs_tg2/batch_6/6200.npz,[*]c1ccc(OCC(O)COc2cccc(NC(=O)CCCC(=O)Nc3cccc(OCC(O)COc4ccc(C([*])(C)C)cc4)c3)c2)cc1,0.9615384615384616,1932,[*]c1ccc(OCC(O)COc2cccc(NC(=O)CCCCC(=O)Nc3cccc(OCC(O)COc4ccc(C([*])(C)C)cc4)c3)c2)cc1,high
3133,[*]Cc1ccc(OC(=O)CCCCCCCCC(=O)Oc2ccc(CCC(=O)NC([*])C(=O)OCCOCCOCC)cc2)cc1,46,47,3133,275.15,data/graphs_tg2/batch_3/3133.npz,[*]Cc1ccc(OC(=O)CCCCCCCCC(=O)Oc2ccc(CCC(=O)NC([*])C(=O)OCCOCCOCC)cc2)cc1,1.0,3146,[*]Cc1ccc(OC(=O)CCCCCCC(=O)Oc2ccc(CCC(=O)NC([*])C(=O)OCCOCCOCC)cc2)cc1,high
191,[*]C(=O)N(C(=O)c1ccc([*])cc1Sc1ccccc1)c1ccccc1,26,28,191,425.15,data/graphs_tg2/batch_0/191.npz,[*]C(=O)N(C(=O)c1ccc([*])cc1Sc1ccccc1)c1ccccc1,0.4339622641509434,448,[*]C(=O)N(C(=O)c1ccc(OCCCCCCOc2ccc([*])cc2)cc1)c1ccccc1,low
2869,[*]COC(=O)c1ccc(C(=O)OCC(CCCCCC)C([*])CCCCCC)cc1,30,30,2869,257.65,data/graphs_tg2/batch_2/2869.npz,[*]COC(=O)c1ccc(C(=O)OCC(CCCCCC)C([*])CCCCCC)cc1,1.0,2004,[*]COC(=O)c1ccc(C(=O)OCC(CCCCCCCCCCCCCCCC)C([*])CCCCCCCCCCCCCCCC)cc1,high
79,[*]=CCCCCCCC=[*],10,9,79,195.15,data/graphs_tg2/batch_0/79.npz,[*]=CCCCCCCC=[*],1.0,5401,[*]=CCCCCCCCCCCC=[*],high
2273,[*]CCCCCC(=O)NCCCCCCCNC([*])=O,20,19,2273,328.15,data/graphs_tg2/batch_2/2273.npz,[*]CCCCCC(=O)NCCCCCCCNC([*])=O,1.0,124,[*]CCCCCCCC(=O)NCCCCCCNC([*])=O,high
6549,[*]c1ccc(Oc2ccc(P(=O)(c3ccccc3)c3ccc(Oc4cccc(-n5c(=O)c6cc7c(=O)n([*])c(=O)c7cc6c5=O)c4)cc3)cc2)cc1,52,59,6549,527.15,data/graphs_tg2/batch_6/6549.npz,[*]c1ccc(Oc2ccc(P(=O)(c3ccccc3)c3ccc(Oc4cccc(-n5c(=O)c6cc7c(=O)n([*])c(=O)c7cc6c5=O)c4)cc3)cc2)cc1,0.7291666666666666,2546,[*]c1ccc(P(=O)(c2ccccc2)c2ccc(-n3c(=O)c4cc5c(=O)n([*])c(=O)c5cc4c3=O)cc2)cc1,medium
7078,[*]C(=O)c1ccc2c(c1)C(=O)N(c1ccc(N3C(=O)c4ccc([*])cc4C3=O)cc1)C2=O,32,36,7078,598.15,data/graphs_tg2/batch_7/7078.npz,[*]C(=O)c1ccc2c(c1)C(=O)N(c1ccc(N3C(=O)c4ccc([*])cc4C3=O)cc1)C2=O,0.9166666666666666,738,[*]C(=O)c1ccc2c(c1)C(=O)N(c1ccc(-c3ccc(N4C(=O)c5ccc([*])cc5C4=O)cc3)cc1)C2=O,high
6334,[*]c1ccc(Oc2ccc(-c3nn(-c4ccc(S(=O)(=O)c5ccc(-n6nc([*])c7ccccc7c6=O)cc5)cc4)c(=O)c4ccccc34)cc2)cc1,52,59,6334,568.15,data/graphs_tg2/batch_6/6334.npz,[*]c1ccc(Oc2ccc(-c3nn(-c4ccc(S(=O)(=O)c5ccc(-n6nc([*])c7ccccc7c6=O)cc5)cc4)c(=O)c4ccccc34)cc2)cc1,0.7818181818181819,1091,[*]c1ccc(Sc2ccc(-c3nn(-c4ccc(S(=O)(=O)c5ccc(-n6nc([*])c7ccccc7c6=O)cc5)cc4)c(=O)c4ccccc34)cc2)cc1,medium
2147,[*]CCC(C)O[Si](C)(C)O[Si](C)(C)O[Si](C)(C)O[Si](C)(C)O[Si](C)(C)OC([*])C,29,28,2147,167.15,data/graphs_tg2/batch_2/2147.npz,[*]CCC(C)O[Si](C)(C)O[Si](C)(C)O[Si](C)(C)O[Si](C)(C)O[Si](C)(C)OC([*])C,1.0,2496,[*]CCC(C)O[Si](C)(C)O[Si](C)(C)O[Si](C)(C)OC([*])C,high
1988,[*]CC([*])c1ccc(O)c(OC)c1,13,13,1988,415.15,data/graphs_tg2/batch_1/1988.npz,[*]CC([*])c1ccc(O)c(OC)c1,0.6666666666666666,422,[*]CC([*])c1cc(OC)c(O)c(OC)c1,medium
2000,[*]CC([*])c1ccc([Si](C)(C)O[Si](C)(C)C)cc1,18,18,2000,308.65,data/graphs_tg2/batch_2/2000.npz,[*]CC([*])c1ccc([Si](C)(C)O[Si](C)(C)C)cc1,0.84375,5555,[*]CC([*])c1ccc([Si](C)(C)O[Si](C)(C)O[Si](C)(C)C)cc1,high
6695,[*]c1ccc2c(c1)C(=O)N(CCCCCCCCCCCCN1C(=O)c3ccc(C([*])(C(F)(F)F)C(F)(F)F)cc3C1=O)C2=O,45,48,6695,374.15,data/graphs_tg2/batch_6/6695.npz,[*]c1ccc2c(c1)C(=O)N(CCCCCCCCCCCCN1C(=O)c3ccc(C([*])(C(F)(F)F)C(F)(F)F)cc3C1=O)C2=O,1.0,311,[*]c1ccc2c(c1)C(=O)N(CCCCCN1C(=O)c3ccc(C([*])(C(F)(F)F)C(F)(F)F)cc3C1=O)C2=O,high
1373,[*]CC([*])(C)C(=O)OCCCCOc1ccc(OC(=O)c2ccc(OCCCCCC)cc2)cc1,35,36,1373,307.15,data/graphs_tg2/batch_1/1373.npz,[*]CC([*])(C)C(=O)OCCCCOc1ccc(OC(=O)c2ccc(OCCCCCC)cc2)cc1,1.0,1589,[*]CC([*])(C)C(=O)OCCCCCCOc1ccc(OC(=O)c2ccc(OCCCCCCCC)cc2)cc1,high
4336,[*]OCCCCCCCCCCOc1ccc(/C=C/c2ccc(OCCCCCCCCCCOP([*])(=O)OCCCCCCCCCCOc3ccc(/N=N/c4ccc(Cl)cc4)cc3)cc2)cc1,69,72,4336,333.15,data/graphs_tg2/batch_4/4336.npz,[*]OCCCCCCCCCCOc1ccc(/C=C/c2ccc(OCCCCCCCCCCOP([*])(=O)OCCCCCCCCCCOc3ccc(/N=N/c4ccc(Cl)cc4)cc3)cc2)cc1,0.8163265306122449,678,[*]OCCCCCCCCCCOc1ccc(/C=C/c2ccc(OCCCCCCCCCCOP([*])(=O)OCCCCCCCCCCOc3ccc(/N=N/c4ccccc4)cc3)cc2)cc1,high
3998,[*]Nc1ccc(Oc2cccc(Oc3ccc(NC(=O)c4cccc(N5C(=O)c6ccc(C(c7ccc8c(c7)C(=O)N(c7cccc(C([*])=O)c7)C8=O)(C(F)(F)F)C(F)(F)F)cc6C5=O)c4)cc3)c2)cc1,71,79,3998,537.15,data/graphs_tg2/batch_3/3998.npz,[*]Nc1ccc(Oc2cccc(Oc3ccc(NC(=O)c4cccc(N5C(=O)c6ccc(C(c7ccc8c(c7)C(=O)N(c7cccc(C([*])=O)c7)C8=O)(C(F)(F)F)C(F)(F)F)cc6C5=O)c4)cc3)c2)cc1,0.9523809523809523,492,[*]Nc1ccc(Oc2ccc(NC(=O)c3cccc(N4C(=O)c5ccc(C(c6ccc7c(c6)C(=O)N(c6cccc(C([*])=O)c6)C7=O)(C(F)(F)F)C(F)(F)F)cc5C4=O)c3)cc2)cc1,high
6839,[*]c1ccc2c(c1)C(=O)N(c1ccc(P(=O)(c3ccccc3)c3ccc(N4C(=O)c5ccc(C([*])(C(F)(F)F)C(F)(F)F)cc5C4=O)cc3)cc1)C2=O,53,59,6839,618.15,data/graphs_tg2/batch_6/6839.npz,[*]c1ccc2c(c1)C(=O)N(c1ccc(P(=O)(c3ccccc3)c3ccc(N4C(=O)c5ccc(C([*])(C(F)(F)F)C(F)(F)F)cc5C4=O)cc3)cc1)C2=O,0.8461538461538461,1374,[*]c1ccc2c(c1)C(=O)N(c1cccc(P(=O)(c3ccccc3)c3cccc(N4C(=O)c5ccc(C([*])(C(F)(F)F)C(F)(F)F)cc5C4=O)c3)c1)C2=O,high
1611,[*]CC([*])C(=O)OC12CC3CC(CC(C3)C1)C2,17,19,1611,456.15,data/graphs_tg2/batch_1/1611.npz,[*]CC([*])C(=O)OC12CC3CC(CC(C3)C1)C2,0.631578947368421,4264,[*]CC([*])C(=O)OC12CC3CC(C)(CC(C)(C3)C1)C2,medium
345,[*]C(=O)c1c(C(=O)c2ccc(Oc3ccc(-c4ccc(Oc5ccc([*])cc5)cc4)cc3)cc2)c(-c2ccccc2)c(-c2ccc3ccccc3c2)c(-c2ccc3ccccc3c2)c1-c1ccccc1,70,80,345,563.15,data/graphs_tg2/batch_0/345.npz,[*]C(=O)c1c(C(=O)c2ccc(Oc3ccc(-c4ccc(Oc5ccc([*])cc5)cc4)cc3)cc2)c(-c2ccccc2)c(-c2ccc3ccccc3c2)c(-c2ccc3ccccc3c2)c1-c1ccccc1,0.8936170212765957,1537,[*]C(=O)c1ccc(Oc2ccc(C(=O)c3c(C(=O)c4ccc(Oc5ccc([*])cc5)cc4)c(-c4ccccc4)c(-c4ccc5ccccc5c4)c(-c4ccc5ccccc5c4)c3-c3ccccc3)cc2)cc1,high
6831,[*]c1ccc2c(c1)C(=O)N(c1ccc(Oc3cccc(N4C(=O)c5ccc([*])cc5C4=O)c3)cc1)C2=O,37,42,6831,532.15,data/graphs_tg2/batch_6/6831.npz,[*]c1ccc2c(c1)C(=O)N(c1ccc(Oc3cccc(N4C(=O)c5ccc([*])cc5C4=O)c3)cc1)C2=O,0.918918918918919,5856,[*]c1ccc2c(c1)C(=O)N(c1ccc(Oc3cccc(Oc4ccc(N5C(=O)c6ccc([*])cc6C5=O)cc4)c3)cc1)C2=O,high
2245,[*]CCCCC(=O)OC1COC2C(OCCCCOC3COC4C(OC([*])=O)COC34)COC12,34,37,2245,387.15,data/graphs_tg2/batch_2/2245.npz,[*]CCCCC(=O)OC1COC2C(OCCCCOC3COC4C(OC([*])=O)COC34)COC12,0.825,5788,[*]CCCCCCCCC(=O)OC1COC2C(OC([*])=O)COC12,high
6106,[*]c1ccc(OC(=O)c2ccc(N3C(=O)CC(SCCOCCSC4CC(=O)N(c5ccc(C(=O)Oc6ccc(C([*])(C)C)cc6)cc5)C4=O)C3=O)cc2)cc1,56,61,6106,416.15,data/graphs_tg2/batch_6/6106.npz,[*]c1ccc(OC(=O)c2ccc(N3C(=O)CC(SCCOCCSC4CC(=O)N(c5ccc(C(=O)Oc6ccc(C([*])(C)C)cc6)cc5)C4=O)C3=O)cc2)cc1,0.5081967213114754,464,[*]c1ccc(OC(=O)c2ccc(C(=O)c3ccc(C(=O)Oc4ccc(C([*])(C)C)cc4)cc3)cc2)cc1,medium
5063,[*]Oc1ccc(Oc2ccc(Oc3ccc4c(c3)C(=O)N(c3ccc(Oc5ccc(Oc6ccc(N7C(=O)c8ccc([*])cc8C7=O)cc6)cc5)cc3)C4=O)cc2)cc1,59,67,5063,476.15,data/graphs_tg2/batch_5/5063.npz,[*]Oc1ccc(Oc2ccc(Oc3ccc4c(c3)C(=O)N(c3ccc(Oc5ccc(Oc6ccc(N7C(=O)c8ccc([*])cc8C7=O)cc6)cc5)cc3)C4=O)cc2)cc1,1.0,3011,[*]Oc1ccc(Oc2ccc(Oc3ccc4c(c3)C(=O)N(c3ccc(Oc5ccc(N6C(=O)c7ccc([*])cc7C6=O)cc5)cc3)C4=O)cc2)cc1,high
84,[*]=Cc1ccc(/C=C(\c2ccccc2)c2ccc(-c3ccc(C(=[*])c4ccccc4)cc3)cc2)cc1,36,40,84,493.15,data/graphs_tg2/batch_0/84.npz,[*]=Cc1ccc(/C=C(\c2ccccc2)c2ccc(-c3ccc(C(=[*])c4ccccc4)cc3)cc2)cc1,0.46153846153846156,2535,[*]=Cc1ccc(C(=[*])c2ccc(C(F)(F)F)cc2)cc1,low
1871,[*]CC([*])c1c(F)c(F)c(P(=O)(O)O)c(F)c1F,18,18,1871,603.15,data/graphs_tg2/batch_1/1871.npz,[*]CC([*])c1c(F)c(F)c(P(=O)(O)O)c(F)c1F,0.48484848484848486,2119,[*]CC([*])c1c(F)c(F)c(C(F)(F)F)c(F)c1F,low
5024,[*]Oc1ccc(OC(=O)c2ccc3c(c2)C(=O)N(c2ccc(Oc4ccc(N5C(=O)c6ccc(C([*])=O)cc6C5=O)cc4)cc2)C3=O)cc1,49,55,5024,543.15,data/graphs_tg2/batch_5/5024.npz,[*]Oc1ccc(OC(=O)c2ccc3c(c2)C(=O)N(c2ccc(Oc4ccc(N5C(=O)c6ccc(C([*])=O)cc6C5=O)cc4)cc2)C3=O)cc1,1.0,1734,[*]Oc1ccc(OC(=O)c2ccc3c(c2)C(=O)N(c2ccc(Oc4ccc(Oc5ccc(N6C(=O)c7ccc(C([*])=O)cc7C6=O)cc5)cc4)cc2)C3=O)cc1,high
45,[*]/C=C/[*],4,3,45,269.15,data/graphs_tg2/batch_0/45.npz,[*]/C=C/[*],0.2857142857142857,98,[*]C=CC([*])(C)C,low
2702,[*]CCP(=O)(CCC(=O)NCCCCCCNC([*])=O)c1ccccc1,26,26,2702,302.15,data/graphs_tg2/batch_2/2702.npz,[*]CCP(=O)(CCC(=O)NCCCCCCNC([*])=O)c1ccccc1,0.7391304347826086,1095,[*]CCCCC(=O)NCCCP(=O)(CCCNC([*])=O)c1ccccc1,medium
2942,[*]COc1ccc(N2C(=O)c3ccc(C(c4ccc5c(c4)C(=O)N(c4ccc(OC([*])CCC)cc4)C5=O)(C(F)(F)F)C(F)(F)F)cc3C2=O)cc1,52,57,2942,477.15,data/graphs_tg2/batch_2/2942.npz,[*]COc1ccc(N2C(=O)c3ccc(C(c4ccc5c(c4)C(=O)N(c4ccc(OC([*])CCC)cc4)C5=O)(C(F)(F)F)C(F)(F)F)cc3C2=O)cc1,0.7894736842105263,2827,[*]COc1ccc(N2C(=O)c3ccc(C(c4ccc5c(c4)C(=O)N(c4ccc(OC([*])C)cc4)C5=O)(C(F)(F)F)C(F)(F)F)cc3C2=O)cc1,medium
1235,[*]CC([*])(C)C(=O)OCC(F)(F)C(F)(F)C(F)(F)C(F)(F)C(F)(F)C(F)F,27,26,1235,285.65,data/graphs_tg2/batch_1/1235.npz,[*]CC([*])(C)C(=O)OCC(F)(F)C(F)(F)C(F)(F)C(F)(F)C(F)(F)C(F)F,0.65,2009,[*]CC([*])(F)C(=O)OCC(F)(F)C(F)(F)C(F)(F)C(F)F,medium
1857,[*]CC([*])P(=O)(OCC)N(C)C,12,11,1857,305.15,data/graphs_tg2/batch_1/1857.npz,[*]CC([*])P(=O)(OCC)N(C)C,0.5277777777777778,2394,[*]CC([*])P(=O)(Oc1ccccc1)N(C)C,medium
6299,[*]c1ccc(Oc2ccc(-c3ccc(Oc4ccc(C([*])(C)C)cc4)cc3)cc2)cc1,31,34,6299,427.15,data/graphs_tg2/batch_6/6299.npz,[*]c1ccc(Oc2ccc(-c3ccc(Oc4ccc(C([*])(C)C)cc4)cc3)cc2)cc1,1.0,2580,[*]c1ccc(Oc2ccc(-c3ccc(-c4ccc(Oc5ccc(C([*])(C)C)cc5)cc4)cc3)cc2)cc1,high
5009,[*]Oc1ccc(OC(=O)c2ccc(N3C(=O)CC(SCCOCCSC4CC(=O)N(c5ccc(C([*])=O)cc5)C4=O)C3=O)cc2)cc1,47,51,5009,439.15,data/graphs_tg2/batch_5/5009.npz,[*]Oc1ccc(OC(=O)c2ccc(N3C(=O)CC(SCCOCCSC4CC(=O)N(c5ccc(C([*])=O)cc5)C4=O)C3=O)cc2)cc1,0.4918032786885246,2944,[*]Oc1ccc(OCCCCCCCCCCOc2ccc(OC(=O)c3ccc(OCCOCCOCCOc4ccc(C([*])=O)cc4)cc3)cc2)cc1,low
1252,[*]CC([*])(C)C(=O)OCC1COCCOCCOCCOCCOC1,25,25,1252,304.15,data/graphs_tg2/batch_1/1252.npz,[*]CC([*])(C)C(=O)OCC1COCCOCCOCCOCCOC1,0.725,1477,[*]CC([*])(C)C(=O)OCC1COCCOCCOCCO1,medium
555,[*]C(=O)c1ccc2c(c1)C(=O)N(c1ccc(Cc3cccc(N4C(=O)c5ccc([*])cc5C4=O)c3)cc1)C2=O,39,44,555,554.15,data/graphs_tg2/batch_0/555.npz,[*]C(=O)c1ccc2c(c1)C(=O)N(c1ccc(Cc3cccc(N4C(=O)c5ccc([*])cc5C4=O)c3)cc1)C2=O,1.0,3589,[*]C(=O)c1ccc2c(c1)C(=O)N(c1ccc(Cc3ccc(Cc4cccc(N5C(=O)c6ccc([*])cc6C5=O)c4)cc3)cc1)C2=O,high
4851,[*]Oc1ccc(C(=O)c2ccc(Oc3ccc([*])cc3-c3cc(C)cc(C)c3)cc2)cc1,32,35,4851,435.15,data/graphs_tg2/batch_4/4851.npz,[*]Oc1ccc(C(=O)c2ccc(Oc3ccc([*])cc3-c3cc(C)cc(C)c3)cc2)cc1,0.8085106382978723,4421,[*]Oc1ccc(C(=O)c2ccc(C(=O)c3ccc(Oc4ccc([*])cc4-c4cccc(C)c4)cc3)cc2)cc1,high
3302,[*]N=P([*])(Oc1ccccc1)Oc1ccccc1,18,19,3302,265.15,data/graphs_tg2/batch_3/3302.npz,[*]N=P([*])(Oc1ccccc1)Oc1ccccc1,0.7692307692307693,209,[*]N=P([*])(Oc1ccc(-c2ccccc2)cc1)Oc1ccc(-c2ccccc2)cc1,medium
7208,[*]C(=O)c1ccc(N2C(=O)c3ccc(C(=O)c4ccc5c(c4)C(=O)N(c4ccc([*])cc4)C5=O)cc3C2=O)cc1,40,45,7208,566.15,data/graphs_tg2/batch_7/7208.npz,[*]C(=O)c1ccc(N2C(=O)c3ccc(C(=O)c4ccc5c(c4)C(=O)N(c4ccc([*])cc4)C5=O)cc3C2=O)cc1,0.9722222222222222,3623,[*]C(=O)c1ccc(N2C(=O)c3ccc(C(=O)c4ccc5c(c4)C(=O)N(c4ccc(C(=O)c6ccc([*])cc6)cc4)C5=O)cc3C2=O)cc1,high
5339,[*]Sc1ccc(Sc2ccc(Sc3ccc4c(c3)C(=O)N(c3ccc(Sc5ccc(Sc6ccc(Sc7ccc(N8C(=O)c9ccc([*])cc9C8=O)cc7)cc6)cc5)cc3)C4=O)cc2)cc1,66,75,5339,449.6,data/graphs_tg2/batch_5/5339.npz,[*]Sc1ccc(Sc2ccc(Sc3ccc4c(c3)C(=O)N(c3ccc(Sc5ccc(Sc6ccc(Sc7ccc(N8C(=O)c9ccc([*])cc9C8=O)cc7)cc6)cc5)cc3)C4=O)cc2)cc1,1.0,1509,[*]Sc1ccc(Sc2ccc(Sc3ccc4c(c3)C(=O)N(c3ccc(Sc5ccc(Sc6ccc(N7C(=O)c8ccc([*])cc8C7=O)cc6)cc5)cc3)C4=O)cc2)cc1,high
691,[*]C(=O)c1cccc(N2C(=O)c3ccc(C(=O)c4ccc5c(c4)C(=O)N(c4ccc(N([*])C)cc4)C5=O)cc3C2=O)c1,42,47,691,533.65,data/graphs_tg2/batch_0/691.npz,[*]C(=O)c1cccc(N2C(=O)c3ccc(C(=O)c4ccc5c(c4)C(=O)N(c4ccc(N([*])C)cc4)C5=O)cc3C2=O)c1,0.8297872340425532,5763,[*]C(=O)c1ccc(N2C(=O)c3ccc(C(=O)c4ccc5c(c4)C(=O)N(c4ccc(N([*])C)cc4)C5=O)cc3C2=O)cc1,high
1369,[*]CC([*])(C)C(=O)OCCCCOc1ccc(OC(=O)c2ccc(-c3ccc(OC)cc3)cc2)cc1,36,38,1369,350.15,data/graphs_tg2/batch_1/1369.npz,[*]CC([*])(C)C(=O)OCCCCOc1ccc(OC(=O)c2ccc(-c3ccc(OC)cc3)cc2)cc1,0.9787234042553191,213,[*]CC([*])(C)C(=O)OCCCCCCOc1ccc(OC(=O)c2ccc(-c3ccc(OC)cc3)cc2)cc1,high
2999,[*]Cc1cc(C)c(NC(=O)c2ccc3c(c2)C(=O)N(c2ccc(/N=N/c4ccc(OC(F)(F)F)cc4)c(N4C(=O)c5ccc(C(=O)Nc6c(C)cc([*])cc6C)cc5C4=O)c2)C3=O)c(C)c1,66,73,2999,551.15,data/graphs_tg2/batch_2/2999.npz,[*]Cc1cc(C)c(NC(=O)c2ccc3c(c2)C(=O)N(c2ccc(/N=N/c4ccc(OC(F)(F)F)cc4)c(N4C(=O)c5ccc(C(=O)Nc6c(C)cc([*])cc6C)cc5C4=O)c2)C3=O)c(C)c1,0.8108108108108109,4816,[*]Cc1cc(C)c(NC(=O)c2ccc3c(c2)C(=O)N(c2ccc(/N=N/c4ccc(F)cc4)c(N4C(=O)c5ccc(C(=O)Nc6c(C)cc([*])cc6C)cc5C4=O)c2)C3=O)c(C)c1,high
5204,[*]Oc1ccc2cc(C([*])=O)ccc2c1,15,16,5204,420.15,data/graphs_tg2/batch_5/5204.npz,[*]Oc1ccc2cc(C([*])=O)ccc2c1,0.6666666666666666,3811,[*]Oc1ccc(C([*])=O)cc1,medium
817,[*]C1C2CC(C1[*])C([Si](C)(C)C)C2,13,14,817,576.15,data/graphs_tg2/batch_0/817.npz,[*]C1C2CC(C1[*])C([Si](C)(C)C)C2,0.3235294117647059,3372,[*]C=CC1CC([*])CC1[Si](C)(C)C,low
3845,[*]Nc1ccc(Oc2ccc(-c3nnc(-c4ccc(Oc5ccc(NC(=O)c6ccc(C([*])=O)cc6Oc6ccccc6)cc5)cc4)o3)cc2)cc1,52,58,3845,518.15,data/graphs_tg2/batch_3/3845.npz,[*]Nc1ccc(Oc2ccc(-c3nnc(-c4ccc(Oc5ccc(NC(=O)c6ccc(C([*])=O)cc6Oc6ccccc6)cc5)cc4)o3)cc2)cc1,0.9622641509433962,3060,[*]Nc1ccc(-c2nnc(-c3ccc(NC(=O)c4ccc(C([*])=O)cc4Oc4ccccc4)cc3)o2)cc1,high
3045,[*]Cc1ccc(C)c(N2C(=O)c3cccc(Sc4cccc5c4C(=O)N(c4ccc([*])cc4C)C5=O)c3C2=O)c1,40,45,3045,547.15,data/graphs_tg2/batch_3/3045.npz,[*]Cc1ccc(C)c(N2C(=O)c3cccc(Sc4cccc5c4C(=O)N(c4ccc([*])cc4C)C5=O)c3C2=O)c1,0.7931034482758621,795,[*]Cc1ccc(N2C(=O)c3cccc(Sc4ccc5c(c4)C(=O)N(c4cc([*])ccc4C)C5=O)c3C2=O)c(C)c1,medium
920,[*]C=CC1CC([*])C(C(=O)OC)C1C(=O)OC,17,17,920,350.45,data/graphs_tg2/batch_0/920.npz,[*]C=CC1CC([*])C(C(=O)OC)C1C(=O)OC,0.5853658536585366,2821,[*]C=CC1CC([*])C(C(=O)Oc2ccccc2)C1C(=O)Oc1ccccc1,medium
7276,[*]CC([*])c1ccc(C)c(C)c1,12,12,7276,384.0,data/graphs_tg2/batch_7/7276.npz,[*]CC([*])c1ccc(C)c(C)c1,0.6896551724137931,1596,[*]CC([*])c1ccc(Cl)c(C)c1,medium
5038,[*]Oc1ccc(O[Si]([*])(C)C)cc1,13,13,5038,363.15,data/graphs_tg2/batch_5/5038.npz,[*]Oc1ccc(O[Si]([*])(C)C)cc1,0.6206896551724138,666,[*]Oc1ccc(-c2ccc(O[Si](C)(C)O[Si]([*])(C)C)cc2)cc1,medium
3866,[*]Nc1ccc(Oc2ccc(C3(c4ccc(Oc5ccc(NC(=O)c6ccc(C([*])=O)cc6)cc5)cc4)C4CC5CC(C4)CC3C5)cc2)cc1,50,57,3866,537.15,data/graphs_tg2/batch_3/3866.npz,[*]Nc1ccc(Oc2ccc(C3(c4ccc(Oc5ccc(NC(=O)c6ccc(C([*])=O)cc6)cc5)cc4)C4CC5CC(C4)CC3C5)cc2)cc1,1.0,2371,[*]Nc1ccc(Oc2ccc(C3(c4ccc(Oc5ccc(NC(=O)c6ccc(Oc7ccc(C([*])=O)cc7)cc6)cc5)cc4)C4CC5CC(C4)CC3C5)cc2)cc1,high
5571,[*]c1cc(CCCCCCOC(=O)COC)c([*])s1,19,19,5571,310.15,data/graphs_tg2/batch_5/5571.npz,[*]c1cc(CCCCCCOC(=O)COC)c([*])s1,0.6875,2890,[*]c1cc(CCCCCCOC(=O)COc2ccccc2)c([*])s1,medium
4208,[*]OC(=O)c1cccc(C(=O)Oc2cc([*])cc(CCC)c2)c1,23,24,4208,402.15,data/graphs_tg2/batch_4/4208.npz,[*]OC(=O)c1cccc(C(=O)Oc2cc([*])cc(CCC)c2)c1,0.8636363636363636,3188,[*]OC(=O)c1cccc(C(=O)Oc2cc([*])cc(CCCC)c2)c1,high
365,[*]C(=O)c1ccc(-c2ccc(C(=O)c3ccc(Oc4ccc(-c5nc(-c6cccc(-c7nc(-c8ccc(Oc9ccc([*])cc9)cc8)c(-c8ccccc8)[nH]7)c6)[nH]c5-c5ccccc5)cc4)cc3)cc2)cc1,72,82,365,549.15,data/graphs_tg2/batch_0/365.npz,[*]C(=O)c1ccc(-c2ccc(C(=O)c3ccc(Oc4ccc(-c5nc(-c6cccc(-c7nc(-c8ccc(Oc9ccc([*])cc9)cc8)c(-c8ccccc8)[nH]7)c6)[nH]c5-c5ccccc5)cc4)cc3)cc2)cc1,0.9803921568627451,1060,[*]C(=O)c1ccc(C(=O)c2ccc(Oc3ccc(-c4nc(-c5cccc(-c6nc(-c7ccc(Oc8ccc([*])cc8)cc7)c(-c7ccccc7)[nH]6)c5)[nH]c4-c4ccccc4)cc3)cc2)cc1,high
6528,[*]c1ccc(Oc2ccc(Oc3ccc(-c4nnc([*])c5c(-c6ccc(F)cc6)c(-c6ccc(F)cc6)c(-c6ccc(F)cc6)c(-c6ccc(F)cc6)c45)cc3)cc2)cc1,60,68,6528,582.15,data/graphs_tg2/batch_6/6528.npz,[*]c1ccc(Oc2ccc(Oc3ccc(-c4nnc([*])c5c(-c6ccc(F)cc6)c(-c6ccc(F)cc6)c(-c6ccc(F)cc6)c(-c6ccc(F)cc6)c45)cc3)cc2)cc1,0.9736842105263158,2857,[*]c1ccc(Oc2ccc(-c3ccc(Oc4ccc(-c5nnc([*])c6c(-c7ccc(F)cc7)c(-c7ccc(F)cc7)c(-c7ccc(F)cc7)c(-c7ccc(F)cc7)c56)cc4)cc3)cc2)cc1,high
3410,[*]NC(=O)c1cccc(C(=O)Nc2cc([*])cc(C(=O)Oc3ccc(Oc4ccc(C#N)c(C#N)c4)cc3)c2)c1,40,43,3410,578.15,data/graphs_tg2/batch_3/3410.npz,[*]NC(=O)c1cccc(C(=O)Nc2cc([*])cc(C(=O)Oc3ccc(Oc4ccc(C#N)c(C#N)c4)cc3)c2)c1,0.4782608695652174,4565,[*]C(=O)Nc1ccc(Oc2cccc(Oc3ccc(NC(=O)c4cc([*])cc(NC(=O)c5ccc(OC(C)=O)cc5)c4)cc3)c2)cc1,low
2501,[*]CCCCCCN1C(=O)C(=O)N([*])C1=O,16,16,2501,328.15,data/graphs_tg2/batch_2/2501.npz,[*]CCCCCCN1C(=O)C(=O)N([*])C1=O,0.5,5515,[*]c1cccc(N2C(=O)C(=O)N(CCCCCCN3C(=O)C(=O)N([*])C3=O)C2=O)n1,medium
348,[*]C(=O)c1c(C(=O)c2ccc(Oc3ccc(C4(c5ccc(Oc6ccc([*])cc6)cc5)c5ccccc5-c5ccccc54)cc3)cc2)c(-c2ccc(F)cc2)c(-c2ccc(F)cc2)c(-c2ccc(F)cc2)c1-c1ccc(F)cc1,79,90,348,566.15,data/graphs_tg2/batch_0/348.npz,[*]C(=O)c1c(C(=O)c2ccc(Oc3ccc(C4(c5ccc(Oc6ccc([*])cc6)cc5)c5ccccc5-c5ccccc54)cc3)cc2)c(-c2ccc(F)cc2)c(-c2ccc(F)cc2)c(-c2ccc(F)cc2)c1-c1ccc(F)cc1,0.7704918032786885,5413,[*]C(=O)c1c(C(=O)c2ccc(Oc3ccc(C4(c5ccc(Oc6ccc([*])cc6)cc5)c5ccccc5-c5ccccc54)cc3)cc2)c(-c2ccccc2)c(-c2ccc3ccccc3c2)c(-c2ccc3ccccc3c2)c1-c1ccccc1,medium
2541,[*]CCCN([*])C(=O)CCCCC,13,12,2541,257.15,data/graphs_tg2/batch_2/2541.npz,[*]CCCN([*])C(=O)CCCCC,0.8214285714285714,5875,[*]CCN([*])C(=O)CCCCC,high
5400,[*]c1cc(-n2c(=O)c3cc4c(=O)n([*])c(=O)c4cc3c2=O)ccc1Oc1ccc(C(C)(C)c2ccccc2)cc1,40,45,5400,613.15,data/graphs_tg2/batch_5/5400.npz,[*]c1cc(-n2c(=O)c3cc4c(=O)n([*])c(=O)c4cc3c2=O)ccc1Oc1ccc(C(C)(C)c2ccccc2)cc1,0.6470588235294118,1467,[*]c1ccccc1Oc1ccc(-n2c(=O)c3cc4c(=O)n([*])c(=O)c4cc3c2=O)cc1,medium
135,[*]=NP(Cl)(Cl)=NP(Cl)(Cl)=NS(=[*])(=O)F,14,13,135,217.15,data/graphs_tg2/batch_0/135.npz,[*]=NP(Cl)(Cl)=NP(Cl)(Cl)=NS(=[*])(=O)F,0.3870967741935484,4750,[*]=NP(Cl)(Cl)=NP(Cl)(Cl)=NC(=[*])Cl,low
4891,[*]Oc1ccc(C2(c3ccc(OC(=O)c4ccc(C([*])=O)cc4)cc3)CCC3CCCCC3C2)cc1,36,40,4891,548.15,data/graphs_tg2/batch_4/4891.npz,[*]Oc1ccc(C2(c3ccc(OC(=O)c4ccc(C([*])=O)cc4)cc3)CCC3CCCCC3C2)cc1,0.68,4358,[*]Oc1ccc(C2(c3ccc(OC(=O)c4ccc(C([*])=O)cc4)cc3)CCCCC2)cc1,medium
1624,[*]CC([*])C(=O)OCC(F)(F)C(F)(F)C(F)(F)F,18,17,1624,243.15,data/graphs_tg2/batch_1/1624.npz,[*]CC([*])C(=O)OCC(F)(F)C(F)(F)C(F)(F)F,0.896551724137931,3178,[*]CC([*])C(=O)OCC(F)(F)C(F)(F)C(F)(F)C(F)(F)F,high
4343,[*]OCCCCCCCCCCOc1ccc(/N=C/c2ccc(/C=N/c3ccc([*])cc3C)cc2)c(C)c1,38,40,4343,350.75,data/graphs_tg2/batch_4/4343.npz,[*]OCCCCCCCCCCOc1ccc(/N=C/c2ccc(/C=N/c3ccc([*])cc3C)cc2)c(C)c1,0.5106382978723404,2317,[*]OCCCCCCOc1ccc(/C=C/c2ccc([*])cc2)cc1,medium
3141,[*]Cc1ccc(OC(=O)COCC(=O)Oc2ccc(CCC(=O)NC([*])C(=O)OCC)cc2)cc1,35,36,3141,352.15,data/graphs_tg2/batch_3/3141.npz,[*]Cc1ccc(OC(=O)COCC(=O)Oc2ccc(CCC(=O)NC([*])C(=O)OCC)cc2)cc1,0.92,4653,[*]Cc1ccc(OC(=O)COCCOCC(=O)Oc2ccc(CCC(=O)NC([*])C(=O)OCC)cc2)cc1,high
5241,[*]Oc1ccc2nc(-c3ccccc3)c(-c3ccc(Oc4ccc(-c5nc6cc([*])ccc6nc5-c5ccccc5)cc4)cc3)nc2c1,48,55,5241,536.15,data/graphs_tg2/batch_5/5241.npz,[*]Oc1ccc2nc(-c3ccccc3)c(-c3ccc(Oc4ccc(-c5nc6cc([*])ccc6nc5-c5ccccc5)cc4)cc3)nc2c1,1.0,582,[*]Oc1ccc2nc(-c3ccc(Oc4ccc(-c5nc6ccc([*])cc6nc5-c5ccccc5)cc4)cc3)c(-c3ccccc3)nc2c1,high
6939,[*]c1ccc2nc(-c3ccc(-c4cnc5cc(S([*])(=O)=O)ccc5n4)cc3)cnc2c1,31,35,6939,615.15,data/graphs_tg2/batch_6/6939.npz,[*]c1ccc2nc(-c3ccc(-c4cnc5cc(S([*])(=O)=O)ccc5n4)cc3)cnc2c1,0.8947368421052632,2777,[*]c1ccc2ncc(-c3ccc(-c4cnc5ccc(S([*])(=O)=O)cc5n4)cc3)nc2c1,high
6863,[*]c1ccc2c(c1)C(=O)N(c1cccc(C(c3ccccc3)(c3cccc(N4C(=O)c5ccc(C([*])(C(F)(F)F)C(F)(F)F)cc5C4=O)c3)C(F)(F)F)c1)C2=O,56,62,6863,578.15,data/graphs_tg2/batch_6/6863.npz,[*]c1ccc2c(c1)C(=O)N(c1cccc(C(c3ccccc3)(c3cccc(N4C(=O)c5ccc(C([*])(C(F)(F)F)C(F)(F)F)cc5C4=O)c3)C(F)(F)F)c1)C2=O,0.8541666666666666,3692,[*]c1ccc2c(c1)C(=O)N(c1ccc(C(c3ccccc3)(c3ccc(N4C(=O)c5ccc(C([*])(C(F)(F)F)C(F)(F)F)cc5C4=O)cc3)C(F)(F)F)cc1)C2=O,high
502,[*]C(=O)c1ccc(Oc2cccc(Cc3cccc(Oc4ccc(C(=O)c5ccc(Oc6ccc([*])cc6)cc5)cc4)c3)c2)cc1,46,51,502,396.15,data/graphs_tg2/batch_0/502.npz,[*]C(=O)c1ccc(Oc2cccc(Cc3cccc(Oc4ccc(C(=O)c5ccc(Oc6ccc([*])cc6)cc5)cc4)c3)c2)cc1,1.0,4208,[*]C(=O)c1ccc(C(=O)c2ccc(Oc3cccc(Cc4cccc(Oc5ccc([*])cc5)c4)c3)cc2)cc1,high
4881,[*]Oc1ccc(C(c2ccc(Oc3cccc4c3C(=O)N(c3ccc(Oc5ccc(N6C(=O)c7cccc([*])c7C6=O)cc5)cc3)C4=O)cc2)(C(F)(F)F)C(F)(F)F)cc1,60,67,4881,499.15,data/graphs_tg2/batch_4/4881.npz,[*]Oc1ccc(C(c2ccc(Oc3cccc4c3C(=O)N(c3ccc(Oc5ccc(N6C(=O)c7cccc([*])c7C6=O)cc5)cc3)C4=O)cc2)(C(F)(F)F)C(F)(F)F)cc1,0.9444444444444444,4876,[*]Oc1ccc(C(c2ccc(Oc3cccc4c3C(=O)N(c3ccc(Oc5ccc(-c6ccc(Oc7ccc(N8C(=O)c9cccc([*])c9C8=O)cc7)cc6)cc5)cc3)C4=O)cc2)(C(F)(F)F)C(F)(F)F)cc1,high
4147,[*]OC(=O)CCCC(=O)Oc1cc(OC(=O)c2ccc(OCCCCCCCCCCCC)cc2)c([*])cc1OC(=O)c1ccc(OCCCCCCCCCCCC)cc1,61,63,4147,296.15,data/graphs_tg2/batch_4/4147.npz,[*]OC(=O)CCCC(=O)Oc1cc(OC(=O)c2ccc(OCCCCCCCCCCCC)cc2)c([*])cc1OC(=O)c1ccc(OCCCCCCCCCCCC)cc1,0.9795918367346939,4774,[*]OC(=O)CCCC(=O)Oc1cc(OC(=O)c2ccc(OCCCCC)cc2)c([*])cc1OC(=O)c1ccc(OCCCCC)cc1,high
1859,[*]CC([*])P(=O)(c1ccccc1)c1ccccc1,18,19,1859,400.65,data/graphs_tg2/batch_1/1859.npz,[*]CC([*])P(=O)(c1ccccc1)c1ccccc1,0.4444444444444444,2394,[*]CC([*])P(=O)(Oc1ccccc1)N(C)C,low
6050,[*]c1ccc(OC(=O)OCCCCOC(=O)Oc2ccc(C([*])(C)C)cc2)cc1,29,30,6050,329.65,data/graphs_tg2/batch_6/6050.npz,[*]c1ccc(OC(=O)OCCCCOC(=O)Oc2ccc(C([*])(C)C)cc2)cc1,0.9722222222222222,3191,[*]c1ccc(OC(=O)OCCCCCOC(=O)Oc2ccc(C([*])(C)C)cc2)cc1,high
1638,[*]CC([*])C(=O)OCCCCC,12,11,1638,216.15,data/graphs_tg2/batch_1/1638.npz,[*]CC([*])C(=O)OCCCCC,0.9615384615384616,2757,[*]CC([*])C(=O)OCCCCCCC,high
3945,[*]Nc1ccc(Oc2ccc(Oc3ccc(NC(=O)c4ccc(Oc5ccc6ccc(Oc7ccc(C([*])=O)cc7)cc6c5)cc4)cc3)cc2)cc1,52,58,3945,464.15,data/graphs_tg2/batch_3/3945.npz,[*]Nc1ccc(Oc2ccc(Oc3ccc(NC(=O)c4ccc(Oc5ccc6ccc(Oc7ccc(C([*])=O)cc7)cc6c5)cc4)cc3)cc2)cc1,0.8478260869565217,34,[*]Nc1ccc(Oc2ccc(S(=O)(=O)c3ccc(Oc4ccc(NC(=O)c5ccc(Oc6ccc7ccc(Oc8ccc(C([*])=O)cc8)cc7c6)cc5)cc4)cc3)cc2)cc1,high
1060,[*]CC(=O)Nc1ccc(-c2ccc(NC(=O)Cc3cc([*])c(C)cc3C)cc2)cc1,30,32,1060,503.15,data/graphs_tg2/batch_1/1060.npz,[*]CC(=O)Nc1ccc(-c2ccc(NC(=O)Cc3cc([*])c(C)cc3C)cc2)cc1,0.9210526315789473,4571,[*]CC(=O)Nc1ccc(NC(=O)Cc2cc([*])c(C)cc2C)cc1,high
3872,[*]Nc1ccc(Oc2ccc(C3(c4ccc(Oc5ccc(NC(=O)c6ccc7c(c6)C(=O)N(c6ccc(Cc8ccc(N9C(=O)c%10ccc(C([*])=O)cc%10C9=O)cc8)cc6)C7=O)cc5)cc4)NC(=O)c4ccccc43)cc2)cc1,79,90,3872,575.15,data/graphs_tg2/batch_3/3872.npz,[*]Nc1ccc(Oc2ccc(C3(c4ccc(Oc5ccc(NC(=O)c6ccc7c(c6)C(=O)N(c6ccc(Cc8ccc(N9C(=O)c%10ccc(C([*])=O)cc%10C9=O)cc8)cc6)C7=O)cc5)cc4)NC(=O)c4ccccc43)cc2)cc1,0.9154929577464789,886,[*]Nc1ccc(Oc2ccc(C3(c4ccc(Oc5ccc(NC(=O)c6ccc7c(c6)C(=O)N(c6ccc(Oc8ccc(C9(c%10ccc(Oc%11ccc(N%12C(=O)c%13ccc(C([*])=O)cc%13C%12=O)cc%11)cc%10)NC(=O)c%10ccccc%109)cc8)cc6)C7=O)cc5)cc4)NC(=O)c4ccccc43)cc2)cc1,high
4070,[*]Nc1cccc(N2C(=O)CC(N3C(=O)c4ccc(C([*])=O)cc4C3=O)C2=O)c1,29,32,4070,403.15,data/graphs_tg2/batch_4/4070.npz,[*]Nc1cccc(N2C(=O)CC(N3C(=O)c4ccc(C([*])=O)cc4C3=O)C2=O)c1,0.7962962962962963,1065,[*]Nc1ccc(N2C(=O)CC(N3C(=O)c4ccc(C([*])=O)cc4C3=O)C2=O)cc1,medium
6773,[*]c1ccc2c(c1)C(=O)N(c1ccc(OCC(F)(F)C(F)(F)C(F)(F)F)c(N3C(=O)c4ccc(C([*])(C(F)(F)F)C(F)(F)F)cc4C3=O)c1)C2=O,51,55,6773,539.15,data/graphs_tg2/batch_6/6773.npz,[*]c1ccc2c(c1)C(=O)N(c1ccc(OCC(F)(F)C(F)(F)C(F)(F)F)c(N3C(=O)c4ccc(C([*])(C(F)(F)F)C(F)(F)F)cc4C3=O)c1)C2=O,0.9298245614035088,1421,[*]c1ccc2c(c1)C(=O)N(c1ccc(OCC(F)(F)C(F)(F)C(F)(F)C(F)(F)C(F)(F)C(F)(F)C(F)(F)F)c(N3C(=O)c4ccc(C([*])(C(F)(F)F)C(F)(F)F)cc4C3=O)c1)C2=O,high
3813,[*]Nc1ccc(NC(=O)c2ccc3c(c2)C(=O)N(c2ccc(C([*])=O)cc2)C3=O)cc1,31,34,3813,570.65,data/graphs_tg2/batch_3/3813.npz,[*]Nc1ccc(NC(=O)c2ccc3c(c2)C(=O)N(c2ccc(C([*])=O)cc2)C3=O)cc1,0.8837209302325582,2662,[*]Nc1ccc(N2C(=O)c3ccc(C(=O)Nc4ccc(NC(=O)c5ccc6c(c5)C(=O)N(c5ccc(NC([*])=O)cc5)C6=O)cc4)cc3C2=O)cc1,high
2462,[*]CCCCCCCCCCCCCCCCCCCCC(=O)NCCCCCCCCNC([*])=O,36,35,2462,321.15,data/graphs_tg2/batch_2/2462.npz,[*]CCCCCCCCCCCCCCCCCCCCC(=O)NCCCCCCCCNC([*])=O,1.0,124,[*]CCCCCCCC(=O)NCCCCCCNC([*])=O,high
4169,[*]OC(=O)Oc1ccc(Sc2ccc(OC(=O)OC3C(C)(C)C([*])C3(C)C)cc2)cc1,31,33,4169,380.15,data/graphs_tg2/batch_4/4169.npz,[*]OC(=O)Oc1ccc(Sc2ccc(OC(=O)OC3C(C)(C)C([*])C3(C)C)cc2)cc1,0.775,4333,[*]OC(=O)Oc1ccc(-c2ccc(OC(=O)OC3C(C)(C)C([*])C3(C)C)cc2)cc1,medium
5119,[*]Oc1ccc(Sc2ccc(Oc3ccc4c(=O)n5c6cc(-c7ccc8c(c7)nc7c9ccc([*])c%10cccc(c(=O)n87)c%109)ccc6nc5c5cccc3c45)cc2)cc1,59,70,5119,659.15,data/graphs_tg2/batch_5/5119.npz,[*]Oc1ccc(Sc2ccc(Oc3ccc4c(=O)n5c6cc(-c7ccc8c(c7)nc7c9ccc([*])c%10cccc(c(=O)n87)c%109)ccc6nc5c5cccc3c45)cc2)cc1,0.8208955223880597,981,[*]Oc1cccc(Oc2ccc3c4c2cccc4c(=O)n2c4ccc(-c5ccc6nc7c8cccc9c([*])ccc(c(=O)n7c6c5)c98)cc4nc32)c1,high
905,[*]C=CC(C(=O)OCCCN(C)c1ccc(N(C)C)cc1)C([*])C,24,24,905,284.65,data/graphs_tg2/batch_0/905.npz,[*]C=CC(C(=O)OCCCN(C)c1ccc(N(C)C)cc1)C([*])C,0.8636363636363636,3044,[*]C=CC(C(=O)OCCN(C)c1ccc(N(C)C)cc1)C([*])C,high
3118,[*]Cc1ccc(OC(=O)CCCCCCC(=O)Oc2ccc(CCC(=O)NC([*])C(=O)OCCCCCCCC)cc2)cc1,44,45,3118,295.15,data/graphs_tg2/batch_3/3118.npz,[*]Cc1ccc(OC(=O)CCCCCCC(=O)Oc2ccc(CCC(=O)NC([*])C(=O)OCCCCCCCC)cc2)cc1,1.0,532,[*]Cc1ccc(OC(=O)CCCCCCCCC(=O)Oc2ccc(CCC(=O)NC([*])C(=O)OCCCCCCCC)cc2)cc1,high
3260,[*]N=P([*])(OCCOCCOCCOCCOC)OCCOCCOCCOCCOC,32,31,3260,193.15,data/graphs_tg2/batch_3/3260.npz,[*]N=P([*])(OCCOCCOCCOCCOC)OCCOCCOCCOCCOC,1.0,684,[*]N=P([*])(OCCOCCOC)OCCOCCOC,high
2112,[*]CC=CC[Si]([*])(C)CCCOc1ccccc1,18,18,2112,243.15,data/graphs_tg2/batch_2/2112.npz,[*]CC=CC[Si]([*])(C)CCCOc1ccccc1,0.868421052631579,3985,[*]CC=CC[Si]([*])(C)CCCOc1ccc(-c2ccccc2)cc1,high
5792,[*]c1ccc(-n2c(=O)c3cc4c(=O)n(-c5ccc(-c6cc(-c7ccc(OCCCC#N)cc7)cc([*])n6)cc5)c(=O)c4cc3c2=O)cc1,48,54,5792,618.15,data/graphs_tg2/batch_5/5792.npz,[*]c1ccc(-n2c(=O)c3cc4c(=O)n(-c5ccc(-c6cc(-c7ccc(OCCCC#N)cc7)cc([*])n6)cc5)c(=O)c4cc3c2=O)cc1,0.703125,3677,[*]c1ccc(N2C(=O)c3ccc(-c4ccc5c(c4)C(=O)N(c4ccc(-c6cc(-c7ccc(OCCCC#N)cc7)cc([*])n6)cc4)C5=O)cc3C2=O)cc1,medium
1893,[*]CC([*])c1cc(C(F)(F)F)cc(C(F)(F)F)c1,18,18,1893,389.15,data/graphs_tg2/batch_1/1893.npz,[*]CC([*])c1cc(C(F)(F)F)cc(C(F)(F)F)c1,0.4827586206896552,4818,[*]CC([*])c1cc(C)cc(C)c1,low
6105,[*]c1ccc(OC(=O)c2ccc(Cc3ccc(C(=O)Oc4ccc(C([*])(C)C)cc4)cc3)cc2)cc1,36,39,6105,478.15,data/graphs_tg2/batch_6/6105.npz,[*]c1ccc(OC(=O)c2ccc(Cc3ccc(C(=O)Oc4ccc(C([*])(C)C)cc4)cc3)cc2)cc1,0.8333333333333334,1390,[*]c1ccc(OC(=O)Cc2ccc(C(=O)Oc3ccc(C([*])(C)C)cc3)cc2)cc1,high
3529,[*]NCCCCNC(=O)OCCCCCCOC([*])=O,20,19,3529,289.15,data/graphs_tg2/batch_3/3529.npz,[*]NCCCCNC(=O)OCCCCCCOC([*])=O,1.0,1580,[*]NCCCCCCNC(=O)OCCCCCOC([*])=O,high
10,[*]/C(C#N)=C/c1cc(C=C(C#N)c2ccc3c(c2)C(CCCCCCCC)(CCCCCCCC)c2cc([*])ccc2-3)cc(N(c2ccccc2)c2ccccc2)c1,58,63,10,409.15,data/graphs_tg2/batch_0/10.npz,[*]/C(C#N)=C/c1cc(C=C(C#N)c2ccc3c(c2)C(CCCCCCCC)(CCCCCCCC)c2cc([*])ccc2-3)cc(N(c2ccccc2)c2ccccc2)c1,0.475,5005,[*]C(C#N)=Cc1ccc(N(c2ccccc2)c2ccc(C=C(C#N)c3cc(OCCCCCCCC)c([*])cc3OCCCCCCCC)cc2)cc1,low
6301,[*]c1ccc(Oc2ccc(-c3ccc(Oc4ccc(P([*])(=O)c5ccccc5)cc4)cc3)cc2)cc1,36,40,6301,507.15,data/graphs_tg2/batch_6/6301.npz,[*]c1ccc(Oc2ccc(-c3ccc(Oc4ccc(P([*])(=O)c5ccccc5)cc4)cc3)cc2)cc1,0.9,5242,[*]c1ccc(Oc2ccc(P([*])(=O)c3ccccc3)cc2)cc1,high
3037,[*]Cc1ccc(-n2c(=O)c3cc4c(=O)n(-c5ccc([*])cc5C)c(=O)c4cc3c2=O)c(C)c1,33,37,3037,547.15,data/graphs_tg2/batch_3/3037.npz,[*]Cc1ccc(-n2c(=O)c3cc4c(=O)n(-c5ccc([*])cc5C)c(=O)c4cc3c2=O)c(C)c1,0.6744186046511628,5719,[*]Cc1ccc(-n2c(=O)c3cc4c(=O)n(-c5ccc([*])cc5C(C)(C)C)c(=O)c4cc3c2=O)c(C(C)(C)C)c1,medium
2183,[*]CCC1CC([*])C2C1C1CC2C(C)(C(=O)OC)C1,19,21,2183,419.15,data/graphs_tg2/batch_2/2183.npz,[*]CCC1CC([*])C2C1C1CC2C(C)(C(=O)OC)C1,0.3877551020408163,5408,[*]CCC1CC([*])C2C3CC(CC3CC)C12,low
2931,[*]COOC([*])c1ccc(C(C)(C)C)cc1,16,16,2931,293.05,data/graphs_tg2/batch_2/2931.npz,[*]COOC([*])c1ccc(C(C)(C)C)cc1,0.65625,2327,[*]COOC([*])c1ccc(C)cc1,medium
5535,[*]c1cc(C)c(Oc2ccc(N3C(=O)c4ccc(C(c5ccc6c(c5)C(=O)N(c5ccc(Oc7c(C)cc(C([*])c8cccc9ccccc89)cc7C)cc5)C6=O)(C(F)(F)F)C(F)(F)F)cc4C3=O)cc2)c(C)c1,74,83,5535,581.15,data/graphs_tg2/batch_5/5535.npz,[*]c1cc(C)c(Oc2ccc(N3C(=O)c4ccc(C(c5ccc6c(c5)C(=O)N(c5ccc(Oc7c(C)cc(C([*])c8cccc9ccccc89)cc7C)cc5)C6=O)(C(F)(F)F)C(F)(F)F)cc4C3=O)cc2)c(C)c1,0.782608695652174,3374,[*]c1cc(C)c(Oc2ccc(N3C(=O)c4ccc(-c5ccc6c(c5)C(=O)N(c5ccc(Oc7c(C)cc(C([*])c8cccc9ccccc89)cc7C)cc5)C6=O)cc4C3=O)cc2)c(C)c1,medium
1894,[*]CC([*])c1cc(C)c(C)cc1C,13,13,1894,377.15,data/graphs_tg2/batch_1/1894.npz,[*]CC([*])c1cc(C)c(C)cc1C,0.6071428571428571,3606,[*]CC([*])c1ccc(C)cc1C,medium
6473,[*]c1ccc(Oc2ccc(C3(c4ccc(Oc5ccc(P([*])(C)=O)cc5)cc4)OC(=O)c4ccccc43)cc2)cc1,41,46,6473,536.15,data/graphs_tg2/batch_6/6473.npz,[*]c1ccc(Oc2ccc(C3(c4ccc(Oc5ccc(P([*])(C)=O)cc5)cc4)OC(=O)c4ccccc43)cc2)cc1,0.5681818181818182,161,[*]c1ccc(Oc2ccc(P([*])(C)=O)cc2)cc1,medium
2489,[*]CCCCCCCCCCn1c(=O)c2cc3c(=O)n(CCCCCCCCCCC(=O)Oc4ccc5cc(OC([*])=O)ccc5c4)c(=O)c3cc2c1=O,54,58,2489,339.15,data/graphs_tg2/batch_2/2489.npz,[*]CCCCCCCCCCn1c(=O)c2cc3c(=O)n(CCCCCCCCCCC(=O)Oc4ccc5cc(OC([*])=O)ccc5c4)c(=O)c3cc2c1=O,1.0,5831,[*]CCCCCCCCCCCn1c(=O)c2cc3c(=O)n(CCCCCCCCCCCC(=O)Oc4ccc5cc(OC([*])=O)ccc5c4)c(=O)c3cc2c1=O,high
7226,[*]CC([*])(C)C(=O)OCC(C)O,12,11,7226,348.5,data/graphs_tg2/batch_7/7226.npz,[*]CC([*])(C)C(=O)OCC(C)O,0.7586206896551724,3317,[*]CC([*])(C)C(=O)OCC(C)C,medium
274,[*]C(=O)Nc1ccc(Oc2ccc(Oc3ccc(NC(=O)c4cc([*])cc(C(C)(C)C)c4)cc3)cc2)cc1,38,41,274,468.65,data/graphs_tg2/batch_0/274.npz,[*]C(=O)Nc1ccc(Oc2ccc(Oc3ccc(NC(=O)c4cc([*])cc(C(C)(C)C)c4)cc3)cc2)cc1,1.0,3822,[*]C(=O)Nc1ccc(Oc2ccc(NC(=O)c3cc([*])cc(C(C)(C)C)c3)cc2)cc1,high
3323,[*]NC(=O)CCCCCCCCC(=O)Nc1cc([N+](=O)[O-])c([*])cc1/C=C/c1ccc(N(C)C)cc1,36,37,3323,432.15,data/graphs_tg2/batch_3/3323.npz,[*]NC(=O)CCCCCCCCC(=O)Nc1cc([N+](=O)[O-])c([*])cc1/C=C/c1ccc(N(C)C)cc1,1.0,138,[*]NC(=O)CCCCCCCCCCCCC(=O)Nc1cc([N+](=O)[O-])c([*])cc1/C=C/c1ccc(N(C)C)cc1,high
2087,[*]CC1C(=O)OC(=O)C1C([*])OC,13,13,2087,426.65,data/graphs_tg2/batch_2/2087.npz,[*]CC1C(=O)OC(=O)C1C([*])OC,0.7058823529411765,747,[*]CC1C(=O)OC(=O)C1C([*])OC(C)C,medium
2449,[*]CCCCCCCCCCCCCCCCC(=O)NCCCCCCCCCCNC([*])=O,34,33,2449,319.15,data/graphs_tg2/batch_2/2449.npz,[*]CCCCCCCCCCCCCCCCC(=O)NCCCCCCCCCCNC([*])=O,1.0,124,[*]CCCCCCCC(=O)NCCCCCCNC([*])=O,high
5061,[*]Oc1ccc(Oc2ccc(Oc3ccc4c(c3)C(=O)N(c3ccc(Oc5ccc(-c6ccc(Oc7ccc(N8C(=O)c9ccc([*])cc9C8=O)cc7)cc6)cc5)cc3)C4=O)cc2)cc1,65,74,5061,484.15,data/graphs_tg2/batch_5/5061.npz,[*]Oc1ccc(Oc2ccc(Oc3ccc4c(c3)C(=O)N(c3ccc(Oc5ccc(-c6ccc(Oc7ccc(N8C(=O)c9ccc([*])cc9C8=O)cc7)cc6)cc5)cc3)C4=O)cc2)cc1,1.0,2071,[*]Oc1ccc(-c2ccc(Oc3ccc4c(c3)C(=O)N(c3ccc(Oc5ccc(Oc6ccc(N7C(=O)c8ccc([*])cc8C7=O)cc6)cc5)cc3)C4=O)cc2)cc1,high
1008,[*]C=Cc1ccc(C=Cc2cc(OCCCCCCCCCCCC)c([*])cc2OCCCCCCCCCCCC)cc1,44,45,1008,311.15,data/graphs_tg2/batch_1/1008.npz,[*]C=Cc1ccc(C=Cc2cc(OCCCCCCCCCCCC)c([*])cc2OCCCCCCCCCCCC)cc1,1.0,971,[*]C=Cc1ccc(C=Cc2cc(OCCCCCCC)c([*])cc2OCCCCCCC)cc1,high
2639,[*]CCN([*])C(=O)c1ccccc1F,14,14,2639,382.15,data/graphs_tg2/batch_2/2639.npz,[*]CCN([*])C(=O)c1ccccc1F,0.7647058823529411,3346,[*]CCN([*])C(=O)c1cccc(F)c1F,medium
4019,[*]Nc1ccc(S(=O)(=O)c2ccc(NC(=O)c3ccc(Oc4ccc(C(=O)c5ccc(S(=O)(=O)c6ccc(C(=O)c7ccc(Oc8ccc(C([*])=O)cc8)cc7)cc6)cc5)cc4)cc3)cc2)cc1,68,75,4019,533.15,data/graphs_tg2/batch_4/4019.npz,[*]Nc1ccc(S(=O)(=O)c2ccc(NC(=O)c3ccc(Oc4ccc(C(=O)c5ccc(S(=O)(=O)c6ccc(C(=O)c7ccc(Oc8ccc(C([*])=O)cc8)cc7)cc6)cc5)cc4)cc3)cc2)cc1,0.9285714285714286,1225,[*]Nc1ccc(Oc2ccc(S(=O)(=O)c3ccc(Oc4ccc(NC(=O)c5ccc(Oc6ccc(Oc7ccc(C([*])=O)cc7)cc6)cc5)cc4)cc3)cc2)cc1,high
3336,[*]NC(=O)OCCCCCCCCCCOC(=O)Nc1cc([*])ccc1C,27,27,3336,291.15,data/graphs_tg2/batch_3/3336.npz,[*]NC(=O)OCCCCCCCCCCOC(=O)Nc1cc([*])ccc1C,1.0,1533,[*]NC(=O)OCCCCCCCCOC(=O)Nc1cc([*])ccc1C,high
2536,[*]CCCCn1c(=O)c2cc3c(=O)n(CCC([*])C)c(=O)c3cc2c1=O,26,28,2536,408.15,data/graphs_tg2/batch_2/2536.npz,[*]CCCCn1c(=O)c2cc3c(=O)n(CCC([*])C)c(=O)c3cc2c1=O,0.5365853658536586,5863,[*]CCCn1c(=O)c2cc3c(=O)n(CCCC([*])(C)C)c(=O)c3cc2c1=O,medium
144,[*]=Nc1ccc(/N=C(\c2ccccc2)c2ccc(Oc3ccc(Oc4ccc(C(=[*])c5ccccc5)cc4)cc3)cc2)cc1,44,49,144,449.15,data/graphs_tg2/batch_0/144.npz,[*]=Nc1ccc(/N=C(\c2ccccc2)c2ccc(Oc3ccc(Oc4ccc(C(=[*])c5ccccc5)cc4)cc3)cc2)cc1,1.0,3818,[*]=Nc1ccc(Oc2ccc(N=C(c3ccccc3)c3ccc(Oc4ccc(Oc5ccc(C(=[*])c6ccccc6)cc5)cc4)cc3)cc2)cc1,high
5565,[*]c1cc(C)c([*])s1,8,8,5565,387.35,data/graphs_tg2/batch_5/5565.npz,[*]c1cc(C)c([*])s1,0.41379310344827586,5732,[*]c1cc(CCCC)c([*])s1,low
4153,[*]OC(=O)CCCCCCCCCCCCCCC(=O)Oc1cc(OC(=O)c2ccc(OCC)cc2)c([*])cc1OC(=O)c1ccc(OCC)cc1,52,54,4153,304.15,data/graphs_tg2/batch_4/4153.npz,[*]OC(=O)CCCCCCCCCCCCCCC(=O)Oc1cc(OC(=O)c2ccc(OCC)cc2)c([*])cc1OC(=O)c1ccc(OCC)cc1,0.9361702127659575,3026,[*]OC(=O)CCCC(=O)Oc1cc(OC(=O)c2ccc(OCC)cc2)c([*])cc1OC(=O)c1ccc(OCC)cc1,high
3875,[*]Nc1ccc(Oc2ccc(C3(c4ccc(Oc5ccc(NC(=O)c6ccc7c(c6)C(=O)N(c6ccc(Oc8ccc(N9C(=O)c%10ccc(C([*])=O)cc%10C9=O)cc8)cc6)C7=O)cc5)cc4)NC(=O)c4ccccc43)cc2)cc1,79,90,3875,593.15,data/graphs_tg2/batch_3/3875.npz,[*]Nc1ccc(Oc2ccc(C3(c4ccc(Oc5ccc(NC(=O)c6ccc7c(c6)C(=O)N(c6ccc(Oc8ccc(N9C(=O)c%10ccc(C([*])=O)cc%10C9=O)cc8)cc6)C7=O)cc5)cc4)NC(=O)c4ccccc43)cc2)cc1,1.0,886,[*]Nc1ccc(Oc2ccc(C3(c4ccc(Oc5ccc(NC(=O)c6ccc7c(c6)C(=O)N(c6ccc(Oc8ccc(C9(c%10ccc(Oc%11ccc(N%12C(=O)c%13ccc(C([*])=O)cc%13C%12=O)cc%11)cc%10)NC(=O)c%10ccccc%109)cc8)cc6)C7=O)cc5)cc4)NC(=O)c4ccccc43)cc2)cc1,high
2124,[*]CCC(=O)Nc1ccc(N=Nc2ccc(NC([*])=O)cc2)cc1,24,25,2124,493.15,data/graphs_tg2/batch_2/2124.npz,[*]CCC(=O)Nc1ccc(N=Nc2ccc(NC([*])=O)cc2)cc1,0.6470588235294118,4443,[*]CCCC(=O)Nc1ccc(NC([*])=O)cc1,medium
329,[*]C(=O)Oc1ccc(C(c2ccc(OC(=O)c3ccc(C)c(N4C(=O)c5ccc(C(c6ccc7c(c6)C(=O)N(c6cc([*])ccc6C)C7=O)(C(F)(F)F)C(F)(F)F)cc5C4=O)c3)cc2)(C(F)(F)F)C(F)(F)F)cc1,74,81,329,562.15,data/graphs_tg2/batch_0/329.npz,[*]C(=O)Oc1ccc(C(c2ccc(OC(=O)c3ccc(C)c(N4C(=O)c5ccc(C(c6ccc7c(c6)C(=O)N(c6cc([*])ccc6C)C7=O)(C(F)(F)F)C(F)(F)F)cc5C4=O)c3)cc2)(C(F)(F)F)C(F)(F)F)cc1,0.6911764705882353,2292,[*]C(=O)Nc1ccc(C(c2ccc(NC(=O)c3ccc(C)c(N4C(=O)c5ccc(C(c6ccc7c(c6)C(=O)N(c6cc([*])ccc6C)C7=O)(C(F)(F)F)C(F)(F)F)cc5C4=O)c3)cc2)(C(F)(F)F)C(F)(F)F)cc1,medium
2711,[*]CCSCCC(=O)OCCOCCOCCOCCOCCOC([*])=O,27,26,2711,234.15,data/graphs_tg2/batch_2/2711.npz,[*]CCSCCC(=O)OCCOCCOCCOCCOCCOC([*])=O,1.0,481,[*]CCSCCC(=O)OCCOCCOCCOCCOC([*])=O,high
636,[*]C(=O)c1ccc2nc(-c3ccc(-c4nc5ccc([*])cc5nc4-c4ccccc4)cc3)c(-c3ccccc3)nc2c1,42,48,636,598.15,data/graphs_tg2/batch_0/636.npz,[*]C(=O)c1ccc2nc(-c3ccc(-c4nc5ccc([*])cc5nc4-c4ccccc4)cc3)c(-c3ccccc3)nc2c1,1.0,3884,[*]C(=O)c1ccc2nc(-c3ccccc3)c(-c3ccc(-c4nc5ccc([*])cc5nc4-c4ccccc4)cc3)nc2c1,high
4072,[*]Nc1cccc(N2C(=O)c3ccc(C(=O)c4ccc5c(c4)C(=O)N(c4cccc(C([*])=O)c4)C5=O)cc3C2=O)c1,41,46,4072,560.15,data/graphs_tg2/batch_4/4072.npz,[*]Nc1cccc(N2C(=O)c3ccc(C(=O)c4ccc5c(c4)C(=O)N(c4cccc(C([*])=O)c4)C5=O)cc3C2=O)c1,0.8695652173913043,2421,[*]Nc1cccc(N2C(=O)c3ccc(C(=O)c4ccc5c(c4)C(=O)N(c4ccc(C([*])=O)cc4)C5=O)cc3C2=O)c1,high
4557,[*]O[Si](C)(C)O[Si](C)(C)c1ccc([Si](C)(C)O[Si]([*])(C)C)cc1,23,23,4557,211.15,data/graphs_tg2/batch_4/4557.npz,[*]O[Si](C)(C)O[Si](C)(C)c1ccc([Si](C)(C)O[Si]([*])(C)C)cc1,0.7692307692307693,280,[*]O[Si](C)(C)c1ccc([Si](C)(C)O[Si]([*])(C)C)cc1,medium
1361,[*]CC([*])(C)C(=O)OCCCCCCn1c2ccccc2c2ccccc21,27,29,1361,346.15,data/graphs_tg2/batch_1/1361.npz,[*]CC([*])(C)C(=O)OCCCCCCn1c2ccccc2c2ccccc21,1.0,941,[*]CC([*])(C)C(=O)OCCCCCn1c2ccccc2c2ccccc21,high
5491,[*]c1cc(C)c(OC(=O)c2ccc(C(=O)Oc3c(C)cc(C([*])(C)C)cc3C)cc2)c(C)c1,33,35,5491,512.15,data/graphs_tg2/batch_5/5491.npz,[*]c1cc(C)c(OC(=O)c2ccc(C(=O)Oc3c(C)cc(C([*])(C)C)cc3C)cc2)c(C)c1,0.7222222222222222,838,[*]c1cc(C)c(OC(=O)Oc2c(C)cc(C([*])(C)C)cc2C)c(C)c1,medium
4075,[*]Nc1cccc(NC(=C(C#N)C#N)c2cccc(C([*])=C(C#N)C#N)c2)c1,28,29,4075,551.15,data/graphs_tg2/batch_4/4075.npz,[*]Nc1cccc(NC(=C(C#N)C#N)c2cccc(C([*])=C(C#N)C#N)c2)c1,0.5918367346938775,918,[*]Nc1ccc(Oc2ccc(NC(=C(C#N)C#N)c3ccc4cc(C([*])=C(C#N)C#N)ccc4c3)cc2)cc1,medium
6550,[*]c1ccc(Oc2ccc(P(C)(=O)c3ccc(Oc4ccc(C([*])(C)C)cc4)cc3)cc2)cc1,34,37,6550,465.15,data/graphs_tg2/batch_6/6550.npz,[*]c1ccc(Oc2ccc(P(C)(=O)c3ccc(Oc4ccc(C([*])(C)C)cc4)cc3)cc2)cc1,0.71875,3098,[*]c1ccc(Oc2ccc(Oc3ccc(Oc4ccc(C([*])(C)C)cc4)cc3)cc2)cc1,medium
4043,[*]Nc1ccc([*])cc1OCCCCCCCCCCCCCCCC,26,26,4043,365.15,data/graphs_tg2/batch_4/4043.npz,[*]Nc1ccc([*])cc1OCCCCCCCCCCCCCCCC,1.0,1975,[*]Nc1ccc([*])cc1OCCCCCCCCCC,high
2542,[*]CCCN([*])C(=O)c1ccccc1,14,14,2542,345.15,data/graphs_tg2/batch_2/2542.npz,[*]CCCN([*])C(=O)c1ccccc1,0.7931034482758621,3067,[*]CCN([*])C(=O)c1ccccc1,medium
6634,[*]c1ccc(Oc2ccc3c4c2cccc4c(=O)n2c4ccc(Oc5ccc6nc7c8cccc9c(Oc%10ccc(C([*])(C)C)cc%10)ccc(c(=O)n7c6c5)c98)cc4nc32)cc1,62,73,6634,607.15,data/graphs_tg2/batch_6/6634.npz,[*]c1ccc(Oc2ccc3c4c2cccc4c(=O)n2c4ccc(Oc5ccc6nc7c8cccc9c(Oc%10ccc(C([*])(C)C)cc%10)ccc(c(=O)n7c6c5)c98)cc4nc32)cc1,0.6714285714285714,3567,[*]Oc1cccc(Oc2ccc3c(=O)n4c5cc(Oc6ccc7c(c6)nc6c8ccc([*])c9cccc(c(=O)n76)c98)ccc5nc4c4cccc2c34)c1,medium
4274,[*]OCC(F)(F)C(F)(F)C(F)(F)C(F)(F)COC([*])=O,20,19,4274,232.15,data/graphs_tg2/batch_4/4274.npz,[*]OCC(F)(F)C(F)(F)C(F)(F)C(F)(F)COC([*])=O,0.5405405405405406,2024,[*]NCC(F)(F)C(F)(F)C(F)(F)C(F)(F)CNC(=O)OCC(F)(F)C(F)(F)C(F)(F)C(F)(F)COC([*])=O,medium
6318,[*]c1ccc(Oc2ccc(-c3cnc4cc5nc([*])cnc5cc4n3)cc2)cc1,29,33,6318,626.15,data/graphs_tg2/batch_6/6318.npz,[*]c1ccc(Oc2ccc(-c3cnc4cc5nc([*])cnc5cc4n3)cc2)cc1,0.85,5080,[*]c1ccc(Oc2ccc(-c3cnc4cc(Oc5ccc6ncc([*])nc6c5)ccc4n3)cc2)cc1,high
1332,[*]CC([*])(C)C(=O)OCCCCCCOc1ccc(/N=N/c2ccc(OCCCCCCCCCC)cc2)cc1,40,41,1332,383.15,data/graphs_tg2/batch_1/1332.npz,[*]CC([*])(C)C(=O)OCCCCCCOc1ccc(/N=N/c2ccc(OCCCCCCCCCC)cc2)cc1,0.9761904761904762,2787,[*]CC([*])(C)C(=O)OCCCCCCOc1ccc(/N=N/c2ccc(OCCCC)cc2)cc1,high
2387,[*]CCCCCCCCC(=O)OCCOCCOC([*])=O,21,20,2387,198.65,data/graphs_tg2/batch_2/2387.npz,[*]CCCCCCCCC(=O)OCCOCCOC([*])=O,1.0,366,[*]CCCCCC(=O)OCCOCCOCCOC([*])=O,high
1766,[*]CC([*])CCCCCCCCCI,14,13,1766,267.15,data/graphs_tg2/batch_1/1766.npz,[*]CC([*])CCCCCCCCCI,0.8421052631578947,1991,[*]CC([*])CCCI,high
3090,[*]Cc1ccc(OC(=O)CCCC(=O)Oc2ccc(CCC(=O)NC([*])C(=O)OCCCC)cc2)cc1,37,38,3090,329.15,data/graphs_tg2/batch_3/3090.npz,[*]Cc1ccc(OC(=O)CCCC(=O)Oc2ccc(CCC(=O)NC([*])C(=O)OCCCC)cc2)cc1,0.9591836734693877,1364,[*]Cc1ccc(OC(=O)CCCCC(=O)Oc2ccc(CCC(=O)NC([*])C(=O)OCCCC)cc2)cc1,high
3719,[*]Nc1ccc(CCc2ccccc2NC(=O)Nc2ccc(Oc3ccc(NC([*])=O)cc3)cc2)cc1,37,40,3719,473.15,data/graphs_tg2/batch_3/3719.npz,[*]Nc1ccc(CCc2ccccc2NC(=O)Nc2ccc(Oc3ccc(NC([*])=O)cc3)cc2)cc1,0.8666666666666667,1955,[*]Nc1ccc(Oc2ccc(NC(=O)Nc3ccccc3CCc3ccccc3NC([*])=O)cc2)cc1,high
1139,[*]CC(CSCCCC)O[*],11,10,1139,208.15,data/graphs_tg2/batch_1/1139.npz,[*]CC(CSCCCC)O[*],0.8888888888888888,2442,[*]CC(CSCCCCC)O[*],high
2962,[*]CSSC([*])c1ccccc1,12,12,2962,277.95,data/graphs_tg2/batch_2/2962.npz,[*]CSSC([*])c1ccccc1,0.43333333333333335,4088,[*]CC(S[*])c1ccccc1,low
6771,[*]c1ccc2c(c1)C(=O)N(c1ccc(OCC(F)(F)C(F)(F)C(F)(F)C(F)(F)C(F)(F)C(F)(F)F)c(N3C(=O)c4ccc(C([*])(C(F)(F)F)C(F)(F)F)cc4C3=O)c1)C2=O,60,64,6771,501.15,data/graphs_tg2/batch_6/6771.npz,[*]c1ccc2c(c1)C(=O)N(c1ccc(OCC(F)(F)C(F)(F)C(F)(F)C(F)(F)C(F)(F)C(F)(F)F)c(N3C(=O)c4ccc(C([*])(C(F)(F)F)C(F)(F)F)cc4C3=O)c1)C2=O,1.0,1421,[*]c1ccc2c(c1)C(=O)N(c1ccc(OCC(F)(F)C(F)(F)C(F)(F)C(F)(F)C(F)(F)C(F)(F)C(F)(F)F)c(N3C(=O)c4ccc(C([*])(C(F)(F)F)C(F)(F)F)cc4C3=O)c1)C2=O,high
1101,[*]CC(CC([*])(C#N)C#N)c1ccc(F)cc1,17,17,1101,453.15,data/graphs_tg2/batch_1/1101.npz,[*]CC(CC([*])(C#N)C#N)c1ccc(F)cc1,0.7142857142857143,2418,[*]CC(CC([*])(C#N)C#N)c1ccc(Cl)cc1,medium
2025,[*]CC([*])c1ccccc1C(=O)OCC,15,15,2025,391.15,data/graphs_tg2/batch_2/2025.npz,[*]CC([*])c1ccccc1C(=O)OCC,0.7837837837837838,5483,[*]CC([*])c1ccccc1C(=O)OCCC,medium
6297,[*]c1ccc(Oc2ccc(-c3ccc(Oc4ccc(-c5nnc([*])c6c(-c7ccccc7)c(-c7ccc8ccccc8c7)c(-c7ccc8ccccc8c7)c(-c7ccccc7)c56)cc4)cc3)cc2)cc1,70,81,6297,607.15,data/graphs_tg2/batch_6/6297.npz,[*]c1ccc(Oc2ccc(-c3ccc(Oc4ccc(-c5nnc([*])c6c(-c7ccccc7)c(-c7ccc8ccccc8c7)c(-c7ccc8ccccc8c7)c(-c7ccccc7)c56)cc4)cc3)cc2)cc1,0.7678571428571429,5714,[*]c1ccc(Oc2ccc(C3(c4ccc(Oc5ccc(-c6nnc([*])c7c(-c8ccccc8)c(-c8ccc9ccccc9c8)c(-c8ccc9ccccc9c8)c(-c8ccccc8)c67)cc5)cc4)c4ccccc4-c4ccccc43)cc2)cc1,medium
6018,[*]c1ccc(Nc2ccc(C3(c4ccc(Nc5ccc(S([*])(=O)=O)cc5)cc4)c4ccccc4-c4ccccc43)cc2)cc1,44,50,6018,494.15,data/graphs_tg2/batch_6/6018.npz,[*]c1ccc(Nc2ccc(C3(c4ccc(Nc5ccc(S([*])(=O)=O)cc5)cc4)c4ccccc4-c4ccccc43)cc2)cc1,0.7291666666666666,4296,[*]c1ccc(Nc2ccc(C3(c4ccc(Nc5ccc(S([*])(=O)=O)cc5)c(F)c4)c4ccccc4-c4ccccc43)cc2F)cc1,medium
6187,[*]c1ccc(OCC(O)COc2ccc(NC(=O)CCCC(=O)Nc3ccc(OCC(O)COc4ccc(C([*])(C)C)cc4)cc3)cc2)cc1,50,53,6187,378.15,data/graphs_tg2/batch_6/6187.npz,[*]c1ccc(OCC(O)COc2ccc(NC(=O)CCCC(=O)Nc3ccc(OCC(O)COc4ccc(C([*])(C)C)cc4)cc3)cc2)cc1,0.9361702127659575,164,[*]c1ccc(OCC(O)COc2ccc(NC(=O)CCCCCC(=O)Nc3ccc(OCC(O)COc4ccc(C([*])(C)C)cc4)cc3)cc2)cc1,high
6870,[*]c1ccc2c(c1)C(=O)N(c1cccc(NC(=O)C(F)(F)C(F)(F)C(F)(F)C(F)(F)C(F)(F)C(F)(F)C(=O)Nc3cccc(N4C(=O)c5ccc(C([*])(C(F)(F)F)C(F)(F)F)cc5C4=O)c3)c1)C2=O,69,74,6870,491.15,data/graphs_tg2/batch_6/6870.npz,[*]c1ccc2c(c1)C(=O)N(c1cccc(NC(=O)C(F)(F)C(F)(F)C(F)(F)C(F)(F)C(F)(F)C(F)(F)C(=O)Nc3cccc(N4C(=O)c5ccc(C([*])(C(F)(F)F)C(F)(F)F)cc5C4=O)c3)c1)C2=O,0.9814814814814815,621,[*]c1ccc2c(c1)C(=O)N(c1cccc(NC(=O)C(F)(F)C(F)(F)C(F)(F)C(F)(F)C(=O)Nc3cccc(N4C(=O)c5ccc(C([*])(C(F)(F)F)C(F)(F)F)cc5C4=O)c3)c1)C2=O,high
4792,[*]Oc1ccc(-c2ccc(OC(=O)c3cccc(Oc4ccc(Oc5ccc(Oc6cccc(C([*])=O)c6)cc5)cc4)c3)cc2)cc1,47,52,4792,392.15,data/graphs_tg2/batch_4/4792.npz,[*]Oc1ccc(-c2ccc(OC(=O)c3cccc(Oc4ccc(Oc5ccc(Oc6cccc(C([*])=O)c6)cc5)cc4)c3)cc2)cc1,0.9210526315789473,2951,[*]Oc1ccc(OC(=O)c2cccc(Oc3ccc(Oc4ccc(Oc5cccc(C([*])=O)c5)cc4)cc3)c2)cc1,high
6141,[*]c1ccc(OC(=S)Oc2ccc(C([*])CCC)cc2)cc1,22,23,6141,403.15,data/graphs_tg2/batch_6/6141.npz,[*]c1ccc(OC(=S)Oc2ccc(C([*])CCC)cc2)cc1,0.7777777777777778,5733,[*]c1ccc(OC(=S)Oc2ccc(C([*])CC)cc2)cc1,medium
6865,[*]c1ccc2c(c1)C(=O)N(c1cccc(Cc3cccc(N4C(=O)c5ccc([Si]([*])(C)C)cc5C4=O)c3)c1)C2=O,40,45,6865,511.15,data/graphs_tg2/batch_6/6865.npz,[*]c1ccc2c(c1)C(=O)N(c1cccc(Cc3cccc(N4C(=O)c5ccc([Si]([*])(C)C)cc5C4=O)c3)c1)C2=O,0.8541666666666666,5773,[*]c1ccc([Si](C)(C)c2ccc3c(c2)C(=O)N(c2cccc(Cc4cccc(N5C(=O)c6ccc([Si]([*])(C)C)cc6C5=O)c4)c2)C3=O)cc1,high
2033,[*]CC([*])c1ccccc1C(=O)Oc1ccccc1,19,20,2033,397.15,data/graphs_tg2/batch_2/2033.npz,[*]CC([*])c1ccccc1C(=O)Oc1ccccc1,0.6756756756756757,572,[*]CC([*])c1ccccc1C(=O)OC,medium
5606,[*]c1cc(OCCN(CC)c2ccc(/N=N/c3ccc([N+](=O)[O-])cc3)cc2)cc(N2C(=O)c3ccc(C(c4ccc5c(c4)C(=O)N([*])C5=O)(C(F)(F)F)C(F)(F)F)cc3C2=O)c1,62,68,5606,483.15,data/graphs_tg2/batch_5/5606.npz,[*]c1cc(OCCN(CC)c2ccc(/N=N/c3ccc([N+](=O)[O-])cc3)cc2)cc(N2C(=O)c3ccc(C(c4ccc5c(c4)C(=O)N([*])C5=O)(C(F)(F)F)C(F)(F)F)cc3C2=O)c1,0.6818181818181818,3383,[*]c1ccc(OCCN(CC)c2ccc(/N=N/c3ccc([N+](=O)[O-])cc3)cc2)c(N2C(=O)c3ccc(C(c4ccc5c(c4)C(=O)N(c4cc(C([*])(C(F)(F)F)C(F)(F)F)ccc4OCCN(CC)c4ccc(/N=N/c6ccc([N+](=O)[O-])cc6)cc4)C5=O)(C(F)(F)F)C(F)(F)F)cc3C2=O)c1,medium
6175,[*]c1ccc(OCC(O)COC(=O)c2cccc(C(=O)OCC(O)COc3ccc(C([*])(C)C)cc3)c2)cc1,39,41,6175,370.15,data/graphs_tg2/batch_6/6175.npz,[*]c1ccc(OCC(O)COC(=O)c2cccc(C(=O)OCC(O)COc3ccc(C([*])(C)C)cc3)c2)cc1,0.7083333333333334,1549,[*]c1ccc(OCC(O)COc2ccc(C(=O)c3ccc(OCC(O)COc4ccc(C([*])(C)C)cc4)cc3)cc2)cc1,medium
6024,[*]c1ccc(O)c(/C=C/CC2CC(=O)N(c3ccc(Cc4ccc(N5C(=O)CC(C/C=C/c6cc(C([*])(C)C)ccc6O)C5=O)cc4)cc3)C2=O)c1,52,57,6024,479.15,data/graphs_tg2/batch_6/6024.npz,[*]c1ccc(O)c(/C=C/CC2CC(=O)N(c3ccc(Cc4ccc(N5C(=O)CC(C/C=C/c6cc(C([*])(C)C)ccc6O)C5=O)cc4)cc3)C2=O)c1,0.38666666666666666,3140,[*]c1ccc(Oc2ccc3c(c2)C(=O)N(c2ccc(Cc4ccc(N5C(=O)c6ccc(Oc7ccc(C([*])(C)C)cc7)cc6C5=O)cc4)cc2)C3=O)cc1,low
1940,[*]CC([*])c1ccc(C(C)(O)CCCCC)cc1,18,18,1940,373.15,data/graphs_tg2/batch_1/1940.npz,[*]CC([*])c1ccc(C(C)(O)CCCCC)cc1,0.9117647058823529,4971,[*]CC([*])c1ccc(C(C)(O)CCCC)cc1,high
2034,[*]CC([*])c1ccccc1C(F)(F)F,14,14,2034,438.15,data/graphs_tg2/batch_2/2034.npz,[*]CC([*])c1ccccc1C(F)(F)F,0.5666666666666667,1004,[*]CC([*])c1ccccc1F,medium
3025,[*]Cc1cc2cc(C(=O)Nc3ccc(S(=O)(=O)c4ccc(NC(=O)c5cc6cc([*])c(OC(=O)COc7ccc8ccc(=O)oc8c7)cc6oc5=O)cc4)cc3)c(=O)oc2cc1OC(=O)COc1ccc2ccc(=O)oc2c1,78,87,3025,506.15,data/graphs_tg2/batch_3/3025.npz,[*]Cc1cc2cc(C(=O)Nc3ccc(S(=O)(=O)c4ccc(NC(=O)c5cc6cc([*])c(OC(=O)COc7ccc8ccc(=O)oc8c7)cc6oc5=O)cc4)cc3)c(=O)oc2cc1OC(=O)COc1ccc2ccc(=O)oc2c1,0.8985507246376812,4096,[*]Cc1cc2cc(C(=O)Nc3ccc(NC(=O)c4cc5cc([*])c(OC(=O)COc6ccc7ccc(=O)oc7c6)cc5oc4=O)cc3)c(=O)oc2cc1OC(=O)COc1ccc2ccc(=O)oc2c1,high
6820,[*]c1ccc2c(c1)C(=O)N(c1ccc(Oc3ccc(P(=O)(c4ccccc4)c4ccc(Oc5cccc(N6C(=O)c7ccc(C([*])(C(F)(F)F)C(F)(F)F)cc7C6=O)c5)cc4)cc3)cc1)C2=O,67,75,6820,493.15,data/graphs_tg2/batch_6/6820.npz,[*]c1ccc2c(c1)C(=O)N(c1ccc(Oc3ccc(P(=O)(c4ccccc4)c4ccc(Oc5cccc(N6C(=O)c7ccc(C([*])(C(F)(F)F)C(F)(F)F)cc7C6=O)c5)cc4)cc3)cc1)C2=O,0.9655172413793104,253,[*]c1ccc2c(c1)C(=O)N(c1cccc(Oc3ccc(P(=O)(c4ccccc4)c4ccc(Oc5cccc(N6C(=O)c7ccc(C([*])(C(F)(F)F)C(F)(F)F)cc7C6=O)c5)cc4)cc3)c1)C2=O,high
6121,[*]c1ccc(OC(=O)c2cccc(C(=O)Oc3ccc(C4([*])NC(=O)c5ccccc54)cc3)c2)cc1,36,40,6121,598.15,data/graphs_tg2/batch_6/6121.npz,[*]c1ccc(OC(=O)c2cccc(C(=O)Oc3ccc(C4([*])NC(=O)c5ccccc54)cc3)c2)cc1,0.8541666666666666,5400,[*]c1ccc(OC(=O)c2ccc(C(=O)Oc3ccc(C4([*])NC(=O)c5ccccc54)cc3)cc2)cc1,high
5327,[*]Sc1ccc(N2C(=O)C3C4C=CC(C3C2=O)C2C(=O)N(c3ccc(Sc5cc6c(cc5[*])C(=O)N(CCN(C)C)C6=O)cc3)C(=O)C42)cc1,50,57,5327,583.15,data/graphs_tg2/batch_5/5327.npz,[*]Sc1ccc(N2C(=O)C3C4C=CC(C3C2=O)C2C(=O)N(c3ccc(Sc5cc6c(cc5[*])C(=O)N(CCN(C)C)C6=O)cc3)C(=O)C42)cc1,0.734375,1223,[*]Sc1ccc(N2C(=O)C3C4C=CC(C3C2=O)C2C(=O)N(c3ccc(Sc5cc6c(cc5[*])C(=O)N(CCc5ccccc5)C6=O)cc3)C(=O)C42)cc1,medium
876,[*]C=C1CC/C(=C\c2ccc(OCCOP(=O)(OC)OCCOc3ccc([*])cc3OC)c(OC)c2)C1=O,38,40,876,372.15,data/graphs_tg2/batch_0/876.npz,[*]C=C1CC/C(=C\c2ccc(OCCOP(=O)(OC)OCCOc3ccc([*])cc3OC)c(OC)c2)C1=O,0.9090909090909091,2180,[*]C=C1CC/C(=C\c2ccc(OCCCCOP(=O)(OC)OCCCCOc3ccc([*])cc3OC)c(OC)c2)C1=O,high
3601,[*]Nc1cc(NC(=O)c2ccc3c(c2)C(=O)N(c2cc(-c4nc5ccccc5s4)cc(N4C(=O)c5ccc(C([*])=O)cc5C4=O)c2)C3=O)cc(-c2nc3ccccc3[nH]2)c1,60,69,3601,641.15,data/graphs_tg2/batch_3/3601.npz,[*]Nc1cc(NC(=O)c2ccc3c(c2)C(=O)N(c2cc(-c4nc5ccccc5s4)cc(N4C(=O)c5ccc(C([*])=O)cc5C4=O)c2)C3=O)cc(-c2nc3ccccc3[nH]2)c1,0.7972972972972973,3379,[*]Nc1cc(NC(=O)c2ccc3c(c2)C(=O)N(c2cccc(N4C(=O)c5ccc(C([*])=O)cc5C4=O)c2)C3=O)cc(-c2nc3ccccc3[nH]2)c1,medium
1333,[*]CC([*])(C)C(=O)OCCCCCCOc1ccc(/N=N/c2ccc([N+](=O)[O-])cc2)cc1,32,33,1333,381.15,data/graphs_tg2/batch_1/1333.npz,[*]CC([*])(C)C(=O)OCCCCCCOc1ccc(/N=N/c2ccc([N+](=O)[O-])cc2)cc1,1.0,4394,[*]CC([*])(C)C(=O)OCCCCCCCCCCOc1ccc(/N=N/c2ccc([N+](=O)[O-])cc2)cc1,high
5564,[*]c1cc(C)c(S(=O)(=O)c2c(C)cc(C([*])(C)C)cc2C)c(C)c1,24,25,5564,503.15,data/graphs_tg2/batch_5/5564.npz,[*]c1cc(C)c(S(=O)(=O)c2c(C)cc(C([*])(C)C)cc2C)c(C)c1,0.55,3559,[*]c1cc(C)c(Oc2ccc(S(=O)(=O)c3ccc(Oc4c(C)cc(C([*])(C)C)cc4C)cc3)cc2)c(C)c1,medium
485,[*]C(=O)c1ccc(Oc2ccc(Oc3ccc([*])cc3)cc2-c2ccccc2)cc1,30,33,485,430.15,data/graphs_tg2/batch_0/485.npz,[*]C(=O)c1ccc(Oc2ccc(Oc3ccc([*])cc3)cc2-c2ccccc2)cc1,0.926829268292683,5241,[*]C(=O)c1ccc(C(=O)c2ccc(Oc3ccc(Oc4ccc([*])cc4)cc3-c3ccccc3)cc2)cc1,high
2545,[*]CCCN1C(=O)CC([*])CC1=O,13,13,2545,363.15,data/graphs_tg2/batch_2/2545.npz,[*]CCCN1C(=O)CC([*])CC1=O,0.5,5775,[*]CCN1C(=O)CC([*])C1=O,medium
5188,[*]Oc1ccc2c(c1)C(=O)N(c1cccc(OCCOCCOCCOc3ccc(N4C(=O)c5ccc([*])cc5C4=O)cc3)c1)C2=O,47,52,5188,380.15,data/graphs_tg2/batch_5/5188.npz,[*]Oc1ccc2c(c1)C(=O)N(c1cccc(OCCOCCOCCOc3ccc(N4C(=O)c5ccc([*])cc5C4=O)cc3)c1)C2=O,1.0,3376,[*]Oc1ccc2c(c1)C(=O)N(c1ccc(OCCOCCOc3cccc(N4C(=O)c5ccc([*])cc5C4=O)c3)cc1)C2=O,high
4609,[*]O[Si]([*])(C)CCCCC,10,9,4609,161.15,data/graphs_tg2/batch_4/4609.npz,[*]O[Si]([*])(C)CCCCC,0.9523809523809523,289,[*]O[Si]([*])(C)CCCCCCCC,high
6079,[*]c1ccc(OC(=O)Oc2ccc(C3([*])CCCCC3)cc2C)c(C)c1,26,28,6079,410.65,data/graphs_tg2/batch_6/6079.npz,[*]c1ccc(OC(=O)Oc2ccc(C3([*])CCCCC3)cc2C)c(C)c1,0.6153846153846154,2833,[*]c1ccc(Oc2ccc(S(=O)(=O)c3ccc(Oc4ccc(C5([*])CCCCC5)cc4C)cc3)cc2)c(C)c1,medium
1258,[*]CC([*])(C)C(=O)OCCC(F)(F)C(F)(F)C(F)(F)C(F)(F)C(F)(F)C(F)(F)C(F)(F)C(F)(F)F,35,34,1258,320.15,data/graphs_tg2/batch_1/1258.npz,[*]CC([*])(C)C(=O)OCCC(F)(F)C(F)(F)C(F)(F)C(F)(F)C(F)(F)C(F)(F)C(F)(F)C(F)(F)F,0.9696969696969697,1651,[*]CC([*])(C)C(=O)OCCC(F)(F)C(F)(F)C(F)(F)C(F)(F)F,high
428,[*]C(=O)c1ccc(Oc2ccc(-c3[nH]c(-c4ccccc4)nc3-c3ccc(Oc4ccc([*])cc4)cc3)cc2)cc1,41,46,428,532.15,data/graphs_tg2/batch_0/428.npz,[*]C(=O)c1ccc(Oc2ccc(-c3[nH]c(-c4ccccc4)nc3-c3ccc(Oc4ccc([*])cc4)cc3)cc2)cc1,1.0,735,[*]C(=O)c1ccc(Oc2ccc(-c3nc(-c4ccc(-c5nc(-c6ccc(Oc7ccc([*])cc7)cc6)c(-c6ccccc6)[nH]5)cc4)[nH]c3-c3ccccc3)cc2)cc1,high
6368,[*]c1ccc(Oc2ccc(/C=N/N=C/c3ccc(Oc4ccc(C([*])(C)C)cc4)cc3)cc2)cc1,35,38,6368,436.15,data/graphs_tg2/batch_6/6368.npz,[*]c1ccc(Oc2ccc(/C=N/N=C/c3ccc(Oc4ccc(C([*])(C)C)cc4)cc3)cc2)cc1,0.71875,3098,[*]c1ccc(Oc2ccc(Oc3ccc(Oc4ccc(C([*])(C)C)cc4)cc3)cc2)cc1,medium
1844,[*]CC([*])OCC(CC)CCCC,13,12,1844,207.15,data/graphs_tg2/batch_1/1844.npz,[*]CC([*])OCC(CC)CCCC,0.5161290322580645,5210,[*]CC([*])OCCCCC,medium
1599,[*]CC([*])C(=O)Nc1ccc2c(c1)C(=O)c1ccccc1C2=O,23,25,1599,401.15,data/graphs_tg2/batch_1/1599.npz,[*]CC([*])C(=O)Nc1ccc2c(c1)C(=O)c1ccccc1C2=O,0.6216216216216216,857,[*]CC([*])C(=O)Nc1ccccc1,medium
1994,[*]CC([*])c1ccc(Oc2ccccc2)cc1,17,18,1994,358.15,data/graphs_tg2/batch_1/1994.npz,[*]CC([*])c1ccc(Oc2ccccc2)cc1,0.6206896551724138,3328,[*]CC([*])c1ccc(-c2ccccc2)cc1,medium
770,[*]C1=C(c2ccc(-c3ccc4c(c3)C(CCCCCC)(CCCCCC)c3cc(-c5ccc([*])cc5)ccc3-4)cc2)C(=O)N(CCCCCCCC)C1=O,54,59,770,395.15,data/graphs_tg2/batch_0/770.npz,[*]C1=C(c2ccc(-c3ccc4c(c3)C(CCCCCC)(CCCCCC)c3cc(-c5ccc([*])cc5)ccc3-4)cc2)C(=O)N(CCCCCCCC)C1=O,1.0,4122,[*]C1=C(c2ccc(-c3ccc4c(c3)C(CCCCCC)(CCCCCC)c3cc(-c5ccc([*])cc5)ccc3-4)cc2)C(=O)N(CCCCCCCCCCCC)C1=O,high
3371,[*]NC(=O)Oc1ccc(-c2[nH]c(-c3ccc([N+](=O)[O-])cc3)nc2-c2ccc(OC(=O)Nc3ccc(-c4ccc([*])cc4OC)c(OC)c3)cc2)cc1,52,57,3371,475.15,data/graphs_tg2/batch_3/3371.npz,[*]NC(=O)Oc1ccc(-c2[nH]c(-c3ccc([N+](=O)[O-])cc3)nc2-c2ccc(OC(=O)Nc3ccc(-c4ccc([*])cc4OC)c(OC)c3)cc2)cc1,1.0,4078,[*]NC(=O)Oc1ccc(-c2[nH]c(-c3ccc(-c4nc(-c5ccc([N+](=O)[O-])cc5)c(-c5ccc([N+](=O)[O-])cc5)[nH]4)cc3)nc2-c2ccc(OC(=O)Nc3ccc(-c4ccc([*])cc4OC)c(OC)c3)cc2)cc1,high
2777,[*]CNC(=O)CCOCCC(=O)NCc1c(C)c(C)c([*])c(C)c1C,25,25,2777,464.15,data/graphs_tg2/batch_2/2777.npz,[*]CNC(=O)CCOCCC(=O)NCc1c(C)c(C)c([*])c(C)c1C,0.7567567567567568,698,[*]CNC(=O)CCCC(=O)NCc1c(C)c(C)c([*])c(C)c1C,medium
713,[*]C(=O)c1ccccc1-c1ccccc1C(=O)c1ccc(Oc2ccc(Oc3ccc([*])cc3)cc2)cc1,38,42,713,448.15,data/graphs_tg2/batch_0/713.npz,[*]C(=O)c1ccccc1-c1ccccc1C(=O)c1ccc(Oc2ccc(Oc3ccc([*])cc3)cc2)cc1,0.918918918918919,4370,[*]C(=O)c1ccccc1-c1ccccc1C(=O)c1ccc(Oc2ccc(-c3ccc(Oc4ccc([*])cc4)cc3)cc2)cc1,high
6199,[*]c1ccc(OCC(O)COc2cccc(NC(=O)C(=O)Nc3cccc(OCC(O)COc4ccc(C([*])(C)C)cc4)c3)c2)cc1,47,50,6199,392.15,data/graphs_tg2/batch_6/6199.npz,[*]c1ccc(OCC(O)COc2cccc(NC(=O)C(=O)Nc3cccc(OCC(O)COc4ccc(C([*])(C)C)cc4)c3)c2)cc1,0.8148148148148148,315,[*]c1ccc(OCC(O)COc2cccc(C(=O)Nc3cccc(OCC(O)COc4ccc(C([*])(C)C)cc4)c3)c2)cc1,high
3992,[*]Nc1ccc(Oc2cccc(NC(=O)c3ccc4c(c3)C(=O)N(c3ccc(Oc5cccc(N6C(=O)c7ccc(C([*])=O)cc7C6=O)c5)cc3)C4=O)c2)cc1,56,63,3992,484.15,data/graphs_tg2/batch_3/3992.npz,[*]Nc1ccc(Oc2cccc(NC(=O)c3ccc4c(c3)C(=O)N(c3ccc(Oc5cccc(N6C(=O)c7ccc(C([*])=O)cc7C6=O)c5)cc3)C4=O)c2)cc1,0.9636363636363636,1697,[*]Nc1ccc(Oc2cccc(NC(=O)c3ccc4c(c3)C(=O)N(c3ccc(Oc5ccc(N6C(=O)c7ccc(C([*])=O)cc7C6=O)cc5)cc3)C4=O)c2)cc1,high
4054,[*]Nc1ccc2c(c1)C(=O)N(c1ccc(Oc3ccc4ccccc4c3-c3c(Oc4ccc(N5C(=O)c6ccc(NC(=O)Nc7cccc8c(NC([*])=O)cccc78)cc6C5=O)cc4)ccc4ccccc34)cc1)C2=O,76,87,4054,570.15,data/graphs_tg2/batch_4/4054.npz,[*]Nc1ccc2c(c1)C(=O)N(c1ccc(Oc3ccc4ccccc4c3-c3c(Oc4ccc(N5C(=O)c6ccc(NC(=O)Nc7cccc8c(NC([*])=O)cccc78)cc6C5=O)cc4)ccc4ccccc34)cc1)C2=O,0.8181818181818182,2718,[*]Nc1ccc(Oc2ccc(NC(=O)Nc3ccc4c(c3)C(=O)N(c3ccc(Oc5ccc6ccccc6c5-c5c(Oc6ccc(N7C(=O)c8ccc(NC([*])=O)cc8C7=O)cc6)ccc6ccccc56)cc3)C4=O)cc2)cc1,high
6503,[*]c1ccc(Oc2ccc(N3C(=O)c4ccc(Oc5ccccc5Oc5ccc6c(c5)C(=O)N(c5ccc(Oc7ccc(C([*])(C)C)cc7)c(C(F)(F)F)c5)C6=O)cc4C3=O)cc2C(F)(F)F)cc1,69,77,6503,465.15,data/graphs_tg2/batch_6/6503.npz,[*]c1ccc(Oc2ccc(N3C(=O)c4ccc(Oc5ccccc5Oc5ccc6c(c5)C(=O)N(c5ccc(Oc7ccc(C([*])(C)C)cc7)c(C(F)(F)F)c5)C6=O)cc4C3=O)cc2C(F)(F)F)cc1,0.75,5389,[*]Oc1ccccc1Oc1ccc2c(c1)C(=O)N(c1ccc(Oc3ccc(Oc4ccc(N5C(=O)c6ccc([*])cc6C5=O)cc4C(F)(F)F)cc3)c(C(F)(F)F)c1)C2=O,medium
7071,[*]c1sc(-c2nnc(-c3cc(OCCCCCCCC)c(-c4nnc(-c5cc(CCCCCCCCCC)c([*])s5)o4)cc3OCCCCCCCC)o2)cc1CCCCCCCCCC,66,70,7071,326.95,data/graphs_tg2/batch_7/7071.npz,[*]c1sc(-c2nnc(-c3cc(OCCCCCCCC)c(-c4nnc(-c5cc(CCCCCCCCCC)c([*])s5)o4)cc3OCCCCCCCC)o2)cc1CCCCCCCCCC,0.5,1289,[*]c1sc(-c2cc3sc(-c4cc(CCCCCCCCCCCCCC)c([*])s4)cc3s2)cc1CCCCCCCCCCCCCC,medium
5966,[*]c1ccc(N2C(=O)c3ccc(C(c4ccc5c(c4)C(=O)N(c4ccc([*])cc4OC(=O)/C=C/c4ccccc4)C5=O)(C(F)(F)F)C(F)(F)F)cc3C2=O)c(OC(=O)/C=C/c2ccccc2)c1,67,74,5966,454.15,data/graphs_tg2/batch_5/5966.npz,[*]c1ccc(N2C(=O)c3ccc(C(c4ccc5c(c4)C(=O)N(c4ccc([*])cc4OC(=O)/C=C/c4ccccc4)C5=O)(C(F)(F)F)C(F)(F)F)cc3C2=O)c(OC(=O)/C=C/c2ccccc2)c1,0.5285714285714286,414,[*]c1ccc(OC(C)=O)c(N2C(=O)c3ccc(C(c4ccc5c(c4)C(=O)N(c4cc(C([*])(C(F)(F)F)C(F)(F)F)ccc4OC(C)=O)C5=O)(C(F)(F)F)C(F)(F)F)cc3C2=O)c1,medium
6424,[*]c1ccc(Oc2ccc(C(=O)c3ccc(Oc4ccc(C([*])(C)C)cc4)s3)cc2)cc1,32,35,6424,424.15,data/graphs_tg2/batch_6/6424.npz,[*]c1ccc(Oc2ccc(C(=O)c3ccc(Oc4ccc(C([*])(C)C)cc4)s3)cc2)cc1,0.975609756097561,5658,[*]c1ccc(Oc2ccc(C(=O)c3ccc(C(=O)c4ccc(Oc5ccc(C([*])(C)C)cc5)s4)cc3)s2)cc1,high
4956,[*]Oc1ccc(N2C(=O)c3ccc(C(c4ccc5c(c4)C(=O)N(c4ccc([*])c(OCCN(CC)c6ccc(/N=N/c7ccc([N+](=O)[O-])cc7)cc6)c4)C5=O)(C(F)(F)F)C(F)(F)F)cc3C2=O)cc1,69,76,4956,475.15,data/graphs_tg2/batch_4/4956.npz,[*]Oc1ccc(N2C(=O)c3ccc(C(c4ccc5c(c4)C(=O)N(c4ccc([*])c(OCCN(CC)c6ccc(/N=N/c7ccc([N+](=O)[O-])cc7)cc6)c4)C5=O)(C(F)(F)F)C(F)(F)F)cc3C2=O)cc1,0.6630434782608695,3383,[*]c1ccc(OCCN(CC)c2ccc(/N=N/c3ccc([N+](=O)[O-])cc3)cc2)c(N2C(=O)c3ccc(C(c4ccc5c(c4)C(=O)N(c4cc(C([*])(C(F)(F)F)C(F)(F)F)ccc4OCCN(CC)c4ccc(/N=N/c6ccc([N+](=O)[O-])cc6)cc4)C5=O)(C(F)(F)F)C(F)(F)F)cc3C2=O)c1,medium
1337,[*]CC([*])(C)C(=O)OCCCCCCOc1ccc(C(=O)Oc2ccc(/N=N/c3ccc(C#N)cc3)c3ccccc23)cc1,44,47,1337,314.15,data/graphs_tg2/batch_1/1337.npz,[*]CC([*])(C)C(=O)OCCCCCCOc1ccc(C(=O)Oc2ccc(/N=N/c3ccc(C#N)cc3)c3ccccc23)cc1,0.8405797101449275,4880,[*]CC([*])(C)C(=O)OCCCCCCOc1ccc(C(=O)Oc2ccc(/N=N/c3ccc(C)cc3)c3ccccc23)cc1,high
1385,[*]CC([*])(C)C(=O)OCCCOc1ccc2cc(C(=O)Oc3ccccc3)ccc2c1,31,33,1385,357.15,data/graphs_tg2/batch_1/1385.npz,[*]CC([*])(C)C(=O)OCCCOc1ccc2cc(C(=O)Oc3ccccc3)ccc2c1,0.9591836734693877,1684,[*]CC([*])(C)C(=O)OCCCCOc1ccc2cc(C(=O)Oc3ccccc3)ccc2c1,high
1522,[*]CC([*])(CC(=O)OC1CCCCCC1)C(=O)OC1CCCCCC1,25,26,1522,378.15,data/graphs_tg2/batch_1/1522.npz,[*]CC([*])(CC(=O)OC1CCCCCC1)C(=O)OC1CCCCCC1,1.0,2234,[*]CC([*])(CC(=O)OC1CCCCC1)C(=O)OC1CCCCC1,high
6987,[*]c1cccc(-c2ccn(CCCCCCn3ccc([*])n3)n2)c1,24,26,6987,343.15,data/graphs_tg2/batch_6/6987.npz,[*]c1cccc(-c2ccn(CCCCCCn3ccc([*])n3)n2)c1,0.7,1654,[*]c1ccc(-c2ccn(CCCCCCn3ccc([*])n3)n2)cc1,medium
6190,[*]c1ccc(OCC(O)COc2ccc(NC(=O)c3ccc(OCC(O)COc4ccc(C([*])(C)C)cc4)cc3)cc2)cc1,44,47,6190,400.15,data/graphs_tg2/batch_6/6190.npz,[*]c1ccc(OCC(O)COc2ccc(NC(=O)c3ccc(OCC(O)COc4ccc(C([*])(C)C)cc4)cc3)cc2)cc1,0.7608695652173914,1549,[*]c1ccc(OCC(O)COc2ccc(C(=O)c3ccc(OCC(O)COc4ccc(C([*])(C)C)cc4)cc3)cc2)cc1,medium
1794,[*]CC([*])OC(=O)C(C)(CC)C(C)(C)C,15,14,1794,393.15,data/graphs_tg2/batch_1/1794.npz,[*]CC([*])OC(=O)C(C)(CC)C(C)(C)C,0.65625,4094,[*]CC([*])OC(=O)C(C)(C)C(C)(C)CC,medium
136,[*]=NP(Cl)(Cl)=NP(Cl)(Cl)=NS(=[*])Cl,13,12,136,233.15,data/graphs_tg2/batch_0/136.npz,[*]=NP(Cl)(Cl)=NP(Cl)(Cl)=NS(=[*])Cl,0.42857142857142855,4750,[*]=NP(Cl)(Cl)=NP(Cl)(Cl)=NC(=[*])Cl,low
1278,[*]CC([*])(C)C(=O)OCCCCCCCC/C=C/CCCCCCCC,26,25,1278,233.15,data/graphs_tg2/batch_1/1278.npz,[*]CC([*])(C)C(=O)OCCCCCCCC/C=C/CCCCCCCC,0.8235294117647058,1346,[*]CC([*])(C)C(=O)OCCCCCCCC,high
4739,[*]Oc1c(Cl)cc(C(c2cc(Cl)c(OC([*])=O)c(Cl)c2)C2CC3CCC2C3)cc1Cl,30,33,4739,543.15,data/graphs_tg2/batch_4/4739.npz,[*]Oc1c(Cl)cc(C(c2cc(Cl)c(OC([*])=O)c(Cl)c2)C2CC3CCC2C3)cc1Cl,0.52,2028,[*]Oc1c(Cl)cc(C(c2cc(Cl)c(OC([*])=O)c(Cl)c2)C(Cl)(Cl)Cl)cc1Cl,medium
2319,[*]CCCCCCCC(=O)Nc1cccc(Oc2ccc(NC([*])=O)cc2)c1,28,29,2319,393.15,data/graphs_tg2/batch_2/2319.npz,[*]CCCCCCCC(=O)Nc1cccc(Oc2ccc(NC([*])=O)cc2)c1,1.0,1232,[*]CCCCCC(=O)Nc1cccc(Oc2ccc(NC([*])=O)cc2)c1,high
1488,[*]CC([*])(C)C(=O)Oc1ccc(C(=O)Oc2ccc(C(=O)c3ccccc3)cc2)cc1,31,33,1488,345.15,data/graphs_tg2/batch_1/1488.npz,[*]CC([*])(C)C(=O)Oc1ccc(C(=O)Oc2ccc(C(=O)c3ccccc3)cc2)cc1,0.8717948717948718,2370,[*]CC([*])(C)C(=O)Oc1ccc(C(=O)Oc2ccccc2)cc1,high
6423,[*]c1ccc(Oc2ccc(C(=O)c3ccc(Oc4ccc(C([*])(C)C)cc4)cc3)cc2)cc1,33,36,6423,428.15,data/graphs_tg2/batch_6/6423.npz,[*]c1ccc(Oc2ccc(C(=O)c3ccc(Oc4ccc(C([*])(C)C)cc4)cc3)cc2)cc1,1.0,2921,[*]c1ccc(Oc2ccc(C(=O)c3ccc(Oc4ccc(C(=O)c5ccc(Oc6ccc(C([*])(C)C)cc6)cc5)cc4)cc3)cc2)cc1,high
2794,[*]COC(=O)C12CC3CC(C1)CC(C(=O)OC([*])COc1ccc(/N=N/c4ccc(C#N)cc4)cc1)(C3)C2,38,42,2794,378.15,data/graphs_tg2/batch_2/2794.npz,[*]COC(=O)C12CC3CC(C1)CC(C(=O)OC([*])COc1ccc(/N=N/c4ccc(C#N)cc4)cc1)(C3)C2,0.6153846153846154,4326,[*]COC(=O)C1CCC(C(=O)OC([*])COc2ccc(/N=N/c3ccc(C#N)cc3)cc2)CC1,medium
787,[*]C1C(=O)N(c2cc(Br)c(O[Si](C)(C)C(C)(C)C)c(Br)c2)C(=O)C1[*],25,26,787,437.15,data/graphs_tg2/batch_0/787.npz,[*]C1C(=O)N(c2cc(Br)c(O[Si](C)(C)C(C)(C)C)c(Br)c2)C(=O)C1[*],0.7631578947368421,3805,[*]C1C(=O)N(c2cc(Br)c(O[Si](C)(C)C)c(Br)c2)C(=O)C1[*],medium
5799,[*]c1ccc(-n2nccc2-c2cccc(-c3ccnn3-c3ccc(S([*])(=O)=O)cc3)c2)cc1,33,37,5799,491.15,data/graphs_tg2/batch_5/5799.npz,[*]c1ccc(-n2nccc2-c2cccc(-c3ccnn3-c3ccc(S([*])(=O)=O)cc3)c2)cc1,0.5098039215686274,1880,[*]c1cccc(-c2ccnn2-c2ccc(Oc3ccc(-n4nccc4[*])cc3)cc2)c1,medium
6205,[*]c1ccc(OCC(O)COc2cccc(NC(=O)Cc3cccc(CC(=O)Nc4cccc(OCC(O)COc5ccc(C([*])(C)C)cc5)c4)c3)c2)cc1,55,59,6205,392.15,data/graphs_tg2/batch_6/6205.npz,[*]c1ccc(OCC(O)COc2cccc(NC(=O)Cc3cccc(CC(=O)Nc4cccc(OCC(O)COc5ccc(C([*])(C)C)cc5)c4)c3)c2)cc1,0.7931034482758621,1932,[*]c1ccc(OCC(O)COc2cccc(NC(=O)CCCCC(=O)Nc3cccc(OCC(O)COc4ccc(C([*])(C)C)cc4)c3)c2)cc1,medium
6266,[*]c1ccc(Oc2ccc(-c3c(-c4ccccc4)c(-c4ccc(-c5nc6ccccc6c([*])c5-c5ccccc5)cc4)nc4ccccc34)cc2)cc1,53,61,6266,546.15,data/graphs_tg2/batch_6/6266.npz,[*]c1ccc(Oc2ccc(-c3c(-c4ccccc4)c(-c4ccc(-c5nc6ccccc6c([*])c5-c5ccccc5)cc4)nc4ccccc34)cc2)cc1,0.7954545454545454,2218,[*]c1ccc(-c2ccc(-c3nc4ccccc4c(-c4ccc(Oc5ccc(-c6c(-c7ccccc7)c([*])nc7ccccc67)cc5)cc4)c3-c3ccccc3)cc2)cc1,medium
3670,[*]Nc1ccc(C(=O)OCCCCCCCOC(=O)c2ccc3c(c2)C(=O)N(c2ccc(C([*])=O)cc2)C3=O)cc1,41,44,3670,379.15,data/graphs_tg2/batch_3/3670.npz,[*]Nc1ccc(C(=O)OCCCCCCCOC(=O)c2ccc3c(c2)C(=O)N(c2ccc(C([*])=O)cc2)C3=O)cc1,1.0,466,[*]Nc1ccc(C(=O)OCCCCCCCCCOC(=O)c2ccc3c(c2)C(=O)N(c2ccc(C([*])=O)cc2)C3=O)cc1,high
3041,[*]Cc1ccc(C(=O)NCCCCNC([*])=O)cc1,19,19,3041,357.15,data/graphs_tg2/batch_3/3041.npz,[*]Cc1ccc(C(=O)NCCCCNC([*])=O)cc1,0.967741935483871,1929,[*]Cc1ccc(C(=O)NCCCCCNC([*])=O)cc1,high
11,[*]/C(C)=C(/[*])CCC,8,7,11,473.15,data/graphs_tg2/batch_0/11.npz,[*]/C(C)=C(/[*])CCC,0.6190476190476191,2676,[*]/C(C)=C(/[*])CCCCCCC,medium
5934,[*]c1ccc(N(c2ccc(-c3ccc4c(c3)C(CCCCCCCC)(CCCCCCCC)c3cc([*])ccc3-4)cc2)c2ccc(N(c3ccc(C(C)(C)c4ccccc4)cc3)c3ccc(C(C)(C)c4ccccc4)cc3)cc2)cc1,81,90,5934,410.15,data/graphs_tg2/batch_5/5934.npz,[*]c1ccc(N(c2ccc(-c3ccc4c(c3)C(CCCCCCCC)(CCCCCCCC)c3cc([*])ccc3-4)cc2)c2ccc(N(c3ccc(C(C)(C)c4ccccc4)cc3)c3ccc(C(C)(C)c4ccccc4)cc3)cc2)cc1,0.6862745098039216,1923,[*]c1ccc(-c2ccc3c(c2)C(CCCCCC)(CCCCCC)c2cc([*])ccc2-3)cc1,medium
3233,[*]N=P([*])(OCC(COCCOC(C)C)OCCOC(C)C)OCC(COCCOC(C)C)OCCOC(C)C,40,39,3233,196.15,data/graphs_tg2/batch_3/3233.npz,[*]N=P([*])(OCC(COCCOC(C)C)OCCOC(C)C)OCC(COCCOC(C)C)OCCOC(C)C,0.7714285714285715,1128,[*]N=P([*])(OCC(COCCOC)OCCOC)OCC(COCCOC)OCCOC,medium
7215,[*]C(=O)c1cccc(N2C(=O)c3ccc(C(=O)c4ccc5c(c4)C(=O)N(c4ccc([*])cc4)C5=O)cc3C2=O)c1,40,45,7215,555.15,data/graphs_tg2/batch_7/7215.npz,[*]C(=O)c1cccc(N2C(=O)c3ccc(C(=O)c4ccc5c(c4)C(=O)N(c4ccc([*])cc4)C5=O)cc3C2=O)c1,0.9285714285714286,3837,[*]C(=O)c1cccc(N2C(=O)c3ccc(C(=O)c4ccc5c(c4)C(=O)N(c4cccc(C(=O)c6ccc([*])cc6)c4)C5=O)cc3C2=O)c1,high
2574,[*]CCCNC([*])=O,8,7,2574,335.95,data/graphs_tg2/batch_2/2574.npz,[*]CCCNC([*])=O,0.8095238095238095,293,[*]CCCCCCCCCNC([*])=O,high
4034,[*]Nc1ccc(S(=O)(=O)c2cccc(NC(=O)c3ccc4c(c3)C(=O)N(CCCCCCN3C(=O)c5ccc(C([*])=O)cc5C3=O)C4=O)c2)cc1,51,56,4034,463.15,data/graphs_tg2/batch_4/4034.npz,[*]Nc1ccc(S(=O)(=O)c2cccc(NC(=O)c3ccc4c(c3)C(=O)N(CCCCCCN3C(=O)c5ccc(C([*])=O)cc5C3=O)C4=O)c2)cc1,0.8620689655172413,2358,[*]Nc1ccc(S(=O)(=O)c2ccc(NC(=O)c3ccc4c(c3)C(=O)N(CCCCCCN3C(=O)c5ccc(C([*])=O)cc5C3=O)C4=O)cc2)cc1,high
1018,[*]C=Cc1ccc(Oc2cc3c4c(ccc5c6c(Oc7ccc(C=Cc8cc(OCCCCCCCC)c([*])cc8OCCCCCCCC)cc7)cc7c8c(ccc(c2c45)c86)C(=O)N(CCCCCCCC)C7=O)C(=O)N(CCCCCCCC)C3=O)cc1,90,99,1018,376.15,data/graphs_tg2/batch_1/1018.npz,[*]C=Cc1ccc(Oc2cc3c4c(ccc5c6c(Oc7ccc(C=Cc8cc(OCCCCCCCC)c([*])cc8OCCCCCCCC)cc7)cc7c8c(ccc(c2c45)c86)C(=O)N(CCCCCCCC)C7=O)C(=O)N(CCCCCCCC)C3=O)cc1,0.582089552238806,971,[*]C=Cc1ccc(C=Cc2cc(OCCCCCCC)c([*])cc2OCCCCCCC)cc1,medium
1449,[*]CC([*])(C)C(=O)OCc1ccc(F)cc1F,17,17,1449,319.15,data/graphs_tg2/batch_1/1449.npz,[*]CC([*])(C)C(=O)OCc1ccc(F)cc1F,0.6046511627906976,1379,[*]CC([*])(C)C(=O)OCc1c(F)cccc1F,medium
82,[*]=CCS(=O)(=O)CC(=[*])C,10,9,82,361.35,data/graphs_tg2/batch_0/82.npz,[*]=CCS(=O)(=O)CC(=[*])C,0.4666666666666667,2225,[*]=CC(C)S(=O)(=O)CC(=[*])C,low
5763,[*]c1ccc(-c2nc3ccccc3o2)c([*])c1,17,19,5763,502.15,data/graphs_tg2/batch_5/5763.npz,[*]c1ccc(-c2nc3ccccc3o2)c([*])c1,0.6666666666666666,4231,[*]c1ccc(-c2nc3cc(C)ccc3o2)c([*])c1,medium
3146,[*]Cc1ccc(OC(=O)COCC(=O)Oc2ccc(CCC(=O)NC([*])C(=O)OCCOCCOCC)cc2)cc1,41,42,3146,300.15,data/graphs_tg2/batch_3/3146.npz,[*]Cc1ccc(OC(=O)COCC(=O)Oc2ccc(CCC(=O)NC([*])C(=O)OCCOCCOCC)cc2)cc1,0.9615384615384616,2332,[*]Cc1ccc(OC(=O)COCCOCC(=O)Oc2ccc(CCC(=O)NC([*])C(=O)OCCOCCOCC)cc2)cc1,high
3675,[*]Nc1ccc(C(=O)c2ccc(NC(=O)c3ccc(C([*])=O)cc3)cc2)cc1,28,30,3675,573.15,data/graphs_tg2/batch_3/3675.npz,[*]Nc1ccc(C(=O)c2ccc(NC(=O)c3ccc(C([*])=O)cc3)cc2)cc1,0.896551724137931,991,[*]Nc1ccc(NC(=O)c2ccc(C([*])=O)cc2)cc1,high
5930,[*]c1ccc(Cn2c(=O)c3cc4c(=O)n(Cc5ccc(C([*])(C)CC)o5)c(=O)c4cc3c2=O)o1,34,38,5930,416.15,data/graphs_tg2/batch_5/5930.npz,[*]c1ccc(Cn2c(=O)c3cc4c(=O)n(Cc5ccc(C([*])(C)CC)o5)c(=O)c4cc3c2=O)o1,0.7954545454545454,3337,[*]c1ccc(Cn2c(=O)c3cc4c(=O)n(Cc5ccc(C([*])(C)C)o5)c(=O)c4cc3c2=O)o1,medium
6935,[*]c1ccc2nc(-c3ccc(-c4ccc(-c5cc(-c6ccc(Oc7ccc(-c8ccccc8)cc7)cc6)c6cc([*])ccc6n5)cc4)cc3)cc(-c3ccc(Oc4ccc(-c5ccccc5)cc4)cc3)c2c1,72,83,6935,637.15,data/graphs_tg2/batch_6/6935.npz,[*]c1ccc2nc(-c3ccc(-c4ccc(-c5cc(-c6ccc(Oc7ccc(-c8ccccc8)cc7)cc6)c6cc([*])ccc6n5)cc4)cc3)cc(-c3ccc(Oc4ccc(-c5ccccc5)cc4)cc3)c2c1,0.9459459459459459,694,[*]c1ccc2nc(-c3ccc(-c4ccc(-c5cc(-c6ccc(Oc7ccc(Oc8ccccc8)cc7)cc6)c6cc([*])ccc6n5)cc4)cc3)cc(-c3ccc(Oc4ccc(Oc5ccccc5)cc4)cc3)c2c1,high
5717,[*]c1ccc(-c2ccc([Si](C)(C)c3ccc4c(c3)C(=O)N(c3cccc(Cc5cccc(N6C(=O)c7ccc([Si]([*])(C)C)cc7C6=O)c5)c3)C4=O)cc2)cc1,55,62,5717,558.15,data/graphs_tg2/batch_5/5717.npz,[*]c1ccc(-c2ccc([Si](C)(C)c3ccc4c(c3)C(=O)N(c3cccc(Cc5cccc(N6C(=O)c7ccc([Si]([*])(C)C)cc7C6=O)c5)c3)C4=O)cc2)cc1,0.9387755102040817,5773,[*]c1ccc([Si](C)(C)c2ccc3c(c2)C(=O)N(c2cccc(Cc4cccc(N5C(=O)c6ccc([Si]([*])(C)C)cc6C5=O)c4)c2)C3=O)cc1,high
4221,[*]OC(CC)C([*])=O,8,7,4221,288.15,data/graphs_tg2/batch_4/4221.npz,[*]OC(CC)C([*])=O,0.36363636363636365,5007,[*]OC(=O)C(CC)C([*])=CCC,low
5286,[*]Oc1cccc2c(OP([*])(=O)Oc3ccccc3)cccc12,23,25,5286,411.15,data/graphs_tg2/batch_5/5286.npz,[*]Oc1cccc2c(OP([*])(=O)Oc3ccccc3)cccc12,0.6176470588235294,1401,[*]Oc1ccc(OP([*])(=O)Oc2ccccc2)cc1,medium
5815,[*]c1ccc(C(=O)NCCCCNC(=O)c2ccc(C([*])(C)CC)cc2)cc1,28,29,5815,455.15,data/graphs_tg2/batch_5/5815.npz,[*]c1ccc(C(=O)NCCCCNC(=O)c2ccc(C([*])(C)CC)cc2)cc1,0.9722222222222222,4485,[*]c1ccc(C(=O)NCCCCCCNC(=O)c2ccc(C([*])(C)CC)cc2)cc1,high
1149,[*]CC(O)C(O)CN([*])c1ccc(N(C)C)cc1,18,18,1149,345.15,data/graphs_tg2/batch_1/1149.npz,[*]CC(O)C(O)CN([*])c1ccc(N(C)C)cc1,0.6216216216216216,5250,[*]CC(O)CCCCC(O)CN([*])c1ccc(N(C)C)cc1,medium
1463,[*]CC([*])(C)C(=O)OCc1cccc(Cl)c1Cl,17,17,1463,315.75,data/graphs_tg2/batch_1/1463.npz,[*]CC([*])(C)C(=O)OCc1cccc(Cl)c1Cl,0.6363636363636364,2322,[*]CC([*])(C)C(=O)OCc1ccc(Cl)cc1Cl,medium
5780,[*]c1ccc(-c2sc(-c3cc(CCCCCCCCCCCC)c([*])s3)cc2CCCCCCCCCCCC)cc1,42,44,5780,332.75,data/graphs_tg2/batch_5/5780.npz,[*]c1ccc(-c2sc(-c3cc(CCCCCCCCCCCC)c([*])s3)cc2CCCCCCCCCCCC)cc1,1.0,679,[*]c1ccc(-c2sc(-c3cc(CCCCCCCC)c([*])s3)cc2CCCCCCCC)cc1,high
806,[*]C1C([*])C2CC1C(C(=O)OCCC1CC3CCC1C3)C2C(=O)OCCC1CC2CCC1C2,33,38,806,533.15,data/graphs_tg2/batch_0/806.npz,[*]C1C([*])C2CC1C(C(=O)OCCC1CC3CCC1C3)C2C(=O)OCCC1CC2CCC1C2,0.7435897435897436,5327,[*]C1C([*])C2CC1C(C(=O)OCC1CC3CCC1C3)C2C(=O)OCC1CC2CCC1C2,medium
3046,[*]Cc1ccc(CC(=O)NCCCCCCCCCCCCCCCCCCNC([*])=O)cc1,34,34,3046,351.15,data/graphs_tg2/batch_3/3046.npz,[*]Cc1ccc(CC(=O)NCCCCCCCCCCCCCCCCCCNC([*])=O)cc1,1.0,565,[*]Cc1ccc(CC(=O)NCCCCCCCCNC([*])=O)cc1,high
1636,[*]CC([*])C(=O)OCCC(F)(F)C(F)(F)C(F)(F)C(F)(F)C(F)(F)C(F)(F)C(F)(F)C(F)(F)F,34,33,1636,325.15,data/graphs_tg2/batch_1/1636.npz,[*]CC([*])C(=O)OCCC(F)(F)C(F)(F)C(F)(F)C(F)(F)C(F)(F)C(F)(F)C(F)(F)C(F)(F)F,1.0,3603,[*]CC([*])C(=O)OCCC(F)(F)C(F)(F)C(F)(F)C(F)(F)C(F)(F)C(F)(F)F,high
3048,[*]Cc1ccc(CC(=O)NCCCCCCNC([*])=O)cc1,22,22,3048,368.15,data/graphs_tg2/batch_3/3048.npz,[*]Cc1ccc(CC(=O)NCCCCCCNC([*])=O)cc1,1.0,565,[*]Cc1ccc(CC(=O)NCCCCCCCCNC([*])=O)cc1,high
957,[*]C=CC1CC([*])CC1[Si](C)(C)C[Si](C)(C)C,17,17,957,297.15,data/graphs_tg2/batch_0/957.npz,[*]C=CC1CC([*])CC1[Si](C)(C)C[Si](C)(C)C,0.65625,3372,[*]C=CC1CC([*])CC1[Si](C)(C)C,medium
1219,[*]CC([*])(C)C(=O)OC1CCCC1,13,13,1219,348.15,data/graphs_tg2/batch_1/1219.npz,[*]CC([*])(C)C(=O)OC1CCCC1,0.9642857142857143,4367,[*]CC([*])(C)C(=O)OC1CCCCC1,high
5347,[*]Sc1ccc2c(c1)Sc1ccc(Sc3ccc(Sc4ccc([*])cc4)cc3)cc1S2,31,35,5347,427.15,data/graphs_tg2/batch_5/5347.npz,[*]Sc1ccc2c(c1)Sc1ccc(Sc3ccc(Sc4ccc([*])cc4)cc3)cc1S2,0.5333333333333333,5687,[*]c1ccc(Sc2ccc3c(c2)Sc2ccc(Sc4ccc(-n5c(=O)c6cc7c(=O)n([*])c(=O)c7cc6c5=O)cc4)cc2S3)cc1,medium
2525,[*]CCCCCn1c(=O)c2cc3c(=O)n(CCCCCC(=O)Oc4ccc(Oc5ccc(OC([*])=O)cc5)cc4)c(=O)c3cc2c1=O,47,51,2525,364.15,data/graphs_tg2/batch_2/2525.npz,[*]CCCCCn1c(=O)c2cc3c(=O)n(CCCCCC(=O)Oc4ccc(Oc5ccc(OC([*])=O)cc5)cc4)c(=O)c3cc2c1=O,0.8367346938775511,5831,[*]CCCCCCCCCCCn1c(=O)c2cc3c(=O)n(CCCCCCCCCCCC(=O)Oc4ccc5cc(OC([*])=O)ccc5c4)c(=O)c3cc2c1=O,high
3305,[*]NC(=O)C(=O)Nc1cc([*])ccc1C,15,15,3305,218.5,data/graphs_tg2/batch_3/3305.npz,[*]NC(=O)C(=O)Nc1cc([*])ccc1C,0.6,4272,[*]NC(=O)OCCOC(=O)Nc1cc([*])ccc1C,medium
892,[*]C=CC(=O)Nc1cccc(C=C2CCC(=Cc3cccc(NC(=O)C=CC(=O)NNC([*])=O)c3)C2=O)c1,38,40,892,377.75,data/graphs_tg2/batch_0/892.npz,[*]C=CC(=O)Nc1cccc(C=C2CCC(=Cc3cccc(NC(=O)C=CC(=O)NNC([*])=O)c3)C2=O)c1,0.9183673469387755,1311,[*]C=CC(=O)Nc1cccc(C=C2CCCC(=Cc3cccc(NC(=O)C=CC(=O)NNC([*])=O)c3)C2=O)c1,high
7068,[*]c1nnc(-c2cc(CCCCCCCC)c(-c3ccc(-c4sc(-c5nnc(-c6cc(OCCCCCCCC)c([*])cc6OCCCCCCCC)o5)cc4CCCCCCCC)s3)s2)o1,67,72,7068,307.25,data/graphs_tg2/batch_7/7068.npz,[*]c1nnc(-c2cc(CCCCCCCC)c(-c3ccc(-c4sc(-c5nnc(-c6cc(OCCCCCCCC)c([*])cc6OCCCCCCCC)o5)cc4CCCCCCCC)s3)s2)o1,0.5238095238095238,3853,[*]c1ccc(-c2nnc([*])o2)c(OCCCCCCCCCC)c1,medium
1656,[*]CC([*])C(=O)OCCCCCCOc1ccc(C(=O)Oc2ccc(C#N)cc2)cc1,31,32,1656,292.65,data/graphs_tg2/batch_1/1656.npz,[*]CC([*])C(=O)OCCCCCCOc1ccc(C(=O)Oc2ccc(C#N)cc2)cc1,0.9130434782608695,789,[*]CC([*])C(=O)OCCCCCCCCCCOC(=O)c1ccc(OC(=O)c2ccc(C#N)cc2)cc1,high
4901,[*]Oc1ccc(C2(c3ccc(OC(=O)c4cccc(C([*])=O)c4)cc3)C(=O)Nc3c(Cl)cc(Cl)cc32)cc1,38,42,4901,543.15,data/graphs_tg2/batch_4/4901.npz,[*]Oc1ccc(C2(c3ccc(OC(=O)c4cccc(C([*])=O)c4)cc3)C(=O)Nc3c(Cl)cc(Cl)cc32)cc1,0.6833333333333333,2729,[*]Oc1ccc(C2(c3ccc(OC(=O)c4cccc(C([*])=O)c4)cc3)C(=O)Nc3ccccc32)cc1,medium
5237,[*]Oc1ccc2nc(-c3cccc(-c4nc5ccc([*])cc5nc4-c4ccccc4)c3)c(-c3ccccc3)nc2c1,41,47,5237,543.15,data/graphs_tg2/batch_5/5237.npz,[*]Oc1ccc2nc(-c3cccc(-c4nc5ccc([*])cc5nc4-c4ccccc4)c3)c(-c3ccccc3)nc2c1,1.0,1505,[*]Oc1ccc2nc(-c3ccccc3)c(-c3cccc(-c4nc5cc([*])ccc5nc4-c4ccccc4)c3)nc2c1,high
5132,[*]Oc1ccc(Sc2ccc(Oc3ccc4c(c3)C(=O)N(c3cccc(S(=O)(=O)c5cccc(N6C(=O)c7ccc([*])cc7C6=O)c5)c3)C4=O)cc2)cc1,54,61,5132,504.15,data/graphs_tg2/batch_5/5132.npz,[*]Oc1ccc(Sc2ccc(Oc3ccc4c(c3)C(=O)N(c3cccc(S(=O)(=O)c5cccc(N6C(=O)c7ccc([*])cc7C6=O)c5)c3)C4=O)cc2)cc1,0.8518518518518519,1054,[*]Oc1ccc(S(=O)(=O)c2ccc(Oc3ccc4c(c3)C(=O)N(c3cccc(S(=O)(=O)c5cccc(N6C(=O)c7ccc([*])cc7C6=O)c5)c3)C4=O)cc2)cc1,high
2040,[*]CC([*])c1ccccc1COCCCC,16,16,2040,340.15,data/graphs_tg2/batch_2/2040.npz,[*]CC([*])c1ccccc1COCCCC,0.9142857142857143,243,[*]CC([*])c1ccccc1COCCCCC,high
2344,[*]CCCCCCCCC(=O)NCCCCCCCCCCCNC([*])=O,27,26,2344,313.15,data/graphs_tg2/batch_2/2344.npz,[*]CCCCCCCCC(=O)NCCCCCCCCCCCNC([*])=O,1.0,124,[*]CCCCCCCC(=O)NCCCCCCNC([*])=O,high
1591,[*]CC([*])C(=O)NCCCCCC(=O)O,15,14,1591,341.15,data/graphs_tg2/batch_1/1591.npz,[*]CC([*])C(=O)NCCCCCC(=O)O,0.6666666666666666,3419,[*]CC([*])C(=O)NCCCCCCCC,medium
6463,[*]c1ccc(Oc2ccc(C(c3ccc(Oc4ccc(S([*])(=O)=O)cc4)cc3)(C(F)(F)F)C(F)(F)F)cc2)cc1,40,43,6463,472.85,data/graphs_tg2/batch_6/6463.npz,[*]c1ccc(Oc2ccc(C(c3ccc(Oc4ccc(S([*])(=O)=O)cc4)cc3)(C(F)(F)F)C(F)(F)F)cc2)cc1,0.696969696969697,2947,[*]c1ccc(Oc2ccc(Oc3ccc(Oc4ccc(S([*])(=O)=O)cc4)cc3)cc2)cc1,medium
3264,[*]N=P([*])(OCCOCCOCCOCCOCCOCCOCCOCCOC)OCCOCCOCCOCCOCCOCCOCCOCCOC,56,55,3264,198.15,data/graphs_tg2/batch_3/3264.npz,[*]N=P([*])(OCCOCCOCCOCCOCCOCCOCCOCCOC)OCCOCCOCCOCCOCCOCCOCCOCCOC,1.0,684,[*]N=P([*])(OCCOCCOC)OCCOCCOC,high
2593,[*]CCC[Si]([*])(c1ccc(C)cc1)c1ccc(C)cc1,20,21,2593,311.15,data/graphs_tg2/batch_2/2593.npz,[*]CCC[Si]([*])(c1ccc(C)cc1)c1ccc(C)cc1,0.5714285714285714,4753,[*]CCC[Si]([*])(c1ccccc1)c1ccc(N(C)C)cc1,medium
971,[*]C=Cc1cc(OC)c([*])cc1OCC(CC)CCCC,21,21,971,339.15,data/graphs_tg2/batch_0/971.npz,[*]C=Cc1cc(OC)c([*])cc1OCC(CC)CCCC,0.9545454545454546,1853,[*]C=Cc1cc(OC)c(C=Cc2cc(OC)c([*])cc2OCC(CC)CCCC)cc1OC,high
4178,[*]OC(=O)c1ccc(C(=O)Oc2cc(OCCOC)c([*])cc2OCCOC)cc1-c1ccccc1,36,38,4178,365.15,data/graphs_tg2/batch_4/4178.npz,[*]OC(=O)c1ccc(C(=O)Oc2cc(OCCOC)c([*])cc2OCCOC)cc1-c1ccccc1,0.515625,2608,[*]OC(=O)c1ccc(-c2ccc(C(=O)Oc3ccc([*])cc3C)cc2)cc1-c1ccccc1,medium
7003,[*]c1cccc(-n2nc(-c3ccccc3)c3ccc(Oc4ccc5c(=O)n([*])nc(-c6ccccc6)c5c4)cc3c2=O)c1C#N,45,51,7003,574.15,data/graphs_tg2/batch_7/7003.npz,[*]c1cccc(-n2nc(-c3ccccc3)c3ccc(Oc4ccc5c(=O)n([*])nc(-c6ccccc6)c5c4)cc3c2=O)c1C#N,0.6714285714285714,755,[*]c1ccc(Oc2ccc3c(-c4ccccc4)nn(-c4cccc(-n5nc(-c6ccccc6)c6cc(Oc7ccc(C([*])(C)C)cc7)ccc6c5=O)c4C#N)c(=O)c3c2)cc1,medium
4812,[*]Oc1ccc(-c2ccc(Oc3cccc([*])n3)cc2)cc1,22,24,4812,392.15,data/graphs_tg2/batch_4/4812.npz,[*]Oc1ccc(-c2ccc(Oc3cccc([*])n3)cc2)cc1,0.896551724137931,254,[*]Oc1ccc(Oc2cccc([*])n2)cc1,high
1484,[*]CC([*])(C)C(=O)Oc1ccc(C(=O)/C=C/c2ccc(OCc3ccccc3)cc2)cc1,32,34,1484,425.15,data/graphs_tg2/batch_1/1484.npz,[*]CC([*])(C)C(=O)Oc1ccc(C(=O)/C=C/c2ccc(OCc3ccccc3)cc2)cc1,0.7346938775510204,1227,[*]CC([*])(C)C(=O)Oc1ccc(OCc2ccccc2)cc1,medium
2769,[*]CN1C(=O)c2ccc(C(c3ccc4c(c3)C(=O)N(Cc3nc5ccc(Cc6ccc7nc([*])oc(=O)c7c6)cc5c(=O)o3)C4=O)(C(F)(F)F)C(F)(F)F)cc2C1=O,58,65,2769,491.15,data/graphs_tg2/batch_2/2769.npz,[*]CN1C(=O)c2ccc(C(c3ccc4c(c3)C(=O)N(Cc3nc5ccc(Cc6ccc7nc([*])oc(=O)c7c6)cc5c(=O)o3)C4=O)(C(F)(F)F)C(F)(F)F)cc2C1=O,0.4675324675324675,4966,[*]c1ccc2c(c1)C(=O)N(Cc1nc3cc(-c4ccc5oc(CN6C(=O)c7ccc(C([*])(C(F)(F)F)C(F)(F)F)cc7C6=O)nc5c4)ccc3o1)C2=O,low
480,[*]C(=O)c1ccc(Oc2ccc(Oc3ccc(C(=O)c4ccc(Oc5ccc(Oc6ccc([*])cc6C(C)C)cc5)c(C(C)C)c4)cc3)cc2)cc1,52,57,480,418.15,data/graphs_tg2/batch_0/480.npz,[*]C(=O)c1ccc(Oc2ccc(Oc3ccc(C(=O)c4ccc(Oc5ccc(Oc6ccc([*])cc6C(C)C)cc5)c(C(C)C)c4)cc3)cc2)cc1,0.7446808510638298,1360,[*]C(=O)c1ccc(C(=O)c2ccc(Oc3ccc([*])cc3C)c(C(C)C)c2)cc1,medium
6246,[*]c1ccc(OP(=O)(Oc2ccc(C([*])(C)C)cc2)OC2CCCCC2)cc1,28,30,6246,359.15,data/graphs_tg2/batch_6/6246.npz,[*]c1ccc(OP(=O)(Oc2ccc(C([*])(C)C)cc2)OC2CCCCC2)cc1,0.6136363636363636,3006,[*]c1ccc(OP(=O)(Oc2ccccc2)Oc2ccc(C([*])(C)C)cc2)cc1,medium
4502,[*]OCCOC(=O)c1ccc(Oc2ccc(C([*])=O)cc2)cc1,23,24,4502,347.15,data/graphs_tg2/batch_4/4502.npz,[*]OCCOC(=O)c1ccc(Oc2ccc(C([*])=O)cc2)cc1,0.8387096774193549,1121,[*]OCCOC(=O)c1ccc(C([*])=O)cc1,high
2835,[*]COC(=O)OC1COC2C(OC(=O)OCC3OC(C)(C)OC3[*])COC12,27,29,2835,368.65,data/graphs_tg2/batch_2/2835.npz,[*]COC(=O)OC1COC2C(OC(=O)OCC3OC(C)(C)OC3[*])COC12,0.6976744186046512,3755,[*]COC(=O)OCC1OC(C)(C)OC1[*],medium
2310,[*]CCCCCCC(=O)Oc1ccccc1C(=O)OC(=O)c1ccccc1OC([*])=O,31,32,2310,301.15,data/graphs_tg2/batch_2/2310.npz,[*]CCCCCCC(=O)Oc1ccccc1C(=O)OC(=O)c1ccccc1OC([*])=O,1.0,3020,[*]CCCCCCCC(=O)Oc1ccccc1C(=O)OC(=O)c1ccccc1OC([*])=O,high
258,[*]C(=O)Nc1ccc(Oc2ccc(C(C)(C)c3ccc(Oc4ccc(NC(=O)c5cc([*])cc(NC(=O)c6ccc(OC(C)=O)cc6)c5)cc4)cc3)cc2)cc1,56,61,258,516.15,data/graphs_tg2/batch_0/258.npz,[*]C(=O)Nc1ccc(Oc2ccc(C(C)(C)c3ccc(Oc4ccc(NC(=O)c5cc([*])cc(NC(=O)c6ccc(OC(C)=O)cc6)c5)cc4)cc3)cc2)cc1,0.8775510204081632,212,[*]C(=O)Nc1ccc(Oc2ccc(Oc3ccc(NC(=O)c4cc([*])cc(NC(=O)c5ccc(OC(C)=O)cc5)c4)cc3)cc2)cc1,high
2379,[*]CCCCCCCCC(=O)OCC#CC(C#CCOC([*])=O)=Cc1ccc(C#Cc2ccccc2)cc1,38,39,2379,333.15,data/graphs_tg2/batch_2/2379.npz,[*]CCCCCCCCC(=O)OCC#CC(C#CCOC([*])=O)=Cc1ccc(C#Cc2ccccc2)cc1,0.7894736842105263,2611,[*]CCCCCCCCC(=O)OCC#CC(C#CCOC([*])=O)=Cc1ccc(C#Cc2ccc([N+](=O)[O-])cc2)cc1,medium
1437,[*]CC([*])(C)C(=O)OCCn1c2ccccc2c2cc(/N=N/c3ccc([N+](=O)[O-])cc3[N+](=O)[O-])ccc21,37,40,1437,455.15,data/graphs_tg2/batch_1/1437.npz,[*]CC([*])(C)C(=O)OCCn1c2ccccc2c2cc(/N=N/c3ccc([N+](=O)[O-])cc3[N+](=O)[O-])ccc21,0.9117647058823529,3368,[*]CC([*])(C)C(=O)OCCCCn1c2ccccc2c2cc(/N=N/c3ccc([N+](=O)[O-])cc3[N+](=O)[O-])ccc21,high
2484,[*]CCCCCCCCCCNC(=O)CCCCCNC([*])=O,23,22,2484,298.65,data/graphs_tg2/batch_2/2484.npz,[*]CCCCCCCCCCNC(=O)CCCCCNC([*])=O,1.0,124,[*]CCCCCCCC(=O)NCCCCCCNC([*])=O,high
5117,[*]Oc1ccc(S([*])(=O)=O)cc1,12,12,5117,392.15,data/graphs_tg2/batch_5/5117.npz,[*]Oc1ccc(S([*])(=O)=O)cc1,0.5925925925925926,2947,[*]c1ccc(Oc2ccc(Oc3ccc(Oc4ccc(S([*])(=O)=O)cc4)cc3)cc2)cc1,medium
672,[*]C(=O)c1cccc(C(=O)c2ccc(Oc3ccc(N4C(=O)c5ccc(C(=O)c6ccc7c(c6)C(=O)N(c6ccc(Oc8ccc([*])cc8)cc6)C7=O)cc5C4=O)cc3)cc2)c1,62,70,672,495.15,data/graphs_tg2/batch_0/672.npz,[*]C(=O)c1cccc(C(=O)c2ccc(Oc3ccc(N4C(=O)c5ccc(C(=O)c6ccc7c(c6)C(=O)N(c6ccc(Oc8ccc([*])cc8)cc6)C7=O)cc5C4=O)cc3)cc2)c1,0.9375,2054,[*]C(=O)c1cccc(C(=O)c2ccc(Oc3ccc(N4C(=O)c5ccc(Oc6ccc(Oc7ccc(Oc8ccc9c(c8)C(=O)N(c8ccc(Oc%10ccc([*])cc%10)cc8)C9=O)cc7)cc6)cc5C4=O)cc3)cc2)c1,high
3848,[*]Nc1ccc(Oc2ccc(C(=O)c3ccc(Oc4ccc(NC(=O)c5ccc(C([*])=O)cn5)cc4)cc3)cc2)cc1,42,46,3848,443.15,data/graphs_tg2/batch_3/3848.npz,[*]Nc1ccc(Oc2ccc(C(=O)c3ccc(Oc4ccc(NC(=O)c5ccc(C([*])=O)cn5)cc4)cc3)cc2)cc1,0.76,3480,[*]Nc1cccc(Oc2ccc(C(=O)c3ccc(Oc4cccc(NC(=O)c5ccc(C([*])=O)cn5)c4)cc3)cc2)c1,medium
5998,[*]c1ccc(NC(=O)c2cc(C(=O)Nc3ccc(C([*])(C)C)cc3)cc(S(=O)(=O)c3ccccc3)c2)cc1,38,41,5998,560.15,data/graphs_tg2/batch_5/5998.npz,[*]c1ccc(NC(=O)c2cc(C(=O)Nc3ccc(C([*])(C)C)cc3)cc(S(=O)(=O)c3ccccc3)c2)cc1,0.7446808510638298,2664,[*]c1ccc(NC(=O)c2cc(NC(=O)c3ccccc3)cc(C(=O)Nc3ccc(C([*])(C)C)cc3)c2)cc1,medium
2796,[*]COC(=O)C1CCC(C(=O)OCC([*])(C)C)CC1,19,19,2796,303.15,data/graphs_tg2/batch_2/2796.npz,[*]COC(=O)C1CCC(C(=O)OCC([*])(C)C)CC1,0.5625,800,[*]COC(=O)OCC([*])(C)C,medium
5727,[*]c1ccc(-c2ccc3c(c2)C(=O)N(CCCCCCN2C(=O)c4ccc([*])cc4C2=O)C3=O)cc1,36,40,5727,414.15,data/graphs_tg2/batch_5/5727.npz,[*]c1ccc(-c2ccc3c(c2)C(=O)N(CCCCCCN2C(=O)c4ccc([*])cc4C2=O)C3=O)cc1,1.0,435,[*]c1ccc(-c2ccc3c(c2)C(=O)N(CCCCCCCCCN2C(=O)c4ccc([*])cc4C2=O)C3=O)cc1,high
641,[*]C(=O)c1ccc2nc(-c3ccccc3)c(-c3ccc(N4C(=O)c5ccc(C(=O)c6ccc7c(c6)C(=O)N(c6ccc(-c8nc9cc([*])ccc9nc8-c8ccccc8)cc6)C7=O)cc5C4=O)cc3)nc2c1,72,83,641,528.15,data/graphs_tg2/batch_0/641.npz,[*]C(=O)c1ccc2nc(-c3ccccc3)c(-c3ccc(N4C(=O)c5ccc(C(=O)c6ccc7c(c6)C(=O)N(c6ccc(-c8nc9cc([*])ccc9nc8-c8ccccc8)cc6)C7=O)cc5C4=O)cc3)nc2c1,0.8571428571428571,206,[*]C(=O)c1ccc2c(c1)C(=O)N(c1ccc(-c3nc4cc(-c5ccc6nc(-c7ccccc7)c(-c7ccc(N8C(=O)c9ccc([*])cc9C8=O)cc7)nc6c5)ccc4nc3-c3ccccc3)cc1)C2=O,high
7212,[*]C(=O)c1ccc2c(c1)C(=O)N(c1cccc(Cc3cccc(N4C(=O)c5ccc([*])cc5C4=O)c3)c1)C2=O,39,44,7212,522.65,data/graphs_tg2/batch_7/7212.npz,[*]C(=O)c1ccc2c(c1)C(=O)N(c1cccc(Cc3cccc(N4C(=O)c5ccc([*])cc5C4=O)c3)c1)C2=O,0.9545454545454546,190,[*]C(=O)c1ccc2c(c1)C(=O)N(c1cccc(Cc3ccc(Cc4ccc(Cc5cccc(N6C(=O)c7ccc([*])cc7C6=O)c5)cc4)cc3)c1)C2=O,high
2534,[*]CCCCOCCCCC(=O)NCc1ccc(CNC([*])=O)cc1,25,25,2534,343.15,data/graphs_tg2/batch_2/2534.npz,[*]CCCCOCCCCC(=O)NCc1ccc(CNC([*])=O)cc1,0.8108108108108109,1290,[*]CCCCCCCCCCCCCC(=O)NCc1ccc(CNC([*])=O)cc1,high
471,[*]C(=O)c1ccc(Oc2ccc(C3(c4ccc(Oc5ccc([*])cc5)cc4)c4ccccc4-c4ccccc43)cc2)cc1,43,49,471,525.15,data/graphs_tg2/batch_0/471.npz,[*]C(=O)c1ccc(Oc2ccc(C3(c4ccc(Oc5ccc([*])cc5)cc4)c4ccccc4-c4ccccc43)cc2)cc1,0.925,881,[*]C(=O)c1ccc(C(=O)c2ccc(Oc3ccc(C4(c5ccc(Oc6ccc([*])cc6)cc5)c5ccccc5-c5ccccc54)cc3)cc2)cc1,high
3789,[*]Nc1ccc(N2C(=O)c3ccc(C(=O)Nc4ccc(S(=O)(=O)c5ccc(NC(=O)c6ccc7c(c6)C(=O)N(c6ccc(NC([*])=O)cc6)C7=O)cc5)cc4)cc3C2=O)cc1,61,68,3789,478.15,data/graphs_tg2/batch_3/3789.npz,[*]Nc1ccc(N2C(=O)c3ccc(C(=O)Nc4ccc(S(=O)(=O)c5ccc(NC(=O)c6ccc7c(c6)C(=O)N(c6ccc(NC([*])=O)cc6)C7=O)cc5)cc4)cc3C2=O)cc1,0.9,1484,[*]Nc1ccc(S(=O)(=O)c2ccc(NC(=O)c3ccc4c(c3)C(=O)N(c3ccc(S(=O)(=O)c5ccc(N6C(=O)c7ccc(C([*])=O)cc7C6=O)cc5)cc3)C4=O)cc2)cc1,high
1946,[*]CC([*])c1ccc(C(O)CCN2CCCCC2)cc1,20,21,1946,327.15,data/graphs_tg2/batch_1/1946.npz,[*]CC([*])c1ccc(C(O)CCN2CCCCC2)cc1,0.7435897435897436,265,[*]CC([*])c1ccc(C(O)CCN2CCOCC2)cc1,medium
3026,[*]Cc1cc2cc(C(=O)Nc3cccc(NC(=O)c4cc5cc([*])c(OC(=O)COc6ccc7ccc(=O)oc7c6)cc5oc4=O)c3)c(=O)oc2cc1OC(=O)COc1ccc2ccc(=O)oc2c1,69,77,3026,513.15,data/graphs_tg2/batch_3/3026.npz,[*]Cc1cc2cc(C(=O)Nc3cccc(NC(=O)c4cc5cc([*])c(OC(=O)COc6ccc7ccc(=O)oc7c6)cc5oc4=O)c3)c(=O)oc2cc1OC(=O)COc1ccc2ccc(=O)oc2c1,0.8955223880597015,4096,[*]Cc1cc2cc(C(=O)Nc3ccc(NC(=O)c4cc5cc([*])c(OC(=O)COc6ccc7ccc(=O)oc7c6)cc5oc4=O)cc3)c(=O)oc2cc1OC(=O)COc1ccc2ccc(=O)oc2c1,high
4915,[*]Oc1ccc(C2(c3ccc(OC([*])=O)cc3)CCc3ccccc32)cc1,27,30,4915,492.15,data/graphs_tg2/batch_4/4915.npz,[*]Oc1ccc(C2(c3ccc(OC([*])=O)cc3)CCc3ccccc32)cc1,0.75,3947,[*]Oc1ccc(C2(c3ccc(OC(=O)c4ccc(C([*])=O)cc4)cc3)CCc3ccccc32)cc1,medium
173,[*]C#Cc1ccc(C#C[Si](C)(C)O[Si](C)(C)O[Si](C)(C)O[Si](C)(C)O[Si]([*])(C)C)cc1,31,31,173,357.15,data/graphs_tg2/batch_0/173.npz,[*]C#Cc1ccc(C#C[Si](C)(C)O[Si](C)(C)O[Si](C)(C)O[Si](C)(C)O[Si]([*])(C)C)cc1,1.0,4602,[*]C#Cc1ccc(C#C[Si](C)(C)O[Si](C)(C)O[Si](C)(C)O[Si]([*])(C)C)cc1,high
3284,[*]N=P([*])(Oc1ccc(C(C)CC)cc1)Oc1ccc(C(C)CC)cc1,26,27,3284,261.65,data/graphs_tg2/batch_3/3284.npz,[*]N=P([*])(Oc1ccc(C(C)CC)cc1)Oc1ccc(C(C)CC)cc1,0.696969696969697,3851,[*]N=P([*])(Oc1ccc(C(C)C)cc1)Oc1ccc(C(C)C)cc1,medium
406,[*]C(=O)c1ccc(C(c2ccc(C(=O)c3ccc(Sc4ccc([*])cc4)cc3)cc2)(C(F)(F)F)C(F)(F)F)cc1,40,43,406,448.15,data/graphs_tg2/batch_0/406.npz,[*]C(=O)c1ccc(C(c2ccc(C(=O)c3ccc(Sc4ccc([*])cc4)cc3)cc2)(C(F)(F)F)C(F)(F)F)cc1,0.6428571428571429,2018,[*]C(=O)c1ccc(Oc2ccc(C(c3ccc(Oc4ccc([*])cc4)cc3)(C(F)(F)F)C(F)(F)F)cc2)cc1,medium
2327,[*]CCCCCCCC(c1ccc(O)cc1)C([*])c1ccc(O)cc1C,26,27,2327,277.15,data/graphs_tg2/batch_2/2327.npz,[*]CCCCCCCC(c1ccc(O)cc1)C([*])c1ccc(O)cc1C,1.0,382,[*]CCCCCCCCCCC(c1ccc(O)cc1)C([*])c1ccc(O)cc1C,high
6740,[*]c1ccc2c(c1)C(=O)N(c1ccc(-c3ccc(N4C(=O)c5ccc([*])cc5C4=O)cc3OC(F)(F)F)c(OC(F)(F)F)c1)C2=O,46,51,6740,608.15,data/graphs_tg2/batch_6/6740.npz,[*]c1ccc2c(c1)C(=O)N(c1ccc(-c3ccc(N4C(=O)c5ccc([*])cc5C4=O)cc3OC(F)(F)F)c(OC(F)(F)F)c1)C2=O,0.6428571428571429,5150,[*]c1ccc2c(c1)C(=O)N(c1ccc(-c3ccc(N4C(=O)c5ccc([*])cc5C4=O)cc3C(F)(F)F)c(C(F)(F)F)c1)C2=O,medium
408,[*]C(=O)c1ccc(N([*])CCC)cc1,14,14,408,409.15,data/graphs_tg2/batch_0/408.npz,[*]C(=O)c1ccc(N([*])CCC)cc1,0.8064516129032258,418,[*]C(=O)c1ccc(N([*])CCCC)cc1,high
1645,[*]CC([*])C(=O)OCCCCCCCCCCCn1c2ccccc2c2ccccc21,31,33,1645,288.15,data/graphs_tg2/batch_1/1645.npz,[*]CC([*])C(=O)OCCCCCCCCCCCn1c2ccccc2c2ccccc21,1.0,2938,[*]CC([*])C(=O)OCCCCCCCCn1c2ccccc2c2ccccc21,high
2109,[*]CC=CC[Si]([*])(C)C,9,8,2109,215.65,data/graphs_tg2/batch_2/2109.npz,[*]CC=CC[Si]([*])(C)C,0.5,3327,[*]CC=CC[Si]([*])(C=C)C=C,medium
3265,[*]N=P([*])(OCCOCCOCCOP1(OCCOCCOC)=NP(OCCOCCOC)(OCCOCCOC)=NP(OCCOCCOC)(OCCOCCOC)=N1)OCCOCCOCCOP1(OCCOCCOC)=NP(OCCOCCOC)(OCCOCCOC)=NP(OCCOCCOC)(OCCOCCOC)=N1,116,117,3265,235.15,data/graphs_tg2/batch_3/3265.npz,[*]N=P([*])(OCCOCCOCCOP1(OCCOCCOC)=NP(OCCOCCOC)(OCCOCCOC)=NP(OCCOCCOC)(OCCOCCOC)=N1)OCCOCCOCCOP1(OCCOCCOC)=NP(OCCOCCOC)(OCCOCCOC)=NP(OCCOCCOC)(OCCOCCOC)=N1,0.71875,684,[*]N=P([*])(OCCOCCOC)OCCOCCOC,medium
3859,[*]Nc1ccc(Oc2ccc(C(c3ccc(Oc4ccc(NC(=O)c5ccc6c(c5)C(=O)N(c5ccc(Oc7ccc(C8(c9ccc(Oc%10ccc(N%11C(=O)c%12ccc(C([*])=O)cc%12C%11=O)cc%10)cc9)CC9CC8C8CCCC98)cc7)cc5)C6=O)cc4)cc3)(C(F)(F)F)C(F)(F)F)cc2)cc1,101,115,3859,527.15,data/graphs_tg2/batch_3/3859.npz,[*]Nc1ccc(Oc2ccc(C(c3ccc(Oc4ccc(NC(=O)c5ccc6c(c5)C(=O)N(c5ccc(Oc7ccc(C8(c9ccc(Oc%10ccc(N%11C(=O)c%12ccc(C([*])=O)cc%12C%11=O)cc%10)cc9)CC9CC8C8CCCC98)cc7)cc5)C6=O)cc4)cc3)(C(F)(F)F)C(F)(F)F)cc2)cc1,0.8734177215189873,4242,[*]Nc1ccc(Oc2ccc(Oc3ccc(NC(=O)c4ccc5c(c4)C(=O)N(c4ccc(Oc6ccc(C7(c8ccc(Oc9ccc(N%10C(=O)c%11ccc(C([*])=O)cc%11C%10=O)cc9)cc8)CC8CC7C7CCCC87)cc6)cc4)C5=O)cc3)cc2)cc1,high
1874,[*]CC([*])c1cc(-c2ccc(C(=O)OC(C)CCCCCC)cc2)ccc1-c1ccc(C(=O)OC(C)CCCCCC)cc1,44,46,1874,375.15,data/graphs_tg2/batch_1/1874.npz,[*]CC([*])c1cc(-c2ccc(C(=O)OC(C)CCCCCC)cc2)ccc1-c1ccc(C(=O)OC(C)CCCCCC)cc1,0.7647058823529411,1340,[*]CC([*])c1cc(-c2ccc(C(=O)OC(C)CC)cc2)ccc1-c1ccc(C(=O)OC(C)CC)cc1,medium
5050,[*]Oc1ccc(Oc2ccc(C(=O)c3ccccc3)c(-c3cc([*])ccc3C(=O)c3ccccc3)c2)cc1,38,42,5050,429.15,data/graphs_tg2/batch_5/5050.npz,[*]Oc1ccc(Oc2ccc(C(=O)c3ccccc3)c(-c3cc([*])ccc3C(=O)c3ccccc3)c2)cc1,0.926829268292683,4016,[*]Oc1ccc(-c2ccc(Oc3ccc(C(=O)c4ccccc4)c(-c4cc([*])ccc4C(=O)c4ccccc4)c3)cc2)cc1,high
1094,[*]CC(C)C([*])(C)C,8,7,1094,310.15,data/graphs_tg2/batch_1/1094.npz,[*]CC(C)C([*])(C)C,0.3888888888888889,390,[*]CC([*])(C)C,low
6375,[*]c1ccc(Oc2ccc(/C=N/c3ccc(Oc4ccc(-c5ccc(Oc6ccc(/N=C/c7ccc(Oc8ccc(S([*])(=O)=O)cc8)cc7)cc6)cc5)cc4)cc3)cc2)cc1,61,68,6375,400.15,data/graphs_tg2/batch_6/6375.npz,[*]c1ccc(Oc2ccc(/C=N/c3ccc(Oc4ccc(-c5ccc(Oc6ccc(/N=C/c7ccc(Oc8ccc(S([*])(=O)=O)cc8)cc7)cc6)cc5)cc4)cc3)cc2)cc1,0.9210526315789473,2917,[*]c1ccc(Oc2ccc(/C=N/c3ccc(Oc4ccc(S([*])(=O)=O)cc4)cc3)cc2)cc1,high
7177,[*]c1ccc(OC(=O)c2ccc(C(=O)Oc3ccc(C([*])(C)C)cc3)cc2)cc1,29,31,7177,473.075,data/graphs_tg2/batch_7/7177.npz,[*]c1ccc(OC(=O)c2ccc(C(=O)Oc3ccc(C([*])(C)C)cc3)cc2)cc1,0.9117647058823529,464,[*]c1ccc(OC(=O)c2ccc(C(=O)c3ccc(C(=O)Oc4ccc(C([*])(C)C)cc4)cc3)cc2)cc1,high
7104,[*]CC([*])C(=O)OCCCCCCCCCCCCCCCCCC,25,24,7104,270.825,data/graphs_tg2/batch_7/7104.npz,[*]CC([*])C(=O)OCCCCCCCCCCCCCCCCCC,1.0,2757,[*]CC([*])C(=O)OCCCCCCC,high
3618,[*]Nc1ccc(-c2cc(Br)ccc2NC(=O)c2ccc(C([*])=O)cc2)cc1,27,29,3618,558.15,data/graphs_tg2/batch_3/3618.npz,[*]Nc1ccc(-c2cc(Br)ccc2NC(=O)c2ccc(C([*])=O)cc2)cc1,0.8666666666666667,2001,[*]Nc1ccc(-c2cc(Br)ccc2NC(=O)c2ccc(Oc3ccc(C([*])=O)cc3)cc2)cc1,high
860,[*]C=C(C)CC([*])(C)C(=O)OC,12,11,860,297.15,data/graphs_tg2/batch_0/860.npz,[*]C=C(C)CC([*])(C)C(=O)OC,0.4444444444444444,3737,[*]CC(C)CC([*])(C)C(=O)OC,low
5212,[*]Oc1ccc2cc(Oc3ccc4c(c3)C(=O)N(c3ccc(Oc5ccc(-c6ccc(Oc7ccc(N8C(=O)c9ccc([*])cc9C8=O)cc7)cc6)cc5)cc3)C4=O)ccc2c1,62,71,5212,503.15,data/graphs_tg2/batch_5/5212.npz,[*]Oc1ccc2cc(Oc3ccc4c(c3)C(=O)N(c3ccc(Oc5ccc(-c6ccc(Oc7ccc(N8C(=O)c9ccc([*])cc9C8=O)cc7)cc6)cc5)cc3)C4=O)ccc2c1,0.9545454545454546,545,[*]Oc1ccc2ccc(Oc3ccc4c(c3)C(=O)N(c3ccc(Oc5ccc(-c6ccc(Oc7ccc(N8C(=O)c9ccc([*])cc9C8=O)cc7)cc6)cc5)cc3)C4=O)cc2c1,high
5511,[*]c1cc(C)c(OP(=O)(Oc2ccccc2)Oc2c(C)cc(S([*])(=O)=O)cc2C)c(C)c1,32,34,5511,415.15,data/graphs_tg2/batch_5/5511.npz,[*]c1cc(C)c(OP(=O)(Oc2ccccc2)Oc2c(C)cc(S([*])(=O)=O)cc2C)c(C)c1,0.7727272727272727,1673,[*]c1cc(C)c(OP(=O)(Oc2ccc(Br)cc2)Oc2c(C)cc(S([*])(=O)=O)cc2C)c(C)c1,medium
85,[*]=Cc1ccc(/C=C/c2ccc(N(c3ccccc3)c3ccc(N(c4ccccc4)c4ccc(/C=C/c5ccc(/C=C(\C#N)C(=O)NC6CCCCC6NC(=O)C(=[*])C#N)s5)cc4)cc3)cc2)s1,68,75,85,513.15,data/graphs_tg2/batch_0/85.npz,[*]=Cc1ccc(/C=C/c2ccc(N(c3ccccc3)c3ccc(N(c4ccccc4)c4ccc(/C=C/c5ccc(/C=C(\C#N)C(=O)NC6CCCCC6NC(=O)C(=[*])C#N)s5)cc4)cc3)cc2)s1,0.6578947368421053,1021,[*]=Cc1ccc(C=Cc2ccc(N(c3ccccc3)c3ccc(N(c4ccccc4)c4ccc(C=Cc5ccc(C=C(C#N)C(=O)Nc6cc(-c7ccc(O)c(NC(=O)C(=[*])C#N)c7)ccc6O)s5)cc4)cc3)cc2)s1,medium
262,[*]C(=O)Nc1ccc(Oc2ccc(NC(=O)NC3CC(C)(C)CC(C)(CNC(=O)Nc4ccc(Oc5ccc(NC(=O)C(CC(C)C)n6c(=O)c7cc8c(=O)n(C([*])CC(C)C)c(=O)c8cc7c6=O)cc5)cc4)C3)cc2)cc1,78,85,262,420.65,data/graphs_tg2/batch_0/262.npz,[*]C(=O)Nc1ccc(Oc2ccc(NC(=O)NC3CC(C)(C)CC(C)(CNC(=O)Nc4ccc(Oc5ccc(NC(=O)C(CC(C)C)n6c(=O)c7cc8c(=O)n(C([*])CC(C)C)c(=O)c8cc7c6=O)cc5)cc4)C3)cc2)cc1,0.6455696202531646,4791,[*]C(=O)Nc1ccc(Oc2ccc(NC(=O)Nc3ccc(Cc4ccc(NC(=O)Nc5ccc(Oc6ccc(NC(=O)C(CC(C)C)n7c(=O)c8cc9c(=O)n(C([*])CC(C)C)c(=O)c9cc8c7=O)cc6)cc5)cc4)cc3)cc2)cc1,medium
5908,[*]c1ccc(CNC(=O)OCC(OC(=O)NCc2ccc(C([*])(C)C)o2)c2ccco2)o1,32,34,5908,293.15,data/graphs_tg2/batch_5/5908.npz,[*]c1ccc(CNC(=O)OCC(OC(=O)NCc2ccc(C([*])(C)C)o2)c2ccco2)o1,0.6491228070175439,597,[*]c1ccc(CNC(=O)OCCOC(=O)NCc2ccc(C([*])(C)C)o2)o1,medium
2419,[*]CCCCCCCCCCC(=O)NCCCCCCCCNC([*])=O,26,25,2419,323.15,data/graphs_tg2/batch_2/2419.npz,[*]CCCCCCCCCCC(=O)NCCCCCCCCNC([*])=O,1.0,124,[*]CCCCCCCC(=O)NCCCCCCNC([*])=O,high
6585,[*]c1ccc(Oc2ccc(S(=O)(=O)c3ccc(Oc4ccc(C([*])(C)C)cc4[N+](=O)[O-])cc3)cc2)cc1,37,40,6585,463.15,data/graphs_tg2/batch_6/6585.npz,[*]c1ccc(Oc2ccc(S(=O)(=O)c3ccc(Oc4ccc(C([*])(C)C)cc4[N+](=O)[O-])cc3)cc2)cc1,0.851063829787234,5560,[*]c1ccc(Oc2ccc(S(=O)(=O)c3ccc(Oc4ccc(C([*])(C)C)cc4)c([N+](=O)[O-])c3)cc2[N+](=O)[O-])cc1,high
1701,[*]CC([*])C(=O)OCc1c(Br)c(Br)c(Br)c(Br)c1Br,19,19,1701,454.15,data/graphs_tg2/batch_1/1701.npz,[*]CC([*])C(=O)OCc1c(Br)c(Br)c(Br)c(Br)c1Br,0.5142857142857142,2236,[*]CC([*])C(=O)OCc1ccccc1,medium
678,[*]C(=O)c1cccc(C(=O)c2ccc(Oc3ccc(N4C(=O)c5ccc(Oc6ccc7c(c6)C(=O)N(c6ccc(Oc8ccc([*])cc8)c(C(F)(F)F)c6)C7=O)cc5C4=O)cc3C(F)(F)F)cc2)n1,69,77,678,485.35,data/graphs_tg2/batch_0/678.npz,[*]C(=O)c1cccc(C(=O)c2ccc(Oc3ccc(N4C(=O)c5ccc(Oc6ccc7c(c6)C(=O)N(c6ccc(Oc8ccc([*])cc8)c(C(F)(F)F)c6)C7=O)cc5C4=O)cc3C(F)(F)F)cc2)n1,0.8428571428571429,2129,[*]C(=O)c1cccc(C(=O)c2ccc(Oc3ccc(N4C(=O)c5ccc(C(c6ccc7c(c6)C(=O)N(c6ccc(Oc8ccc([*])cc8)c(C(F)(F)F)c6)C7=O)(C(F)(F)F)C(F)(F)F)cc5C4=O)cc3C(F)(F)F)cc2)n1,high
2384,[*]CCCCCCCCC(=O)OCCCCCCOC([*])=O,22,21,2384,235.15,data/graphs_tg2/batch_2/2384.npz,[*]CCCCCCCCC(=O)OCCCCCCOC([*])=O,1.0,230,[*]CCCCC(=O)OCCCCCOC([*])=O,high
3442,[*]NCCCCCCCCCCCCCCCCCCNC(=O)NCc1ccc(CNC([*])=O)cc1,36,36,3442,325.15,data/graphs_tg2/batch_3/3442.npz,[*]NCCCCCCCCCCCCCCCCCCNC(=O)NCc1ccc(CNC([*])=O)cc1,1.0,1849,[*]NCCCCCCCCCCCCCCNC(=O)NCc1ccc(CNC([*])=O)cc1,high
4552,[*]O[Si](C)(C)O[Si](C)(C)O[Si](C)(C)c1ccc(Oc2ccc([Si](C)(C)O[Si](C)(C)O[Si]([*])(C)C)cc2)cc1,38,39,4552,208.15,data/graphs_tg2/batch_4/4552.npz,[*]O[Si](C)(C)O[Si](C)(C)O[Si](C)(C)c1ccc(Oc2ccc([Si](C)(C)O[Si](C)(C)O[Si]([*])(C)C)cc2)cc1,0.967741935483871,41,[*]O[Si](C)(C)O[Si](C)(C)c1ccc(Oc2ccc([Si](C)(C)O[Si](C)(C)O[Si]([*])(C)C)cc2)cc1,high
6475,[*]c1ccc(Oc2ccc(C3(c4ccc(Oc5ccc(S([*])(=O)=O)cc5)cc4)CC4CCC3C4)cc2)cc1,38,43,6475,523.15,data/graphs_tg2/batch_6/6475.npz,[*]c1ccc(Oc2ccc(C3(c4ccc(Oc5ccc(S([*])(=O)=O)cc5)cc4)CC4CCC3C4)cc2)cc1,0.6595744680851063,3079,[*]c1ccc(Oc2ccc(C3(c4ccc(Oc5ccc(S([*])(=O)=O)cc5)cc4)C4CC5CC(C4)CC3C5)cc2)cc1,medium
5353,[*][Si]([*])(C)c1ccc(COCCN(CC)c2ccc(/N=N/c3ccc([N+](=O)[O-])cc3)cc2)cc1,34,36,5353,425.15,data/graphs_tg2/batch_5/5353.npz,[*][Si]([*])(C)c1ccc(COCCN(CC)c2ccc(/N=N/c3ccc([N+](=O)[O-])cc3)cc2)cc1,0.546875,70,[*]CC([*])C(=O)OCCN(CC)c1ccc(/N=N/c2ccc([N+](=O)[O-])cc2)cc1,medium
1799,[*]CC([*])OC(=O)C(F)(F)C(F)(F)C(F)(F)C(F)(F)F,20,19,1799,293.15,data/graphs_tg2/batch_1/1799.npz,[*]CC([*])OC(=O)C(F)(F)C(F)(F)C(F)(F)C(F)(F)F,0.9642857142857143,957,[*]CC([*])OC(=O)C(F)(F)C(F)(F)C(F)(F)C(F)(F)C(F)(F)C(F)(F)C(F)(F)F,high
6728,[*]c1ccc2c(c1)C(=O)N(c1ccc(-c3ccc(N4C(=O)c5ccc(C([*])(C(F)(F)F)C(F)(F)F)cc5C4=O)c(O)c3)cc1O)C2=O,47,52,6728,631.15,data/graphs_tg2/batch_6/6728.npz,[*]c1ccc2c(c1)C(=O)N(c1ccc(-c3ccc(N4C(=O)c5ccc(C([*])(C(F)(F)F)C(F)(F)F)cc5C4=O)c(O)c3)cc1O)C2=O,0.8333333333333334,3294,[*]c1ccc2c(c1)C(=O)N(c1cc(-c3ccc(O)c(N4C(=O)c5ccc(C([*])(C(F)(F)F)C(F)(F)F)cc5C4=O)c3)ccc1O)C2=O,high
883,[*]C=C1CCC/C(=C\c2ccc(OCCCCCCCCCCOc3ccc([*])cc3OC)c(OC)c2)C1=O,39,41,883,333.15,data/graphs_tg2/batch_0/883.npz,[*]C=C1CCC/C(=C\c2ccc(OCCCCCCCCCCOc3ccc([*])cc3OC)c(OC)c2)C1=O,1.0,1706,[*]C=C1CCC/C(=C\c2ccc(OCCCCCCCCOc3ccc([*])cc3OC)c(OC)c2)C1=O,high
4297,[*]OCCCC(=O)NNC(=O)c1ccc(C(=O)NNC(=O)CCCOc2ccc([*])cc2C)cc1,35,36,4297,412.15,data/graphs_tg2/batch_4/4297.npz,[*]OCCCC(=O)NNC(=O)c1ccc(C(=O)NNC(=O)CCCOc2ccc([*])cc2C)cc1,0.9148936170212766,796,[*]OCCCCCC(=O)NNC(=O)c1ccc(C(=O)NNC(=O)CCCCCOc2ccc([*])cc2C)cc1,high
5438,[*]c1cc(C(=O)Oc2ccc(-c3ccc(O[Si](C)(C)C(C)(C)C)cc3)cc2)cc(N2C(=O)c3ccc(-c4ccc5c(c4)C(=O)N([*])C5=O)cc3C2=O)c1,53,59,5438,503.15,data/graphs_tg2/batch_5/5438.npz,[*]c1cc(C(=O)Oc2ccc(-c3ccc(O[Si](C)(C)C(C)(C)C)cc3)cc2)cc(N2C(=O)c3ccc(-c4ccc5c(c4)C(=O)N([*])C5=O)cc3C2=O)c1,0.5,3541,[*]c1cc(C(=O)NCCCC)cc(N2C(=O)c3ccc(-c4ccc5c(c4)C(=O)N([*])C5=O)cc3C2=O)c1,medium
690,[*]C(=O)c1cccc(N2C(=O)c3ccc(C(=O)c4ccc5c(c4)C(=O)N(c4ccc(Cc6ccc([*])cc6)cc4)C5=O)cc3C2=O)c1,47,53,690,563.15,data/graphs_tg2/batch_0/690.npz,[*]C(=O)c1cccc(N2C(=O)c3ccc(C(=O)c4ccc5c(c4)C(=O)N(c4ccc(Cc6ccc([*])cc6)cc4)C5=O)cc3C2=O)c1,0.9,2511,[*]C(=O)c1cccc(N2C(=O)c3ccc(C(=O)c4ccc5c(c4)C(=O)N(c4cccc(Cc6ccc([*])cc6)c4)C5=O)cc3C2=O)c1,high
5109,[*]Oc1ccc(S(=O)(=O)c2ccc(Oc3cccc4c3C(=O)N(c3ccc(Oc5ccc(N6C(=O)c7cccc([*])c7C6=O)cc5)cc3)C4=O)cc2)cc1,54,61,5109,540.15,data/graphs_tg2/batch_5/5109.npz,[*]Oc1ccc(S(=O)(=O)c2ccc(Oc3cccc4c3C(=O)N(c3ccc(Oc5ccc(N6C(=O)c7cccc([*])c7C6=O)cc5)cc3)C4=O)cc2)cc1,0.9230769230769231,1901,[*]Oc1ccc(S(=O)(=O)c2ccc(Oc3cccc4c3C(=O)N(c3ccc(Oc5cccc(Oc6ccc(N7C(=O)c8cccc([*])c8C7=O)cc6)c5)cc3)C4=O)cc2)cc1,high
5007,[*]Oc1ccc(OC(=O)c2ccc(C([*])=O)cc2Sc2ccccc2)cc1,27,29,5007,454.15,data/graphs_tg2/batch_5/5007.npz,[*]Oc1ccc(OC(=O)c2ccc(C([*])=O)cc2Sc2ccccc2)cc1,0.8085106382978723,5514,[*]Oc1ccc(OC(=O)c2ccc(C([*])=O)cc2Sc2ccc3ccccc3c2)cc1,high
3771,[*]Nc1ccc(Cc2ccc(NC(=O)c3ccc4c(c3)C(=O)N(c3ccc(-c5sc(-c6ccc(N7C(=O)c8ccc(C([*])=O)cc8C7=O)cc6)c(-c6ccccc6)c5-c5ccccc5)cc3)C4=O)cc2)cc1,72,82,3771,526.15,data/graphs_tg2/batch_3/3771.npz,[*]Nc1ccc(Cc2ccc(NC(=O)c3ccc4c(c3)C(=O)N(c3ccc(-c5sc(-c6ccc(N7C(=O)c8ccc(C([*])=O)cc8C7=O)cc6)c(-c6ccccc6)c5-c5ccccc5)cc3)C4=O)cc2)cc1,0.9032258064516129,483,[*]Nc1ccc(NC(=O)c2ccc3c(c2)C(=O)N(c2ccc(-c4sc(-c5ccc(N6C(=O)c7ccc(C([*])=O)cc7C6=O)cc5)c(-c5ccccc5)c4-c4ccccc4)cc2)C3=O)cc1,high
4492,[*]OCCOC(=O)CCCCC(=O)OCCOc1nc(-c2ccc(OC)cc2)nc([*])c1-c1ccc(OC)cc1,40,42,4492,321.15,data/graphs_tg2/batch_4/4492.npz,[*]OCCOC(=O)CCCCC(=O)OCCOc1nc(-c2ccc(OC)cc2)nc([*])c1-c1ccc(OC)cc1,0.9607843137254902,2818,[*]OCCOC(=O)CCCC(=O)OCCOc1nc(-c2ccc(OC)cc2)nc([*])c1-c1ccc(OC)cc1,high
5697,[*]c1ccc(-c2ccc(N3C(=O)c4ccc(C(=O)Oc5ccc(C(C)(C)c6ccc(OC(=O)c7ccc8c(c7)C(=O)N([*])C8=O)cc6)cc5)cc4C3=O)cc2C)c(C)c1,59,66,5697,439.15,data/graphs_tg2/batch_5/5697.npz,[*]c1ccc(-c2ccc(N3C(=O)c4ccc(C(=O)Oc5ccc(C(C)(C)c6ccc(OC(=O)c7ccc8c(c7)C(=O)N([*])C8=O)cc6)cc5)cc4C3=O)cc2C)c(C)c1,0.8166666666666667,3894,[*]c1ccc(-c2ccc(N3C(=O)c4ccc(C(=O)Oc5c(C)cc(C(C)(C)c6cc(C)c(OC(=O)c7ccc8c(c7)C(=O)N([*])C8=O)c(C)c6)cc5C)cc4C3=O)cc2C)c(C)c1,high
7319,[*]Oc1ccc(Oc2ccc3c(c2)C(=O)N(c2ccc(Oc4ccc(N5C(=O)c6ccc([*])cc6C5=O)cc4)cc2)C3=O)cc1,45,51,7319,514.15,data/graphs_tg2/batch_7/7319.npz,[*]Oc1ccc(Oc2ccc3c(c2)C(=O)N(c2ccc(Oc4ccc(N5C(=O)c6ccc([*])cc6C5=O)cc4)cc2)C3=O)cc1,1.0,3011,[*]Oc1ccc(Oc2ccc(Oc3ccc4c(c3)C(=O)N(c3ccc(Oc5ccc(N6C(=O)c7ccc([*])cc7C6=O)cc5)cc3)C4=O)cc2)cc1,high
4877,[*]Oc1ccc(C(c2ccc(Oc3ccc4c(c3)C(=O)N(CCCCN3C(=O)c5ccc([*])cc5C3=O)C4=O)cc2)(C(F)(F)F)C(F)(F)F)cc1,51,56,4877,453.15,data/graphs_tg2/batch_4/4877.npz,[*]Oc1ccc(C(c2ccc(Oc3ccc4c(c3)C(=O)N(CCCCN3C(=O)c5ccc([*])cc5C3=O)C4=O)cc2)(C(F)(F)F)C(F)(F)F)cc1,0.7755102040816326,2064,[*]Oc1ccc(Oc2ccc(Oc3ccc4c(c3)C(=O)N(CCCCCCN3C(=O)c5ccc([*])cc5C3=O)C4=O)cc2)cc1,medium
6312,[*]c1ccc(Oc2ccc(-c3cnc(-n4c(=O)c5cc6c(=O)n([*])c(=O)c6cc5c4=O)s3)cc2)cc1,36,41,6312,601.95,data/graphs_tg2/batch_6/6312.npz,[*]c1ccc(Oc2ccc(-c3cnc(-n4c(=O)c5cc6c(=O)n([*])c(=O)c6cc5c4=O)s3)cc2)cc1,0.6122448979591837,2102,[*]c1ccc(Oc2ccc(-c3ccc(Oc4ccc(-n5c(=O)c6cc7c(=O)n([*])c(=O)c7cc6c5=O)cc4)cc3)cc2)cc1,medium
2374,[*]CCCCCCCCC(=O)OC/C=C/COC([*])=O,20,19,2374,232.15,data/graphs_tg2/batch_2/2374.npz,[*]CCCCCCCCC(=O)OC/C=C/COC([*])=O,0.6774193548387096,285,[*]CCCCCCCC(=O)OCCOC([*])=O,medium
3187,[*]N(CCC)[Si](C)(C)C[Si]([*])(C)C,13,12,3187,253.15,data/graphs_tg2/batch_3/3187.npz,[*]N(CCC)[Si](C)(C)C[Si]([*])(C)C,0.2916666666666667,3117,[*]C[Si]([*])(C)C,low
5816,[*]c1ccc(C(=O)NCCN(CCNC(=O)c2ccc([Si]([*])(C)C)cc2)c2ccc(/C=C/c3ccc([N+](=O)[O-])cc3)cc2)cc1,45,48,5816,423.15,data/graphs_tg2/batch_5/5816.npz,[*]c1ccc(C(=O)NCCN(CCNC(=O)c2ccc([Si]([*])(C)C)cc2)c2ccc(/C=C/c3ccc([N+](=O)[O-])cc3)cc2)cc1,0.7936507936507936,979,[*]c1ccc(C(=O)NCCN(CCNC(=O)c2ccc([Si]([*])(CCCC)CCCC)cc2)c2ccc(/C=C/c3ccc([N+](=O)[O-])cc3)cc2)cc1,medium
3502,[*]NCCCCCCNC(=O)OCCOCCOCCOCCOC([*])=O,27,26,3502,256.15,data/graphs_tg2/batch_3/3502.npz,[*]NCCCCCCNC(=O)OCCOCCOCCOCCOC([*])=O,1.0,1085,[*]NCCCCCCNC(=O)OCCOCCOC([*])=O,high
927,[*]C=CC1CC([*])C2C(=O)N(CCCC)C(=O)C12,18,19,927,404.15,data/graphs_tg2/batch_0/927.npz,[*]C=CC1CC([*])C2C(=O)N(CCCC)C(=O)C12,0.9210526315789473,4217,[*]C=CC1CC([*])C2C(=O)N(CCCCC)C(=O)C12,high
3654,[*]Nc1ccc(-c2nc3cc(NC(=O)c4ccc(OCCOc5ccc(C([*])=O)cc5)cc4)ccc3[nH]2)cc1,39,43,3654,498.15,data/graphs_tg2/batch_3/3654.npz,[*]Nc1ccc(-c2nc3cc(NC(=O)c4ccc(OCCOc5ccc(C([*])=O)cc5)cc4)ccc3[nH]2)cc1,0.9464285714285714,381,[*]Nc1ccc(-c2nc3cc(NC(=O)c4ccc(OCCOCCOc5ccc(C([*])=O)cc5)cc4)ccc3[nH]2)cc1,high
7117,[*]CC([*])c1ccc(C(C)CC)cc1,14,14,7117,358.5,data/graphs_tg2/batch_7/7117.npz,[*]CC([*])c1ccc(C(C)CC)cc1,0.6071428571428571,2238,[*]CC([*])c1ccc(CC)cc1,medium
5931,[*]c1ccc(Cn2c(=O)c3cc4c(=O)n(Cc5ccc(C([*])(C)CCC)o5)c(=O)c4cc3c2=O)o1,35,39,5931,407.15,data/graphs_tg2/batch_5/5931.npz,[*]c1ccc(Cn2c(=O)c3cc4c(=O)n(Cc5ccc(C([*])(C)CCC)o5)c(=O)c4cc3c2=O)o1,0.7608695652173914,3337,[*]c1ccc(Cn2c(=O)c3cc4c(=O)n(Cc5ccc(C([*])(C)C)o5)c(=O)c4cc3c2=O)o1,medium
2721,[*]CCc1ccc(CC(=O)NCCCCCCNC([*])=O)cc1,23,23,2721,360.15,data/graphs_tg2/batch_2/2721.npz,[*]CCc1ccc(CC(=O)NCCCCCCNC([*])=O)cc1,0.7837837837837838,203,[*]CCc1ccc(CCC(=O)NCCCCCCCCCCCCNC([*])=O)cc1,medium
4277,[*]OCC(F)(F)C(F)(F)C(F)(F)COC(=O)c1cccc(C(F)(F)C(F)(F)C(F)(F)C(F)(F)C(F)(F)c2cccc(C([*])=O)c2)c1,46,47,4277,302.15,data/graphs_tg2/batch_4/4277.npz,[*]OCC(F)(F)C(F)(F)C(F)(F)COC(=O)c1cccc(C(F)(F)C(F)(F)C(F)(F)C(F)(F)C(F)(F)c2cccc(C([*])=O)c2)c1,0.9333333333333333,3807,[*]OCC(F)(F)C(F)(F)C(F)(F)COC(=O)c1cccc(C(F)(F)C(F)(F)C(F)(F)c2cccc(C([*])=O)c2)c1,high
4801,[*]Oc1ccc(-c2ccc(Oc3ccc(S(=O)(=O)c4ccc([*])cc4N)c(N)c3)cc2)cc1,33,36,4801,515.35,data/graphs_tg2/batch_4/4801.npz,[*]Oc1ccc(-c2ccc(Oc3ccc(S(=O)(=O)c4ccc([*])cc4N)c(N)c3)cc2)cc1,0.6086956521739131,3491,[*]c1ccc(Oc2ccc(S(=O)(=O)c3ccc(Oc4ccc(C([*])(C)C)cc4)cc3N)c(N)c2)cc1,medium
5235,[*]Oc1ccc2nc(-c3ccc(Oc4ccc(-c5nc6ccc([*])cc6c(-c6ccccc6)c5-c5ccccc5)cc4)cc3)c(-c3ccccc3)c(-c3ccccc3)c2c1,60,69,5235,578.15,data/graphs_tg2/batch_5/5235.npz,[*]Oc1ccc2nc(-c3ccc(Oc4ccc(-c5nc6ccc([*])cc6c(-c6ccccc6)c5-c5ccccc5)cc4)cc3)c(-c3ccccc3)c(-c3ccccc3)c2c1,1.0,2042,[*]Oc1ccc2nc(-c3ccccc3)c(-c3ccc(Oc4ccc(-c5c(-c6ccccc6)nc6ccc([*])cc6c5-c5ccccc5)cc4)cc3)c(-c3ccccc3)c2c1,high
6010,[*]c1ccc(NC(=S)N=Cc2ccc(Cl)c(-n3c(=O)c4cc5c(=O)n([*])c(=O)c5cc4c3=O)c2)cc1,36,40,6010,549.15,data/graphs_tg2/batch_6/6010.npz,[*]c1ccc(NC(=S)N=Cc2ccc(Cl)c(-n3c(=O)c4cc5c(=O)n([*])c(=O)c5cc4c3=O)c2)cc1,0.5068493150684932,4083,[*]C(=O)c1ccc2c(c1)C(=O)N(c1cc(/C=N/C(=S)Nc3ccc(N4C(=O)c5ccc([*])cc5C4=O)cc3)ccc1Cl)C2=O,medium
6963,[*]c1ccc2nc(CCCCCCCCCCc3nc4ccc([*])cc4o3)oc2c1,30,33,6963,337.15,data/graphs_tg2/batch_6/6963.npz,[*]c1ccc2nc(CCCCCCCCCCc3nc4ccc([*])cc4o3)oc2c1,1.0,2113,[*]c1ccc2nc(CCCCCCCCc3nc4ccc([*])cc4o3)oc2c1,high
894,[*]C=CC(=O)OC1COC2C(OC([*])=O)COC12,18,19,894,333.15,data/graphs_tg2/batch_0/894.npz,[*]C=CC(=O)OC1COC2C(OC([*])=O)COC12,0.6176470588235294,5324,[*]OC1COC2C(OC([*])=O)COC12,medium
4409,[*]OCCCCCCOc1ccc(-n2on2-c2ccc(OCCCCCCOC(=O)C(CCCCCP(=O)(O)O)C([*])=O)cc2)cc1,47,49,4409,290.15,data/graphs_tg2/batch_4/4409.npz,[*]OCCCCCCOc1ccc(-n2on2-c2ccc(OCCCCCCOC(=O)C(CCCCCP(=O)(O)O)C([*])=O)cc2)cc1,1.0,3502,[*]OCCCCCCOc1ccc(-n2on2-c2ccc(OCCCCCCOC(=O)C(CCCCCCP(=O)(O)O)C([*])=O)cc2)cc1,high
6509,[*]c1ccc(Oc2ccc(NC(=O)c3ccc(Oc4ccc5ccc(Oc6ccc(C(=O)Nc7ccc(Oc8ccc(C(C)(C)c9ccc(C([*])(C)C)cc9)cc8)cc7)cc6)cc5c4)cc3)cc2)cc1,70,78,6509,439.15,data/graphs_tg2/batch_6/6509.npz,[*]c1ccc(Oc2ccc(NC(=O)c3ccc(Oc4ccc5ccc(Oc6ccc(C(=O)Nc7ccc(Oc8ccc(C(C)(C)c9ccc(C([*])(C)C)cc9)cc8)cc7)cc6)cc5c4)cc3)cc2)cc1,1.0,3771,[*]c1ccc(NC(=O)c2ccc(Oc3ccc4ccc(Oc5ccc(C(=O)Nc6ccc(C(C)(C)c7ccc(C([*])(C)C)cc7)cc6)cc5)cc4c3)cc2)cc1,high
6103,[*]c1ccc(OC(=O)c2ccc(C(C)(C)c3ccc(C(=O)Oc4ccc(C([*])(C)C)cc4)cc3)cc2)cc1,38,41,6103,503.15,data/graphs_tg2/batch_6/6103.npz,[*]c1ccc(OC(=O)c2ccc(C(C)(C)c3ccc(C(=O)Oc4ccc(C([*])(C)C)cc4)cc3)cc2)cc1,0.8378378378378378,464,[*]c1ccc(OC(=O)c2ccc(C(=O)c3ccc(C(=O)Oc4ccc(C([*])(C)C)cc4)cc3)cc2)cc1,high
3599,[*]Nc1cc(NC(=O)c2ccc3[nH]c(-c4cccc(-c5nc6cc(C([*])=O)ccc6[nH]5)c4)nc3c2)cc(-c2nc3ccccc3[nH]2)c1,47,54,3599,588.15,data/graphs_tg2/batch_3/3599.npz,[*]Nc1cc(NC(=O)c2ccc3[nH]c(-c4cccc(-c5nc6cc(C([*])=O)ccc6[nH]5)c4)nc3c2)cc(-c2nc3ccccc3[nH]2)c1,0.8035714285714286,952,[*]Nc1cccc(NC(=O)c2ccc3[nH]c(-c4cccc(-c5nc6cc(C([*])=O)ccc6[nH]5)c4)nc3c2)c1,high
7271,[*]CC([*])c1cc(C)ccc1C,12,12,7271,416.0,data/graphs_tg2/batch_7/7271.npz,[*]CC([*])c1cc(C)ccc1C,0.7142857142857143,3606,[*]CC([*])c1ccc(C)cc1C,medium
2581,[*]CCCSSCC[*],9,8,2581,201.15,data/graphs_tg2/batch_2/2581.npz,[*]CCCSSCC[*],0.7142857142857143,1793,[*]CCSSCC[*],medium
4518,[*]OCCOCCOC(=O)c1cccc(C([*])=O)c1,19,19,4518,289.15,data/graphs_tg2/batch_4/4518.npz,[*]OCCOCCOC(=O)c1cccc(C([*])=O)c1,1.0,2212,[*]OCCOCCOCCOCCOCCOCCOC(=O)c1cccc(C([*])=O)c1,high
4257,[*]OC1CCC(OC([*])=O)CC1,12,12,4257,411.15,data/graphs_tg2/batch_4/4257.npz,[*]OC1CCC(OC([*])=O)CC1,0.5517241379310345,525,[*]OC1CC2CC(OC([*])=O)CC(C1)O2,medium
4783,[*]Oc1ccc(-c2ccc(OC(=O)c3ccc4c(c3)C(=O)N(CCCCCCCCCCCN3C(=O)c5ccc(C([*])=O)cc5C3=O)C4=O)cc2)cc1,53,58,4783,370.15,data/graphs_tg2/batch_4/4783.npz,[*]Oc1ccc(-c2ccc(OC(=O)c3ccc4c(c3)C(=O)N(CCCCCCCCCCCN3C(=O)c5ccc(C([*])=O)cc5C3=O)C4=O)cc2)cc1,1.0,906,[*]Oc1ccc(-c2ccc(OC(=O)c3ccc4c(c3)C(=O)N(CCCCCCN3C(=O)c5ccc(C([*])=O)cc5C3=O)C4=O)cc2)cc1,high
4580,[*]O[Si](C)(C)c1ccc2c(c1)C(=O)N(c1cccc(Cc3cccc(N4C(=O)c5ccc([Si]([*])(C)C)cc5C4=O)c3)c1)C2=O,44,49,4580,490.15,data/graphs_tg2/batch_4/4580.npz,[*]O[Si](C)(C)c1ccc2c(c1)C(=O)N(c1cccc(Cc3cccc(N4C(=O)c5ccc([Si]([*])(C)C)cc5C4=O)c3)c1)C2=O,0.8571428571428571,183,[*]O[Si](C)(C)c1ccc2c(c1)C(=O)N(c1cccc(Cc3cccc(N4C(=O)c5ccc([Si](C)(C)O[Si]([*])(C)C)cc5C4=O)c3)c1)C2=O,high
1096,[*]CC(CBr)O[*],7,6,1096,259.15,data/graphs_tg2/batch_1/1096.npz,[*]CC(CBr)O[*],0.5238095238095238,1471,[*]CC(CCl)O[*],medium
2655,[*]CCNC(=O)c1cc(C(=O)NCCC(C)C([*])C)cc(C(C)(C)C)c1,26,26,2655,446.15,data/graphs_tg2/batch_2/2655.npz,[*]CCNC(=O)c1cc(C(=O)NCCC(C)C([*])C)cc(C(C)(C)C)c1,0.7045454545454546,4196,[*]CCNC(=O)c1cccc(C(=O)NCCC(C)C([*])C)c1,medium
6390,[*]c1ccc(Oc2ccc(C(=O)Nc3ccc(Oc4ccc(C(c5ccc(Oc6ccc(NC(=O)c7ccc(Oc8ccc(C(C)(C)c9ccc(C([*])(C)C)cc9)cc8)cc7)cc6)cc5)(C(F)(F)F)C(F)(F)F)cc4)cc3)cc2)cc1,81,89,6390,442.15,data/graphs_tg2/batch_6/6390.npz,[*]c1ccc(Oc2ccc(C(=O)Nc3ccc(Oc4ccc(C(c5ccc(Oc6ccc(NC(=O)c7ccc(Oc8ccc(C(C)(C)c9ccc(C([*])(C)C)cc9)cc8)cc7)cc6)cc5)(C(F)(F)F)C(F)(F)F)cc4)cc3)cc2)cc1,0.8490566037735849,4138,[*]c1ccc(Oc2ccc(C(=O)Nc3ccc(Oc4ccc(C(c5ccc(Oc6ccc(NC(=O)c7ccc(Oc8ccc(C(C)(C)c9cccc(C([*])(C)C)c9)cc8)cc7)cc6)cc5)(C(F)(F)F)C(F)(F)F)cc4)cc3)cc2)cc1,high
6633,[*]c1ccc(Oc2ccc3c4c2cccc4c(=O)n2c4ccc(-c5ccc6nc7c8cccc9c(Oc%10ccc(C([*])(C)C)cc%10)ccc(c(=O)n7c6c5)c98)cc4nc32)cc1,61,72,6633,653.15,data/graphs_tg2/batch_6/6633.npz,[*]c1ccc(Oc2ccc3c4c2cccc4c(=O)n2c4ccc(-c5ccc6nc7c8cccc9c(Oc%10ccc(C([*])(C)C)cc%10)ccc(c(=O)n7c6c5)c98)cc4nc32)cc1,0.7536231884057971,516,[*]C(=O)c1ccc(Oc2ccc3c(=O)n4c5cc(-c6ccc7c(c6)nc6c8ccc(Oc9ccc([*])cc9)c9cccc(c(=O)n76)c98)ccc5nc4c4cccc2c34)cc1,medium
665,[*]C(=O)c1cccc(C(=O)c2ccc(Oc3ccc(-n4c(=O)c5cc6c(=O)n(-c7ccc(Oc8ccc([*])cc8)cc7)c(=O)c6cc5c4=O)cc3)cc2)c1,54,61,665,520.15,data/graphs_tg2/batch_0/665.npz,[*]C(=O)c1cccc(C(=O)c2ccc(Oc3ccc(-n4c(=O)c5cc6c(=O)n(-c7ccc(Oc8ccc([*])cc8)cc7)c(=O)c6cc5c4=O)cc3)cc2)c1,0.7272727272727273,3405,[*]C(=O)c1cccc(C(=O)c2ccc(Oc3ccc(Oc4ccc([*])cc4)cc3)cc2)c1,medium
5352,[*][Si]([*])(C)CCCOCC1COC(C)(C)O1,16,16,5352,225.15,data/graphs_tg2/batch_5/5352.npz,[*][Si]([*])(C)CCCOCC1COC(C)(C)O1,0.4,3441,[*]O[Si]([*])(C)CCCOCC1COC(=O)O1,low
4759,[*]Oc1cc(C)c([*])c(-c2ccccc2)c1,16,17,4759,453.15,data/graphs_tg2/batch_4/4759.npz,[*]Oc1cc(C)c([*])c(-c2ccccc2)c1,0.5945945945945946,4827,[*]Oc1cc(-c2ccccc2)c([*])c(-c2cccc(-c3ccccc3)c2-c2ccccc2)c1,medium
3339,[*]NC(=O)OCCCCCCCCOc1ccc(-c2ccc(OCCCCCCCCOC(=O)Nc3ccc([*])cc3C)cc2)cc1,47,49,3339,354.15,data/graphs_tg2/batch_3/3339.npz,[*]NC(=O)OCCCCCCCCOc1ccc(-c2ccc(OCCCCCCCCOC(=O)Nc3ccc([*])cc3C)cc2)cc1,1.0,3420,[*]NC(=O)OCCCCCCCCCCCOc1ccc(-c2ccc(OCCCCCCCCCCCOC(=O)Nc3ccc([*])cc3C)cc2)cc1,high
5670,[*]c1ccc(-c2ccc(-c3sc(-c4ccc([Si](CCCC)(CCCC)[Si](CCCC)(CCCC)c5ccc(-c6cc(CCCCCCCC)c([*])s6)s5)s4)cc3CCCCCCCC)s2)s1,66,71,5670,263.15,data/graphs_tg2/batch_5/5670.npz,[*]c1ccc(-c2ccc(-c3sc(-c4ccc([Si](CCCC)(CCCC)[Si](CCCC)(CCCC)c5ccc(-c6cc(CCCCCCCC)c([*])s6)s5)s4)cc3CCCCCCCC)s2)s1,0.8490566037735849,456,[*]c1ccc(-c2ccc(-c3sc(-c4ccc([Si](CCCC)(CCCC)c5ccc(-c6cc(CCCCCCCC)c([*])s6)s5)s4)cc3CCCCCCCC)s2)s1,high
2654,[*]CCN1C(=O)c2ccc(C(c3ccc4c(c3)C(=O)N(CCN([*])c3ccc(/N=N/c5ccc([N+](=O)[O-])cc5C)cc3)C4=O)(C(F)(F)F)C(F)(F)F)cc2C1=O,56,61,2654,478.15,data/graphs_tg2/batch_2/2654.npz,[*]CCN1C(=O)c2ccc(C(c3ccc4c(c3)C(=O)N(CCN([*])c3ccc(/N=N/c5ccc([N+](=O)[O-])cc5C)cc3)C4=O)(C(F)(F)F)C(F)(F)F)cc2C1=O,0.6712328767123288,2107,[*]CCN1C(=O)c2ccc(C(c3ccc4c(c3)C(=O)N(CCN([*])c3ccc(/N=N/c5ccc(C=O)cc5)cc3)C4=O)(C(F)(F)F)C(F)(F)F)cc2C1=O,medium
1718,[*]CC([*])C(=O)Oc1ccc(C(=O)Oc2ccc(OC(=O)c3ccc(OCCCCC)cc3)cc2)cc1,37,39,1718,321.15,data/graphs_tg2/batch_1/1718.npz,[*]CC([*])C(=O)Oc1ccc(C(=O)Oc2ccc(OC(=O)c3ccc(OCCCCC)cc3)cc2)cc1,0.95,3025,[*]CC([*])C(=O)Oc1ccc(C(=O)Oc2ccc(OC(=O)c3ccc(OCCCC)cc3)cc2)cc1,high
1342,[*]CC([*])(C)C(=O)OCCCCCCOc1ccc(C(=O)Oc2ccc(/N=N/c3ccccc3)c3ccccc23)cc1,42,45,1342,319.15,data/graphs_tg2/batch_1/1342.npz,[*]CC([*])(C)C(=O)OCCCCCCOc1ccc(C(=O)Oc2ccc(/N=N/c3ccccc3)c3ccccc23)cc1,0.890625,4880,[*]CC([*])(C)C(=O)OCCCCCCOc1ccc(C(=O)Oc2ccc(/N=N/c3ccc(C)cc3)c3ccccc23)cc1,high
4876,[*]Oc1ccc(C(c2ccc(Oc3ccc(S(=O)(=O)c4ccc([*])cc4[Si](C)(C)C)c([Si](C)(C)C)c3)cc2)(C(F)(F)F)C(F)(F)F)cc1,48,51,4876,445.15,data/graphs_tg2/batch_4/4876.npz,[*]Oc1ccc(C(c2ccc(Oc3ccc(S(=O)(=O)c4ccc([*])cc4[Si](C)(C)C)c([Si](C)(C)C)c3)cc2)(C(F)(F)F)C(F)(F)F)cc1,0.6379310344827587,5721,[*]c1ccc(Oc2ccc(S(=O)(=O)c3ccc(Oc4ccc(C([*])(C(F)(F)F)C(F)(F)F)cc4[Si](C)(C)C)cc3[Si](C)(C)C)c([Si](C)(C)C)c2)c([Si](C)(C)C)c1,medium
4972,[*]Oc1ccc(NC(=O)c2ccc(Oc3ccc(Oc4ccc(C(=O)Nc5ccc(Oc6ccc([*])cc6C)cc5)cc4)cc3C)cc2)cc1,50,55,4972,491.65,data/graphs_tg2/batch_4/4972.npz,[*]Oc1ccc(NC(=O)c2ccc(Oc3ccc(Oc4ccc(C(=O)Nc5ccc(Oc6ccc([*])cc6C)cc5)cc4)cc3C)cc2)cc1,0.9545454545454546,5486,[*]Oc1ccc(C(=O)Nc2ccc(Oc3ccc(Oc4ccc(NC(=O)c5ccc(Oc6ccc([*])cc6C)cc5)cc4)cc3)cc2)cc1,high
3857,[*]Nc1ccc(Oc2ccc(C(c3ccc(Oc4ccc(NC(=O)c5ccc(Oc6ccc7ccc(Oc8ccc(C([*])=O)cc8)cc7c6)cc5)cc4)cc3)(C(F)(F)F)C(F)(F)F)cc2)cc1,67,74,3857,436.15,data/graphs_tg2/batch_3/3857.npz,[*]Nc1ccc(Oc2ccc(C(c3ccc(Oc4ccc(NC(=O)c5ccc(Oc6ccc7ccc(Oc8ccc(C([*])=O)cc8)cc7c6)cc5)cc4)cc3)(C(F)(F)F)C(F)(F)F)cc2)cc1,0.8541666666666666,1579,[*]Nc1ccc(Oc2ccc(C(c3ccc(Oc4ccc(NC(=O)c5ccc(C([*])=O)cc5)cc4)cc3)(C(F)(F)F)C(F)(F)F)cc2)cc1,high
6875,[*]c1ccc2c(c1)C(=O)N(c1cccc(OCCCCCCCCCOc3cccc(N4C(=O)c5ccc([*])cc5C4=O)c3)c1)C2=O,47,52,6875,405.15,data/graphs_tg2/batch_6/6875.npz,[*]c1ccc2c(c1)C(=O)N(c1cccc(OCCCCCCCCCOc3cccc(N4C(=O)c5ccc([*])cc5C4=O)c3)c1)C2=O,1.0,1628,[*]c1ccc2c(c1)C(=O)N(c1cccc(OCCCCCCCCOc3cccc(N4C(=O)c5ccc([*])cc5C4=O)c3)c1)C2=O,high
5873,[*]c1ccc(C(c2ccccc2)c2ccc(N([*])c3ccc(C)cc3)cc2)cc1,29,32,5873,472.15,data/graphs_tg2/batch_5/5873.npz,[*]c1ccc(C(c2ccccc2)c2ccc(N([*])c3ccc(C)cc3)cc2)cc1,0.8333333333333334,3917,[*]c1ccc(-c2ccc(N(c3ccc(C)cc3)c3ccc(C(c4ccccc4)c4ccc(N([*])c5ccc(C)cc5)cc4)cc3)cc2)cc1,high
506,[*]C(=O)c1ccc(Oc2cccc3c2C(=O)N(c2ccc(Oc4cccc(Oc5ccc(N6C(=O)c7cccc(Oc8ccc([*])cc8)c7C6=O)cc5)c4)cc2)C3=O)cc1,60,68,506,489.15,data/graphs_tg2/batch_0/506.npz,[*]C(=O)c1ccc(Oc2cccc3c2C(=O)N(c2ccc(Oc4cccc(Oc5ccc(N6C(=O)c7cccc(Oc8ccc([*])cc8)c7C6=O)cc5)c4)cc2)C3=O)cc1,0.8823529411764706,4794,[*]C(=O)c1cccc(Oc2cccc3c2C(=O)N(c2ccc(Oc4ccc(N5C(=O)c6cccc(Oc7ccc([*])cc7)c6C5=O)cc4)cc2)C3=O)c1,high
7305,[*]CCOCC[*],7,6,7305,189.5,data/graphs_tg2/batch_7/7305.npz,[*]CCOCC[*],0.6923076923076923,2273,[*]CCOCOCC[*],medium
6311,[*]c1ccc(Oc2ccc(-c3cnc(-c4ccc(Oc5ccc(S([*])(=O)=O)cc5)c(C(F)(F)F)c4)o3)cc2C(F)(F)F)cc1,44,48,6311,483.15,data/graphs_tg2/batch_6/6311.npz,[*]c1ccc(Oc2ccc(-c3cnc(-c4ccc(Oc5ccc(S([*])(=O)=O)cc5)c(C(F)(F)F)c4)o3)cc2C(F)(F)F)cc1,0.711864406779661,1517,[*]c1ccc(Oc2ccc(-c3cnc(-c4ccc(Oc5ccc(C([*])(C)C)cc5)c(C(F)(F)F)c4)o3)cc2C(F)(F)F)cc1,medium
