sample_id,smiles,is_valid,is_unique,in_training_set,target_tg,sampling_temperature
0,[*]SC(=O)Nc1ccc(N2C(=O)CC(CC([*])=O)C(=O)OC(=O)C(C)(C)C2=O)cc1,True,True,False,500.0,0.8
1,[*]CCCCCOc1ccc(C(=O)NCCCCCNC(=O)c2ccc(OC(C)=O)cc2)c(Oc2ccc(-c3ccc(OC4(C)C)cc3)cc2)n1[*],False,True,False,500.0,0.8
2,[*]CC([*])C(=O)c1ccc(OCCC(C)c2ccc(Br)cc2)c(C)c1C,True,True,False,500.0,0.8
3,[*]NC(=O)Nc1ccc(CCCC(C)CCNC([*])C)s1,True,True,False,500.0,0.8
4,[*]Nc1ccc(C([*])C(=O)c2ccc(Cl)cc2)cc1,True,True,False,500.0,0.8
5,[*]CCCCCCOc1ccccc1C(=O)Nc1ccc(-c2ccc(N3C(=O)P([*])(=O)C3)cc2)cc1,True,True,False,500.0,0.8
6,[*]O[Si]([*])(C)CCCCCOc1ccc(-c2ccc(S(=O)(=O)c3ccc(OCCCCCC)cc3)cc2)cc1,True,True,False,500.0,0.8
7,[*]Oc1ccc(O[Si](C)(C)OC(=O)NCCCCCCCCCCCOC(=O)Oc2ccccc2[*])cc1,True,True,False,500.0,0.8
8,[*]C(=O)Oc1ccc(NC(=O)c2ccccc2-c2ccc(C(=O)SC([*])=O)cc2)c(C)c1,True,True,False,500.0,0.8
9,[*]CC(=O)c1cc(C(F)(F)C(F)(F)C(=O)N[*])cc(N(C)C[Si](C)(C)C)c1,True,True,False,500.0,0.8
10,[*]Oc1ccc2ccccc2c1OC(=O)c1ccc(OCc2ccc(O[*])c(C)c2)cc1,True,True,False,500.0,0.8
11,[*]CC(C)(C)COC(=O)c1ccc(/C=C/c2ccc(P(=O)(O[*])OCC)cc2)cc1,True,True,False,500.0,0.8
12,[*]c1ccc(Oc2ccc(C(Cl)(CCCCCC)C(F)(F)C([*])(F)F)cc2)cc1C=C,True,True,False,500.0,0.8
13,[*]CCCCCCCCOC(=O)OCCCCC(=O)OCCS(=O)(=O)c1ccc(/C=C/c2ccc(C(=O)N/[*])C#C)nc2)cc1,False,True,False,500.0,0.8
14,[*]CCCC(C#N)C(=O)N([*])CC(C)(C)C,True,True,False,500.0,0.8
15,[*]C#C[Si]([*])(C)c1ccc(COCCCCCC#C)cc1,True,True,False,500.0,0.8
16,[*]Cc1ccc(C(O)CC(NC(=O)C([*])(C(F)(F)F)C(F)(F)F)C(F)(F)C(F)(F)F)cc1,True,True,False,500.0,0.8
17,[*]/C=C/c1ccc(OC(=O)C(CC)NCCCCCC(=O)Oc2ccc([*])cc2)cc1,True,True,False,500.0,0.8
18,[*]CCCCOC(=O)CC(C=CO[*])OCC,True,True,False,500.0,0.8
19,[*]C(=O)NC([*])(C)C(=O)OCCC[Si](C)(C)COC(=O)O,True,True,False,500.0,0.8
20,[*]CC([*])C(=O)Oc1ccc2c(c1)CC1(O)N2C,False,True,False,500.0,0.8
21,[*]/C=C/c1ccc(OC2CC([*])(C(=O)OCCCCCCCCCC)C2)c(Oc2c(Cl)cccc2OCC)c1,True,True,False,500.0,0.8
22,[*]CCc1ccc(-c2ccc(C(=O)NCCCCCCCCNC(=O)c3cccc([*])c3)cc2)c(C)c1,True,True,False,500.0,0.8
23,[*]CCOc1ccc([*])c(-c2ccc(NCCCCCC)cc2)c1,True,True,False,500.0,0.8
24,[*]CC([*])Cn1cccc1[Ge](C)(C)CC,True,True,False,500.0,0.8
25,[*]CC([*])C(=O)NCCCCCCOCCOc1ccc(/N=N/c2ccc(OC(F)C(F)(F)C(F)(F)F)cc2)cc1,True,True,False,500.0,0.8
26,[*]C/C=C/c1ccc(COC(=O)Nc2ccc(OCCCCCCCCS[*])c(OC)c2)cc1,True,True,False,500.0,0.8
27,[*]Cc1ccc(NC(=O)CCCCCCc2ccc(C(=O)N[*])cc2)cc1,True,True,False,500.0,0.8
28,[*]CCCOc1ccc(NC(=O)c2ccc(/N=C/c3ccc(-c4ccc(C([*])=O)cc4)c(=O)c3)cc2)cc1,False,True,False,500.0,0.8
29,[*]C=C(N[*])c1ccc(C(=O)OCCCCO)cc1-c1ccccc1,True,True,False,500.0,0.8
30,[*]Oc1ccc(C2(c3ccc(C([*])=O)cc3)C(=O)NC(=O)c3ccccc32)cc1,True,True,False,500.0,0.8
31,[*]C(C)(C)C#CC=CCNC(=O)O[*],True,True,False,500.0,0.8
32,[*]OC(=O)c1ccc(C(F)(F)F)cc1NC(=O)OCC([*])=O,True,True,False,500.0,0.8
33,[*]O[Si]([*])(C)CCCOc1ccc(OC(=O)c2ccc(COCC(F)(F)F)cc2)cc1,True,True,False,500.0,0.8
34,[*]CC([*])CCN(CCCC)C(=O)c1ccc(P(=O)(O)O[Si](C)(C)CCCCC(F)(F)F)c(C(=O)OC)c1,True,True,False,500.0,0.8
35,[*]CC/C=C(/[*])c1ccccc1CCC(=O)OCCOc1ccc([Si](=O)(O)O)cc1,True,True,False,500.0,0.8
36,[*]CCCc1ccc(COC2C(=O)N(c3ccc(C(=O)c4cccc(O[*])c4)cc3)[SH]2)cc1,True,True,False,500.0,0.8
37,[*]CCCCCCOCCCCCOc1ccc(CCNC(=O)Nc2ccc(N[*])cc2)nc1,True,True,False,500.0,0.8
38,[*]CC(CC(=O)OCCCCCCCCCCOC(=O)N[*])c1ccc(N(C)C)cc1,True,True,False,500.0,0.8
39,[*]CC([*])CCCCNC(=O)c1ccc(/C=C/CCCCCC(=O)NCC)cc1,True,True,False,500.0,0.8
40,[*]CC([*])(C)C(=O)OCCC(C)NS(=O)(=O)C1CCOC1,True,True,False,500.0,0.8
41,[*]CC([*])C(CCC)(CCCCCCCCCCl)C(=O)OC[NH](C)CC,False,True,False,500.0,0.8
42,[*]Oc1ccc(CCCCc2ccc(C)c(OC([*])=O)c2)cc1C(F)(F)F,True,True,False,500.0,0.8
43,[*]Nc1cc([*])c(OCCCC)cc1OC(=O)Oc1ccc(S(=O)(=O)S(=O)[O-])cc1,True,True,False,500.0,0.8
44,[*]C=C(CC)c1ccc(-n2on2-c2cccc(/C=C/C(=O)O[*])c2)cc1,True,True,False,500.0,0.8
45,[*]OC(=O)c1ccc(C2CCC(C(=O)OCCc3ccc(O[*])cc3)C(=O)N2c2ccccc22)c(C)c1,False,True,False,500.0,0.8
46,[*]CC([2H])(F)C(=O)OCCOC(=O)N(F)C(F)(F)C(F)(F)C([*])(C)Nc1ccccc1,True,True,False,500.0,0.8
47,[*]CN([*])CCCCCCc1cc(-c2ccccc2)ccc1C,True,True,False,500.0,0.8
48,[*]C#Cc1ccc(CN[*])c(OCCCCCCCCCCC)c1,True,True,False,500.0,0.8
49,[*]/C=C/c1ccc(-c2c(C(=O)OCC)cc(OCC(C)CCCC)cc2C(C)=O)c(O[*])c1OC(C)=O,True,True,False,500.0,0.8
50,[*]CNC(=O)C(CC(C)C)c1ccc(C(=O)N[*])cc1,True,True,False,500.0,0.8
51,[*]Cc1ccc(-c2ccc(NC(=O)CCCCCCCCC([*])c3ccc(OC)cc3)cc2)cc1,True,True,False,500.0,0.8
52,[*]/C=C/CCCCCCCCCCCCCCOP(=O)(C(=O)Nc1cccc(N=[*])c1)c1ccc(C#C)cc1C(C)C,True,True,False,500.0,0.8
53,[*]Cc1cc2nnc(-c3cc(C([*])=O)ccc3Cl)c(=O)nc2c1,False,True,False,500.0,0.8
54,[*]CCCN(CC(=O)Nc1ccc(C#N)cc1)CC(C)=NC(=O)c1cccc(C(=O)O[*])c1,True,True,False,500.0,0.8
55,[*]CC([*])(C)C(=O)OCCOC1C=CC(CC)C1,True,True,False,500.0,0.8
56,[*]CCOc1ccc(NC(=O)c2ccc3c(c2)C(=O)N(C(=O)OCCc2ccc([*])cc2)C3=O)cc1OC,True,True,False,500.0,0.8
57,[*]C([*])(C)Cc1ccc(OCCCCCOc2ccc(N3CCCC(C3)C3)cc2)cc1,False,True,False,500.0,0.8
58,[*]OCC(CCCCCC)C([*])[2H],True,True,False,500.0,0.8
59,[*]Oc1ccc(C(c2ccccc2)c2ccc(Oc3ccc(C([*])=O)cc3)cc2)cc1,True,True,False,500.0,0.8
60,[*]CC=C(O)c1cccc(N2C(=O)c3ccc(C(=O)C([*])(F)F)cc3C2=O)c1,True,True,False,500.0,0.8
61,[*]CCC(=O)NCCCC/C=C/C1CCC(C(=O)N[*])COC1,True,True,False,500.0,0.8
62,[*]CCCCCNc1ccc(NC(=O)c2ccc(C(=O)N[*])c(OC)c2[N+](=O)[O-])cc1,True,True,False,500.0,0.8
63,[*]Oc1ccc(OC(=O)c2ccc(OCC(CCCCCC)c3ccc(S([*])(=O)=O)cc3)cc2)c(-c2ccccc2)c1,True,True,False,500.0,0.8
64,[*]CCCCC(=O)N/C=C/[Si](C)(C)C(=O)NCCCCCCCOC(=O)c1ccccc1C(=O)O[*],True,True,False,500.0,0.8
65,[*]Oc1ccc(C2(c3ccc(OC(=O)Cl)cc3OC3CCCC3C)CCl)cc1[*],False,True,False,500.0,0.8
66,[*]CC([*])(C)C(=O)Nc1cc(C(F)(F)F)ccc1-n1c(C[Si](C)(C)CCCC[Si](C)(C)C)s1,False,True,False,500.0,0.8
67,[*]CCCCCCCCN=C([*])C(=O)OCCCNc1ccc(C)nc1,True,True,False,500.0,0.8
68,[*]CC(C)(C)C(=O)NCCCCCCCCCCc1ccc(N([*])C(C)CC)cc1,True,True,False,500.0,0.8
69,[*]Oc1ccc(C(=O)NNC(=O)c2ccc(N3C([*])C3=O)cc2)cc1Cl,True,True,False,500.0,0.8
70,[*]N=P([*])(C)CCCCCCCCCCCC,True,True,False,500.0,0.8
71,[*]/C=C/c1cc(OCCCCCCCC)c(/C=C/C(=O)c2ccc([*])c(S(=O)(=O)c3ccc(F)cc3)c2)cc1C,True,True,False,500.0,0.8
72,[*]CCCCCCCCCCCCCCNC(=O)CC(Oc1ccc(-c2ccc(C(C)CC)cc2)cc1)C(=O)N[*],True,True,False,500.0,0.8
73,[*]CC(=O)Nc1ccc(NCCCCOCCNC(=O)CCCCCCC(=O)Nc2ccc(C([*])=O)cc2)cc1,True,True,False,500.0,0.8
74,[*]CC(C)NCCCCCCCC[PH](=O)(CC)CO[*],True,True,False,500.0,0.8
75,[*]CC(CC(=O)NCCCCCCCCNC(=O)CCCCC([*])O)OC(C)C,True,True,False,500.0,0.8
76,[*]CCC([*])(C)C(=O)Oc1ccc(/N=N/c2ccc(C#N)cc2)cc1OC(C)=O,True,True,False,500.0,0.8
77,[*]Oc1cc(Br)c(OCCC)c(Oc2ccc(C=[*])nc2)c1,True,True,False,500.0,0.8
78,[*]OC(CCCCOc1ccc(/C=N/c2ccc(OCCCCCCN(C#N)CCc3ccccc3)cc2)cc1)C(=O)NCCCCCCCN[*],True,True,False,500.0,0.8
79,[*]Oc1ccc(COc2ccc(/N=N/[Si](C)(C)c3cccc([*])c3)cc2)cc1,True,True,False,500.0,0.8
80,[*]NC(=O)c1ccc(C(=O)NCC([*])C)c2ccc(C)cc2c1,False,True,False,500.0,0.8
81,[*]C(CCCCOC(=O)N([*])C#N)c1ccc2c(c1)O[Si](C)(C)C1(C)O[Si](C)(C)S(=O)(=O)c1ccc(C(C)(C)C)cc12,False,True,False,500.0,0.8
82,[*]Cc1ccc(NCCCCCCCc2ccc(Nc3cc(CC)c([*])cc3CC(C)C)s2)cc1,True,True,False,500.0,0.8
83,[*]CC(CCc1ccc(/N=C/P(=O)(c2ccccc2)c2ccc(-c3nnc([N+](=O)[O-])cc3)cc2)cc1)C(=O)N([*])C(C)C,True,True,False,500.0,0.8
84,[*]CC([*])(C)C(=O)OCC(CC(C)C)OC(=O)CCCCCC,True,True,False,500.0,0.8
85,[*]CCCP(CCC)OCCOC(=O)/C1=C/c2ccc(C(=O)OC(C)(C)O[*])cc2)cc1,False,True,False,500.0,0.8
86,[*]C(C)C([*])(C)C(=O)OCCCCCCCCN1C=C(C(F)(F)F)C(=O)C1,True,True,False,500.0,0.8
87,[*]O[Si]([*])(C)C(=O)OC(C)CCNCC,True,True,False,500.0,0.8
88,[*]Oc1ccc(S(=O)(=O)c2ccc(Oc3ccc(NC(=O)c4ccc(C(=O)c5ccccc5S([*])(=O)=O)cc4)cc3OCCCCCCCCCCCCCCCCC)cc2)c(C(=O)OC(C)CC)c1,True,True,False,500.0,0.8
89,[*]C([*])c1ccc(C(=O)OCCN(C)c2ccc([N+](=O)[O-])cc2C)cc1,True,True,False,500.0,0.8
90,[*]CCCCCc1ccc(C(=O)OCCCCCCCCCOc2ccc(NC(=O)SSCCN3C(=O)c4ccc([*])cc4C3=O)cc2)cc1,True,True,False,500.0,0.8
91,[*]CSc1ccc(N2C(=O)c3ccccc3C(=O)OCC(F)(F)C2(F)F)cc1C([*])=O,True,True,False,500.0,0.8
92,[*]CC(CCC)=C(C(=O)Nc1ccc(Oc2ccc(C(c3ccc(O[*])cc3)c3ccccc3C(F)(F)F)cc2)cc1)OCC,True,True,False,500.0,0.8
93,[*]CC([*])(C)C(=O)OCCCc1sc2ccccc2c1Sc1cc(CC)ccc12,False,True,False,500.0,0.8
94,[*]CCCCC(=O)NC(CC[*])=O)CC(C)CCOCCO[N+]C,False,True,False,500.0,0.8
95,[*]CC(CCOC(=O)Sc1cccc(C([*])=O)c1)C1C(=O)OC1=O,True,True,False,500.0,0.8
96,[*]Cc1ccc(NC(=O)c2cnc(OCCCCCC([*])=O)cc2C)s1,True,True,False,500.0,0.8
97,[*]C#Cc1cc(C)c(NCCCCCCN2CCCCC2[*])c(NCC)c1,True,True,False,500.0,0.8
98,[*]C#Cc1ccc([*])c(N(CC)C(=O)OCC=CCOC)c1,True,True,False,500.0,0.8
99,[*]Sc1ccc(/C(C)=C/c2ccc3c(c2)C(=O)N(c2ccc([*])cc2C)C3=O)cc1,True,True,False,500.0,0.8
100,[*]CC([*])c1ccc(C(NC(=O)C#[Ge]CC(=O)OC)c2ccc([N+](=O)[O-])cc2)cc1,True,True,False,500.0,0.8
101,[*]/C=C/c1ccc(OC(=O)c2cc(C(=S)OC)ccc2CCCCO[*])cc1,True,True,False,500.0,0.8
102,[*]CCSCCCNC(=O)CCNC(=O)C(=O)N[*],True,True,False,500.0,0.8
103,[*]C(=O)c1cccc(COc2cc([*])ccc2)c1-c1ccc(Oc2ccc3c2)cc1,False,True,False,500.0,0.8
104,[*]Cc1ccc(C(C)(CC)c2ccc(C(=O)N3CCC([*])=C3OCCCCCCCCCC)cc2)cc1,True,True,False,500.0,0.8
105,[*]CCOCCOc1ccc(NC(=O)c2ccc(CCCCCCN3CCC([*])CC3=O)cc2)cc1,True,True,False,500.0,0.8
106,[*]CC(COc1ccc(C(C)(C)C)cc1)c1ccc(OC(=O)CCCCCCCCCCC(=O)Oc2ccc(N3C(=O)c4ccc([*])cc4C3=O)cc2)cc1,True,True,False,500.0,0.8
107,[*]CC(C)(C)CCCCCCCCOc1ccc(S(=O)(=O)c2ccc(OC[Si]([*])(C)C)cc2)cc1,True,True,False,500.0,0.8
108,[*]/C=C/c1ccc(N(Cc2ccc(Cl)cc2)COC(=O)CCC([*])(C)C)cc1,True,True,False,500.0,0.8
109,[*]NC1CCC(CN)C(=O)C1NC(Sc1ccc(OCCC)cc1)OC([*])=O,True,True,False,500.0,0.8
110,[*]CC([*])CCNC(=O)C(=O)NCCCCCCCN1CCOCC(=O)C1C,True,True,False,500.0,0.8
111,[*]c1cc(OC)c(-c2ccc(C(C)(C)c3ccc(N[*])cc3)cc2)c(C)c1,True,True,False,500.0,0.8
112,[*]/C=C/c1nnc(-c2ccccc2C(=O)OCCCC(F)(F)C([*])(F)F)[nH]1,True,True,False,500.0,0.8
113,[*]Oc1ccc(C(=O)OCc2ccc(OCCCCCCOC(=O)c3ccc4c3ccc(Oc5ccc(C)c(NC([*])=O)c5)cc34)cc2)cc1,False,True,False,500.0,0.8
114,[*]C(=O)NCCCCCNC(=O)c1cc(Cl)c(/C=C/C(=[*])C)cc1C(=O)OC,True,True,False,500.0,0.8
115,[*]NC(C=O)=Nc1ccc(-c2ccc(NC(=O)Nc3ccc([*])cc3)cc2)cc1,True,True,False,500.0,0.8
116,[*]/C=C/c1ccc(Oc2ccc(C(=O)N(C#N)C(=O)c3ccc(C(C)(C)c4ccc([*])cc4)cc3)cc2)c(Br)c1,True,True,False,500.0,0.8
117,[*]CCCCCOc1ccc(N(C)C(=O)CCCCCCCCc2ccc(Oc3ccc(S([*])(=O)=O)cc3)cc2)c(C#N)c1,True,True,False,500.0,0.8
118,[*]CCCCOC(=O)CCCCCCC=CNC(=O)N[*],True,True,False,500.0,0.8
119,[*]N=Cc1ccc(-c2cnc(C(=O)OCCCCCCCCCSCCCC)cc2)c([*])c1,True,True,False,500.0,0.8
120,[*]CCCCCCCCCOC(=O)CC([*])NC,True,True,False,500.0,0.8
121,[*]CCN(C(=O)N[*])c1ccc([Si](C)(C)CCC(=O)Oc2ccccc2)cc1,True,True,False,500.0,0.8
122,[*]CC#CCOC(=O)CSC(=O)NCCCCCCNc1ccc([*])cc1P(=O)(=O)OCC,True,True,False,500.0,0.8
123,[*]Oc1ccc(S(=O)(=O)c2ccc(Oc3ccc4nc([*])ccc4c3OCC(CC)CCCC)cc2)cc1,True,True,False,500.0,0.8
124,[*]Oc1ccc2ccccc2c1C(=O)OCCCCCCOC(=O)NCCCCC[Si]([*])(C)c1ccc(C)cc1,True,True,False,500.0,0.8
125,[*]/C=C/CCNC(=O)c1ccc([PH]([*])c2ccc(I)cc2)cc1,True,True,False,500.0,0.8
126,[*]CCS(=O)(=O)c1ccc(NC(=O)COCC/C=C/c2ccc(C(=O)O[*])cc2)cc1,True,True,False,500.0,0.8
127,[*]Nc1ccccc1CCCCCCCCCCCOc1ccc(-c2ccc(Oc3ccc(CNC(=O)/C=C/c4cc(OC#CCCCCCCCCCCC)c(C([*])=O)cc4C(=O)O)cc3)cc2)cc1,True,True,False,500.0,0.8
128,[*]CCCCCCOc1ccc(NC(=O)CCCCCCC(=O)Nc2ccc(C(=O)N([*])CCCCCC)cc2)cc1,True,True,False,500.0,0.8
129,[*]C([*])(C(=O)Oc1ccccc1)C(=O)Oc1ccc(O)cc1/N=N/c1ccc(-c2c(OC)cc(F)cc2)cc1,True,True,False,500.0,0.8
130,[*]CC([*])c1nnc(C(F)(F)C(F)(F)OCC)cc1O,True,True,False,500.0,0.8
131,[*]C([*])C(=O)OCc1ccc2c(c1Br)c1ccccc1[N+](=O)[O-],False,True,False,500.0,0.8
132,[*]C(=O)N(Cl)Cc1ccc(CNC(=O)c2ccc([*])nc2)cc1,True,True,False,500.0,0.8
133,[*]CCCCCCCOC(=O)NC(C([*])=O)C(C)OC(C)C,True,True,False,500.0,0.8
134,[*]Oc1ccc(C(=C2\CC(F)(F)(F)F)NC(=O)c3ccc(OC(=O)c4cccc(C([*])=O)c4)cc3)cc2)cc1,False,True,False,500.0,0.8
135,[*]OC(=O)N(c1ccccc1)C(C)CC(C)NC(=O)c1cccc(C(=O)NC([*])=O)c1,True,True,False,500.0,0.8
136,[*]CC([*])(CC(=O)Nc1ccc(-c2ccccc2)cc1)C(=O)OCC(F)(Cl)C(=O)C=C,True,True,False,500.0,0.8
137,[*]C(=O)C(C)C(=O)Oc1ccc(C(=O)c2ccc(N=C(OCC(F)(F)F)c3ccc(OC([*])=O)cc3)c(Cl)c2)cc1,True,True,False,500.0,0.8
138,[*]CC([*])(C)C(=O)Oc1ccc(/C=C/c2ccc(OCCCCCCCCC#C)cc2)cc1,True,True,False,500.0,0.8
139,[*]/C=C/c1cccc(Oc2ccc(C(C)=CSc3ccc([*])cc3)cc2)c1,True,True,False,500.0,0.8
140,[*]CC([*])C(=O)OCCCCCCCCN(C#C)C(=O)CCCCCC,True,True,False,500.0,0.8
141,[*]CC#CC#CCOc1ccc(NC(=O)CCCCCCCCC(=O)NNC(=O)CCCc2ccc3cc([*])ccc3[nH]2)cc1,False,True,False,500.0,0.8
142,[*]Nc1cc(C)c(NC(=O)C2CC([*])C3=O)c(C(C)(C)C)c1,False,True,False,500.0,0.8
143,[*]CC(O)COc1ccc(Br)c(S(=O)(=O)c2ccc(O[*])cc2C)c1,True,True,False,500.0,0.8
144,[*]CNC(=O)c1c(Cl)cc(Cl)c(S(=O)(=O)c2ccccc2)c1O[*],True,True,False,500.0,0.8
145,[*]CCC(=O)NCNC(=O)c1ccc(S(=O)(=O)N[*])c(C)c1C,True,True,False,500.0,0.8
146,[*]C(C)=O)c1ccc([*])cc1Oc1cc(OC)cc(O)c1,False,True,False,500.0,0.8
147,[*]N=P([*])(F)Oc1cc(C(C)(C)C)c(C)cc1N=NC(F)(F)F,True,True,False,500.0,0.8
148,[*]CCCOC(=O)c1ccc(OCCCCCCCCCCNC(=O)O[*])cc1,True,True,False,500.0,0.8
149,[*]Sc1cccc(C#C[Si](NC(=O)NNC(=O)c2ccc(C([*])=O)cc2)C2CCCCC2C)c1,True,True,False,500.0,0.8
150,[*]CCCCC(C)C(=O)NCCCCNC(=O)c1ccc(C#CC(C)CCC[*])cc1,True,True,False,500.0,0.8
151,[*]/C=N/c1ccc(NC(=O)c2sccc2-c2cc(NCC([*])S(=O)(=O)O)ccc2)cc1,True,True,False,500.0,0.8
152,[*]CC([*])CC(=O)c1cccc([PH](=O)(=O)c2ccccc2F)c1,True,True,False,500.0,0.8
153,[*]CC(C)(C)C(=O)OCC1CCCCCCCC1c1ccc(C[*])cc1,True,True,False,500.0,0.8
154,[*]Oc1ccc(CCCCC(C)CCNC(=O)c2ccccc2N[*])c(CCCCCCCCC)c1,True,True,False,500.0,0.8
155,[*]CCCCCCOc1ccc2c(c1)CCCCCCCCC/C(=C\c1ccc(O[*])cc1)c1ccccc12,True,True,False,500.0,0.8
156,[*]OCP(=O)(c1ccccc1)c1ccc([*])c(C(C)(C)C)c1,True,True,False,500.0,0.8
157,[*]C(=O)NCCCCCCNC(=O)/C=C/CC([*])=O,True,True,False,500.0,0.8
158,[*]Oc1ccc(/C(C)=N/c2ccc(OC(=O)Oc3ccc(C([*])(C)C)cc3OCCOCCOCC)cc2)cc1,True,True,False,500.0,0.8
159,[*]COc1ccc(C(NC(=O)c2ccc(O[*])cc2)c2cccc(-c3ccccc3)c2)cc1,True,True,False,500.0,0.8
160,[*]Cc1cccc(C(=O)OC(=O)c2ccc(-c3nnc(=O)o3=CCC(=O)C([*])=O)cc3)cc2)c1,False,True,False,500.0,0.8
161,[*]NC(CCCC)COc1ccc(/C(=C/c2ccc(OC([*])=O)cc2)S(=O)(=O)c2cccc3ccccc23)cc1,True,True,False,500.0,0.8
162,[*]NCCCCC([*])OC(C)(C)CC=C,True,True,False,500.0,0.8
163,[*]C=CCCCCOC(=O)c1ccc(N=C(C)c2ccc([N+](=O)[O-])c(N[*])c2)cc1,True,True,False,500.0,0.8
164,[*]Oc1ccc(C(C)CN(C)c2ccc(C(=O)NC(=O)Nc3ccc(C([*])=O)cc3)cc2)cc1,True,True,False,500.0,0.8
165,[*]C=C(F)(F)C(F)(F)COC(=O)N(CCCCC(=O)OC)c1ccc(O[*])cc1,False,True,False,500.0,0.8
166,[*]CC([*])(C)C(=O)OCCCCCCOc1ccc(/C=N/c2ccc(C3CCC(CCCCCCCCCC)C3)o2)cc1,True,True,False,500.0,0.8
167,[*]CC(C)(C)NC(=O)C1CCN(C(=O)Nc2cccc(C([*])=O)c2)CC1,True,True,False,500.0,0.8
168,[*]Cc1ccc(CNC(=O)CCCCCCC(=O)Nc2ccc(C(=O)N[*])cc2)c(OC)c1,True,True,False,500.0,0.8
169,[*][Se]c1ccc(NC(=O)CNCC(C)(C)[Si](C)(C)NCC(=O)Nc2ccc(N3C(=O)c4ccc([*])cc4C3=O)cc2)cc1,True,True,False,500.0,0.8
170,[*]C/C=C/OC(=O)c1ccc(NC(C)C(=O)O[*])cc1,True,True,False,500.0,0.8
171,[*]CO[Si](CCCC)(CCCCCC)OCCOc1cccc(-c2ccc(O[*])cc2)c1,True,True,False,500.0,0.8
172,[*]CC([*])(C)C(=O)OCC(C)CCCCOc1ccc(-c2ccc(P(=O)(OC)C(C)=O)cc2)cc1,True,True,False,500.0,0.8
173,[*]Cc1ccc(C(F)(F)C(F)(F)C(F)(F)C(F)(F)CN([*])C)cc1,True,True,False,500.0,0.8
174,[*]N=P([*])(C)C(F)(F)C(F)(F)C(=O)Oc1cccc(CC)c1,True,True,False,500.0,0.8
175,[*]C=Cc1cc(CCCCC(C)CC)c([*])n1C(=O)OC,True,True,False,500.0,0.8
176,[*]C1=CC=C(C(=O)OCCOc2ccc([Si]([*])(C)CCCCCCC)cc2)C1=O,True,True,False,500.0,0.8
177,[*]C(=O)C([*])(F)OCCCCCCC(=O)Nc1ccc([PH](=O)c2ccc(Br)cc2)cc1,True,True,False,500.0,0.8
178,[*]CC(CCCCOCCOCC)C([*])/C=C/c1cc(OC(C)=O)ccc1N(C)C#N,True,True,False,500.0,0.8
179,[*]CNc1ccccc1S(=O)(=O)CCCC(=O)Nc1ccc(Oc2ccc(/C=C(\C)CCCCS[*])cc2)cc1,True,True,False,500.0,0.8
180,[*]Oc1ccc(CCCCCCNC(=O)c2ccc(-c3ccc([Si]([*])(C)CCC(F)(F)F)cc3)cc2)cc1,True,True,False,500.0,0.8
181,[*]/C=C/CCCCP(=O)(C=[*])c1ccc(OCC)cc1,True,True,False,500.0,0.8
182,[*]C1(C)CCOCC(=C=[*])(CCCCCC)CC1,False,True,False,500.0,0.8
183,[*]C#Cc1ccc(C(=O)OCCCCCCCCCCCCOC(=O)O[*])c(-c2ccccc2)c1,True,True,False,500.0,0.8
184,[*]Nc1ccc(-c2ccc(C3(c4ccc(OC)cc4)C([*])=C3CC)cc2)cc1,True,True,False,500.0,0.8
185,[*]CCCCCCCNC(=O)CC(C)(C)c1ccc(-c2ccc(N=[*])c(C)c2)cc1,True,True,False,500.0,0.8
186,[*]Oc1ccc(C#N)c2ccc3ccccc2c1c1S(=O)(=O)c1ccc(OCC(C)=C(C)O[*])cc1,False,True,False,500.0,0.8
187,[*]Cc1ccc(-c2ccc(C(=O)NOC([*])=O)cc2O)c(CCC(F)(F)F)c1,True,True,False,500.0,0.8
188,[*]/C(C)=N/[Si]([*])(C)CCc1ccc(-c2ccc(OC(=O)c3ccc([N+](=O)[O-])cc3)cc2)cc1,True,True,False,500.0,0.8
189,[*]CCOCCOC(=O)C(C)(CCCCC(C)C)c1ccc(C(=O)Oc2ccc([N+](=O)[O-])cc2)c(C[*])c1,True,True,False,500.0,0.8
190,[*]Cc1ccc(NC(=O)CNc2ccc3c(c2)C(=O)N(C(=[*])C)C3=O)cc1,True,True,False,500.0,0.8
191,[*]C(=[Se])CCCOc1ccc(-c2cc(OC(=O)c3ccc(C)cc3C)ccc2)c([*])c1,True,True,False,500.0,0.8
192,[*]CC([*])(C)C(=O)Oc1ccc(-c2cc(C#N)c(OC(F)(F)F)c(C)c2)cc1S,True,True,False,500.0,0.8
193,[*]Cc1ccc(C=CCCCCCC(=O)Nc2ccc(O[*])cc2)c(-c2ccccc2)c1,True,True,False,500.0,0.8
194,[*]CC([*])(C)NC(=O)c1ccc(CN(C)O[Si](C)(C)C)cc1-c1ccc(C(=O)Oc2ccc(C)cc2)cc1,True,True,False,500.0,0.8
195,[*]CCCc1ccc(CN2CC([*])OC(=O)c3ccc([N+](=O)[O-])cc32)cc1,True,True,False,500.0,0.8
196,[*]CC([*])(C)C(=O)Nc1ccc(/C=C/CCCCCCCCCCC3Cl)cc2)o1,False,True,False,500.0,0.8
197,[*]C/C=C/C(=C=C/c1cc(C)c(O[*])c(OC)c1)NC(=O)OCCCCCCCCCC,True,True,False,500.0,0.8
198,[*]CCCCOC(=O)CCCCCCCCC/C(=N/CCCCCCOc1ccc(NC(=O)=O)cc1)C(=O)N[*],False,True,False,500.0,0.8
199,[*]/C=C/c1ccc(NC(=O)OCCCCOC(=O)c2cc(O[*])ccc2-c2ccc(C(F)(F)F)cc2)c(C)c1,True,True,False,500.0,0.8
200,[*]C(C)CNC(=O)CCCCCC(=O)NC([*])C(=O)c1ccc(C(C)=O)cc1,True,True,False,500.0,0.8
201,[*]N=COc1ccc(-c2ccc(-c3ccc([Si](C)(C)c4ccc([*])cc4)cc3)cc2-c2ccc(P(=O)(O)Oc3ccc(CC)cc3)cc2)cc1,True,True,False,500.0,0.8
202,[*]c1ccc(OC(=O)c2ccc(-c3nc4ccc(P(=O)(O[*])OCC)cc4c3=O)cc2)c(C#N)c1,True,True,False,500.0,0.8
203,[*]CC([*])(C)C(=O)OCC(=O)NC(=O)c1cc(C)ccc1[N+]CCCCNc1ccccc1,True,True,False,500.0,0.8
204,[*]CCS(=O)(=O)CCOc1ccc(OC(=O)c2ccc(P(=O)(c3ccc(C#C)cc3)CC([*])C)cc2)c(C)c1,True,True,False,500.0,0.8
205,[*]CC[N+](C)(C)CCc1ccc(N2C(=O)c3ccc(C([*])(C)C)cc3C2=O)c(OCCCC)c1,True,True,False,500.0,0.8
206,[*]CC([*])(C)C(=O)Oc1cccc(N(CCCCCC)Oc2ccc(C(=O)c3ccc([N+](=O)[O-])cc3)cc2)c1,True,True,False,500.0,0.8
207,[*]CCCCNC(=O)c1ccc(-c2ccc(C(=O)c3ccccc3Oc3ccc([Si]([*])=O)cc3)cc2)cc1,True,True,False,500.0,0.8
208,[*]OCCCCC(=O)c1ccc(OC(=O)c2ccc(C(=O)N[*])cc2)cc1,True,True,False,500.0,0.8
209,[*]Oc1ccc(-c2sc(-c3ccc(Oc4ccc(-c5cc(OCCCC)c(OC(=O)c6ccc(C([*])=O)cc6)cc5S(=O)(=O)O)cc4)cc3)cc2-c2ccc(-c3ccc([N+](=O)[O-])s3)cc2)cc1C(=O)=O,False,True,False,500.0,0.8
210,[*]C([*])=Oc1ccc(/C=N/c2ccc(I)cc2)cc1,False,True,False,500.0,0.8
211,[*]CCC(=O)Oc1ccc(OC(=O)c2ccc(OCCCCCCOC(=O)c3ccc(O[*])cc3)cc2)o1,True,True,False,500.0,0.8
212,[*]OC(=O)c1ccc(OC(=O)CCCCCCN2CCC(O[*])CC2)cc1,True,True,False,500.0,0.8
213,[*]C#Cc1cc(OCC)c(-c2ccc(OC)cc2)cc1S([*])(=O)O,True,True,False,500.0,0.8
214,[*]COCCOC(=O)CCCCCCNC(=O)c1ccc(S([*])(=O)=O)cc1,True,True,False,500.0,0.8
215,[*]C(=O)Oc1ccc(OC(=O)c2ccccc2OC3CCC(=[*])CCCCCC2)cc1,False,True,False,500.0,0.8
216,[*]CC(=O)Nc1cccc(NC(=O)c2ccc(C(=O)O[*])cc2)c1COS(=O)(=O)c1ccccc1C,True,True,False,500.0,0.8
217,[*]OCCCCCCOC(=O)c1ccc(SCCCCCCC(=O)NC(C)(C)CNC([*])=O)cc1,True,True,False,500.0,0.8
218,[*]CCCCNC(=O)CCCCCC[Si](C)(C)C(F)(F)=C(O[*])OC,False,True,False,500.0,0.8
219,[*]C(=C)CN1C(=O)c2ccc(C(=O)OCC(CCCCOC(F)(F)F)[Si]([*])(C)C)cc2c1,False,True,False,500.0,0.8
220,[*]CC([*])(C)C(=O)Oc1ccc(CC(=O)c2ccc(OC(=O)c3ccccc3-c3ccccc3)cc2)cc1,True,True,False,500.0,0.8
221,[*]OCCCCCCNC(=O)c1ccc(-c2ccc(C([*])=O)cc2C)c(C)c1,True,True,False,500.0,0.8
222,[*]NC(=O)N[Si](C)(C)CCCCCCC(=O)OCC(O[*])C(=O)OCCOCCOCCOCC[Si](C)(C)OC,True,True,False,500.0,0.8
223,[*]CC(=O)N([*])CCCCCCCCC(=O)Nc1ccc(/N=N/c2ccc(C#N)s2)cc1,True,True,False,500.0,0.8
224,[*]Cc1ccc2c(c1)C(CC)(C1CCC(C(C)(C)c3ccc(O[Si](C)(C)C)cc3)C(C)(C)Cc3ccccc32)C2)NC1[*],False,True,False,500.0,0.8
225,[*]CCOc1ccc(C(=O)N(CC)c2ccc(NC(=O)CCCCCCc3sc([*])nc3C)cc2)cc1,True,True,False,500.0,0.8
226,[*]CC#Cc1ccc(OC(=O)c2cccc(C(C)(C)O)c2)cc1[*],True,True,False,500.0,0.8
227,[*]CCC(C)CNC(=O)C#CC(CC)C(=O)N[*],True,True,False,500.0,0.8
228,[*]OCC(C)(CC)OC(=O)Nc1ccc(SCCCCCCOc2ccc(C([*])=O)cc2)c(N)c1,True,True,False,500.0,0.8
229,[*]CCC([*])C(=O)Sc1ccc(OC(=O)c2ccccc2C(=O)OCC(=O)O[Na])cc1,True,True,False,500.0,0.8
230,[*]CC([*])(C)C(=O)OCCCCCOc1cnc(C(=O)O)cc1OCCCC,True,True,False,500.0,0.8
231,[*]CC(CO)(CC)c1ccc(-c2ccc(CNC(=O)CCCCCC[Si]([*])(C)C)cc2)cc1,True,True,False,500.0,0.8
232,[*]C(=O)c1ccc(Cc2ccc(-c3nnc([*])o3)cc2)cc1,True,True,False,500.0,0.8
233,[*]CCCCCCCCOC(=O)CCCCCCCC(=O)NCC1CCC(CNC([*])=O)C1,True,True,False,500.0,0.8
234,[*]C=CN(C(=O)c1ccc(CCC(=O)OCc2ccccc2)cc1)C([*])=O,True,True,False,500.0,0.8
235,[*]COC(=O)NCC(CNC([*])=O)C(C)(C)c1ccccc1,True,True,False,500.0,0.8
236,[*]CC([*])(C)C(=O)N[Si](CC)CCCCOc1ccc(C#N)cc1,True,True,False,500.0,0.8
237,[*]C=Cc1cccc(N(C)C(=O)CCCC([*])C)c1,True,True,False,500.0,0.8
238,[*]Cc1ccc(C(=O)CCCCCCCC(=O)NCC(=O)Oc2ccc(-c3ccc([*])cc3)cc2)c(Br)c1,True,True,False,500.0,0.8
239,[*]CCCc1ccc(/C=C/C([*])=O)nc1SCCCCCCCOCC,True,True,False,500.0,0.8
240,[*]CCCN(C)c1cccc(C(=O)N[Se]CCCCCC(=O)O[*])c1,True,True,False,500.0,0.8
241,[*]CC(c1ccc(C(C)C)cc1)N([*])C(=O)CC[Si](C)(C)C,True,True,False,500.0,0.8
242,[*]c1ccc(-c2nc3cc4c(cc3n2)C(=O)OC(CCCC)C([*])(C)C4=O)cc1-c1ccccc1,False,True,False,500.0,0.8
243,[*]Nc1ccc(C=C(C)C(=O)Nc2ccc(OCc3ccc([*])cc3)cc2)cc1,True,True,False,500.0,0.8
244,[*]CCCCCCCCOC(=O)Nc1ccccc1CCCCNC(=O)O[*],True,True,False,500.0,0.8
245,[*]CCCCCCNc1ccc([*])cc1-c1ccc(N(CC)CC)cc1,True,True,False,500.0,0.8
246,[*]CCCCC(=O)Nc1ccc(Oc2ccccc2-c2ccc(S(=O)(=O)c3ccc(O[*])cc3)c(S(=O)(=O)O)c2)cc1,True,True,False,500.0,0.8
247,[*]CC([*])(C)C(=O)OC(C)(C)c1ccc(CS)cc1Br,True,True,False,500.0,0.8
248,[*]Nc1cc(C(=O)C#N)c(Oc2cccc([*])c2)cc1S(=O)(=O)O,True,True,False,500.0,0.8
249,[*]CCCCCCCCOc1ccc(S(=O)(=O)c2cccc(NC(=O)CCCCCCC(=CC([*])=O)CC)c2)cc1,True,True,False,500.0,0.8
250,[*]CCCCCOc1ccc(/N=C/C(=O)c2ccc(OCCCCCCCCCCCCCC)cc2)cc1COC(=O)Nc1ccc(Cc2ccc(NC([*])=O)cc2)cc1,True,True,False,500.0,0.8
251,[*]CCOC(=O)c1ccc(N2CC(CC(=O)Nc3ccccc3C(=O)O[*])CC2(C)C)cc1,True,True,False,500.0,0.8
252,[*]CCCCCCC(C)S(=O)(=O)CCOC(=O)Nc1ccc(CCc2ccc(CCCC)cc2)cc1[*],True,True,False,500.0,0.8
253,[*]/C=C/C([*])(C)C(=O)OCCCCN(C)c1ccc(OS(=O)(=O)O[Na])cc1C,True,True,False,500.0,0.8
254,[*]c1ccc(N([*])CCC(C)(CCCCCC)CCCC)o1,True,True,False,500.0,0.8
255,[*]c1ccc(OC(=O)CCCCCC(CC)Nc2ccc(NC([*])=O)o2)cc1,True,True,False,500.0,0.8
256,[*]CCCCOc1ccccc1/C=C/C(C)c1ccc(O[*])c(C)c1,True,True,False,500.0,0.8
257,[*]Cc1ccc(OCCOCCOCCOCCOc2ccc(S(=O)(=O)c3cccc(O[*])c3)cc2)cc1-c1cc(NC(=O)O[Na])cc(Cl)c1,True,True,False,500.0,0.8
258,[*]NCCCCCCCCNC(=O)c1ccc(S([*])=O)cc1,True,True,False,500.0,0.8
259,[*]CC([*])(C)C(=O)OCCCCC(=O)N1CCCCC(NC(=O)c2ccccc2)C1=O,True,True,False,500.0,0.8
260,[*]C(=O)c1ccc(C(=O)OCC(CCCCCCCCCC)c2ccc(N3C(=O)c4ccc(C([*])(C(F)(F)F)C(F)(F)F)cc4C3=O)cc2)o1,True,True,False,500.0,0.8
261,[*]c1ccc([*])c(Nc2ccc(C(F)(F)C(F)(F)C(F)(F)C(F)(F)C(F)(F)F)cc2)c1,True,True,False,500.0,0.8
262,[*]C(=O)c1ccccc1C(=O)OC(c1ccc(C)cc1)C([*])O,True,True,False,500.0,0.8
263,[*]Nc1ccccc1C(=O)OC(=O)N(C)CCCNC([*])=O,True,True,False,500.0,0.8
264,[*]Cc1ccccc1Oc1ccc(-c2ccc(Oc3ccc(C(=O)c4ccc(S([*])(=O)=O)cc4)cc3)cc2)cc1,True,True,False,500.0,0.8
265,[*]c1ccc([Si]([*])(C)c2ccc(C#CCCCCCCC)cc2)c(C)c1,True,True,False,500.0,0.8
266,[*]CC([*])(C)C(=O)NCCCNC(=O)Cc1ccc(Oc2ccc(CC)cc2)cc1,True,True,False,500.0,0.8
267,[*]CCCc1cc(Cl)c(O[*])c(S(=O)(=O)CCCCCCCCCCC)c1,True,True,False,500.0,0.8
268,[*]CCCCC(=O)Oc1ccc(Sc2ccc(OC(=O)c3ccc(O[*])o3)cc2)cc1,True,True,False,500.0,0.8
269,[*]CC([*])c1ccc2ccccc2n1CCCCSCC(=O)OCC=C,False,True,False,500.0,0.8
270,[*]CCCCCCOC(=O)N1CCCC(C(F)(F)COC(=O)O[*])C1,True,True,False,500.0,0.8
271,[*]Oc1ccc(NC(=O)CCCCCC(C)(C)C(=O)Nc2ccc(COC(=O)S[*])s2)c(C)c1,True,True,False,500.0,0.8
272,[*]OCCCOC(=O)c1ccc(C(=O)OC(C)(C)C(=O)Oc2ccc([*])cc2)cc1,True,True,False,500.0,0.8
273,[*]OC(=O)C/C(C)=N/CC([*])C(=O)OC(=O)c1ccc(C)cc1,True,True,False,500.0,0.8
274,[*]c1ccc(NCCCCC[Si](C)(C)c2ccc(-c3ccc(Cl)c(N([*])C(=O)c4ccc(C)cc4)c3)cc2)cc1,True,True,False,500.0,0.8
275,[*]CCCCNOC(=O)c1ccc(C(=O)N[*])c(OCCCCCCOCC(O)CO)c1,True,True,False,500.0,0.8
276,[*]/C=C/C(C)(C)C(=O)NCCCCCCS(=O)(=O)N([*])OCC,True,True,False,500.0,0.8
277,[*]Nc1ccc(N=Nc2ccc(C#N)cc2[Si](=O)(F)c2ccc([Si]([*])(C)C)cc2)c(C)c1,True,True,False,500.0,0.8
278,[*]c1cc(CC)c(/C=C/c2ccc(-c3ccc(-c4ccc(N([*])c5ccc(S(C)(=O)=O)cc5)cc4)cc3)cc2)c(C)c1,True,True,False,500.0,0.8
279,[*]CC([*])CCCC(=O)Nc1ccc(C)c(CCCCOCCOC)c1,True,True,False,500.0,0.8
280,[*]Cc1cc(Br)c(Cc2ccc(N=[*])cc2C)c(C)c1,True,True,False,500.0,0.8
281,[*]Oc1cc(S(=O)(=O)c2ccc(Oc3ccc(/C=C/c4ccc(C([*])=O)cc4)cc3)cc2C(C)(C)C)ccc1,True,True,False,500.0,0.8
282,[*]Oc1ccc(ON2C(=O)c3ccc(C(=O)c4ccc([*])cc4C3=O)cc2)cc1C,True,True,False,500.0,0.8
283,[*]O[Si](C)(C)CCCCCCOC(=O)Nc1cccc(C(=[*])C)c1,True,True,False,500.0,0.8
284,[*]CCCCCNC(=O)c1ccc(-c2cc(CC(=O)O[*])cc(C(C)=O)c2)cc1,True,True,False,500.0,0.8
285,[*]CCC(O)COc1ccc(C(=O)OCCCCCC)c(S([*])(=O)=O)c1,True,True,False,500.0,0.8
286,[*]CCC(=O)N/C=C/CCCCNC(=O)CCCCCCCC(=O)Nc1ccc(O[*])cc1,True,True,False,500.0,0.8
287,[*]Nc1ccc(/C=C/c2ccc(N([*])C(=O)C(C)CCSC)cc2)cc1,True,True,False,500.0,0.8
288,[*]C(=O)NCCCCC[Sn](C)(C)CCOC(=O)c1ccc([*])nc1,True,True,False,500.0,0.8
289,[*]Oc1cccc(N2C(=O)c3ccc(Oc4ccc([*])cc4)cc3C2=O)c1,True,True,False,500.0,0.8
290,[*]Nc1cc(C(=O)c2ccc(OC(=O)CCCCCC(=O)Sc3ccc([*])cc3)cc2)ccc1-c1ccc(N(C)C)cc1,True,True,False,500.0,0.8
291,[*]Cc1ccc(/C=C2\CCCCCCCCCCC/C(=C\c3ccc(C(=O)NCC(=O)CCCC(=O)NC(=O)c4ccc(C(=O)S[*])cc4)cc3)C2=O)c(C)c1,True,True,False,500.0,0.8
292,[*]CC([*])(CC)C(=O)OCCCCCCCCCc1ccc(C=C)c(C)c1,True,True,False,500.0,0.8
293,[*]CCCCCCNc1cc(SCCCCCCCC)c(C(=O)NCCC[*])cc1C,True,True,False,500.0,0.8
294,[*]CC([*])(OCC(C)Cl)S(=O)(=O)Oc1cc(F)cc(F)c1F,True,True,False,500.0,0.8
295,[*]CC(Oc1ccc(OCC#N)cc1)C(=O)CC(C)(C)C([*])=O,True,True,False,500.0,0.8
296,[*]C[Si]([*])(C)CCOC(C)(CCc1ccccc1)C(F)(F)F,True,True,False,500.0,0.8
297,[*]CC(CCCCCC)OC(=O)c1ccc(-c2nnc(OS(=O)(=O)CCC(=O)O[*])cc2)cc1,True,True,False,500.0,0.8
298,[*]CCCCC(C)(CCCCCCCC)C(=O)OCC(=O)O[*],True,True,False,500.0,0.8
299,[*]C1CC(CB([*])CCCCCCOc2ccc(-c3ccc(C#C)cc3OCCCC)cc2)C1(C)C,True,True,False,500.0,0.8
300,[*]/C=C/c1ccc(OC(=O)CCCCCN2CC(c3ccc(C([*])=O)cc3)C(=O)c3ccccc32)cc1,True,True,False,500.0,0.8
301,[*]C(C)C([*])c1ccc(C(CCC(F)(F)F)C(F)(F)C(F)(F)C(F)(F)F)cc1OC,True,True,False,500.0,0.8
302,[*]Oc1ccc(C(c2ccc(O[Si](C)(C)COC(F)(F)C(F)(F)C(F)(F)C(F)(F)F)cc2)C([*])=O)cc1,True,True,False,500.0,0.8
303,[*]Sc1ccc(/C=C(\C)OC(COc2ccc(C([*])=O)cc2)C(F)(F)F)cc1,True,True,False,500.0,0.8
304,[*]Oc1cc(C(C)(C)C)c(OCCCCCCCC)cc1OC(=O)c1ccc([*])c(O)c1,True,True,False,500.0,0.8
305,[*]NC(=O)c1ccc(C(=O)N(CCc2ccc([*])cc2)C=C)cc1,True,True,False,500.0,0.8
306,[*]CCCOCCOc1ccccc1NC(=O)c1ccc(N(c2ccc(Si)cc2)C(CC(C)(C)C)C([*])=O)cc1,False,True,False,500.0,0.8
307,[*]CNC(=O)c1ccc(C(=O)Oc2ccc(S(=O)(=O)c3ccc(OC(=O)c4cnc([*])cc4)cc3)cc2)cc1,True,True,False,500.0,0.8
308,[*]CC=P([*])(CCCCCCC(=O)OCCCCCCCC)C(=O)OCC,True,True,False,500.0,0.8
309,[*]CC[PH](=O)(O[*])OCC(F)(F)C(F)(F)OC(=O)c1ccc(Cl)c(Cl)c1,True,True,False,500.0,0.8
310,[*]Nc1cccc(C(C)(C)c2ccc(S([*])(=O)=O)cc2)c1,True,True,False,500.0,0.8
311,[*]CCCNC(=O)c1ccc(/C=C/CCCCCCNC(=O)c2ccc(C(=O)N[*])cc2)cc1,True,True,False,500.0,0.8
312,[*]CC([*])(C)C(=O)Oc1ccc(OC(=O)c2ccc3c(c2)C(=O)N(c2cccc(C(C)(C)C)c2)C3=O)cc1,True,True,False,500.0,0.8
313,[*]=CNc1ccc(C=C2c3ccccc32)nc1,True,True,False,500.0,0.8
314,[*]/C=C/C=C/NC(=O)CCCCCCCC(=O)Nc1ccc(N2C(=O)c3ccc([*])cc3C2(C)C)cc1,True,True,False,500.0,0.8
315,[*]OCCCCOc1ccc(P(=O)(O)Oc2ccc(-c3c(C)cc([*])cc3C)cc2)cc1,True,True,False,500.0,0.8
316,[*]CC(CCCCNC([*])=O)S(=O)(=O)O[Si](C)(C)C,True,True,False,500.0,0.8
317,[*]OC(=O)c1ccc(C(C)(C)CCCCCCCCCO)c(NC(=O)Nc2ccc(C([*])=O)cc2)c1,True,True,False,500.0,0.8
318,[*]CC(CCOc1ccccc1NC(=O)N[*])C(=O)OCCOc1ccc(N2CCCCCC2)cc1,True,True,False,500.0,0.8
319,[*]CCCCOC(=O)c1ccc(NC(=O)NC2CCCCCN=C(C([*])=O)CC2)cc1,True,True,False,500.0,0.8
320,[*]/C=C/c1ccc(O[*])cc1-c1ccc(NC(C)=S)cc1,True,True,False,500.0,0.8
321,[*]COC1=CC=C(C(=O)OCCOc2ccc(SC(=O)c3ccc(O[*])cc3)cc2)c2ccccc21,True,True,False,500.0,0.8
322,[*]CCCCC(=O)NOCCc1ccc([*])cc1,True,True,False,500.0,0.8
323,[*]N=C(c1ccc(C(=O)NCCCCC)cc1)c1cccc(C(=O)Oc2ccc([*])cc2)c1,True,True,False,500.0,0.8
324,[*]C([*])C(=O)Nc1ccc(NC(C)(C)CCCCCCCCCOC(C)C)cc1,True,True,False,500.0,0.8
325,[*]CC([*])(C)C(=O)Oc1ccc(C(C)(C)CCCCCC)cc1OC(C)C,True,True,False,500.0,0.8
326,[*]CC([*])C(=O)Oc1ccc(C#N)cc1,True,True,False,500.0,0.8
327,[*]CCNC(=O)C1CCC(C(=O)NCCC(=O)N[*])C(Cl)=C1C,True,True,False,500.0,0.8
328,[*]C#CC(CCCCC)OCC(CCCCC(=O)O)c1ccc2c(c1)C(=O)N(c1ccc(/C=C/C(=O)N([*])C#C)cc1)OCC(C)(C)C,False,True,False,500.0,0.8
329,[*]CCCNC(=O)c1cc(CCCCCC)c(C2(C)COC(=O)C2O[*])cc1O,True,True,False,500.0,0.8
330,[*]C=C(CCCC(=O)Oc1ccc(C#N)cc1)C(=O)Oc1ccccc1C([*])=O,True,True,False,500.0,0.8
331,[*]C(=O)NCC(OC(=O)c1ccc([*])cc1C)CC(C)C,True,True,False,500.0,0.8
332,[*]Nc1ccc(NC(=O)c2ccc(C([*])=O)cc2)c([PH](C)(C)CC)c1,True,True,False,500.0,0.8
333,[*]CCCCCCOc1ccc(CCCCCCP(=O)O[*])cc1,True,True,False,500.0,0.8
334,[*]Nc1cc(C#N)c(O)c(OCCOc2ccc([Si](C)(C)c3ccc([*])cc3)cc2)c1,True,True,False,500.0,0.8
335,[*]CC([*])(C)C(=O)OCCCC,True,True,False,500.0,0.8
336,[*]C/C=C/CC(CC(C)CC)C(=O)NC([*])=O,True,True,False,500.0,0.8
337,[*]CC([*])C(=O)Nc1cccc(OC#C)c1,True,True,False,500.0,0.8
338,[*]/C=C(\C)c1ccc(CNC([*])=O)cc1,True,True,False,500.0,0.8
339,[*]CC([*])(C)C(=O)OCC(CCCCCCCC)OC(=O)CCc1ccc(F)cc1,True,True,False,500.0,0.8
340,[*]CC([*])(C)C(=O)OC(C)CCCc1ccc(-c2cc(Br)cc(S(=O)(=O)NC(F)(F)F)c2)cc1,True,True,False,500.0,0.8
341,[*]CCCCC(=O)NC(Cc1ccc(N=[*])cn1)OC(=O)c1ccccc1,True,True,False,500.0,0.8
342,[*]CCCCCCOc1ccc2c(c1)C(C(=O)OCCCCCCCCCCC)c1ccc(O[*])cc12,True,True,False,500.0,0.8
343,[*]Oc1ccc(OC(=O)c2c(C)cc(C(F)(F)C(F)(F)COc3ccc([*])o3)cc2)cc1N(C)C,True,True,False,500.0,0.8
344,[*]Nc1ccc(OCCCCCCCCCCCCOc2ccc(-c3ccc(C(=O)c4ccc5c(c4)C(=O)N([*])C5=O)cc3)cc2)c(CCCCCCCCCC)c1,True,True,False,500.0,0.8
345,[*]/C=C/c1cccc(N2C(=O)c3ccc(C(c4ccc([*])cc4)c4ccccc4)cc3C2=O)c1,True,True,False,500.0,0.8
346,[*]C(CCCC)=C(C)CC([*])(C)C,True,True,False,500.0,0.8
347,[*]CNP(=O)(F)C(F)(F)C(F)(F)ONC(=O)c1ccc(C(=O)NCCCCC(=[*])OC(=O)c2ccc(F)cc2)cc1,True,True,False,500.0,0.8
348,[*]CC([*])c1ccc(-c2ccc(S(=O)(=O)C(C)OC(C)=O)cc2)c(OC)c1,True,True,False,500.0,0.8
349,[*]Oc1ccc(OCC(F)CCCCCC)C(=O)N2CCC2)cc1[*],False,True,False,500.0,0.8
350,[*]C=C(C)S(=O)(=O)NCCNC(=O)N(CCCCCCCC)C(=O)N[*],True,True,False,500.0,0.8
351,[*]COC(=O)c1ccc(/N=C(\C#N)CCCCC)cc1Oc1ccc(-c2ccc(O[*])cc2)cc1,True,True,False,500.0,0.8
352,[*]CC(C)CCCCCCCCNC(=O)c1ccc(C(=O)[Si]([*])(C)C)cc1,True,True,False,500.0,0.8
353,[*]C(=O)Nc1ccccc1C(=O)Nc1cc(NC(=O)C([*])(C)C)cc(N2C(=O)c3ccc([N+](=O)[O-])cc3C2=O)c1,True,True,False,500.0,0.8
354,[*]/C(C)=C/c1cc(N(C)C(=O)O[*])ccc1-c1ccc(CC(=O)O)cc1,True,True,False,500.0,0.8
355,[*]Nc1cc(OCC(CCCCCC)C(=O)OS(=O)(=O)N[*])cc(Oc2ccccc2)c1,True,True,False,500.0,0.8
356,[*]CCCCCCCCCCCOC(=O)CCCCCn1ccc(C(=O)SCCC([*])(F)F)c1,True,True,False,500.0,0.8
357,[*]CCCCC(=O)NCCc1ccc(/C=N/c2ccc(S(=O)(=O)c3ccccc3)cc2)cc1,True,True,False,500.0,0.8
358,[*]O[Si](C)(C)OCC#CC/C=C/c1ccc([Si]([*])(C)C)c(NC(=O)C(C)(C)C)c1,True,True,False,500.0,0.8
359,[*]c1ccc(N=C[Se]C=Cc2cccc(S([*])(=O)=O)c2)cc1,True,True,False,500.0,0.8
360,[*]CC([*])(C)C(=O)OC(Cl)Oc1ccc(C(F)(F)F)c(O)c1Br,True,True,False,500.0,0.8
361,[*]CCc1cc(OC)c(-c2ccc(-c3ccc(/N=N/c4ccc([*])c(S(C)(C)=O)c4)cc3)cc2)cc1CC,True,True,False,500.0,0.8
362,[*]CC(CCNC(=O)CCCCC([*])=O)C(=O)OCC(C)O,True,True,False,500.0,0.8
363,[*]Oc1cc(Br)c(OCCC#Cc2ccc(OC)cc2C)cc1CC([*])=O,True,True,False,500.0,0.8
364,[*]C/C=C/C(=O)NCCCCCCNC([*])C(=O)OCc1ccc(OC(C)=O)cc1,True,True,False,500.0,0.8
365,[*]CC(C)COC(=O)Cc1ccc(-c2ccc(C(=O)NNC([*])=O)cc2)cc1,True,True,False,500.0,0.8
366,[*]CCCCCCOc1ccc(C(=O)NNCCC(C)(C)CCCCCCCSc2ccc(C=[*])cc2)cc1,True,True,False,500.0,0.8
367,[*]/C=C/C1CC(C(=O)NNC(=O)[SH](C)(C)C)C(=O)OCC1([*])C(C)=O,True,True,False,500.0,0.8
368,[*]CNC(=O)c1ccc(Oc2ccc(-c3ccc(C(=O)O[*])cc3)c(OCCCC(C)=O)c2)cc1,True,True,False,500.0,0.8
369,[*]CC(C)(C)c1ccc(C(NC(=O)CCc2ccc(C(=O)O[*])cc2)c2ccc(Cl)cc2)cc1,True,True,False,500.0,0.8
370,[*]CC(SC)C(=O)NCCCCCCOc1ccc(-c2ccc(OC(=O)CCC[Si](C[*])(CC)CC)cc2)cc1,True,True,False,500.0,0.8
371,[*]CCC(=O)NC(=O)CC(CCCCCCOc1ccc(O[*])cc1)c1ccccc1,True,True,False,500.0,0.8
372,[*]CCCCCCOC(=O)[Si](C)(C)CCCCCC[SH][*],True,True,False,500.0,0.8
373,[*]CCCCCCCOC(=O)SS(=O)(=O)CCCCCCCC(=O)O[*],True,True,False,500.0,0.8
374,[*]CC(C)CCCCCCCCCOC(=O)c1ccc(C(=O)OCCCCCCCCCCCOCCCCCO[*])cc1,True,True,False,500.0,0.8
375,[*][Sn]([*])c1ccc(C(Cl)(O)c2ccccc2)cc1C(=O)OC(F)(F)F,True,True,False,500.0,0.8
376,[*]c1cc(F)c(N2C(=O)C(=O)N(Cc3ccccc3C(=O)N([*])C(=O)S(=O)(=O)C(F)(F)F)=C2)c(S(=O)(=O)OCCCCCCCCCCC)s1,False,True,False,500.0,0.8
377,[*]CC(F)(Cl)C1C(=O)OCOC(=O)C1[*],True,True,False,500.0,0.8
378,[*]Oc1ccc(NC(=O)c2ccc3c(c2)C(=O)N(c2cccc(C([*])=O)c2)C3=O)cc1,True,True,False,500.0,0.8
379,[*]CNc1ccc(NC(=O)c2cccc(S(=O)(=O)c3ccc(C(=O)N([*])CC)cc3)c2)cc1C=C,True,True,False,500.0,0.8
380,[*]Cc1ccc(C=CC(=O)OC(=O)C(=O)O[*])cc1,True,True,False,500.0,0.8
381,[*]CC([*])(C)OP(=O)(Cl)Oc1ccc(OC)c(OCC(F)(F)C(F)(F)OC(F)(F)C(F)(F)C(F)(F)F)c1,True,True,False,500.0,0.8
382,[*]CC([*])CN(c1ccccc1)C(=O)c1ccc(C(=O)O[Na])cc1,True,True,False,500.0,0.8
383,[*]Oc1ccc(OC(=O)c2cccc(C(=O)Oc3ccc(N4C(=O)c5ccc([*])cc5C4=O)cc3)c2)cc1,True,True,False,500.0,0.8
384,[*]C(=O)c1ccc([Si](C)(C)c2cnc([*])c(OC)c2)cc1,True,True,False,500.0,0.8
385,[*]CC(=O)Cc1ccc(C(=O)OCCCCCCOC(=O)CCCCCCC(=O)Nc2ccc([*])cc2)cc1,True,True,False,500.0,0.8
386,[*]c1ccc(S(=O)(=O)c2ccc(C(=O)[Sn]([*])C)s2)cc1,True,True,False,500.0,0.8
387,[*]CCCCCC(=O)Oc1ccc(NC(=O)CCCCCCCS(=O)(=O)c2ccc(C(=O)Nc3ccc([*])cc3)cc2)cc1,True,True,False,500.0,0.8
388,[*]Oc1ccc(C(=Cc2ccc(OC(=O)CCCCC(F)(F)F)cc2)c2ccc([*])cc2)(F)F)cc1,False,True,False,500.0,0.8
389,[*]CCCCCCCC(=O)NCC(C)(C)CNS(=O)(=O)CCCCC(=O)O[*],True,True,False,500.0,0.8
390,[*]CN(C)c1c(C)cc(C([*])OC(=O)c2ccc(Oc3ccc(C(F)(F)F)cc3)cc2)c(C)c1-c1ccccc1,True,True,False,500.0,0.8
391,[*]Oc1ccc(C2CCCCC2C(=O)OC(=O)c2ccc(Oc3ccc(-c4ccc(O[*])cc4)cc3)cc2)c2ccccc22)cc1,False,True,False,500.0,0.8
392,[*]CC(=O)CCCCSN(C(=O)c1cccc(CCO[*])c1)C(=O)O,True,True,False,500.0,0.8
393,[*]COc1ccc(C(NC(=O)c2ccc(-c3ccc(SCCC(=O)c4ccc(OC)cc4)cc3)cc2)C(=O)c2cccc([*])c2)cc1,True,True,False,500.0,0.8
394,[*]CC(C)(C)N[SiH]([*])CCCC1CCN(C(=O)OCc2ccc(C)cc2)C1=O,True,True,False,500.0,0.8
395,[*]C/C=C(/[*])c1ccc([N+](=O)[O-])cc1-c1ccc(CC)cc1,True,True,False,500.0,0.8
396,[*]CC(CC(=O)Nc1ccc(OCCCCCC#CCOCCN[*])cc1)c1ccccc1,True,True,False,500.0,0.8
397,[*]CC(F)(F)C(F)(F)Oc1c(S(=O)(=O)Oc2ccc([*])cc2)ccc(C(=O)O)c1,True,True,False,500.0,0.8
398,[*]=Cc1ccc(-c2ccc(/N=C/c3ccc(C(=O)OCCCCCC)cc3C(=O)c3ccccc3O[*])cc2)cc1,True,True,False,500.0,0.8
399,[*]CCCCC(CC(=O)OCC(C)(C)C)OS(=O)(=O)c1cccc(O[*])c1,True,True,False,500.0,0.8
400,[*]CCOc1ccc(P(C)(=O)c2ccc(OCCCCNC([*])=O)cc2)cc1,True,True,False,500.0,0.8
401,[*]CC(C)CCCCOC(=O)c1ccccc1Oc1ccc2c(c1)C(=O)N(c1cc(OCCCCCCOC(=O)c3ccc4c(c3)C(=O)N(C([*])=O)CCCCCCCCCCCCCCCCCCCCCCCC(C)CC3)ccc1C(=O)OC(C)(C)C)C2,False,True,False,500.0,0.8
402,[*]CC([*])C(=O)OCCCCCOc1ccc(-c2ccc(C(=O)Oc3ccc(/C=C/C(=O)Oc4ccccc4)cc3)cc2)cc1,True,True,False,500.0,0.8
403,[*]C#Cc1ccc(CCCCCCCCCCC([*])=O)cc1,True,True,False,500.0,0.8
404,[*]C(=O)c1ccc2c(c1)c1nc([*])c(CCl)c(OCC(=O)Oc3ccc(C)cc3)c1)C2=O,False,True,False,500.0,0.8
405,[*]CCCCCOC(=O)c1ccc(NC(=O)CCCCCCOc2ccc(S([*])(=O)=O)cc2CCCCCC)cc1,True,True,False,500.0,0.8
406,[*]CC([*])(C)C(=O)NCCCCCC(=O)NC[SiH](C)C(=O)CC,True,True,False,500.0,0.8
407,[*]COc1ccc(-c2ccc(OC(=O)Nc3cc(CNC(=O)c4ccccc4)ccc3Cl)cc2)c([*])c1,True,True,False,500.0,0.8
408,[*]NC(=O)c1ccc([Si](C)(C)CCCCCC(CC([*])=O)C(=O)OCCC)cc1,True,True,False,500.0,0.8
409,[*]CC1CCC(N2C(=O)c3ccc(C(=O)Oc4ccc5c(c4)C(=O)N(C([*])=O)C5=O)cc3C2=O)C(OC)(C)C1,True,True,False,500.0,0.8
410,[*]C/C=C/c1ccc([Si](C)(C)c2ccc(N=[*])cc2)c(C(=O)O)c1,True,True,False,500.0,0.8
411,[*]CCCCc1nc(SC)c(/C=N/c2ccc3c(c2)C(=O)N([*])C3=O)c(OCC(C)=O)c1,True,True,False,500.0,0.8
412,[*]CC([*])(C)C(=O)OCCCCCCCCCCO[Si](C)(C)CC,True,True,False,500.0,0.8
413,[*]C(=O)Oc1ccc(S(=O)(=O)CC(F)(F)C(F)(F)CCCCCCN2CCC([*])CC2)cc1,True,True,False,500.0,0.8
414,[*]CCCCCN(C)C=CC/C=C/CCC(=O)N[*],True,True,False,500.0,0.8
415,[*]C=C(CCCCCCCC)COC(=O)c1ccc(Sc2cccc(C([*])=O)c2)cc1,True,True,False,500.0,0.8
416,[*]CC([*])(C)C(=O)OCCCN(C)c1ccc(C(C)(C)C)cc1NC(=O)CCCCCCC(F)(F)F,True,True,False,500.0,0.8
417,[*]CCCCCCCCCCCCCOC(=O)Nc1cccc(OCCNS(=O)(=O)c2ccc(N[*])cc2)c1,True,True,False,500.0,0.8
418,[*]CC([*])CCCCCC(=O)Nc1cccc(C(O)CC)c1,True,True,False,500.0,0.8
419,[*]c1ccc(N(c2ccc(C(=O)NNC([*])=O)cc2)c2ccc3[nH]c3ccccc23)c(OCC(=O)O)c1,False,True,False,500.0,0.8
420,[*]COCCCCCOC(=O)c1cccc(NC(=O)NCCC(C)C(=O)O[*])c1,True,True,False,500.0,0.8
421,[*]Nc1ccc(-c2ccc(NC(=O)c3cccc(P(=O)(c4ccc(OC([*])=O)cc4)C(F)(F)F)c3)c(OC)c2)cc1OC(F)(F)F,True,True,False,500.0,0.8
422,[*]Nc1ccc(C(=O)c2ccc3c(c2)N(c2ccc([*])cc2)C3=O)cc1OC,True,True,False,500.0,0.8
423,[*]C#Cc1ccc(Oc2ccc(C(=O)OC3CCC(/C=N/c4ccc(O[*])cc4)C3)cc2)c(C)c1,True,True,False,500.0,0.8
424,[*]Cc1ccc(C(=O)OC2CCCC([SH]([*])CN(c3ccccc3)C(C)C2)cc1,False,True,False,500.0,0.8
425,[*]NC(C)CC[Si]([*])(C)c1cccc(S(=O)(=O)CCCCCCCCCC)c1,True,True,False,500.0,0.8
426,[*]CCCCCC(O)COC(=O)c1ccc(CC[N+](C)(C)c2ccc(S(=O)(=O)O[*])cc2)cc1,True,True,False,500.0,0.8
427,[*]C([*])CS1CCC(C(=O)c2ccc(/C=N/c3ccccc3)cc2)CC1,True,True,False,500.0,0.8
428,[*]CCCCc1ccc(C(=O)NC(F)(F)C([*])(c2ccccc2)c2ccc(-c3ccccc3)cc2)cc1,True,True,False,500.0,0.8
429,[*]COc1ccc(C2(c3ccc(OC(=O)CCC(C)NC(=O)O[*])cc3)C2(F)Cl)cc1,False,True,False,500.0,0.8
430,[*]Nc1ccc(CCNC(=O)OCCCCOc2ccc(S([*])=O)cc2)c(N)c1,True,True,False,500.0,0.8
431,[*]Oc1ccc(/C=N/C=C/c2cccc(OC(=O)CCCSC([*])=O)c2)cc1,True,True,False,500.0,0.8
432,[*]C(=O)OCC1CCC(CC[Fe]([*])(C#N)C#N)C(c2ccccc2)C1,True,True,False,500.0,0.8
433,[*]C(=O)Oc1c(C)cc(OC(=O)c2cccc(OC([*])=O)c2)cc1F,True,True,False,500.0,0.8
434,[*]CC([*])(C)C(=O)Oc1ccc(OC(F)(F)c2ccc(C)c(OC)c2)cc1OCCCCCC,True,True,False,500.0,0.8
435,[*]CCCCCCOC(=O)C(c1ccccc1)Oc1cc(OCC(F)(F)F)c(C)c(N2C(=O)c3ccc([*])cc3C2=O)c1,True,True,False,500.0,0.8
436,[*]Oc1ccc(C(C)(C[N+](C)(C)C)c2ccc(OC(=O)c3ccc(C([*])=O)cc3)cc2)cc1,True,True,False,500.0,0.8
437,[*]Oc1cc(CCC(C)C)c(-c2ccc(OCc3cc(Br)c(O[*])c(C)c3)cc2CCCCCCCCCCCCC)cc1,True,True,False,500.0,0.8
438,[*]C(=O)Nc1cccc2c(COC(=O)c3ccc([*])cc3)cccc2n1c1cccc31,False,True,False,500.0,0.8
439,[*]C(C)CC(=O)N([*])COC(=O)c1ccc(/N=N/c2ccc(C)cc2)cc1,True,True,False,500.0,0.8
440,[*]CCCCc1ccccc1CC(=O)NCCCCCCNC(=O)Cc1ccc(C#Cc2ccc(O[*])cc2C)cc1,True,True,False,500.0,0.8
441,[*]CCCCCN1CC(C)(CNC(=O)c2ccc(N([*])C(=O)OCC)cc2)CC1=O,True,True,False,500.0,0.8
442,[*]Cc1ccc(Cc2ccc(N3CC(=O)OC([*])C3)cc2)cc1,True,True,False,500.0,0.8
443,[*]CC#CC(=CCCCCCCCC)C(=O)OCC(F)(F)C(F)(F)C(=O)O[*],True,True,False,500.0,0.8
444,[*]CCCCc1ccc(C(=O)c2cccc(C(=O)Nc3c(C)cc(N=[*])cc3Cl)c2)cc1,True,True,False,500.0,0.8
445,[*]CC([*])(C)C(=O)c1c(C(=O)OC)cc(C)cc1C(=O)N(CC)CCCC,True,True,False,500.0,0.8
446,[*]C=C([*])C(=O)NCCCCCCNCC(CC)CCCCCCCCCOC(=O)c1ccc2cc(C(=O)O)ccc2c1,True,True,False,500.0,0.8
447,[*]CC(=O)Oc1ccc(C(C)(C)c2ccc(N3C(=O)c4ccc(OC(=O)c5ccc([*])cc5)cc4C3=O)cc2)cc1,True,True,False,500.0,0.8
448,[*]CCCCCCN(CC(=O)OCC)C(=O)CCCCC(=O)N(C)CCC(F)(F)C(F)(F)C(F)(F)COC([*])(C)C,True,True,False,500.0,0.8
449,[*]CCC(=O)NC(=O)CCCCC(C)CCNC(=O)c1ccc(C(=O)N[*])cc1,True,True,False,500.0,0.8
450,[*]Nc1ccc(S(=O)(=O)Nc2ccc(NC(=O)c3ccc4c(c3)C(=O)N(C(C)(C)CC3CCCCCCCCCCCC([*])=O)=C3)cc2)cc1,False,True,False,500.0,0.8
451,[*]C=C(OCCCCCCCC)C(=O)OC(=O)c1ccccc1Nc1ccc(N([*])C)cc1,True,True,False,500.0,0.8
452,[*]Oc1cccc(/C=C/c2ccc(OC(=O)c3ccc(SCCCCCc4ccc([*])cc4C)cc3)cc2)c1,True,True,False,500.0,0.8
453,[*]CCc1ccc(Oc2cc(C)c(S(=O)(=O)c3ccccc3)c(C(=O)OCC([*])CCCCCCCCC)c2)cc1,True,True,False,500.0,0.8
454,[*]CC(C)CCOC(=O)NC(C)C(=O)SSc1ccc(CCCCCCCNC(=O)c2ccc(C([*])=O)cc2)cc1,True,True,False,500.0,0.8
455,[*]C([*])OC(=O)S1C=C(CC(=O)NNC(=O)Oc2cccc(N=[*])c2)C(=O)OCCCCC1,True,True,False,500.0,0.8
456,[*]CNC(=O)Cc1ccc(COC(=O)NCCCCCCCCCCSC([*])=O)cc1C(=O)OC,True,True,False,500.0,0.8
457,[*]C1CC(C)NC(=O)C1=CC(=[*])CC,True,True,False,500.0,0.8
458,[*]O[Si]([*])(C)CC(=O)Oc1ccc(OCC)c(Oc2ccc(Cl)cc2)c1,True,True,False,500.0,0.8
459,[*]Cc1ccc(C(C)(C)c2ccc(C#Cc3ccc(-c4ccc([*])cc4)cc3)c(C(C)(C)C)c2)cc1,True,True,False,500.0,0.8
460,[*]Nc1c(C)cc(/C=C/c2ccc(C([*])CC)cc2)c(C)c1C,True,True,False,500.0,0.8
461,[*]CCCCCOc1ccc(C([*])(C)C)cc1-c1ccc(-c2ccccn2)cc1,True,True,False,500.0,0.8
462,[*]CC([*])C(=O)OCCCCCC#CC,True,True,False,500.0,0.8
463,[*]Oc1cccc(Oc2ccc(C(C)c3ccc(/C=N/c4ccc(C([*])=O)cc4)cc3)cc2)c1,True,True,False,500.0,0.8
464,[*]CC(=O)OCCCCC(=O)Oc1ccc(/C(=N/C(=O)O[*])c2ccccc2O)cc1,True,True,False,500.0,0.8
465,[*]Oc1ccc(OC(=O)c2ccc(Oc3ccc(S(=O)(=O)Oc4ccc(/C=N/c5ccc([*])cc5)cc4)cc3)c(C)c2CC(C)(C)O)c2ccccc12,True,True,False,500.0,0.8
466,[*]CCCCCCCCCCOC(=O)NNC(=O)c1ccc([*])cc1,True,True,False,500.0,0.8
467,[*]CC/C=C/C1CC(=O)N(CCCCCCCCCCC(=O)Nc2ccc(OCC(=O)O[*])cc2)C1,True,True,False,500.0,0.8
468,[*]CCCCOc1ccc(NC(=O)OC(=O)CCCCC(C)(C)CC(=O)N([*])C)cc1,True,True,False,500.0,0.8
469,[*]/C=C(/[*])C=C/c1ccc(C(=O)NC(C)COc2ccccc2[N+](=O)[O-])cc1,True,True,False,500.0,0.8
470,[*]CC([*])C(=O)Nc1ccc(N(C)CCC)cc1,True,True,False,500.0,0.8
471,[*]Cc1cc(C(C)CCC(F)(F)F)c(S([*])(=O)=O)cc1C,True,True,False,500.0,0.8
472,[*]Cc1ccc(OC(=O)OCC)c(OCC([*])=O)c1C,True,True,False,500.0,0.8
473,[*]c1ccc(CCCCCC)c(-c2ccc(C([*])(C)C)cc2)c1,True,True,False,500.0,0.8
474,[*]CC(C)C(=O)OCCOS(=O)(=O)CCNC(=O)CCCC(CC(=O)O[*])C(=O)O,True,True,False,500.0,0.8
475,[*]C(COc1ccc(C#Cc2ccc(OC)cc2)cc1Br)=C(C)C([*])OCCOC,True,True,False,500.0,0.8
476,[*]OC(=O)CCCCCc1ccc(C(=O)OC(=O)N([*])c2ccc(C=CCC(F)F)cc2)cc1,True,True,False,500.0,0.8
477,[*]Nc1cc(Br)c(NC(=O)C[Si]([*])(C)C(F)(F)C(F)(F)C(F)(F)C(F)(F)F)c(C(F)(F)F)c1,True,True,False,500.0,0.8
478,[*]CC([*])c1cccnc1OC(=O)COc1ccc(-c2ccc(OCCCCCON3CC(OC)COC3=O)cc2)cc1,True,True,False,500.0,0.8
479,[*]Cc1ccc(C#Cc2cc(C(=O)OCC)c([*])o2)cc1Cl,True,True,False,500.0,0.8
480,[*]CCC(C)(C)CCCCCCCCCNC(CCC([*])C)C(=O)OCC,True,True,False,500.0,0.8
481,[*]/C=C(\Oc1ccc(NCC)cc1)N([*])c1ccc(C)cc1,True,True,False,500.0,0.8
482,[*]CC(CCCCCCCCCCOc1ccc(CNC(=O)O[*])c(Cl)c1)CCCC,True,True,False,500.0,0.8
483,[*]CC(F)(F)C(F)(F)COc1ccc(C(C(=O)C(=O)OCCCC)c2ccc(O[*])cc2)cc1,True,True,False,500.0,0.8
484,[*]CC(COc1ccccc1)CCCCCCCCCCC(=O)N([*])C=C,True,True,False,500.0,0.8
485,[*]CCCNC(=O)CCCCSC(=O)Nc1cccc(C(=O)O[*])c1,True,True,False,500.0,0.8
486,[*]CCN(C)C(=O)CCCCCCCCCCCCOc1ccccc1/C=C/CCOC([*])=O,True,True,False,500.0,0.8
487,[*]CCCOC(=O)c1ccc(Oc2ccc3c(c2)C(=O)N(c2ccc(C(C)(C)c4ccc(N=[*])cc4)cc2)c2cc(C(C)(C)C)cc(-c3ccccc3)c2)cc1,False,True,False,500.0,0.8
488,[*]Nc1ccc(C/C=C/C(=O)Nc2ccc(C([*])=O)cc2S(=O)(=O)O)c(-c2ccccc2)c1,True,True,False,500.0,0.8
489,[*]C(=O)c1ccc(/C=C/C(=O)Oc2ccc(-c3ccc(O[*])cc3)cc2-c2ccccc2)c(C(=O)Sc2ccc(C)cc2)c1,True,True,False,500.0,0.8
490,[*]CCCCCCOC(=O)CCCCC(=O)c1ccc(Oc2ccccc2Sc2ccc(-c3ccc(O[*])cc3)cc2)cc1,True,True,False,500.0,0.8
491,[*]C#Cc1cc(NC(=O)NCCCCCCCCN)cc([*])c1,True,True,False,500.0,0.8
492,[*]Cc1ccc(C([*])(c2ccc(OC)cc2)c2ccc(S(=O)(=O)C3=CC=C3)cc2)cc1C,True,True,False,500.0,0.8
493,[*]N=P([*])(C)OCCC1CCC(C(=O)OCCCCCCCCC[PH](=O)(C)CC)N1,True,True,False,500.0,0.8
494,[*]CC([*])(C)C(=O)Nc1ccc(NC(=O)OCC(F)(F)C(F)(F)C(F)(F)C(F)(F)C(F)(F)CN(C)c2ccc([N+](C)(C)C)cc2)cc1,True,True,False,500.0,0.8
495,[*]CCCCCC(=[*])NCCCOC(=O)c1ccc(C(=O)COC)cc1,True,True,False,500.0,0.8
496,[*]O[Si](C)(C)OC(C)c1cc([*])s1,False,True,False,500.0,0.8
497,[*]OCCC([*])=CCCOCCCCCCCC,True,True,False,500.0,0.8
498,[*]Nc1ccc(C(=O)NNC(=O)CCCCCCCCC(=O)Oc2ccc([*])cc2)c(OCCc2ccccc2)c1,True,True,False,500.0,0.8
499,[*]CCCCCCOc1ccc(S(=O)(=O)C(C)(C)CC)c(C(=O)OC(C)CC)c1[*],True,True,False,500.0,0.8
500,[*]Cc1ccc(C(c2ccc(NC(=O)C(C)CCC([*])=O)cc2)c2ccc([N+](=O)[O-])cc2)cc1,True,True,False,600.0,0.8
501,[*]c1ccc(C)cc1Oc1ccc([Si]([*])(C)CCCCCCCc2ccc(C(F)(F)F)cc2)cc1,True,True,False,600.0,0.8
502,[*]COc1ccc(C(=O)OCCOC(=O)CCCCCCc2ccc(Oc3ccc(-c4ccc(OC([*])=O)cc4)cc3)cc2)cc1,True,True,False,600.0,0.8
503,[*]C1C(=O)c2cccc(Oc3ccc4c(c3)C(=O)N(CC(=O)c4ccccc3[PH]([*])(C)C)C4=O)c2=O)C1=O,False,True,False,600.0,0.8
504,[*]/C=C/c1ccc(NC(=O)CSc2ccc(C([*])(C)=O)cc2)cc1,False,True,False,600.0,0.8
505,[*]C(=O)CCC(C)(C)C(=O)Oc1ccc(C(F)(F)C(F)(F)C(F)(F)C(F)(F)Oc2ccc([*])cc2)c(O)c1,True,True,False,600.0,0.8
506,[*]CC(C(=O)NCCCCCCCCNNC(=O)c1cccc(S(=O)(=O)OCC(C)(C)C)c1)N([*])C#C,True,True,False,600.0,0.8
507,[*]CC([*])OCCOC(=O)c1ccc([N+](=O)[O-])c(CCCCCCCCCCCCC)c1,True,True,False,600.0,0.8
508,[*]C(=O)Oc1ccc(C(CC([*])=O)C(=O)Nc2ccccc2)cc1,True,True,False,600.0,0.8
509,[*]C(CCCCc1ccc(OC(=O)c2ccc(C([*])=O)cc2)cc1)c1ccc(CC=C)cc1,True,True,False,600.0,0.8
510,[*]CCCC(=O)Nc1ccc(Sc2ccc(NC(=O)OCCNC(=O)CCCCCCCCC(=O)Nc3ccccc3C(=O)N[*])cc2)cc1,True,True,False,600.0,0.8
511,[*]CC([*])(C)C(=O)OCC(CC)CN(CCCCCCCC)c1ccc(C(=O)O)cc1,True,True,False,600.0,0.8
512,[*]c1ccc(C(=O)NNC(=O)Cc2ccc(Cc3nnc(C([*])=O)cc3Cl)cc2)c(Cl)c1,True,True,False,600.0,0.8
513,[*]/C=C/c1ccc(-c2c(C)cc(S([*])=O)c(OC)c2)cc1C(C)C,True,True,False,600.0,0.8
514,[*]CCCCCCCCOc1ccc(/C=C/C(=O)NCCCO)c(C([*])=O)c1,True,True,False,600.0,0.8
515,[*]CC[Se](C)CCCOC(=O)Nc1ccc(C)c([*])c1,True,True,False,600.0,0.8
516,[*]Oc1ccccc1NC(=O)c1ccc(-c2ccc(P(=O)(c3ccc(F)cc3)c3ccc(C(F)(F)C(F)(F)F)c(S([*])(=O)=O)c3)cc2)cc1,True,True,False,600.0,0.8
517,[*]Nc1cc(NC(=O)OCC(F)(F)F)c(/C=N/P(=O)(O[Na])Oc2ccc(C([*])=O)cc2)cc1,True,True,False,600.0,0.8
518,[*]COc1ccc(C2([*])CCC(C(=O)OC(C)c3ccc(F)cc3)C2(F)F)cc1OC,True,True,False,600.0,0.8
519,[*]CC([*])c1ccc2c(c1)C(=O)N(c1ccc(CC[N+](C)(C)C(=O)OC)cc1)C2=O,True,True,False,600.0,0.8
520,[*]C[Se](C)CNC(=O)CCCCC(=O)Sc1ccc(C([*])=O)cc1,True,True,False,600.0,0.8
521,[*]C#Cc1ccccc1OC(=O)c1cccc(SCCCCCOCCCCN2C(=O)c3ccc([*])cc3C2=O)c1,True,True,False,600.0,0.8
522,[*]C(=O)O[SiH](CC=O)CCCCCC(=O)NCc1ccc(C([*])=O)cc1,True,True,False,600.0,0.8
523,[*]CC=CCN(CCNC(=O)CC/C=C/c1ccc([*])cc1)C1CCC(=O)N(C)C(=O)C1,True,True,False,600.0,0.8
524,[*]C(Cl)=C(OCC)c1ccc(N([*])C[Si](C)(C)C)cc1,True,True,False,600.0,0.8
525,[*]Oc1ccc(C(C)(C)c2ccc(/C=N/c3ccc(OC(=O)c4ccc([*])cc4)cc3)cc2)c(Cl)c1O,True,True,False,600.0,0.8
526,[*]CC([*])(C)C(=O)OCCOc1ccc2nc(CCCCCCCCCC)cc(-c3ccc(C)cc3)c2)cc1,False,True,False,600.0,0.8
527,[*]Nc1ccc(NC(=O)CC(C)(CC(C)CCCCCC)C(=O)N[*])c(SC)c1,True,True,False,600.0,0.8
528,[*]CNC(=O)C(CC(C)(C)CCCCC(=O)N[*])OCCOCC,True,True,False,600.0,0.8
529,[*]N=C(C(=O)NCC=C)CC([*])c1ccc(OC)cc1,True,True,False,600.0,0.8
530,[*]Oc1ccc(OC(=O)c2cc3cc(OC4(OC(F)(F)F)OC(=O)c5ccc(C([*])=O)cc5C4=O)ccc3c(C)(C)C)c(Cl)c2)cc1Cl,False,True,False,600.0,0.8
531,[*]CC(=O)c1ccc(C(=O)Oc2ccc(NC(=O)CCCCCCCCC(=O)Nc3ccc(O[*])c(OCCCCCC)c3)cc2)cc1,True,True,False,600.0,0.8
532,[*]Cc1ccc(-c2ccc(NC(=O)c3cccc(C4([*])OC(=O)c5ccccc54)c3)cc2)cc1,True,True,False,600.0,0.8
533,[*]C(=S)N[Se]C(=O)c1ccc(OC(=O)c2ccc3c(c2)C(=O)N([*])C3=O)c(CCOCC)c1,True,True,False,600.0,0.8
534,[*]CCCCCCCCSSC(=O)NCCCCC1CC(N2CC(C#N)C2C)C(=O)C1[*],True,True,False,600.0,0.8
535,[*]CNC(Cl)(C)C(=O)OCCCCC(C)C([*])=O,True,True,False,600.0,0.8
536,[*]CC(C)(C)C(=O)Nc1ccc(NC(=O)c2cccc(C(=O)OC(=O)C([*])=O)c2)cc1,True,True,False,600.0,0.8
537,[*]OCCCCCCCCS(=O)(=O)c1ccc(/C=C/C24CC4C(C[*])C3)cc2)cc1,False,True,False,600.0,0.8
538,[*]C=C([*])CN(CC)C(=O)c1ccc2cc(F)ccc2c1,True,True,False,600.0,0.8
539,[*]CC(=O)OCCc1ccc(NC(=O)[Si](C)(CCC(=O)OC)c2ccc3c(c2)C(=O)N(c2ccc([*])cc2)C3=O)cc1,True,True,False,600.0,0.8
540,[*]/C=N/CCSC(=O)OCc1ccc(C)cc1NC(=O)O[*],True,True,False,600.0,0.8
541,[*]CCCN(CCCCCCCCCOc1ccc(NC(=O)c2ccc(S(=O)(=O)c3ccc([*])cc3)cc2)cc1)Oc1ccc(C(C)(C)C)cc1,True,True,False,600.0,0.8
542,[*]CCCCC(=O)NCCCCCCNC(=O)CCCCCCCOCC(=O)O[*],True,True,False,600.0,0.8
543,[*]Nc1cc(CC(CC)C)c([*])cc1N,True,True,False,600.0,0.8
544,[*]CC(C)C(=O)OCCCCCCCCCCNSOCO[*],True,True,False,600.0,0.8
545,[*]C(C(=O)NCCCCCCCCCCN)C(=O)c1ccc([*])s1,True,True,False,600.0,0.8
546,[*]OCCCCCCCCCCc1ccccc1CC(Oc1ccc(S([*])(C)=O)cc1)CC(C)C,True,True,False,600.0,0.8
547,[*]CS(=O)(=O)C(COC(C)(C)C)C([*])Cl,True,True,False,600.0,0.8
548,[*]CCCC(=O)NCc1ccc(S(=O)(C)c2ccc(NC([*])=O)cc2)cc1,True,True,False,600.0,0.8
549,[*]CC(C)(CCCC(=O)N[*])P(=O)(O)OCCOC(=O)c1ccc(Cl)c(NC(=O)OC)c1,True,True,False,600.0,0.8
550,[*]CC(CC)(CC([*])=O)C(=O)Oc1ccc(OC(=O)C(C)O)cc1,True,True,False,600.0,0.8
551,[*]NC(CC(=O)O)c1ccc(OC(=O)CCCCCOc2ccccc2C([*])=O)cc1S(=O)(=O)O,True,True,False,600.0,0.8
552,[*]COC(=O)Nc1ccc(NC(=O)CC(=O)NCCCCCCC)c([*])c1,True,True,False,600.0,0.8
553,[*]CCCCCCCCCN1C(=O)c2ccc(C(OC(=O)CCCCC(=O)N[*])c3ccc(B)cc3)cc2C1=O,True,True,False,600.0,0.8
554,[*]Nc1ccc(Oc2ccc(-c3ccc(I)cc3)c(N)c2[*])c(CCCC)c1,True,True,False,600.0,0.8
555,[*]Nc1ccc(/C=C/N2CCCCC2C([*])=O)cc1CC,True,True,False,600.0,0.8
556,[*]CCCCCCCOc1ccc(OCc2ccc(C(=O)Oc3ccc([*])cc3)cc2CCCCCCCCCCCC)cc1,True,True,False,600.0,0.8
557,[*]c1ccc([*])c(-c2ccc(N(CC)C(=O)OCCCCCCCC)cc2)c1,True,True,False,600.0,0.8
558,[*]O[Si]([*])(C)NC(=O)C1CCC1(C)O,True,True,False,600.0,0.8
559,[*]CCCCOc1ccc(NC([*])=O)c(S(=O)(=O)c2ccc(N3C(=O)c4ccc(OC(C)=O)cc4C3=O)cc2)c1,True,True,False,600.0,0.8
560,[*]CCCCCCCCOc1ccc(C(=O)Nc2ccc(CS(=O)(=O)c3ccccc3NC([*])=O)cc2)cc1,True,True,False,600.0,0.8
561,[*]OC1([*])CCC(F)(F)C(F)(F)C(F)(F)C(F)(F)C(F)(F)C(F)(F)C1F,True,True,False,600.0,0.8
562,[*]Oc1ccc(N(C(=O)c2ccc(OC(=O)CCCCC([*])=O)cc2)[Si](C)=O)cc1,True,True,False,600.0,0.8
563,[*]CC([*])(C)C(=O)Oc1ccc(OC(=O)c2ccc3c(c2)C(=O)N(c2ccc(C(C)(C)C)cc2)C3C)cc1,True,True,False,600.0,0.8
564,[*]C=C(COC(C)=O)c1cc([*])ccc1CCCCCC,True,True,False,600.0,0.8
565,[*]C#Cc1ccc(O[*])c(C(=O)OCCCCCCCCCC)c1,True,True,False,600.0,0.8
566,[*]CC[Si](C)(C)C(=O)NCCCCCCCCCSCCNC(=O)c1ccc(C(=O)O[*])cc1,True,True,False,600.0,0.8
567,[*]OC=C(/[*])CCOc1ccc(OCCCCCC)cc1,True,True,False,600.0,0.8
568,[*]N=S([*])c1ccc(COCc2ccc(-c3nc(N(C)CCCCCCCC)c(OC)cc3C)cc2)cc1,True,True,False,600.0,0.8
569,[*]CC([*])(C=O)Cc1ccc(OCCCCCCC)cc1,True,True,False,600.0,0.8
570,[*]CCC([*])c1ccc(OCCCCCC#N)c(Sc2ccc([N+](=O)[O-])cc2)c1,True,True,False,600.0,0.8
571,[*]CC([*])(C)C(=O)OC(CO)C(Cl)OCCCCCOC(OC)c1ccccc1-c1ccc(F)cc1,True,True,False,600.0,0.8
572,[*]CCCCCC1CCN(C(=O)c2ccc(C(=O)NCCCCCCNC(=O)O[*])cc2)C(=O)O1,True,True,False,600.0,0.8
573,[*]C[Si]([*])(C)CCC(F)(F)Oc1ccncc1F,True,True,False,600.0,0.8
574,[*]CC([*])(C)CNC(=O)c1ccccc1OC(=O)Oc1ccc(/N=N/c2ccc(C3(c4ccc(C#N)cc4)OCCCCCCC2)cc1,False,True,False,600.0,0.8
575,[*]NCC(=O)C(CCCCCC)c1ccc(S(=O)(=O)C(=S)N[*])cc1,True,True,False,600.0,0.8
576,[*]CC=CC(COC(=O)c1cccc(NC(=O)OCCCCCCCCCCCCCC)c1)C([*])=O,True,True,False,600.0,0.8
577,[*]Oc1ccc(NC(=O)[Si](C)(C)NCCCC(=O)Nc2cccc(OC([*])=O)c2)cc1,True,True,False,600.0,0.8
578,[*]C(=O)OCc1ccc(OC(=O)c2ccc3c(c2)c2cc(C(=O)N([*])CBr)ccc2n2C(=O)O[Na])cc1,False,True,False,600.0,0.8
579,[*]OC1=Cc2cc(C([*])=C(CC)CC)ccc2O1,True,True,False,600.0,0.8
580,[*]c1ccc(C(C)(C)CCN2C(=O)c3ccc(C([*])(C)C)cc3C2=O)cc1,True,True,False,600.0,0.8
581,[*]CC([*])C(=O)NC(C)(C)CCc1nnc(-c2cc(OC)c(F)cc2C)cc1,True,True,False,600.0,0.8
582,[*]CCCCCCCCNC(=O)/C=C(/[*])c1ccc(OCCC(=O)OC(C)CCl)cc1,True,True,False,600.0,0.8
583,[*]CCCCCCCCCCCNC(=O)NCCc1ccc(CCCNC(=O)CCCCN(CC)N[*])cc1,True,True,False,600.0,0.8
584,[*]C(Cl)C(=O)O/C=C(/[*])C[Si](C)(C)c1ccccc1,True,True,False,600.0,0.8
585,[*]CC=CCOC(=O)OCC1CCCCC2CC1OC([*])(S)O,False,True,False,600.0,0.8
586,[*]CC([*])(C)C(=O)NNC(=O)c1ccc(F)cc1,True,True,False,600.0,0.8
587,[*]C#CCOC(=O)N/N=C/c1c(Br)cc(C(=O)O[Na])cc1O[*],True,True,False,600.0,0.8
588,[*]CCCCCOC(=O)c1cc(C(C)=NC(=O)[Si](C)(CCCCC)CO[*])c(O)cc1C,True,True,False,600.0,0.8
589,[*]Cc1ccc(NC(=O)CCN2C(=O)c3ccc([*])cc3C2=CC(C)C)o1,True,True,False,600.0,0.8
590,[*]NC([*])(C)C(=O)c1ccc(C(=O)N=CC2CCCC(NC(=O)Cc3ccc(C#N)cc3)C2)cc1,True,True,False,600.0,0.8
591,[*]/C=C/c1ccc(/C=C/SC(=O)OCCC3([*])CC2)c(C)c1,False,True,False,600.0,0.8
592,[*]Oc1ccc(Oc2ccc3c(c2)c2cc([*])ccc2n2C(=O)Oc2ccc([N+](=O)[O-])cc2)cc1,False,True,False,600.0,0.8
593,[*]Oc1ccc(C(=O)NC(C)(C)CCOC(=O)c2ccc(N=C(CC)C(=O)O[*])cc2)cc1,True,True,False,600.0,0.8
594,[*]N=P([*])(C)C(=O)NCCCOCC(NCC(=O)/C=C/C#N)c1ccc(C(F)(F)F)cc1,True,True,False,600.0,0.8
595,[*]C(=O)c1ccc2c(c1)C(=O)N(c1ccc(/N=C/c3ccc(N4C(=O)c5ccc([*])cc5C4=O)cc3)cc1)C(CCCCCCC)C2=O,True,True,False,600.0,0.8
596,[*]CCCCCCCCCCCO[Si](C)(C)CCCCc1ccc(-c2ccc(NC(=O)CCCCCC([*])=C(C)CC)cc2)cc1,True,True,False,600.0,0.8
597,[*]Oc1ccc(CCCCCCOCC)c([*])c1CCOCC[Na],True,True,False,600.0,0.8
598,[*][Se]c1cc([*])c(OC(F)(F)F)cc1C(C)(C)C,True,True,False,600.0,0.8
599,[*]Oc1c(CCCCCCCC)cc([*])cc1-c1ccc(S(=O)(=O)c2ccc(Br)cc2)cc1F,True,True,False,600.0,0.8
600,[*]CC(CCCCCCCC(=O)Nc1ccc(OCC([*])[PH](=O)(=O)OC)cc1)C(C)CC,True,True,False,600.0,0.8
601,[*]Nc1ccc(Sc2ccc(-c3ccc(NC(=O)c4cc(C([*])=O)ccc4C)cc3)cc2)cc1,True,True,False,600.0,0.8
602,[*]CC(Oc1ccc(C(c2ccc(OC([*])(C)C#N)cc2)c2ccc(C(F)(F)F)cc2)cc1)C(F)(F)F,True,True,False,600.0,0.8
603,[*]Nc1cccc(NC(=O)OCCCCCCCCCCCCOc2ccc(-c3cc(C#Cc4ccc(Br)cc4)c(NC([*])=O)cc3C)cc2)c1,True,True,False,600.0,0.8
604,[*]Cc1ccc(N/C=C(\C)c2cc(OC(=O)c3ccc([2H])cc3)c(C([*])=O)cc2)cc1,True,True,False,600.0,0.8
605,[*]CCCCCCCCCOc1ccc(/C=C/c2ccc(N3C(=O)CC(CC([*])=O)C3=O)cc2)cc1,True,True,False,600.0,0.8
606,[*]NC(=O)c1ccc2c(c1)C(=O)N(c1ccc(S(=O)(=O)Nc3cccc(NC([*])=O)c3)cc1)C2=O,True,True,False,600.0,0.8
607,[*]Oc1ccccc1OC(=O)c1ccc(N([*])CC)cc1Oc1ccc(C(C)(C)C(F)(F)F)cc1,True,True,False,600.0,0.8
608,[*]CC(C)(C[*])C(C)(CCOCCCCCCCC)CSCCCC,True,True,False,600.0,0.8
609,[*]Cc1ccc(NC(=O)CCCCCCCC(=O)c2cccc(C(=O)NNC(=O)c3ccc(C([*])=O)cc3)c2)cc1,True,True,False,600.0,0.8
610,[*]OC(C)c1cccc(NC(=O)[Se]c2ccc(CCC([*])=O)cc2O)c1,True,True,False,600.0,0.8
611,[*]CC(C)C(=O)NC1CCCCCC1NC(=O)c1ccc(O[*])cc1,True,True,False,600.0,0.8
612,[*]/C=C/c1nc(-c2ccc(C#C[Si]([*])(C)C)cc2)cc(C)c1OCCc1ccccc1,True,True,False,600.0,0.8
613,[*]Oc1ccc2c(c1)C(=O)N(CCCCCCCCc1ccc(-c3ccc(C([*])=S)cc3)cc1)C2=O,True,True,False,600.0,0.8
614,[*]CC([*])C(=O)OCC[N+](C)(C)COc1ccc(C2(C)COC(=O)C2(C)C)cc1,True,True,False,600.0,0.8
615,[*]C(=O)C(CC([*])(C)C)c1ccc(OC(=O)CCCCCC)cc1,True,True,False,600.0,0.8
616,[*]/C=C/c1cc([*])cc(P(=O)(C)C(C)C)c1,True,True,False,600.0,0.8
617,[*]O[Si](C)(C)c1cc(NC(=O)OCCCC)c(/C=C/C([*])=O)cc1OC(C)(C)C,True,True,False,600.0,0.8
618,[*]CCCc1ccc(C(C)(C)c2ccc(/C=C/[Si](C)(C)PCC(=O)O[*])cc2)cc1,True,True,False,600.0,0.8
619,[*]COc1ccc(-c2ccc(SC(=O)CCCCCCC(=O)Nc3ccc(C)cc3)c(C(=O)OC([*])=O)c2)cc1,True,True,False,600.0,0.8
620,[*]C(=O)c1ccc(C(=O)OS(=O)(=O)c2ccc3c(c2))C(=O)N(c2cccc(N=[*])c2)C3=O)cc1,False,True,False,600.0,0.8
621,[*]CCCc1ccc(COc2ccc(/C(C)=N/c3ccccc3)c(C(=O)Oc3ccc([*])cc3)c2)cc1,True,True,False,600.0,0.8
622,[*]CC(O)COc1ccc(/C=N/c2ccc(SCOC(=O)c3cccc(O[*])c3)cc2)nc1Cl,True,True,False,600.0,0.8
623,[*]CC=CCCCCc1ccc(CC(=O)NNC(=O)c2ccc(OCCCCCCCCCCCC)c(C([*])=O)c2)cc1,True,True,False,600.0,0.8
624,[*]CC([*])(C)C(=O)Oc1ccc(N(C)CC(C)C#N)s1,True,True,False,600.0,0.8
625,[*]C(=S)N([*])C#C[Si](C)(C)C1CCCCCCC1C(=O)OC(=O)c1ccccc1,True,True,False,600.0,0.8
626,[*]CC([*])(C)C(=S)Nc1ccc(OC(=O)COc2ccc(C)cc2)cc1,True,True,False,600.0,0.8
627,[*]CCCCOCCCCCCC/C=C/c1ccc(O[*])c(CC)c1,True,True,False,600.0,0.8
628,[*]Oc1ccc(C(NC(=O)CCCCC([*])=O)c2ccccc2)cc1,True,True,False,600.0,0.8
629,[*]O[Si]([*])(C)C(=O)c1ccc(C(=O)OCC)cc1,True,True,False,600.0,0.8
630,[*]CC([*])(C)C(=O)OCCOC1CCC2CCC2C1OCCCCCCCCOc1ccc(c2)cc1,False,True,False,600.0,0.8
631,[*]Oc1ccc(-c2ccc(SC(=O)c3ccc(C#Cc4ccc([Si](C)(C)c5ccc([*])cc5)cc4)c(C)c3)cc2Cl)cc1,True,True,False,600.0,0.8
632,[*]/C=C/C(=O)NCCCCCCCCOCC(=O)N(C)c1ccc(O[*])c(C(=O)O)c1,True,True,False,600.0,0.8
633,[*]CC(C#N)(C(=O)OCCCCCCCCCC)c1ccccc1/N=N/c1ccc(C([*])=O)c(S(=O)(=O)OC)c1,True,True,False,600.0,0.8
634,[*]CC[Sn](C)CCNC(=O)NC([*])C,True,True,False,600.0,0.8
635,[*]C(C=C)C([*])(C)C(=O)Oc1ccc(-c2cccc(Cc3ccccc3)c2)cc1,True,True,False,600.0,0.8
636,[*]CCOc1cccc(C(=O)OCC2(F)C([*])(C)C2=O)c1,True,True,False,600.0,0.8
637,[*]CCCCC(CCCC)(CCCCCCc1ccc(-c2ccc([N+]([*])(C)C)cc2)cc1)C(=O)OCC(C)(C)C,True,True,False,600.0,0.8
638,[*]/C(I)=C/c1ccc(C(=O)NC2CCCCCCCC2)cc1[*],True,True,False,600.0,0.8
639,[*]Nc1ccc(NC(=[*])C(C)=Nc2ccc(/N=C/c3ccc([N+](C)(C)C)cc3)cc2)cc1,True,True,False,600.0,0.8
640,[*]Oc1ccc(C(CCCCCCCCCCCC)c2ccc(OC(=O)C(C)S([*])(=O)=O)cc2)cc1,True,True,False,600.0,0.8
641,[*]O[Si]([*])(CCC)OCCCCCCCSCCOCc1ccccc1,True,True,False,600.0,0.8
642,[*]CC([*])NC(C)c1ccc(F)cc1,True,True,False,600.0,0.8
643,[*]CCCCOC(=O)Cc1ccc(C(CC([*])=O)CCCCCC)cc1,True,True,False,600.0,0.8
644,[*]O[Si]([*])(C)CCCOC(=O)c1cc(OC(=O)CCC(F)(F)C(F)(F)F)cc(Oc2ccc(C(F)(F)F)cc2)c1CCCCCCCC,True,True,False,600.0,0.8
645,[*]NC(=O)c1ccc(/N=C/c2ccc(CC(=O)Oc3ccc([*])cc3)cc2)cc1,True,True,False,600.0,0.8
646,[*]NC(CCCCOCCOCCO)C(=O)CCCCCCC(=O)O[Si](C)(C)C([*])C,True,True,False,600.0,0.8
647,[*]C(=O)OCCCCCCOP(=O)(NC(=O)OC)c1ccc(OC(=O)c2ccc(C(=O)OC([*])=O)cc2)cc1,True,True,False,600.0,0.8
648,[*]CC(C)NC(=O)CCc1ccc(-c2ccc(CS(=O)(=O)CCC/C=C/c3ccc(N[*])cc3C)cc2)c(C)c1,True,True,False,600.0,0.8
649,[*]C#Cc1cc(C([*])CCCC[N+](C)(C)C)ccc1OC,True,True,False,600.0,0.8
650,[*]C=P(c1ccccc1)(OC)C([*])(O)Br,True,True,False,600.0,0.8
651,[*]CC([*])C(=O)OCCCCCCOC(=O)c1ccc(C(C)=O)cc1-c1c(C(C)(C)CCCCCC)cc(C)cc1,True,True,False,600.0,0.8
652,[*]Nc1cc([*])c(I)cc1-c1ccc(OCC(Oc2ccc(CC(C)C)cc2)C(C)C)cc1,True,True,False,600.0,0.8
653,[*]CC([*])CCOc1cc(C(=O)Oc2ccc(CCCCCCc3ccc([N+](=O)[O-])cc3)cc2)ccc1O,True,True,False,600.0,0.8
654,[*]CC(C)(COC(=O)C=CCC(=O)O[*])c1ccccc1,True,True,False,600.0,0.8
655,[*]/C=C/CCCCCCCCCOc1ccc2c(c1)C(=O)N(c1ccc(Oc3ccc(/N=N/c4ccc([*])cc4C)cc3)cc1)C2=O,True,True,False,600.0,0.8
656,[*]COCCCc1ccc(COc2ccc(/C=C/C(=O)Nc3ccc(C(=O)O[*])cc3)cc2)cc1,True,True,False,600.0,0.8
657,[*]CCC(C)(C)COC(=O)NCCCCCCC[Sn](C)(C)Cc1ccc(C(=O)N[*])cc1,True,True,False,600.0,0.8
658,[*]CC(C)CC(=O)OC(=O)c1ccc(C(=O)CO[*])cc1,True,True,False,600.0,0.8
659,[*]Cc1ccc(S(=O)(=O)COC(=O)CCCCCCCCC(=O)NNC(=O)C(=O)N[*])o1,True,True,False,600.0,0.8
660,[*]Cc1ccc(S(=O)(=O)c2ccc([*])cc2)c(N)c1,True,True,False,600.0,0.8
661,[*]CC(O)CCCCCOc1ccc(-n2on2-c2ccc(OCC([*])CCCCCCCCCCC)cc2)c(C(=O)O)c1,True,True,False,600.0,0.8
662,[*]Cc1cc(OC[Si](C)(C)C)c([*])cc1COC(C)=O,True,True,False,600.0,0.8
663,[*]Cc1ccc(CNC(=O)C([*])=NCCCCCCCC(C)CC)cc1,True,True,False,600.0,0.8
664,[*]CC(C)(C=C)C(=O)NC([*])=O,True,True,False,600.0,0.8
665,[*]Cc1ccc(C(=O)NCCCCCCCN2C(=O)c3cc4c(cc3C2=O)C(=O)N(c2cc([*])ccc2N4)C3=O)c(O[Si](C)(C)C)c1,False,True,False,600.0,0.8
666,[*]CC1(C)CC(CN(C(=O)OCC[Si](C)(C)C(=O)O[*])CCCCCC)C1,True,True,False,600.0,0.8
667,[*]CC(Oc1ccc(C(=O)OC)cc1)N1C(=O)c2cccc(O[*])c2C1=O,True,True,False,600.0,0.8
668,[*]CCCP(CCCCCC)C(=O)Nc1cc(I)cc(NC(=O)O[*])c1,True,True,False,600.0,0.8
669,[*]/C=C/c1ccc(-c2cc(OCCCCCCCC)cc(/C=C(\C)c3ccc([*])cc3)c2)cc1/N=N/c1ccc([2H])cc1,True,True,False,600.0,0.8
670,[*]CCCCCCCc1ccc(NC(=O)c2ccc(C)c(C([*])=O)c2)cc1,True,True,False,600.0,0.8
671,[*]NC(C)C(=O)Oc1ccc(OC(=O)NCCCC/C=C/NC([*])=O)cc1,True,True,False,600.0,0.8
672,[*]CC([*])(C=CC)C(=O)Cc1ccc(C(F)(F)C(F)(F)F)cc1,True,True,False,600.0,0.8
673,[*]CCCCCOc1ccc(C(=O)Sc2ccc(NC([*])=O)c(C[Si](C)(C)C)c2)cc1,True,True,False,600.0,0.8
674,[*]CC([*])c1ccc(C([2H])(C(F)(F)F)C(=O)Oc2ccc(OC)cc2)cc1,True,True,False,600.0,0.8
675,[*]c1ccc(-c2ccc(-c3ccc([SiH](=O)N([*])C(C)(C)C)cc3)cc2)c(S(=O)(=O)O)c1,True,True,False,600.0,0.8
676,[*]C(=O)Nc1ccc(-c2ccc(C(=O)NNC(=O)OCCCCOC([*])=O)cc2)cc1,True,True,False,600.0,0.8
677,[*]c1ccc(C([*])(C(F)(F)F)c2ccc(F)cc2)c(S(F)(F)F)c1,True,True,False,600.0,0.8
678,[*]CCC(=O)NC[Si](C)(CC)C([*])=O,True,True,False,600.0,0.8
679,[*]Oc1ccc(NC(=O)c2cc(C(=O)O)c(C)c(N[Si]([*])c3ccc(C)cc3)c2)cc1,True,True,False,600.0,0.8
680,[*]Oc1ccc(C(=O)NNC(=O)c2ccc(OC(=O)COc3cnc([*])cc3)cc2)cc1SCCCCC,True,True,False,600.0,0.8
681,[*]CC([*])(F)Oc1ccc(S(=O)(=O)c2ccc(C(F)(F)F)cc2)cc1,True,True,False,600.0,0.8
682,[*]CCCCCC(=O)NSc1ccc(CCCCCCCCCCCCNC(=O)C(=O)NCCCCN[*])cc1,True,True,False,600.0,0.8
683,[*]CCCCCCNC(=O)CCCCS(=O)(=O)c1ccc(C(=O)NCCCCCSCCCNC(=O)CCCCCCC(=O)c2sc([*])c2CC)cc1,False,True,False,600.0,0.8
684,[*]CC(CCC)c1ccc(CN=C(c2ccc(C([*])CC)cc2)S(=O)(=O)c2ccccc2)cc1,True,True,False,600.0,0.8
685,[*]CC([*])C(=O)OCC/C=C/CCC[Si](C)(C)COc1ccc(-c2ccc(C)cc2)cc1,True,True,False,600.0,0.8
686,[*]C([*])c1cc(C)cc(-c2c(O)cc(Br)cc2)c1,True,True,False,600.0,0.8
687,[*]Oc1ccccc1/N=C/NC(=O)C1C(=O)N(c2ccc(C3([*])CC3=O)cc2)CC1,True,True,False,600.0,0.8
688,[*]C[Si](C)(C)CCCc1ccc(CS(=O)(=O)NC([*])=O)cc1,True,True,False,600.0,0.8
689,[*]C)CC)c1ccc(OCCCCCCNC(=O)C2COCC(COC(=O)N[*])C2)cc1,False,True,False,600.0,0.8
690,[*]CC(C)COc1ccc(OCCOC(=O)c2ccc(N[*])cc2)cc1,True,True,False,600.0,0.8
691,[*]CC=CC(CC(=O)OCCCCCCCC)SN[*],True,True,False,600.0,0.8
692,[*]C=CCOCCC(=O)Nc1ccc(SSC([*])=O)cc1,True,True,False,600.0,0.8
693,[*]CC([*])(C)P(=O)(CI)OCCCOCC#C,True,True,False,600.0,0.8
694,[*]Oc1ccc(C(c2ccc(OC([*])=O)cc2)c2ccccc2-c2ccccc2)c(Br)c1,True,True,False,600.0,0.8
695,[*]C(=O)N(CC)c1ccc(C(=O)OCCOC(=O)c2ccc([*])cc2S(=O)(=O)O)cc1,True,True,False,600.0,0.8
696,[*]CC([*])(C)C(=O)OCCOc1ccc(C(c2ccc([N+](=O)[O-])cc2)C(=O)c2ccc(OC(C)(C)C#N)cc2)cc1,True,True,False,600.0,0.8
697,[*]CCCCCCCOC(=O)C(F)(F)CCCCC(=O)N=C([*])C,True,True,False,600.0,0.8
698,[*]CC(=O)CCNC(=O)Pc1ccc(N2C(=O)c3ccc([*])cc3C2=O)cc1,True,True,False,600.0,0.8
699,[*]CC([*])c1cc(OC(=O)CCC(=O)C(=O)NCCCCCCCCc2ccc(F)cc2)ccc1OC,True,True,False,600.0,0.8
700,[*]/C=C/C(C)(C)C(=O)NP(=O)(Cl)c1cccc(O[*])c1,True,True,False,600.0,0.8
701,[*]CCCP([*])(C)C(=O)OCc1ccc(/N=C/c2cccc(F)c2)cc1,True,True,False,600.0,0.8
702,[*]CCCCCCC(=O)Nc1ccc(S(=O)(=O)C(=O)c2ccc(O[*])cc2)cc1,True,True,False,600.0,0.8
703,[*]Cc1ccc([Si](C)(C)NC(=O)N[*])nc1,True,True,False,600.0,0.8
704,[*]Cc1cc(C)c(CCNC([*])=O)c(CCC(C)C)c1,True,True,False,600.0,0.8
705,[*]CCCCCCCCCCCOC(=O)NC[Si](C)(C)Oc1cc(OCC)cc(C(=O)NCCC(=O)c2ccc(O[*])c(C)c2)c1,True,True,False,600.0,0.8
706,[*]c1ccc(S(=O)(=O)c2ccc(OCC(=O)Nc3nc4ccc(S([*])(=O)=O)cc4)cc3Cl)c(C#CC)c2)c(C#N)c1,False,True,False,600.0,0.8
707,[*]Oc1ccc(/N=C/c2ccc(OC(=O)c3ccc(C(=O)Nc4ccc(Oc5ccc([*])cc5)cc4)cc3)cc2)cc1,True,True,False,600.0,0.8
708,[*]Cc1ccc(C(=O)NCCCCCCSCCNC(=O)c2ccc(Sc3ccc(N=[*])cc3)cc2)cc1,True,True,False,600.0,0.8
709,[*]CC(C)OC(=O)CCCCC(=O)NCC[*],True,True,False,600.0,0.8
710,[*]Oc1ccc(/C=N/c2ccc(OCC(C)OC(=O)c3ccc(C([*])=O)cc3)cc2)cc1C(=O)Oc1ccc(C(F)(F)F)cc1,True,True,False,600.0,0.8
711,[*]CC([*])N(C)c1ccc(C(=O)c2ccc(-c3ccc(C(=O)O)cc3)cc2)c(S(=O)(=O)CC(C)(C)C)c1,True,True,False,600.0,0.8
712,[*]C(=O)NC1CCC(c2ccccc2)NC(=O)CCCCCCCCCCCCCC([*])C=Cc2ccc(F)cc2C1=O,True,True,False,600.0,0.8
713,[*]/C=N/c1ccc(OCCCCCCCCNC(=O)CCc2ccc(N([*])c3ccccc3C)s2)cc1,True,True,False,600.0,0.8
714,[*]Cc1ccc(CC(=[*])C(=N)CC=C)nc1,True,True,False,600.0,0.8
715,[*]CC([*])(C)CON1C(=O)c2ccc(C(F)(F)F)cc21,True,True,False,600.0,0.8
716,[*]c1ccc(OCC(C)C(=O)Oc2ccc3c(c2)C(=O)N([*])C3=O)cc1,True,True,False,600.0,0.8
717,[*]CC(C#CC([*])=O)c1ccccc1-c1ccc(C)cc1,True,True,False,600.0,0.8
718,[*]C(=O)Oc1cc(OC(=O)c2ccc(OCCCCCCOc3ccc([*])cc3)cc2)cc(C(=O)OCCOC)c1,True,True,False,600.0,0.8
719,[*]CC([*])(C)C(=O)Oc1ccc(/N=N/c2ccc(-c3ccccc3)cc2)c(C(F)(F)C(F)(F)C(F)(F)OC(F)(F)F)c1,True,True,False,600.0,0.8
720,[*]NCCCCCCCCCCNC(=O)c1cccc(OC(=O)CCc2ccc(C([*])=O)cc2)c1,True,True,False,600.0,0.8
721,[*]CC(C)C1CC(C(=O)NCCNC(=O)c2ccc(O[*])cc2)C1=O,True,True,False,600.0,0.8
722,[*]CCC1CC([*])C1C(=O)N(CCc1ccc(N)cc1)SSSSc1ccccc1,True,True,False,600.0,0.8
723,[*]Oc1ccc(C(C)(CCCC)c2ccc(O[Si](C)(C)CCCCCCCCc3ccc(Oc4cc(C([*])=O)ccc4)cc3)cc2)cc1,True,True,False,600.0,0.8
724,[*]CC(CCCCCCOc1ccc(C(=O)NCC(=O)Nc2ccc(O[*])cc2)cc1)C(C)C,True,True,False,600.0,0.8
725,[*]CNC(=O)c1cc(NC(=O)N=C(C)CCCCN2C(=O)c3ccc(C(=O)Oc4ccc([*])cc4)cc3C2=O)ccc1,True,True,False,600.0,0.8
726,[*]NC(=NC[Si](C)(C)CCC)C([*])=O,True,True,False,600.0,0.8
727,[*]CCCCCCO[Si](C)(C)c1ccc(NC(=O)c2ccc3c(c2)C3([*])CCO3)cc1,False,True,False,600.0,0.8
728,[*]NCCOc1ccc(CNC(=O)S[*])c2ccc([N+](=O)[O-])cc2)cc1,False,True,False,600.0,0.8
729,[*]CCCCCCCOC(C)CCCCCCc1ccc(C(c2ccccc2)C(=O)O[*])cc1,True,True,False,600.0,0.8
730,[*]Cc1ccc([Si]([*])(C)c2cccc(N(C)C)c2)cc1,True,True,False,600.0,0.8
731,[*]CC([*])(OC(=O)c1ccc(F)cc1)c1ccccc1C(=O)Nc1ccc(OC)c(C)c1,True,True,False,600.0,0.8
732,[*]CCC(=O)NCOC(=O)CCCCCCCCC(=O)Nc1ccc(OCC(=O)O[*])cc1,True,True,False,600.0,0.8
733,[*]Oc1ccc(/C=C/C(=O)c2ccc(C(=O)Nc3ccc([*])cc3)cc2)c(OC)c1,True,True,False,600.0,0.8
734,[*]Cc1ccc(NC(=O)/C=C/c2ccc(OCCCCCC([*])=O)cc2-c2ccccc2)cc1,True,True,False,600.0,0.8
735,[*]C1CN(CCOc2ccc3cc(c2=O)N(C(=[*])c2ccc([Si](C)(C)C)cc2)C3=O)CC1OCCOCCOC,True,True,False,600.0,0.8
736,[*]Oc1ccc(/C=C/c2ccc(OC([*])=O)c(S(=O)(=O)OCCCCCCCCCCCCCC(C)(C)C)c2)cc1,True,True,False,600.0,0.8
737,[*]OC(=O)c1ccc([Si]([*])(C)C)cc1NC(=O)Oc1ccc(NC(=O)Oc2ccc(-c3ccc(F)cc3)cc2)cc1,True,True,False,600.0,0.8
738,[*]CCCCOC(=O)OCC(F)(F)C(F)(F)C(F)(F)CO[*],True,True,False,600.0,0.8
739,[*]CCC(C)NCC1CCN([*])C1C#CCOc1c(C)cc(C#N)cc1C,True,True,False,600.0,0.8
740,[*]CC([*])(C)C(=O)NCC[Sn](C)(C)CCOC,True,True,False,600.0,0.8
741,[*]COc1ccc(CN(C)C(=O)CCCOC(=O)c2ccc(NC([*])=O)c(-c3ccc(C)cc3)c2)cc1,True,True,False,600.0,0.8
742,[*]c1ccc(NC(=O)CCCCCCCCC(=O)N(CCCCCC)c2ccc(NC([*])=O)s2)cc1,True,True,False,600.0,0.8
743,[*]CC([*])(C)C(=O)Oc1ccc(/N=N/c2cccc(C(C)(C)C)c2)cc1,True,True,False,600.0,0.8
744,[*]/C=C/CCOC(=O)CCCCCCP(=O)(CCCCCCCCCC(=O)O[*])c1ccccc1,True,True,False,600.0,0.8
745,[*]C=Cc1ccc(-c2ccc(NC(=O)C3CC(CC([*])=O)CC3)cc2)cc1,True,True,False,600.0,0.8
746,[*]C/C=C/C=C/P(=O)(O[*])c1cccc(C(=O)NCCN2CCC(C)CC2)c1,True,True,False,600.0,0.8
747,[*]Oc1ccc(OC(=O)NCc2ccc(C#N)cc2)c(C([*])=O)c1,True,True,False,600.0,0.8
748,[*]C#CC(C)c1cc(Br)c(OCC[Fe](=O)c2ccc3c(c2)c2cc([*])ccc2OC)cc1,False,True,False,600.0,0.8
749,[*]CCCCCCCc1ccc(-c2ccc(N3C(=O)c4cc5c(=O)n([*])c(=O)c5cc4c3=O)cc2)cc1,True,True,False,600.0,0.8
750,[*]CC([*])=O)/C=C/C(=O)NNC(=O)c1ccc(/C=N/c2ccc(SC)cc2)cc1,False,True,False,600.0,0.8
751,[*]CCCCOc1ccc(CCCCCCCCCCOC(=O)c2ccc(O[*])cc2)cc1,True,True,False,600.0,0.8
752,[*]C=C(CC)C(=O)C1C(=O)N(C)CC1[*],True,True,False,600.0,0.8
753,[*]CC([*])(C)C(=O)c1cc(OCCCCCCCC)ccc1-c1ccc(C(C)(C)C)cc1,True,True,False,600.0,0.8
754,[*]Oc1ccc(C(=O)c2ccc(-c3ccc([*])cc3)cc2OCCCCCCCC)cc1,True,True,False,600.0,0.8
755,[*]CC([*])(C)C(=O)Oc1ccc(C(O)(CCCC)C(=O)OCCCCCCCCCCOC(=O)c2ccc(OCC)cc2)cc1,True,True,False,600.0,0.8
756,[*]CC([*])[Se]C(=O)OCCCCNC(=O)/C=N/c1ccc(I)cc1,True,True,False,600.0,0.8
757,[*]CCCCCCCCOC(=O)NCC#Cc1ccc([*])c(-c2ccccc2)c1CC,True,True,False,600.0,0.8
758,[*]Oc1ccc(/C(C)=C/c2ccc(OC(=O)C(C#CC)(C)C#CC#CCCCCCCCOC(=O)c3ccc([*])cc3)cc2)cc1,True,True,False,600.0,0.8
759,[*]CCCCCCOc1ccc(NC(=O)CCC(CC[*])CCCC)cc1,True,True,False,600.0,0.8
760,[*]NCC(=O)Nc1ccc(C(=O)NNC(=O)c2ccc(OCCCCc3ccc([*])cc3)cc2)cc1,True,True,False,600.0,0.8
761,[*]CCCCCCOc1ccc(CC(=O)OCCCCCCOc2ccc(N3C(=O)c4ccc([*])cc4C3=O)cc2)cc1,True,True,False,600.0,0.8
762,[*]Oc1ccc(C(C)(C)c2ccc(OC(=O)CN3C(=O)c4cccc(NC(=O)c5ccc([*])cc5C4=O)c3)cc2C)cc1,True,True,False,600.0,0.8
763,[*]O[Si]([*])(C)OCCC(=O)OCc1cc(OC)c(C(=O)O)cc1C,True,True,False,600.0,0.8
764,[*]c1ccc(N(C)C(=O)OCCCCCCCc2ccc(N3C(=O)c4ccc(C([*])=O)cc4C3=O)cc2)cc1,True,True,False,600.0,0.8
765,[*]CC(C)(C)COC(=O)c1ccc(NC(=O)OCCCCCCCCCCOc2ccc(-c3nnc(C([*])=O)cc3)cc2)cc1,True,True,False,600.0,0.8
766,[*]C1=CC=C(c2ccc(N(c3ccccc3)c3ccc(C(=O)NCC([*])=O)cc3)cc2)C1C#N,True,True,False,600.0,0.8
767,[*]C/C=C/CCCCCCCCC(NC(=O)C(CCCCCC)N)C(=O)N[*],True,True,False,600.0,0.8
768,[*]CN([*])C(=O)OC(C)(CC(C)C)C(F)(F)F,True,True,False,600.0,0.8
769,[*]Nc1ccc(-c2ccc(NC(=O)NNC([*])=Cc3ccccc3)cc2)cc1OC#N,True,True,False,600.0,0.8
770,[*]CC([*])(C)C(=O)NC(CCCCC)CCNC(=O)c1ccc2ccccc2c1,True,True,False,600.0,0.8
771,[*]CNc1ccc(NC(=O)CCCCCCCC(=O)Nc2ccc(OCC(=O)N[*])cc2)cc1,True,True,False,600.0,0.8
772,[*]C/C=C/c1ccc(-c2ccc(C3([*])c4ccc(I)cc4)cc3CCCCC)cc2)cc1,False,True,False,600.0,0.8
773,[*]Nc1ccc(C=Cc2ccc3c(c2)c2cc(C([*])(C)C)ccc2c2=O)cc1,False,True,False,600.0,0.8
774,[*]CC([*])(C)C(=O)Oc1ccc(OC3CCCCCC3Cl)cc2OCC(F)(F)COc2ccccc2)cc1,False,True,False,600.0,0.8
775,[*]CC([*])(C)C(=O)OCCOC(O)COc1ccc([Si](C)(C)OCC)cc1,True,True,False,600.0,0.8
776,[*]CCCC(C)(C(=O)CCCCNC(=O)NCc1ccc(CCCCCCCC(=O)O[*])cc1)C(=O)OCC(F)(F)F,True,True,False,600.0,0.8
777,[*]c1ccc2nc(-c3ccc(OCc4ccc5c(c4)C(=O)N([*])C5=O)cc3)ccc2n1c1ccccc12,False,True,False,600.0,0.8
778,[*]Cc1ccc(NSCCCC(=O)N2CC([*])(C)C2)cc1,True,True,False,600.0,0.8
779,[*]/C=C/CC(CCCC)(CCCCCC)C(=O)OCCOC(=O)c1ccc(NC(=O)/C=C/c2ccc(N=[*])cc2)cc1,True,True,False,600.0,0.8
780,[*]CCOCCOCCOc1ccc(/C=C/CCCCNC(=O)c2ccc(/C=C/c3ccc(C(=O)OCCCCCCCCOC([*])=O)cc3)cc2)cc1,True,True,False,600.0,0.8
781,[*]Cc1ccc(COC(=O)c2ccc(P(=O)(CCC([*])=O)c3ccc(C#N)cc3)cc2)cc1,True,True,False,600.0,0.8
782,[*]Oc1ccc(C(c2ccc(OC(=O)/C=C/c3ccc(C([*])=O)cc3)cc2)c2cc(C)c(Br)cc2)cc1F,True,True,False,600.0,0.8
783,[*]CCCCCP(=CN[*])c1cc(OCCCCCCCC)ccc1COCC[N+](=O)[O-],True,True,False,600.0,0.8
784,[*]CCC(C)(C)C(=[*])Cc1ccc(C(=O)O)cc1,True,True,False,600.0,0.8
785,[*]CC([*])(C)C(=O)OCCCCc1cc(I)c([N+](=O)[O-])cc1O,True,True,False,600.0,0.8
786,[*]Oc1cc(OCCOC(=O)Nc2ccc(S(=O)(=O)Oc3ccc(C#N)cc3)cc2)c(NC(=O)c2ccc(C)c(C([*])=O)c2)cc1,True,True,False,600.0,0.8
787,[*]c1ccc(N2C5CCCCCC(=O)N(C(=O)c4ccc(/C=C/C(=O)Nc5ccc([*])cc5C)cc4)C3=O)cc2)cc1,False,True,False,600.0,0.8
788,[*]CC(=O)O[Si](C)(C)C(=O)NCCCCOCc1cc2c(C([*])=O)ccc(C(=O)O)c2c1,False,True,False,600.0,0.8
789,[*]CC([*])C(=O)Nc1ccc(OC(=O)c2ccc3c(c2)N(CCCCCCCC)C3=O)cc1,True,True,False,600.0,0.8
790,[*]C/C=C/CCCCNS(=O)(=O)c1ccc(C(=O)Nc2ccc(OCCCCCCCCOc3ccc(N([*])c4ccc(F)cc4)cc3C(F)(F)F)cc2)cc1,True,True,False,600.0,0.8
791,[*]C#CN(c1ccc([Si](C)(C)C)cc1)Oc1cc([*])c(C)cc1N,True,True,False,600.0,0.8
792,[*]CC(O)COc1ccc(CC/C=N/c2ccccc2)c(O[*])c1,True,True,False,600.0,0.8
793,[*]NC1CCC(CCc2ccc(NC(=O)CCCCC([*])=O)cc2)CC1,True,True,False,600.0,0.8
794,[*]Oc1ccc(-c2ccc(OC(=O)c3ccc4c(c3)C(=O)N(P(=O)(O[*])O5C(=O)c5ccccc54)cc2)C3=O)c(P(=O)(F)F)c1,False,True,False,600.0,0.8
795,[*]NNC(=O)CCCC(=O)NCC1CCN(C([*])=S)C(=O)N1,True,True,False,600.0,0.8
796,[*]CCCCCCCCCCOc1ccc(C(C)(C)c2ccc([*])cc2)c(C)c1C,True,True,False,600.0,0.8
797,[*]Oc1ccc(C#Cc2ccc(OC([*])=S)cc2Sc2ccc3c(c2)C(C)(C)CCCCCCC(c2ccccc2)C4(C)C)cc1,False,True,False,600.0,0.8
798,[*]CCCCCOc1ccc(/C=C/c2ccc(OC(=O)CCCCC([*])CC)cc2)cc1,True,True,False,600.0,0.8
799,[*]CC([*])(C)C(=O)OCCCCCCCCCCN1CC1(C)CC,True,True,False,600.0,0.8
800,[*]CC(C)(C)C(=O)Nc1ccc(C(=O)c2cc(Nc3ccc([*])cc3)cc(C)c2)cc1,True,True,False,600.0,0.8
801,[*]NNC(=O)c1ccc(OC(=O)c2ccc3c(c2)C(=O)N(C([*])=O)C3=O)c(S(=O)(=O)OCCCCCCCCCCCCCC)c1SC(=O)O,True,True,False,600.0,0.8
802,[*]N=NC(C)CCCNC(=O)C(Cc1ccc([Si]([*])(=O)=O)cc1)Oc1ccc2cc(OC(=O)NC(=O)C(F)(F)F)ccc2c1,True,True,False,600.0,0.8
803,[*]OC(=O)c1ccccc1C(=O)Nc1ccc(OCCCc2ccc(-c3c(C([*])=O)cc(S(=O)(=O)CCCC)cc3)cc2)cc1,True,True,False,600.0,0.8
804,[*]CC([*])C(=O)Nc1cc(S(=O)(=O)O)ccc1-c1cccc2ccccc12,True,True,False,600.0,0.8
805,[*]C=C[Si](C)(C)CCCCC(=O)Nc1ccc(NC(=O)O[*])cc1,True,True,False,600.0,0.8
806,[*]Sc1ccc(/N=C/c2cc(C)c(OC([*])=O)cc2)cc1OC,True,True,False,600.0,0.8
807,[*]CCCCC([*])[Si](C)(C)C(=O)OCc1c(Cl)cccc1N,True,True,False,600.0,0.8
808,[*]C(=O)c1ccc(Oc2ccc(N3C(=O)C(=O)N(c4ccc(Sc5ccc(C([*])=O)cc5)cc4)C3=O)cc2)cc1,True,True,False,600.0,0.8
809,[*]CC(Oc1ccc(C(C)(C)c2ccc(OCc3ccc(O[*])cc3)cc2)cc1)c1cccc(C(=O)OCCCCCC(F)(F)F)c1C#N,True,True,False,600.0,0.8
810,[*]/C=C/CCOC(=O)c1ccc(/C=N/c2ccc(S(=O)(=O)NSCCCCCCCO)cc2)cc1[*],True,True,False,600.0,0.8
811,[*]CCN+3cc(C)c(N=[*])cc2oc1OCCC(CS(=O)(=O)OCC)C(=O)OCC(F)(F)C(F)(F)F,False,True,False,600.0,0.8
812,[*]c1cc([*])cc(-c2ccc([Si](C)(C)O[Si](C)(C)c3ccc(F)cc3)cc2)c1,True,True,False,600.0,0.8
813,[*]NC(C#N)C(=O)Oc1ccc([Si](C)(C)c2ccc(NC(=O)CCCN([*])CC)cc2)cc1,True,True,False,600.0,0.8
814,[*]Oc1ccc(OC(=O)c2ccccc2Oc2ccc(S(=O)(=O)N(C)c3ccc(NC(=O)Nc4nnc([*])[nH]4)cc3)cc2)cc1,True,True,False,600.0,0.8
815,[*]CC([*])(CBr)C(=O)COc1cccc(-c2cc(C)c(C)cc2)c1,True,True,False,600.0,0.8
816,[*]OCC(O)COC(=O)/C=C/c1ccc(-c2ccc(C(=O)OCCCCC[N+](C)C[*])cc2)cc1,True,True,False,600.0,0.8
817,[*]CC([*])(C)c1ccc(-c2cc(C)ccc2)c([PH](=O)(O)O)c1,True,True,False,600.0,0.8
818,[*]Nc1ccc(CCCCCC(C)CC)c(NC(=O)c2ccc(C(=[*])c3ccc([N+](=O)[O-])cc3)cc2)c1,True,True,False,600.0,0.8
819,[*]C#CCOCC(=O)NNC(=O)c1cccc(C(=O)OCCOC(=O)c2ccc([N+](=O)[O-])cc2)c1[*],True,True,False,600.0,0.8
820,[*]C#CC(C)(C)CCCCCCCCCCCCOC(=O)c1ccc(C(=S)NCCCCCC[*])cc1,True,True,False,600.0,0.8
821,[*]c1ccc([Si](C)(C)CC(F)(F)C(F)(F)C(F)(F)C(F)(F)CN(CC)Oc2ccc([*])cc2)cc1,True,True,False,600.0,0.8
822,[*]CC(CCC(=O)c1ccc(N([*])C)c(-c2ccccc2)c1)c1ccc(Cl)cc1,True,True,False,600.0,0.8
823,[*]C(=O)Nc1cc(OCC(CC)CC)c([*])cc1Br,True,True,False,600.0,0.8
824,[*]C(=O)c1ccc(Oc2ccc(C(NC(=O)c3cccc(C([*])=O)c3)C(F)(F)C(F)(F)F)cc2)cc1,True,True,False,600.0,0.8
825,[*]Cc1ccc(C2CC(=C(c3ccc(/N=N/c4ccc(-c5ccc6c(c5)C(=O)N([*])C6=O)cc4)cc3)C3=O)C(F)(F)C(F)(F)F)CC2)cc1,False,True,False,600.0,0.8
826,[*]c1cccc(C(F)(F)C(F)(F)C(F)(F)C(=O)Nc2c(C)cc([*])cc2CCCCCCC)c1,True,True,False,600.0,0.8
827,[*]CC(CCCCOc1ccc(CC(=O)Oc2ccc(O[*])cc2)cc1)OC(C)C,True,True,False,600.0,0.8
828,[*]COC(=O)C(CCC)S(=O)(=O)c1ccc(C(C)(C)c2ccc(N3C(=O)N([*])CC3=O)cc2)cc1,True,True,False,600.0,0.8
829,[*]CCCCCN(C)C(=O)CCCCCCCC(=O)Nc1ccc(C/C=C/C(=O)c2ccc([*])o2)cc1,True,True,False,600.0,0.8
830,[*]C[Si]([*])(C)CCCCCCc1ccccc1CNNC(=O)c1cc([PH](=O)[O-])cc(S(=O)(=O)CC)c1,True,True,False,600.0,0.8
831,[*]CNC(=O)c1ccc([Si](C)(C)CCCCN2CCN(C([*])c3ccc(CC)cc3)CC2)cc1,True,True,False,600.0,0.8
832,[*]Cc1ccccc1C(=O)OCCCCCCCCCCOc1ccc(C(c2ccc(O[*])cc2)C(F)(F)F)cc1,True,True,False,600.0,0.8
833,[*]/C=C/c1ccc(CCCCCCNC([*])=O)cc1,True,True,False,600.0,0.8
834,[*]Nc1ccc(OC(=O)c2ccc(CC(C)(C)C)cc2)cc1OC([*])=O,True,True,False,600.0,0.8
835,[*]Nc1ccc(OCCCCCCOCC(=O)N(C)c2ccc([Si]([*])(C)c3ccccc3)cc2)cc1,True,True,False,600.0,0.8
836,[*]SC(=O)Nc1cc(Cl)ccc1CCC(=O)OC([*])=O,True,True,False,600.0,0.8
837,[*]CCCCCCCC(=O)Nc1ccc(OC(=O)N(CSCCOCCOC)C(=O)NC([*])=O)cc1,True,True,False,600.0,0.8
838,[*]CCCCCCNC(=O)c1ccc(C(=O)N[*])cc1S(=O)(=O)CCCCCSCCSSCCCCCCN,True,True,False,600.0,0.8
839,[*]C(=O)NNC([*])(c1ccccc1)OCC[Si](C)(C)CCCC,True,True,False,600.0,0.8
840,[*]COC(=O)c1ccc(CC(=O)Nc2ccc(S(=O)(=O)OCCOc3ccc(C=[*])cc3)cc2)cc1,True,True,False,600.0,0.8
841,[*]CC([*])C(=S)NCCCCc1ccccc1OCC([2H])=O,True,True,False,600.0,0.8
842,[*]CC([*])(C)NC(=O)CCCCCCCCCS(=O)(=O)c1ccc(OC)cc1,True,True,False,600.0,0.8
843,[*]CC(CC(C)(C)c1ccc([*])cc1)OS(=O)(=O)CCCCCO,True,True,False,600.0,0.8
844,[*]CCOC(=O)c1ccc(NC(=O)OCCCCCCNC(=O)CNc2ccccc2C([*])=O)cc1,True,True,False,600.0,0.8
845,[*]C#Cc1ccc(N2C(=O)CCCCCCC(=[*])c3ccc(C#C)cc3)cc2C1,True,True,False,600.0,0.8
846,[*]Oc1cc(C(F)(F)F)ccc1Oc1ccc(-c2ccc(CCCCCCCCC)cc2[*])cc1,True,True,False,600.0,0.8
847,[*]CC([*])(C)C(=O)NCCCc1ccnc(C(=O)OCCC)c1,True,True,False,600.0,0.8
848,[*]CC(C)(C)C(=O)OC[Si]1c2cc([*])c(C(=O)OCCCCCCCC)cc21,True,True,False,600.0,0.8
849,[*]/C=C/C(=O)Nc1ccc(C#Cc2ccc(NC(=O)c3ccc([*])s3)cc2)cc1,True,True,False,600.0,0.8
850,[*]CC(C)CCCOCCCCCCCCCP(=O)(CCCCCCCCC)C(=O)N(C)c1ccc(C([*])=O)cc1,True,True,False,600.0,0.8
851,[*]CC(CCCC)COC(=O)CCCCCCCCOc1ccc(/C=N/c2ccc(OCCCC)cc2)cc1,True,True,False,600.0,0.8
852,[*]CCCCOS(=O)(=O)c1cc(C(=O)NC(=O)C([*])=O)ccc1O,True,True,False,600.0,0.8
853,[*]CCCCCc1ccc(C(=O)OCCCCCCN2C(=O)CC(=O)N([*])C(=O)C2C)cc1,True,True,False,600.0,0.8
854,[*]c1ccc(OCCOCCOc2ccc(S(=O)(=O)c3ccc(N(C)CC)cc3)cc2[*])cc1,True,True,False,600.0,0.8
855,[*]Sc1ccc(Oc2ccc(/C=C/c3cccc([PH]([*])=O)c3)cc2)cc1,True,True,False,600.0,0.8
856,[*]O[Si](C)(C)C(F)(F)C(F)(F)C(Oc1ccc(C(=O)Nc2ccc(OC)cc2)cc1)C1([*])OCC1,True,True,False,600.0,0.8
857,[*]CC(=O)NCCCCCCCCC(=O)NC[Si](C)(C)CCNC(=O)c1ccc(C[*])cc1,True,True,False,600.0,0.8
858,[*]CCCCCOc1ccc(N2C(=O)c3ccc(C([*])(CBr)C)cc3C2=O)cc1,True,True,False,600.0,0.8
859,[*]NC1CCC(CN(C)C(=O)c2ccc(C([*])=O)cc2)C1(C)C,True,True,False,600.0,0.8
860,[*]CC(CI)(/C=C/c1ccc(O[*])cc1)OCCCCCCCCCCC(F)(F)F,True,True,False,600.0,0.8
861,[*]C(=O)CCCCCCCCNC(=O)c1c([*])cc([2H])cc1C,True,True,False,600.0,0.8
862,[*]Cc1ccc(OC(=O)c2ccccc2Oc2cc(OCC)c(/C=C/[Si](C)(C)Nc3ccc(O[*])cc3)c(NC(=O)OC)c2)cc1,True,True,False,600.0,0.8
863,[*]/C=C/c1ccc(OCCCCCOC(=O)c2ccc(/N=C/c3ccc(OC(=O)Nc4ccc(C)cc4)cc3)c(NC(=O)O[*])c2)cc1,True,True,False,600.0,0.8
864,[*]CCCCCCCCCC(=O)Oc1cc(CCOC(=O)O[*])cc(O[Si](C)(C)C)c1Cl,True,True,False,600.0,0.8
865,[*]Oc1ccc(C(CC)(CCCCCC)c2ccc(OC(=O)NCC(C)CC)c(O[*])c2)cc1,True,True,False,600.0,0.8
866,[*]CC#CCOc1c(C(C)(C)c2ccc(C)cc2)cc([*])cc1[PH](=O)=O,True,True,False,600.0,0.8
867,[*]NC1CCCCCCCCC(C(=O)NNC(=O)c2c(C)cc([*])cc2C)C1C(C)(C)C,True,True,False,600.0,0.8
868,[*]NC(C)C(=O)NCCCCCCC[Si](C)(C#N)c1ccc(C[*])cc1,True,True,False,600.0,0.8
869,[*]CCCCCCC(C)(C)c1ccc(/C=C/c2ccc(C(=O)OCc3ccc([*])o3)cc2)cc1CSC(=O)c1ccc(C)cc1,True,True,False,600.0,0.8
870,[*]Oc1ccc(NC(=O)c2ccc(OCCCCCCC(=O)Oc3ccc(C([*])=O)cc3)cc2)cc1,True,True,False,600.0,0.8
871,[*]/C=N/c1ccc(Oc2ccc(-c3ccc(SC(=O)c4ccccc4C(=O)O[*])cc3C(F)(F)F)cc2)cc1,True,True,False,600.0,0.8
872,[*]Nc1ccc(NC(=O)c2ccc(C(=O)OCCCCOC([*])(CC)COc3ccc([N+](=O)[O-])cc3)cc2)cc1,True,True,False,600.0,0.8
873,[*]Oc1ccc(/N=C/C(=O)c2ccc(OC(=O)c3ccc([*])cc3)cc2OC(F)(F)F)c(S)c1,True,True,False,600.0,0.8
874,[*]CC(O)c1ccc(C2(c3ccc(OC(=O)CCCCCC(C)CCC)cc3C)CCC2[*])cc1,True,True,False,600.0,0.8
875,[*]NC1CCCC(CNC(=O)CCCCCCCCSCCCCC(=O)N[*])C1,True,True,False,600.0,0.8
876,[*]/C=C/CC[Si]([*])(C)c1ccc(CCCC(=O)Nc2ccc(Oc3ccc(N(C)CCCC)cc3)cc2)cc1,True,True,False,600.0,0.8
877,[*]N=Nc1ccc(-c2ccc(N3C(=O)c4ccc(C([*])=O)cc4C3=O)cc2)c(CC)c1,True,True,False,600.0,0.8
878,[*]CCCCCOC(=O)CSCCCCCCCCCCC(=O)Nc1ccc(O[*])cc1,True,True,False,600.0,0.8
879,[*]/C(C)=C/c1ccc(OCCCCOc2ccc(O[Si]([*])(C)CC)cc2)c(C)c1,True,True,False,600.0,0.8
880,[*]C=C([*])COC1CCCCCCCCC(=O)N(c2ccc(C(=O)OCC)cc2)CC1,True,True,False,600.0,0.8
881,[*]/C=C/[Si](C)(C)CCCCCCCCCCCCNC(=O)c1ccc(O[*])c(O)c1,True,True,False,600.0,0.8
882,[*]Cc1ccc2c(c1)C(=O)N(c1ccc(CC(=O)CCCCCCCCN3C(=O)c4ccc([*])cc4C3=O)cc1)C2=O,True,True,False,600.0,0.8
883,[*]CCC(COCCCCCC)C([*])S(=O)(=O)Cl,True,True,False,600.0,0.8
884,[*]Nc1cc(NC(=O)[PH]([*])(C)c2ccc(-c3ccccc3)cc2)ccc1CCCCCCC,True,True,False,600.0,0.8
885,[*]C(=O)NC=C([*])CN1C(=O)c2ccc(F)cc2C(=O)OC1OCC,True,True,False,600.0,0.8
886,[*]CC(CCOc1ccc(/C=C/c2ccc(O[*])c(C(=O)OCc3ccccc3)c2)cc1)c1ccccc1,True,True,False,600.0,0.8
887,[*]CC([*])(CC#N)NC(=O)Oc1ccc(N2CCCC(CCCCCCCCCCC)C2)cc1,True,True,False,600.0,0.8
888,[*]CCOC(=O)NC(C)CCCCC(=O)Oc1cccc(Oc2ccc(-c3ccc(C(=O)N([*])S(=O)(=O)O)cc3)cc2)c1,True,True,False,600.0,0.8
889,[*]CC(C)(C)c1ccc2c(=O)c2ccc(C([*])=O)cc2c1Br,False,True,False,600.0,0.8
890,[*][Si](=O)(Oc1ccc(C(C)(C)C)c(N([*])c2ccccc2)c1)c1ccccc1Br,True,True,False,600.0,0.8
891,[*]CCCCCCCSC(=[*])CCc1ccc([N+](=O)[O-])cc1,True,True,False,600.0,0.8
892,[*]C(NC(=O)c1ccc(C(=O)OC(=O)CCl)c(O[*])c1)c1ccccc1,True,True,False,600.0,0.8
893,[*]CCCc1ccc(NC(=O)CCCCCCC(F)(F)C(F)(F)c2ccc(OC([*])=O)cc2)cc1,True,True,False,600.0,0.8
894,[*]CCCC(F)(F)C(F)(F)c1ccc(C(=O)NCCCCNC(=O)c2ccc([*])cc2Oc2ccccc2)cc1,True,True,False,600.0,0.8
895,[*]Nc1ccc(C(c2ccc(-c3ccc(NC(=O)c4ccc(C([*])=O)cc4)cc3)cc2)(CC(C)(C)C)C(=O)Nc2ccc(O[Na])cc2)cc1,True,True,False,600.0,0.8
896,[*]Oc1ccc(C(C)(c2ccc(OC(=O)c3cc(N4C(=O)c5ccccc5C4=O)cc(O[*])c3)cc2)C(F)(F)F)cc1,True,True,False,600.0,0.8
897,[*]Nc1cccc2c(OCCC(C)Oc3ccc(/C=C/c4cccc(C([*])=O)c4)cc3)cccc2c1,False,True,False,600.0,0.8
898,[*]CC(COc1ccc(/C=N/[Si](C)(C)c2ccccc2)cc1)C(=O)NC(=O)c1ccc([*])cc1,True,True,False,600.0,0.8
899,[*]C(=O)c1ccc(C(=O)Oc2ccc(C(OCCCCCCC)N(C)C([*])=O)cc2)c(C)c1,True,True,False,600.0,0.8
900,[*]C[N+]([*])(=O)c1ccc(C(=O)Oc2ccc(C)cc2)c(S(=O)(=O)OCC)c1,False,True,False,600.0,0.8
901,[*]Cc1ccccc1CC#CC(SC(F)(F)F)C([*])(F)F,True,True,False,600.0,0.8
902,[*]Oc1ccc2c(c1)-c1ccc(CN(c3ccc([*])cc3)c3ccc(C(F)(F)F)cc3)cc2)c1,False,True,False,600.0,0.8
903,[*]CC(CC(C)C)P(=O)(Cl)OC(=O)c1ccc(C([*])=C)cc1,True,True,False,600.0,0.8
904,[*]/C(=C\c1ccc([*])cc1)Nc1ccccc1,True,True,False,600.0,0.8
905,[*]CCCC(=O)NCCNC(=O)/C=C(/[*])C1CCC1(C)C,True,True,False,600.0,0.8
906,[*]/C=C(/[*])CCCCCNc1cccc(C(=O)O[Si](C)(C)C#N)c1,True,True,False,600.0,0.8
907,[*]C(CCC(=O)OCC(C)C)C(=O)OC1CCCCCCNC(=O)C1C(=O)Nc1ccc(C([*])=O)cc1,True,True,False,600.0,0.8
908,[*]Oc1ccc(/C=N/c2ccc(C(=O)Nc3ccc(OC(=O)c4ccc([*])cc4)cc3)cc2)cc1C,True,True,False,600.0,0.8
909,[*]Oc1ccc(CC(F)(F)C(F)(F)c2ccc(OC(=O)CCCCCN([*])OC(C)(C)C)cc2C)cc1,True,True,False,600.0,0.8
910,[*]CCCCSCCCc1ccc(OCC(CC)C(=O)O[*])cc1,True,True,False,600.0,0.8
911,[*]CCCCOc1ccc(C(C#C)C(=O)NC(=O)c2ccc([*])cc2)cc1,True,True,False,600.0,0.8
912,[*]C#CC[N+](C)(C)CCCCCCCNC(=O)C/C=C/[Si](C(=[*])NC)c1ccc(F)cc1,True,True,False,600.0,0.8
913,[*]C#Cc1ccc(CCCCCCCNC(=O)c2ccc(N=C(O)COc3ccc(C(=O)Nc4ccc(C([*])=O)cc4)cc3)cc2)c(O)c1,True,True,False,600.0,0.8
914,[*]OC(CC)CCCOC(=O)Oc1c(C(C)(C)C)cc([*])cc1CC(C)C,True,True,False,600.0,0.8
915,[*]CC(O)COc1ccc(N(c2ccccc2)c2ccc(S(=O)(=O)c3ccc(OC(=O)c4ccc(C([*])=O)cc4)cc3)cc2)cc1,True,True,False,600.0,0.8
916,[*]Nc1c(C)cc(-c2ccc(/C(C)=C/c3ccc(C#N)cc3C)cc2C)c([*])c(C)c1CCCCCC,False,True,False,600.0,0.8
917,[*]CCCCCc1ccc(-c2ccc(N3C=CC4C3CCCC([*])=CC3C2=O)cc1,False,True,False,600.0,0.8
918,[*]CCCCCCOc1ccc(C)c(NC(=O)CCCCCCC(=O)NCCCCCCOc2ccc(C([*])=O)cc2)c1,True,True,False,600.0,0.8
919,[*]CCCCOC(=O)c1ccccc1Oc1ccc(OCCCCCOc2ccc(/C=N/c3ccc(C([*])=O)cc3)cc2)cc1,True,True,False,600.0,0.8
920,[*]CSCOC(=O)c1cc(CC)ccc1C([*])=O,True,True,False,600.0,0.8
921,[*]CCCCCc1ncccc1OC(=O)C(C)S[*],True,True,False,600.0,0.8
922,[*]O[Si](C)(C)CCCCCCCOC(=O)NCC(C)CCCCC1CCC(NC(=O)O[*])CC1,True,True,False,600.0,0.8
923,[*]CCCOc1ccc(S(=O)(=O)c2ccc(OC)cc2)c(C(=O)OC(=O)CCCCC(=O)O[*])c1,True,True,False,600.0,0.8
924,[*]CCCCCCP(C)(=O)c1ccc(/C=C/CCCCCCCCCC(=O)OC(=O)O[*])cc1,True,True,False,600.0,0.8
925,[*]O[Si]([*])(C)CCCCCCOc1ccc(/C=C/c2ccc(C#C)c(OC(=O)CCCCCCCCCCCCCCC(CC)(CC)CC)c2)cc1,True,True,False,600.0,0.8
926,[*]Oc1ccc(NC(=O)C(C)(C)C(Sc2ccc(F)cc2)C(F)(F)F)c(C([*])=O)c1,True,True,False,600.0,0.8
927,[*]CC(C)(C)CCCOc1ccc(CCCCCC(=O)Nc2ccc(N(C)/C=N/c3ccc(N[*])cc3)cc2)cc1,True,True,False,600.0,0.8
928,[*]CC(CCCCCCOc1ccc([*])cc1)COC(=O)/C=C/CCCO,True,True,False,600.0,0.8
929,[*]Cc1ccc(S(=O)(=O)c2ccc(OC(=O)CCCCc3ccc(C([*])=O)cc3)cc2)c(OC)c1,True,True,False,600.0,0.8
930,[*]CCCCCCCCC(=O)Nc1ccc(Oc2ccc(CC)c(C(=O)O[*])c2)cc1,True,True,False,600.0,0.8
931,[*]CC([*])CCCCCCNc1ccc(C(=O)Nc2ccc3ccccc23)cc1,False,True,False,600.0,0.8
932,[*]C#Cc1cc(OC(=O)c2ccccc2NC([*])=O)cc(S(=O)(=O)OC)c1CC,True,True,False,600.0,0.8
933,[*]Nc1ccc(C(=O)c2ccc(OC(=O)c3ccc(/N=C/c4ccc(CSCC(=O)O[Na])cc4[*])cc3)cc2)cc1,True,True,False,600.0,0.8
934,[*]COc1ccc(NC(=O)c2cc(C(=O)NC(=O)c3ccc(C([*])=O)cc3)ccc2Cl)cc1,True,True,False,600.0,0.8
935,[*]CC(O)COc1ccc(C(c2ccc(OC(C)=O)cc2)C(=O)OCC)c(N[*])c1,True,True,False,600.0,0.8
936,[*]CCOCCOC(=O)CC(C)(CCCCCCCc1ccc(NC(=O)NCCOC([*])=O)cc1)C(C)C,True,True,False,600.0,0.8
937,[*]Oc1ccc(C(=O)c2ccc(-c3ccc(Oc4ccc(/N=C(/[*])c5ccccc5)cc4)cc3)cc2)c(OC(=O)CCCCC(C)=O)c1,True,True,False,600.0,0.8
938,[*]CCCCC(=O)NC1CCC(CCCCCCCNC(=O)N([*])CC(=O)CN)CC1,True,True,False,600.0,0.8
939,[*]CCC(=O)OCCCCCCOC(=O)C1CC1C(=[*])NCC,True,True,False,600.0,0.8
940,[*]CCOCCOc1ccc(C(=O)c2cccc(OC(=O)c3ccc(OCCCCCCCCCCCCCCC)cc3)c2)cc1[*],True,True,False,600.0,0.8
941,[*]OC(=O)CCCCCCCCNC(=O)c1cccc(CNC(=O)C([*])=O)c1,True,True,False,600.0,0.8
942,[*]CCOC(=O)c1ccc(NC(=O)C(CCC(=O)O[*])c2ccccc2)cc1,True,True,False,600.0,0.8
943,[*]Oc1ccc(C(I)=C(N)Cc2ccc(OC(=O)CC([*])=O)cc2)cc1,True,True,False,600.0,0.8
944,[*]CCCC(C)(C)CNC(=O)CCCCCCCCC(=O)NCCSC(=O)O[*],True,True,False,600.0,0.8
945,[*]CC(C)(CCCCC)N([*])C(=O)OC(C)OC(C)(C)C,True,True,False,600.0,0.8
946,[*]C=C(Cc1ccccc1)C(=O)NC(C)(C)CC(=O)N[*],True,True,False,600.0,0.8
947,[*]COC(=O)NCCCCCCCC([*])=O)c1ccc(C(=O)Oc2ccc(OCC)cc2)cc1,False,True,False,600.0,0.8
948,[*]Cc1ccc(C([*])COC(=O)c2ccc(OCCCCCO)cc2)c(CC)c1,True,True,False,600.0,0.8
949,[*]Cc1ccc(OC(=O)c2ccccc2C(=O)OCCCCCCCCOc2ccc(-c3nnc([*])o3)cc2)o1,True,True,False,600.0,0.8
950,[*]c1ccc(N2C(=O)CCCCC(C)(C(=O)Nc3ccc(C(=O)c4ccc([*])cc4)cc3)C2=O)cc1,True,True,False,600.0,0.8
951,[*]C[Si](C)(C)CCC=C(CCC(C#N)=O)c1cccc([*])c1,True,True,False,600.0,0.8
952,[*]CC(CCCCCC(F)(F)F)C(F)(F)OC(=O)OCCN([*])CC,True,True,False,600.0,0.8
953,[*]Oc1ccc(C(C)(C)c2ccc(OCC([*])O[Si](C)(C)CCCC)cc2)cc1,True,True,False,600.0,0.8
954,[*]CC1CC(COC(=O)Nc2ccc(Sc3ccc(OCCOCCOC(=O)c4ccc([*])cc4)cc3)cc2)C(=O)C1,True,True,False,600.0,0.8
955,[*]Oc1cc(CCCCCCCC)ccc1NC(=O)OCC(C)(C)C([*])=O,True,True,False,600.0,0.8
956,[*]/N=N/c1cccc(N2C(=O)c3ccc(C(=[*])c4ccccc4)cc3C2=O)c1N,True,True,False,600.0,0.8
957,[*]/C=C/c1ccc(N2C(=O)CC(CCc3ccc([*])cc3)NC2=O)cc1,True,True,False,600.0,0.8
958,[*]Nc1ccc(C)c(-c2ccc(N3C(=O)c4ccc(C(=O)c5ccc([*])cc5)cc4C3=O)cc2OCCC)c1,True,True,False,600.0,0.8
959,[*][Si]([*])(C)CCCCCCCC(C)C,True,True,False,600.0,0.8
960,[*]CC([*])(C)C(=O)OC[Ge](C)CCCNC(=O)c1cc(C(F)(F)F)c(O)cc1,True,True,False,600.0,0.8
961,[*]CC([*])C(=O)OC(C)Cc1ccccc1NCCCCC,True,True,False,600.0,0.8
962,[*]Oc1ccc(CN2CCC(NC(=O)c3ccc(C([*])=O)cc3)C(=O)c3ccccc3C2=O)cc1,True,True,False,600.0,0.8
963,[*]CC([*])(C)C(=O)Oc1ccc(OC(=O)c2ccc3c(c2)C(=O)N(c2ccc(C)cc2)C3=O)cc1,True,True,False,600.0,0.8
964,[*]Nc1c(C)cc(C(=O)N[*])c(O)c1OCC(=O)OCCCCCCCCCCCC,True,True,False,600.0,0.8
965,[*]COc1ccc(I)c2ccccc2c1OC(=O)c1ccc(C(CCC#N)SC)cc1,False,True,False,600.0,0.8
966,[*]CC([*])(C)COc1ccc(C(=O)C(C)CCCC)cc1,True,True,False,600.0,0.8
967,[*]C[PH](C)(C#C)c1ccc(C(=O)Oc2cc([*])c(CSC(=O)OCC(F)(F)F)cc2)c(-c2ccccc2)c1,True,True,False,600.0,0.8
968,[*]Oc1cccc(C(=O)OCC(F)(F)CN2C(=O)c3ccc(Oc4ccc(C([*])=O)cc4)cc3C2=O)c1,True,True,False,600.0,0.8
969,[*]Oc1cc(NC(=O)CCCN([*])c2ccc(Br)cc2)ccc1C(=O)OC,True,True,False,600.0,0.8
970,[*]CC(C)(C=C)C(=O)OCCCCCSC(=O)c1ccc(C(=O)O[*])cc1,True,True,False,600.0,0.8
971,[*]CCCC(=O)NCCCCCCOc1ccc(C([*])=Nc2ccccc2)c(C(F)(F)F)c1,True,True,False,600.0,0.8
972,[*]CC([*])c1ccc(COc2ccc(S(=O)(=O)O[Na])cc2)cc1C(F)(F)F,True,True,False,600.0,0.8
973,[*]Oc1ccc(-c2ccc(OC(=O)c3ccc4c(c3)C(=O)N(c3cccc(C([*])=O)c3)C4=O)cc2)cc1,True,True,False,600.0,0.8
974,[*]C#CNc1ccc(N(CCCC)CC(F)(F)F)c(C=[*])c1,True,True,False,600.0,0.8
975,[*]N=P(CCl)(COC(=O)OC)c1ccc(-c2ccc(OC([*])=O)cc2)c(S(=O)(=O)Oc2ccccc2)c1,True,True,False,600.0,0.8
976,[*]CC(N)CNC(=O)CC(C(=O)N[*])c1ccc(C(=O)Oc2ccc(OC)cc2)cc1,True,True,False,600.0,0.8
977,[*]CCCC(C)(C)NC(=O)OCCOC([*])Oc1ccc(N(c2ccc(OC)cc2)C(F)(F)C(F)(F)Br)cc1,True,True,False,600.0,0.8
978,[*]Cc1ccc(P([*])(CCCCCCCC)CC(=O)Oc2ccc(C(C)(C)C)cc2)cc1,True,True,False,600.0,0.8
979,[*]OC(=O)c1ccc(C2(CCCCC(C)CNC(=O)c3ccc(C([*])=O)cc3)c3ccccc32)c(OC)c1,True,True,False,600.0,0.8
980,[*]Cc1cc(OC(=O)c2ccc(C([*])=O)cc2)cc(CSSC(=O)OC)c1,True,True,False,600.0,0.8
981,[*]CC(CC)C(=O)Oc1ccc(-c2ccc(OCCCCCCCCCCOc3ccc(C(=O)O[*])cc3)cc2)cc1,True,True,False,600.0,0.8
982,[*]C(=O)c1ccc(Oc2ccc3c(c2)C(=O)n(-c2ccc([*])cc2=CC=Cc2ccccc2)C3=O)cc1,False,True,False,600.0,0.8
983,[*]CC1([*])CNC(=O)CC(CCCCCC)C(=O)OC1=O,True,True,False,600.0,0.8
984,[*]C#Cc1ccc(CC(=O)O[*])c(NC(=O)CCCCC(F)(F)F)c1,True,True,False,600.0,0.8
985,[*]=Nc1ccc(Oc2ccc(-c3ccc(N4C(=O)c5ccc([*])cc5C4=O)cc3)c(OC)c2)cc1-c1ccc(C#N)cc1,True,True,False,600.0,0.8
986,[*]Oc1ccc2cc(OCCCc3ccc(OC([*])=O)cc3)ccc2c1,True,True,False,600.0,0.8
987,[*]Oc1ccc(C(C)(C)c2ccc(NC(=O)c3cc4c(c3)C(=O)N(c3cccc(C([*])=O)c3)C4=O)cc2C(=O)OCCCCCCCCCCCC(F)(F)F)cc1,False,True,False,600.0,0.8
988,[*]Oc1cc(Cl)c(N2C(=O)OCCCCCCOC([*])=O)cc1OC(=O)c1cccc(/C=C/c2ccc(C(F)(F)F)cc2)c1,False,True,False,600.0,0.8
989,[*]C=Cc1ccc(/C=C/CCCCCCCCCC[Si]([*])(C)c2ccc(C#N)cc2)cc1,True,True,False,600.0,0.8
990,[*]CC(C)(CC)Oc1ccc(/C=C/c2ccc(OC(=O)c3cc(OC)cc(C([*])=O)c3)cc2)cc1-c1ccc([N+](=O)[O-])cc1,True,True,False,600.0,0.8
991,[*]CCN([*])C(=O)OCCCCc1ccc(C(=O)O[Na])cc1,True,True,False,600.0,0.8
992,[*]C([*])C(=O)NCCCCNC(=O)c1ccc([N+](C)=O)cc1,True,True,False,600.0,0.8
993,[*]Oc1ccc(NC(=O)c2cc(C([*])=O)cc(Oc3cccc(-c4ccccc4)c3)c2)c(CCCCCCCC)c1O,True,True,False,600.0,0.8
994,[*]ON([*])C(=O)OCCCCCCc1ccc(OC)cc1,True,True,False,600.0,0.8
995,[*]CCN(C)Oc1ccc(C(=O)NC(O[*])c2ccc(C)cc2)cc1C,True,True,False,600.0,0.8
996,[*]C#Cc1ccc(OC(=O)NNC(=O)CCCCCOc2ccc(C(=O)c3ccc4c(c3)C(=O)N([*])C4=O)cc2)cc1,True,True,False,600.0,0.8
997,[*]Cc1ccc(-c2sc([*])c(C#C)c2C)cc1,True,True,False,600.0,0.8
998,[*]CCCCCCCCCOC(=O)CC(CCCCC)CC([*])CC,True,True,False,600.0,0.8
999,[*]COc1ccc(C(=O)c2ccc(OC(=O)Nc3ccc(O)cc3)o2)cc1,True,True,False,600.0,0.8
1000,[*]Oc1ccc(OC(=O)/C=N/c2ccc(OC(=O)Nc3ccc(C([*])=O)cc3C#Cc3ccc(C(C)(C)CC)cc3)cc2)cc1,True,True,False,700.0,0.8
1001,[*]CC(C)CC(=O)NNC(=O)CC1CCC(([*])=O)C1,False,True,False,700.0,0.8
1002,[*]C/C=C/C(=O)NCCCCCCCCCN([*])C(=O)c1cccc(COC(C)(C)C)c1,True,True,False,700.0,0.8
1003,[*]CC(C)CCCCCCCCCCCNC(=O)OC#CC(=O)O[*],True,True,False,700.0,0.8
1004,[*]/C=C/c1cc(C(C)(C)N(C)C)c(Oc2ccc(F)cc2)cc1O[*],True,True,False,700.0,0.8
1005,[*]CCCCCCCCCCOC(=O)CC1C(=O)N([*])C(=O)C1OC,True,True,False,700.0,0.8
1006,[*]OC(=O)Oc1ccc(C2(c3ccc(OC(=O)CCCCC(C)(C)c4ccccc4)c(C([*])=O)c3)CC2)cc1-c1ccccc1,True,True,False,700.0,0.8
1007,[*]C(=O)c1ccc(C(=O)c2cc(OCCCCCCCCCCCCCC)cc([*])c2)c(C)c1,True,True,False,700.0,0.8
1008,[*]Cc1ccc(C(C(=O)NC(=O)CCCCC#C)N[*])cc1,True,True,False,700.0,0.8
1009,[*]CC(C)CCOC(=O)Nc1ccc(P(=O)(O[*])OC)cc1,True,True,False,700.0,0.8
1010,[*]C([*])(C)c1ccc(Oc2ccc(C(c3ccc(OC)cc3)c3ccc(/N=N/c4ccccc4)cc3)cc2)cc1-c1ccc(C#C)cc1,True,True,False,700.0,0.8
1011,[*]N=C([*])C(=O)OCCCCCC(F)(F)C(F)(F)C(F)(F)F,True,True,False,700.0,0.8
1012,[*]Cc1ccc2c(=O)c3cc4c(c(Oc5ccc([*])cc5)c4ccccc34)cc(C(F)(F)F)c2)c(=O)c1,False,True,False,700.0,0.8
1013,[*]Cc1ccc(C(C)(CC)c2ccc(OC(=O)CCCCCCC([*])=O)cc2ccccc2)cc1,False,True,False,700.0,0.8
1014,[*]CCCN(CCCCCCCSC(=O)CCCCCc1ccccc1O)C(=O)NCC(=O)O[*],True,True,False,700.0,0.8
1015,[*]OC(=O)c1ccc(C(C)(CC)c2ccc(OC(=O)Oc3ccccc3O[*])cc2)cc1,True,True,False,700.0,0.8
1016,[*]Oc1ccc(Oc2ccc(C(=O)Nc3ccc(OC(=O)c4ccccc4C([*])=O)cc3C)cc2Cl)cc1,True,True,False,700.0,0.8
1017,[*]/C=C/c1ccc(N(C)C(=O)c2ccc([Si]([*])(C)C)cc2)c(Oc2ccc(C)cc2)c1,True,True,False,700.0,0.8
1018,[*]Oc1ccc(OC(=O)c2cccc(NC(=O)OCCCCCCS([*])=O)c2)cc1CC,True,True,False,700.0,0.8
1019,[*]Oc1c(OCC)cc(Cc2ccc(N3C(=O)c4ccccc4C3=O)cc2C([*])=O)c(Cl)c1,True,True,False,700.0,0.8
1020,[*]CC[Sn](C)(C)C(=O)N([*])c1ccccc1,True,True,False,700.0,0.8
1021,[*]CCCCCCCCCCCC(=O)Nc1ccc(NC(=O)O[*])c(C(C)=O)c1,True,True,False,700.0,0.8
1022,[*]OC(=O)c1ccc(-c2ccc(C(=O)N[*])c([N+](=O)[O-])c2)cc1,True,True,False,700.0,0.8
1023,[*]Oc1ccc(OC(=O)c2ccc(CC(=O)Oc3ccc(CCCCCCO[*])cc3)c(C(C)=O)c2)cc1,True,True,False,700.0,0.8
1024,[*]/C=C/c1cc(CCCCCC)ccc1Oc1ccc(OC(=O)c2ccc(S(=O)(=O)c3ccc(O[*])cc3)cc2)cc1,True,True,False,700.0,0.8
1025,[*]OC(=O)c1ccc(C(=O)OC(C(C)(C)C)C(=O)Oc2ccc(C([*])=O)cc2)cc1,True,True,False,700.0,0.8
1026,[*]CCCCCCCOc1ccc(SCCCCCCCCCCOCCCCCCCCOC(=O)c2ccc(NC(=O)CCCC(=O)O[*])cc2)cc1,True,True,False,700.0,0.8
1027,[*]OC(=O)NCCC(c1ccc(NC(=O)C#N)cc1)=CCCCCCN=[*],True,True,False,700.0,0.8
1028,[*]CCCCC(C)(C)CNC(=O)c1ccc(C(=O)N[*])c(S(=O)(=O)OCC(C)(C)C)c1,True,True,False,700.0,0.8
1029,[*]CC([*])(C)C(=O)OCCCCCCCCc1ccc(NC(=O)C(=O)c2ccccc2)cc1,True,True,False,700.0,0.8
1030,[*]Nc1ccc(Oc2ccc(C([*])=Cc3ccc(C(=O)c4ccc(OCCCCCCCCC)cc4)cc3)cc2)cc1C,True,True,False,700.0,0.8
1031,[*]C#C[Si](C)(C)CCCCCC(=O)Oc1ccc(-c2ccc(C3(c4cc(OC([*])=O)cc([2H])c4[2H])C3=O)cc2)cc1,False,True,False,700.0,0.8
1032,[*]CCS(=O)(=O)CCCCCCCCN([*])CC,True,True,False,700.0,0.8
1033,[*]CCCCOC(=O)CCCCCCCCC(=O)Sc1ccccc1N1C(=O)C([*])C1=O,True,True,False,700.0,0.8
1034,[*]c1ccc(Sc2ccc(-c3ccc(C(C)(CC)c4ccc(S([*])(=O)(F)F)cc4)cc3)cc2)cc1,True,True,False,700.0,0.8
1035,[*]C=Cc1ccc(NC(=O)C2CCC(C(=O)c3cccc([*])c3)CC2)cc1,True,True,False,700.0,0.8
1036,[*]CCCCCCCOC(=O)Nc1nc(-c2ccccc2)cc(C([*])=O)c1O,True,True,False,700.0,0.8
1037,[*]CC(F)(F)C([*])(N=C)c1ccc([Si](C)(C)C)cc1,True,True,False,700.0,0.8
1038,[*]NC(=O)CCCCCCCCc1ccc(NC(=O)c2ccc(C([*])=O)cc2)cc1,True,True,False,700.0,0.8
1039,[*]OC(O)CCCc1ccc(C(=O)C([*])=O)cc1,True,True,False,700.0,0.8
1040,[*]O[Si](C)(C)CC(C)(CCCCCCCOc1ccc(OC(C)=O)cc1)C([*])(C)C,True,True,False,700.0,0.8
1041,[*]CCN(CCOC(=O)OCCCCCCOC([*])=O)CC,True,True,False,700.0,0.8
1042,[*]C#Cc1ccc(NC(=O)c2ccc(OCCCCCCCCOc3ccc(-c4ccc(C(=O)N[*])cc4)cc3)cc2)cc1CCCCCCC,True,True,False,700.0,0.8
1043,[*]Nc1ccc(Oc2ccc(NC(=O)CCCCC([*])=O)cc2CC)cc1,True,True,False,700.0,0.8
1044,[*]c1ccc(C(CCCCC)N(C)C(=O)c2ccc3c(c2)C(=O)N([*])C3=O)cc1,True,True,False,700.0,0.8
1045,[*]Cc1ccc(C(C)(C)c2ccc(CC(COc3ccccc3)NC(=O)c3ccc(O[*])cc3)cc2)cc1,True,True,False,700.0,0.8
1046,[*]NCCCCCCC(=O)NC(C([*])=O)[Se]=O,True,True,False,700.0,0.8
1047,[*]/C=N/c1cc(C(=O)OC(=O)CCCCCCCCCC)cc(C(=O)N=[*])c1,True,True,False,700.0,0.8
1048,[*]OS(=O)(=O)Oc1ccc(/C=C/c2ccc(OC(=O)c3ccc(OCCCCCCCC)cc3)cc2)c(C([*])=O)c1,True,True,False,700.0,0.8
1049,[*]Nc1ccc(CCCCc2ccc(NC(=O)CCCCCCCCC(=O)c3cc(C([*])=O)ccc3C)cc2)cc1,True,True,False,700.0,0.8
1050,[*]NC(=O)CCCCCCCC(=O)Nc1ccc(-c2ccc(NC([*])=S)cc2)cc1,True,True,False,700.0,0.8
1051,[*]Nc1ccc(C(CC)c2ccc(OC(=O)Cc3cccc(C([*])=O)c3)cc2)cc1,True,True,False,700.0,0.8
1052,[*]Cc1ccc(N([*])[Si](CCCC)(OC)OC(C)=O)cc1,True,True,False,700.0,0.8
1053,[*]Oc1ccc3c(c1)Cc1ccc2c(c1)-c1ccc(-c3ccc(/N=N/P(=O)(NC([*])C)c4ccc(C)cc4)cc3)cc1)C2=O,False,True,False,700.0,0.8
1054,[*]C1CCN1C([*])(CC)Oc1ccc(S(=O)(=O)Oc2ccc(C(C)(C)C)cc2)cc1,True,True,False,700.0,0.8
1055,[*]C((C)(C)C)c1ccc(-c2ccc(Oc3cc(C)c(NC([*])=O)cc3)cc2)cc1C(CC)CC,False,True,False,700.0,0.8
1056,[*]C(CCCCCCC(=O)OC(=O)C([*])CC)c1ccc(NC(=O)c2ccc([N+](=O)[O-])cc2)cc1,True,True,False,700.0,0.8
1057,[*]/C(CCCCC)Oc1ccc(-c2csc(-c3c(C([*])=O)cc(Cl)cc3)c2)cc1OC(=O),True,True,False,700.0,0.8
1058,[*]CCCNC(=O)Nc1ccc(P(C)(=O)NC(=O)c2ccc(O[*])cc2)cc1,True,True,False,700.0,0.8
1059,[*]C#C[Si](C)(C)COC(=O)NNC(=O)CCCCCOC([*])=O,True,True,False,700.0,0.8
1060,[*]O[Si]([*])(C)CCCCCCc1ccc(-c2ccccc2)c(N2C(=O)c3ccc(Br)cc3C2=O)c1,True,True,False,700.0,0.8
1061,[*]/C=C/c1cccc(CCN([*])CC(=O)Nc2ccc(N=S)cc2)c1,True,True,False,700.0,0.8
1062,[*]OCC(C)(C)OC(=O)CCc1ccc(C(=O)O[*])cc1,True,True,False,700.0,0.8
1063,[*]C[Si]([*])(C)CCC(=O)Nc1c(C)cc(COCC(CC)CC)cc1OC(C)=O,True,True,False,700.0,0.8
1064,[*]/C=C/CCCOc1ccc(NC(=O)c2ccc(NC(=O)CCCc3ccc(C4([*])c5ccc(C(=O)OCC)cc5)cc4)cc3)cc2)cc1-c1ccccc1,False,True,False,700.0,0.8
1065,[*]O[Si]([*])(C)CCCOC(=O)Nc1ccc(Cl)cc1[N+](C)=O,True,True,False,700.0,0.8
1066,[*]O[Si]([*])(C)CCCCCCOc1ccc(-c2ccc(C(=O)OCC)c(C)c2)cc1,True,True,False,700.0,0.8
1067,[*]Oc1ccc(C(CNC(=O)OCCCCOc2ccc(/N=N/c3ccc(C([*])=O)cc3)cc2)OC(=O)c2ccccc2)cc1O,True,True,False,700.0,0.8
1068,[*]C1CCN(c2ccc(N2C(=O)c4ccc(C(=O)N([*])c5ccc(C)cc5)cc4C3=O)cc2)C(=O)C1,False,True,False,700.0,0.8
1069,[*]/C=C/C(=[*])SC(C)(C)CCCCCC(=O)O[Na],True,True,False,700.0,0.8
1070,[*]CC(CO)COC(=O)CCCCCSC([*])=O,True,True,False,700.0,0.8
1071,[*][Si]([*])(CCOC(=O)c1cccc(CCCCCCCCCC)c1)C(C)C,True,True,False,700.0,0.8
1072,[*]C[Si]([*])(C)OCCC(=O)c1ccc(/C=C/c2ccc(C#C)cc2)cc1,True,True,False,700.0,0.8
1073,[*]CCCCOC(=O)OC[Te](C)(CCCOc1ccc([*])cc1)CCO,True,True,False,700.0,0.8
1074,[*][Sn]([*])(C)c1cc(Cl)cc(OC(F)(F)C(F)(F)F)c1,True,True,False,700.0,0.8
1075,[*]CCCNC(=O)CCCCCCCCCOC(=O)NC1CCC(C(=O)N[*])C[Se]1,True,True,False,700.0,0.8
1076,[*]CC(C)(COC(=O)N[*])c1ccc(/N=N/c2ccc(OC(C)CC)cc2)c(CC)c1,True,True,False,700.0,0.8
1077,[*]Oc1ccc(Oc2ccc3c(c2)C([*])(C(C)(C)CC)c2ccc(C)c(C)c2)cc1,False,True,False,700.0,0.8
1078,[*]CCCC1CC([*])CC(C(=O)Oc2ccc(OCCCC)cc2)=C1C,True,True,False,700.0,0.8
1079,[*]Oc1ccc(C2(c3ccc(OC(=O)CCCCCCCCCC([*])=O)cc3)CCC2N(C)C)cc1,True,True,False,700.0,0.8
1080,[*]CC(C)(COC([*])=O)c1ccc(SC)cc1,True,True,False,700.0,0.8
1081,[*]CCC(COc1ccc(OC)cc1)C([*])O[Na],True,True,False,700.0,0.8
1082,[*]CC([*])(C)C(=O)OCCCCOc1ccc(OC(=O)c2ccc(/C=C/CC)cc2)c(CC)c1O,True,True,False,700.0,0.8
1083,[*]C(=CCC(=O)Oc1ccc(OC(=O)c2ccc(F)cc2)cc1)C([*])=CC=CCC=C,True,True,False,700.0,0.8
1084,[*]CC(O)COc1ccc(C(=O)Oc2ccc(Oc3ccc([*])cc3)cc2)c(S(=O)(=O)O)c1,True,True,False,700.0,0.8
1085,[*]CCc1ccc(C(=O)NCCCNC([*])CC)cc1SC,True,True,False,700.0,0.8
1086,[*]C([*])C(=O)NCCOc1ccc(C(=O)c2ccc(Sc3ccc(CNC(C)=O)cc3)cc2)cc1,True,True,False,700.0,0.8
1087,[*]C(C)C(=O)OCC(c1ccc([*])cc1)c1c(C)cccc1Br,True,True,False,700.0,0.8
1088,[*]Cc1ccc2c(cc(Nc3ccc([Si]([*])(C)C)cc3)ccc1C)=O,False,True,False,700.0,0.8
1089,[*]C(=O)CCCCCCCC(=O)Oc1ccc(N(c2ccccc2)c2ccc(Oc3nnc([*])nc4c4ccccc43)cc2)cc1,False,True,False,700.0,0.8
1090,[*]/C=C/C(C)OC(F)(F)CCC([*])C,True,True,False,700.0,0.8
1091,[*]CC([*])(C)C(=O)OCC#CC(C)Oc1cccc(/N=C/c2ccc(C)cc2)c1,True,True,False,700.0,0.8
1092,[*]CCCCC(F)(F)COCCCCCCCOC(=O)NCC([*])(C)C,True,True,False,700.0,0.8
1093,[*]C(OC)c1ccc(-n2c(=O)c3cc4c(=O)n([*])c(=O)c4cc3c2=O)cc1OC#N,True,True,False,700.0,0.8
1094,[*]Oc1ccc(((((C))c2ccc(OC(=O)Sc3ccc(Sc4ccc(C([*])=O)cc4)c(OC)c3)cc2)cc1OC(C)=O,False,True,False,700.0,0.8
1095,[*]O[Si](C)(CC(C)CC)Oc1ccc(OC([*])=O)cc1,True,True,False,700.0,0.8
1096,[*]CCCCCP(CC(=O)Oc1ccc(/N=C/c2ccc(-c3ccc(S([*])=O)cc3)cc2)cc1)c1ccc(C)c(F)c1,True,True,False,700.0,0.8
1097,[*]CC([2H])C(=O)NCC(C)C(O)COc1ccc(C([*])(CCCCCCC)CC(F)(F)F)cc1,True,True,False,700.0,0.8
1098,[*]CC(C)(C)CCCCCCCCC(=O)Nc1ccc(CN(c2cccc(OC(C)=O)c2)C(=O)N[*])cc1,True,True,False,700.0,0.8
1099,[*]CC(C)c1ccc(/C=C/C(=O)Nc2ccc3[nH]c(-c4ccc(C([*])=O)cc4)cc3)c2cc1,False,True,False,700.0,0.8
1100,[*]CCCc1ccc(C(NC(=O)CCCCCC(=O)O[*])Oc2ccc(C(C)(C)c3ccc([N+](=O)[O-])cc3)cc2)cc1,True,True,False,700.0,0.8
1101,[*]C(=O)c1ccc2c(=O)n1-c1ccc(/C=N/c3ccc([N+](=O)[O-])cc3Cl)cc2[*])cc1,False,True,False,700.0,0.8
1102,[*]c1cc(-c2ccc(OC)c(-c3ccc(Oc4c(C)cc([*])c(C(C)(C)C)c4)cc3C)c2)c(OCCCC)cc1-c1ccccc1,True,True,False,700.0,0.8
1103,[*]CC(CCCCCCCCCCOC(=O)OCC(F)(F)C(F)(F)F)S(=O)(=O)O[*],True,True,False,700.0,0.8
1104,[*]Nc1ccc(C(C)(CC(=O)OCCCC)c2ccc(OC(=O)c3ccc(OC(=O)SCC([*])COc4ccccc4)cc3)c(C(C)(C)C)c2)cc1,True,True,False,700.0,0.8
1105,[*]CSC(=O)OCC(C)(C)c1ccc(C([*])=O)cc1,True,True,False,700.0,0.8
1106,[*]CCCCCCCCC(=O)COC(=O)CCCCCSC(=O)C(=O)NCC1CCCC1O[*],True,True,False,700.0,0.8
1107,[*]CCCCCC(=O)Nc1ccc(OCCCCCOC(=O)c2ccc(-c3ccc(S(=O)(=O)C([*])=O)cc3)cc2)cc1,True,True,False,700.0,0.8
1108,[*]Nc1ccc(Cc2ccc(OC(=O)SC3C(C)(C)C(=O)NC([*])=O)c(Br)c3C)cc2)c(F)c1F,False,True,False,700.0,0.8
1109,[*]CCCCCCN(C)C(=O)c1ccccc1C(=O)N[*])OCCOc1ccc(N(C)C)o1,False,True,False,700.0,0.8
1110,[*]C(CI)(CCCCCCCC)C(=O)OCCOc1ccc(-c2ccc(/C=N/c3nnc([*])s3)cc2)cc1,True,True,False,700.0,0.8
1111,[*]Nc1ccc(C(C#N)(C#N)c2ccc3c(c2)C(=O)N(C([*])=O)c2cc(C#N)ccc2N=C3N)c(=O)c1,False,True,False,700.0,0.8
1112,[*]Nc1ccc(NC(=O)/C=C/CCCCCCP(=O)(OC)c2ccc([*])cc2C)cc1,True,True,False,700.0,0.8
1113,[*]Oc1ccc(C(c2cc(OC)c(OC(=O)CCCCCCC([*])=O)cc2C)C(=O)c2ccccc2)c(F)c1F,True,True,False,700.0,0.8
1114,[*]CC(CCCC(C)C)Oc1ccccc1[*],True,True,False,700.0,0.8
1115,[*]C(=O)NCCCCCCCNC(=O)[Si]([*])(C)c1ccc(OC3(C)CCCCC3)cc1,True,True,False,700.0,0.8
1116,[*]Nc1cccc(N2C(=O)c3cc(C(C)(C)C)c([*])cc3C2=O)c1C[Te],True,True,False,700.0,0.8
1117,[*]C(=O)c1ccc(OC(=O)CCCCCCCCC#CC([*])=O)cc1,True,True,False,700.0,0.8
1118,[*]OC(=O)c1ccc(C([*])CC(F)(F)c2ccc(-c3ccc(SC(C)=O)cc3)cc2)c(C)c1,True,True,False,700.0,0.8
1119,[*]c1ccc(C(=O)NC(F)(F)C(=O)NCc2ccc(C(=O)OC(=O)c3ccccc3NC([*])=O)cc2)cc1,True,True,False,700.0,0.8
1120,[*]Oc1ccc(S(=O)(=O)c2ccc(Oc3ccc(/C=C/c4ccc(C([*])=O)cc4)cc3OC)cc2)cc1,True,True,False,700.0,0.8
1121,[*]Nc1ccc2c(c1)C(=O)N(c1c(C(=O)OC(C)CC(C)(C)C)ccc1N=C(C)C([*])=O)C2=O,False,True,False,700.0,0.8
1122,[*]CCCCCCCCNC(=O)c1ccc(C[Ca](=O)O[*])cc1,True,True,False,700.0,0.8
1123,[*]CCCC(C#N)=C(N)CCc1ccc(NC(=O)N[*])cc1,True,True,False,700.0,0.8
1124,[*]C(Cl)C1CC2CC(C2C(=O)OCC([*])C3c3ccccc3)C3=O)C2C1C1,False,True,False,700.0,0.8
1125,[*]Cc1ccc(OC(F)(F)CCCN2C(=O)c3ccc(C3=O)cc3C2=O)cc1[*],False,True,False,700.0,0.8
1126,[*]CCCCOC(=O)CNCCCCCCCNC1CCC(=O)NC(=O)c2ccc([*])cc2)C1,False,True,False,700.0,0.8
1127,[*]NC(C)C(=O)Nc1ccc(C(F)(F)C(F)(F)C(F)(F)COC(=O)c2ccc(Oc3cccc(C([*])=O)c3)cc2)cc1,True,True,False,700.0,0.8
1128,[*]CC([*])(Cl)C(=O)Oc1ccc(COCCC(C)=O)cc1,True,True,False,700.0,0.8
1129,[*]Sc1ccc(CCCCCCCC)cc1C,True,True,False,700.0,0.8
1130,[*]Oc1ccc(C(C)(CC)c2ccc(OC(=O)Oc3cc(OC)cc(C([*])=O)c3)cc2OCCCCCCCCCCCC)cc1OC(C)=O,True,True,False,700.0,0.8
1131,[*]N=C(C(=O)NCCCCC)CSc1ccc(CNC([*])=O)c(C(C)(C)C)c1,True,True,False,700.0,0.8
1132,[*]CCC#CCCCCCCCOC(=O)c1ccc(Oc2c(F)c(F)c(S(=O)(=O)O[*])cc2C)cc1,True,True,False,700.0,0.8
1133,[*]C/C=C/c1ccc(C(C)(C)c2ccc(OC(=O)O[*])cc2CC(C)CC)cc1,True,True,False,700.0,0.8
1134,[*]CCC(COc1ccc(OCC)cc1)C1=CC=C(C)C1C(=O)N[*],True,True,False,700.0,0.8
1135,[*]Cc1ccc([Si]([*])(C)CCC(F)(F)C(=O)OCCC)c(C(=O)O)c1,True,True,False,700.0,0.8
1136,[*]/C=C/c1ccc(OC(=O)CCCCCCCCCCC(=O)Oc2c(Cl)cc(C([*])=O)cc2Br)cc1,True,True,False,700.0,0.8
1137,[*]Sc1ccc(NC(=O)CCCCCCCCc2ccc(C(=O)c3cccc(C([*])=O)c3)cc2)cc1,True,True,False,700.0,0.8
1138,[*]/C=C/C(=C\c1ccc(OCCCCCCCCCCC)cc1)CC([*])(CO)COc1ccccc1,True,True,False,700.0,0.8
1139,[*]Oc1ccc(C(C)(Oc2ccc(OC(=O)c3ccc(S(=O)(=O)c4ccc(C([*])=O)cc4)cc3)cc2OC)C(F)=O)cc1,True,True,False,700.0,0.8
1140,[*]CC([*])(C)C(=O)Oc1ccc2c(c1)c1ccc(-c3ccc(F)cc3)cc12,True,True,False,700.0,0.8
1141,[*]Oc1ccc(CC(CCCCCCC)CC([*])C(=O)Nc2ccc(/N=C/c3ccc([N+](=O)[O-])cc3)cc2)cc1,True,True,False,700.0,0.8
1142,[*][Sn]c1ccc(CN2C(=O)c3ccc(Oc4c(C)cc([*])cc4OCCCC)cc3)cc2C1=O,True,True,False,700.0,0.8
1143,[*]/C=C/c1ccc(OC(C)(C)Cc2cc(CC)c([*])cc2O)c(O)n1,True,True,False,700.0,0.8
1144,[*]CC([*])(C#N)c1cc(OC)cc(C(=O)NCC(C)=O)c1,True,True,False,700.0,0.8
1145,[*]C(=O)OCCOc1ccccc1NC(=O)/C=C/c1ccc(-c2ccc(C([*])=O)cc2)cc1,True,True,False,700.0,0.8
1146,[*]C(F)(F)C([*])(COc1c(F)ccc(OC)c1)C(F)(F)F,True,True,False,700.0,0.8
1147,[*]C(C)CCCCCCC(=O)N(C)c1ccc(C)c(N2C(=O)c3cc([*])c(C)cc3C2=O)c1,True,True,False,700.0,0.8
1148,[*]OC(C)(C)Cc1cccc(Oc2ccc(C3([*])CC(=O)c4ccc(C(C)(C)C)cc4C3=O)cc2)c1,True,True,False,700.0,0.8
1149,[*]Cc1ccc(C(=O)OC(=O)N2CC[SH](Sc3ccccc3)Oc3ccc(S[*])cc3)cc2)cc1,False,True,False,700.0,0.8
1150,[*]Cc1ccc(NC(=O)OCC(F)(F)C(=O)O[*])cc1,True,True,False,700.0,0.8
1151,[*]C(=O)SSc1ccc(C(=O)Oc2ccc(N3C(=O)c4ccc(C(C)(C)c5cccc(C([*])=O)c5)cc4C3=O)cc2)cc1,True,True,False,700.0,0.8
1152,[*]CC(=O)Nc1ccc(OC(=O)c2ccc(C(C)(C)C)cc2)c(O[*])c1,True,True,False,700.0,0.8
1153,[*]C[Si]([*])(C)CCC(C)COc1ccc(OC(=O)CCCCCCCCCOc2ccc(-c3ccc(CCN(CC)CC)cc3)cc2)cc1,True,True,False,700.0,0.8
1154,[*]C1=CC(C)N(C(=O)S[*])C1=O,True,True,False,700.0,0.8
1155,[*]CCCCC(F)(F)c1ccc(SC(=O)OCCCCCCNC(=O)O[*])cc1,True,True,False,700.0,0.8
1156,[*]C(COc1ccc(NC(=O)Oc2ccc(C([*])(C)C)cc2)cc1)c1ccc([N+](=O)[O-])cc1,True,True,False,700.0,0.8
1157,[*]CC([*])(C)C(=O)[Fe]CCC#C,True,True,False,700.0,0.8
1158,[*]c1ccc(C(CCCCCC(=O)Nc2ccc(OC(C)=O)cc2)c2ccc(N([*])C)cc2)cc1,True,True,False,700.0,0.8
1159,[*]NC(C)(C=S)C(=O)NNC(=O)CCCCCCCNC([*])=O,True,True,False,700.0,0.8
1160,[*]/C=C/c1ccc(-c2=Cc3ccc(S([*])(=O)=O)cc3OC)cc2)c(OCCF)c1,False,True,False,700.0,0.8
1161,[*]CC(CC)C(=O)c1ccc(NC(=O)c2ccc(O[*])cc2)c(CCCCCCC)c1,True,True,False,700.0,0.8
1162,[*]CCN(C(=O)N[Se]C(=O)N[*])C(=O)CC(C)(C)C([2H])=O,True,True,False,700.0,0.8
1163,[*]CCCCCCCOc1ccc(SC(=O)N2CC(C(C)=C(C)c3ccc(Oc4ccc([*])cc4)cc3)C2)cc1,True,True,False,700.0,0.8
1164,[*]c1ccc2c(c1)C(=O)N(c1ccc(/C(C)(C)Nc3ccc([*])c(-c4ccccn4)c3)cc1)C2=O,True,True,False,700.0,0.8
1165,[*]C=C(C)C(=O)NCCCCCCCOC(=O)NCc1ccc(C([*])=O)cc1,True,True,False,700.0,0.8
1166,[*]Cc1ccc(C(C(=O)OC(C)(C)C)c2ccc(NC(=O)CCCCCCCCC([*])(C)C)cc2)cc1,True,True,False,700.0,0.8
1167,[*]Cc1ccc(NC(=O)N2CC(CC(=O)O[*])C2OC(=O)CCCCCCCCC)cc1,True,True,False,700.0,0.8
1168,[*]CC(Cl)(C)c1ccc(C(C)(C)C)c(NC(=O)c2ccc([*])nc2)c1C,True,True,False,700.0,0.8
1169,[*]/C=C(\F)C(=O)NCCCCCCc1cccc(NNC(=O)c2ccc(OC(=O)c3ccc(F)cc3)cc2)c1[*],True,True,False,700.0,0.8
1170,[*]CC([*])(OCCBr)C(=O)OCCOc1ccc(I)cc1,True,True,False,700.0,0.8
1171,[*]CC=CCCCC(=O)Nc1ccc(/C(=N/CCC[N+]CC)c2ccc(O[*])cc2)cc1,True,True,False,700.0,0.8
1172,[*]Oc1ccc(C(F)(c2ccc(Oc3ccc([*])cc3)cc2)C(C)=O)cc1,True,True,False,700.0,0.8
1173,[*]N=C(Cl)Cc1ccc(-c2ccc(S(=O)(=O)CC(=O)N([*])c3ccccc3)cc2)cc1,True,True,False,700.0,0.8
1174,[*]C(=O)C(CCCCSC(=O)OCCOc1ccccc1[*])C(=O)OC,True,True,False,700.0,0.8
1175,[*]CCCCCCCCCCCCOC(=O)[Si](C)(C)C1C(=O)N(C(=O)CCCCCCCCCC([*])=O)C(=O)C1c1ccc(C#C)cc1,True,True,False,700.0,0.8
1176,[*]CCOCCCCCCCOC(=O)c1ccc([Si]([*])(c2ccccc2)c2ccc(OC(C)CC)cc2)cc1,True,True,False,700.0,0.8
1177,[*]Nc1ccc(NC(=O)CC(C)(c2ccccc2)c2cc(N=C(C)C([*])=O)ccc2C)cc1,True,True,False,700.0,0.8
1178,[*]O[Si](C)(C)CCCCC(C)(COc1ccc(C(C)(C)C)cc1)N([*])C(C)=O,True,True,False,700.0,0.8
1179,[*]CC([*])(C)C(=O)OCCCCCCCCC(=O)NCc1ccc(C)o1,True,True,False,700.0,0.8
1180,[*]CC(=O)Nc1c(NC(=O)SOc2ccccc2OC)cc(C([*])=O)cc1-c1ccccc1,True,True,False,700.0,0.8
1181,[*]c1nc(Cc2ccc(N=[*])cc2)c(F)cc1C,True,True,False,700.0,0.8
1182,[*]Nc1ccc(/C=N/c2ccc(Oc3ccc(C([*])=O)cc3)cc2)cc1Oc1ccc(F)cc1,True,True,False,700.0,0.8
1183,[*]Sc1ccc(N2C(=O)c3ccc(OC([*])=O)cc3C2=O)cc1-c1ccc(C(=O)OCCC)cc1,True,True,False,700.0,0.8
1184,[*]CCCCCCCCCN(C(=O)CCC(=O)OCCCC)C(=O)c1ccc(C([*])=O)cc1,True,True,False,700.0,0.8
1185,[*]CC(c1ccc(OC)cc1)c1ccc(Oc2cc([*])c(=O)c(Cl)cc2C)cc1,True,True,False,700.0,0.8
1186,[*]CN(C)CSCCOC(=O)C(Cl)O[*],True,True,False,700.0,0.8
1187,[*]Oc1ccc(/C=C/NC(=O)c2ccc(-c3ccc(S([*])(=O)=O)cc3)cc2)c(OC)c1,True,True,False,700.0,0.8
1188,[*]CNC(=O)CCCCCCC(CBr)C(=O)NCC(=O)NNC(=O)c1cccc(N[*])c1,True,True,False,700.0,0.8
1189,[*]C(CC)Cc1ccc([*])c(Br)c1C(C)C,True,True,False,700.0,0.8
1190,[*]CCCCCCOC(=O)CCCCCCCCC2(CC(=O)O[*])CC(C)(C)C1,False,True,False,700.0,0.8
1191,[*]c1ccc(Oc2ccc(S([*])(=O)=O)cc2)c(-c2cc(OC)cc(C(C)(C)c3ccccc3)c2)c1,True,True,False,700.0,0.8
1192,[*]Oc1c(C)ccc(C([*])(C)c2ccc(/N=N/c3ccc(S(=O)(=O)O)cc3)cc2)c1,True,True,False,700.0,0.8
1193,[*]Oc1ccc(CC([*])=O)cc1-c1ccc(OC(=O)c2ccc(OC)cc2)cc1Cl,True,True,False,700.0,0.8
1194,[*]CC([*])[Si](C)(C)c1ccc(C(=O)Oc2ccc(C#N)cc2)c(C(F)(F)F)c1,True,True,False,700.0,0.8
1195,[*]Cc1ccc(/N=C(/[*])c2ccc([N+](C)(C)CCCC)cc2)cc1,True,True,False,700.0,0.8
1196,[*]CC([*])(C)C(=O)Oc1ccc(OC(CCCCCCCC)c2ccc(OC(=O)c3ccccc3)cc2)cc1,True,True,False,700.0,0.8
1197,[*]Cc1ccc(COCCC(C)(C)CCOC(=O)c2ccc(O[*])cc2)c(C)c1,True,True,False,700.0,0.8
1198,[*]Oc1ccc(C=C2CC(Nc3ccc(C([*])=O)cc3)CC2)cc1,True,True,False,700.0,0.8
1199,[*]CC([*])(C)C(=O)OCC#Cc1ccccc1O,True,True,False,700.0,0.8
1200,[*]C[Se]C(=O)NCCCCCN([*])S(C)(C)C,True,True,False,700.0,0.8
1201,[*]CCCCCCCCCCC(=O)Nc1ccc(/C(C)=N/c2ccccc2N[*])cc1,True,True,False,700.0,0.8
1202,[*]CC(C)CCCCOc1ccc(P(=O)(O)c2ccc(C(=O)OC([*])=O)c(S(=O)(=O)O)c2)cc1,True,True,False,700.0,0.8
1203,[*]/C=C(\C)c1ccc(-c2ccc(OCCCCCC(=O)Nc3ccc(NC([*])=O)cc3)cc2)cc1,True,True,False,700.0,0.8
1204,[*]CC(C)C(=O)CCN(C[Te]C(=O)c1ccccc1C#N)C(=O)Oc1ccc(Cl)cc1[*],True,True,False,700.0,0.8
1205,[*]NC1CCCN(C(=O)c2ccc(NC([*])=O)cc2)C(O[Na])(Cl)C1(C)C,True,True,False,700.0,0.8
1206,[*]c1ccc(SCCCCCCCOc2ccc(/C=C/c3cnc4ccccc4c3[*])cc2)cc1,True,True,False,700.0,0.8
1207,[*]C/C=C/c1ccc([*])cc1NC(=O)CCCCc1ccc([N+](=O)[O-])cc1,True,True,False,700.0,0.8
1208,[*]Oc1ccc(/N=C/c2ccc(OC(=O)c3ccc([*])cc3)cc2)cc1C(F)(F)F,True,True,False,700.0,0.8
1209,[*]OCCCC([*])c1ccc(-c2ccc(OC)cc2)cc1,True,True,False,700.0,0.8
1210,[*]CC[Se](C)CSC(=O)C/C=C/C(=O)NCC(=O)O[*],True,True,False,700.0,0.8
1211,[*]C=Nc1cc(S(=O)(=O)c2ccccc2)c(OC(C)(C)c2ccccc2)c(N2C(=O)c3ccc(Pc4ccccc4[*])cc3C2=O)c1,True,True,False,700.0,0.8
1212,[*]CN(C(=O)NC(C)=O)c1ccc(N2C(=O)CC(COC(=O)O)C(=O)OC(=O)C2)cc1[*],True,True,False,700.0,0.8
1213,[*]CC(C)c1ccc(NC(=O)c2cc(NC3CCCCCCCCCC(C([*])=O)CC3)ccc2[Se])cc1,True,True,False,700.0,0.8
1214,[*]C#CCOCCCP(=O)(CCNC(=O)O[*])Oc1ccc(C)cc1,True,True,False,700.0,0.8
1215,[*]C#CS(=O)(=O)CCCCCCN1C(=O)C(OC(=O)Cl)C1[*],True,True,False,700.0,0.8
1216,[*]CC(O[*])c1ccc(C(=O)OCCCc2ccc(CC)cc2)cc1,True,True,False,700.0,0.8
1217,[*]COc1ccc(NC(=O)OC(=O)c2ccc(Oc3ccc(C([*])=O)cc3)cc2)cc1,True,True,False,700.0,0.8
1218,[*]C(=O)NCCCCCCNC(=O)c1ccccc1Oc1ccc(N2C(=O)c3ccc(S([*])(=O)=O)cc3C2=O)cc1,True,True,False,700.0,0.8
1219,[*]CC([*])C(C)CCOCCOCCOCCO[Si](C)(C)C,True,True,False,700.0,0.8
1220,[*]Nc1cc(I)c(OC(=O)c2ccc(C([*])=O)c(CCCCCCCCCCCC)c2)c(CCCC)c1,True,True,False,700.0,0.8
1221,[*]CCCCC(C)(C)c1ccc(N([*])c2ccc(C(=O)OC)cc2)c(C)c1,True,True,False,700.0,0.8
1222,[*]c1ccc(CN(C)c2ccc(Sc3ccc([Si]([*])(C)CC(F)(F)C(F)(F)F)cc3)s2)cc1,True,True,False,700.0,0.8
1223,[*]CC([*])OCCS(=O)(=O)CCC(=O)NCc1ccc(OC)cc1,True,True,False,700.0,0.8
1224,[*]CC([*])c1ccc(OC(=O)Nc2ccc(-c3ccc(SCC(=O)Oc4ccccc4)cc3)cc2)cc1,True,True,False,700.0,0.8
1225,[*]CCCCC(=O)Nc1ccc(NC(=O)c2ccc3c(c2)CCC(=O)N([*])C3=O)cc1,True,True,False,700.0,0.8
1226,[*]C(=O)Oc1ccc(C(C)c2ccc(OC(=O)c3ccc4c(c3)C(CC)CC(Cc3ccc([*])cc3)N4C(=O)c4ccc(C4=O)cc3)cc2)cc1,False,True,False,700.0,0.8
1227,[*]COC(C)C(=O)OC1(C)CC(C)(C(=O)CCCCCC(F)(F)F)C([*])(C)C1=O,True,True,False,700.0,0.8
1228,[*]Cc1cc(Cl)c(C2(c3ccccc3)c3cc(NC([*])=O)cc(C(OCCCCCCC)C(=O)OC3)c2)cc1Br,True,True,False,700.0,0.8
1229,[*]Cc1ccc(N2C(=O)c3ccc(C([*])=O)cc3C2)cc1Oc1ccc(/C=C/c2ccc(OC)cc2)cc1,True,True,False,700.0,0.8
1230,[*]Nc1cc(Cl)c(C(=O)N(C)C(=O)c2ccc(C([*])=O)cc2)cc1,True,True,False,700.0,0.8
1231,[*]CCCCP(=O)(O)PC([*])=O,True,True,False,700.0,0.8
1232,[*]C[Si](C)(C)CCCCCCC(=O)Nc1c(C)cc([*])cc1BC,True,True,False,700.0,0.8
1233,[*]CC([*])/C=C/CC(=O)O[Si](C)(C)C,True,True,False,700.0,0.8
1234,[*]CC[Si]([*])(C)CCC(=O)c1ccc(C(=O)N([*])CC)cc1,True,True,False,700.0,0.8
1235,[*]C([*])(C)C(=O)Oc1ccc([N+](=O)Oc2ccccc2C)cc1,True,True,False,700.0,0.8
1236,[*]NC(=O)c1cccc(C2(c3ccccc3[*])CC(=O)C2)c1,True,True,False,700.0,0.8
1237,[*]CCCCCCOC(=O)c1ccc2c(c1)C(=O)N(CCCCCCOC(=O)Oc1ccc(C(C)(C)C)s1)O[*],False,True,False,700.0,0.8
1238,[*]CC([*])CCNC(=O)c1ccc2c(c1)OCCOCCOCCCCCCOC,False,True,False,700.0,0.8
1239,[*]CC([*])c1ccc(OCCCCCCCC)c(C)c1C(F)(F)F,True,True,False,700.0,0.8
1240,[*]OC(C)CC(C)COc1ccc(C(=O)Oc2ccc(C([*])=O)cc2)cc1S,True,True,False,700.0,0.8
1241,[*]C(=O)NCCCCCCCCNC(=O)c1cc(OC(=O)C(C)(C)c2cccc([*])n2)ccc1,True,True,False,700.0,0.8
1242,[*]CC1(CCOC(=O)c2ccc(NC(=O)OCC(C)=O)cc2)CC1[*],True,True,False,700.0,0.8
1243,[*]C(=O)NCCCCc1ccc(OC(=O)c2ccc3c(c2)C(=O)N(c2ccc(NC([*])=O)cc2)C3=O)cc1,True,True,False,700.0,0.8
1244,[*]c1ccc(OC[Si](C)(C)OC(C)C(=O)O)c(S([*])(=O)=O)c1,True,True,False,700.0,0.8
1245,[*]Cc1ccc(NC(=O)C(CCCCCC(=O)OCC)[Si]([*])(C)CC)cc1,True,True,False,700.0,0.8
1246,[*]CC(=O)c1ccc(NC(=O)CCCCCCC(=O)NC2(C([*])=O)COC2CC2)cc1,False,True,False,700.0,0.8
1247,[*]C[N+](C)(C)OSc1ccc(C(=O)NC(=O)c2ccc(-c3ccc(C([*])=O)cc3)cc2)c(O)c1,True,True,False,700.0,0.8
1248,[*]CCCCCCCCCCOC(=O)S/C=C/c1ccc(C(=O)O[*])cc1,True,True,False,700.0,0.8
1249,[*]OCCCCCCS(=O)(=O)Oc1ccc(/C=C/c2ccc(OC(=O)O[*])cc2C)c(CC)c1,True,True,False,700.0,0.8
1250,[*]CC(C)(C)COC(=O)c1ccc(OCCCCCCCCSSCCSSC(=O)O[*])cc1,True,True,False,700.0,0.8
1251,[*]CC(C#CCS(=O)(=O)CCCSC(C)(C)C)O[*],True,True,False,700.0,0.8
1252,[*]Oc1ccccc1NC(=O)c1ccc(OCC(O)CCN2c3ccc(C([*])=O)cc3CCCCCCC)cc2C)cc1,False,True,False,700.0,0.8
1253,[*]CC([*])c1ccc2c(c1)sc1nc1ccc(S(=O)(=O)Nc1)cc1,False,True,False,700.0,0.8
1254,[*]CS(=O)(=O)CCCCCCOC(=O)N([*])c1ccc(C(F)(F)F)cc1,True,True,False,700.0,0.8
1255,[*]CSCC(C)(CO[*])C(=O)Oc1ccc(Cl)c(OCCCCCC)c1,True,True,False,700.0,0.8
1256,[*]CC(N=[*])NCCC(=O)OC(Cl)(C)C(=O)O,True,True,False,700.0,0.8
1257,[*]CC(C)CCCCCCOc1ccc(-c2ccc(O[*])cc2NC(=O)OCCCCCCCCCCCCC)cc1,True,True,False,700.0,0.8
1258,[*]C(CN)C(=O)Cc1ccc(N([*])c2ccc(CN=O)c([N+](=O)[O-])c2)cc1,True,True,False,700.0,0.8
1259,[*]Sc1ccc(C(=O)CCCCCCCCC(=O)Nc2ccc(NC(=O)c3cccc(OCC(CC([*])=O)C(=O)c4ccc(C#N)cc4)c3)cc2)cc1,True,True,False,700.0,0.8
1260,[*]OCc1ccc(C(C)(OC(=O)c2cccc(C(=O)OC([*])=O)c2)c2ccccc2OCCCCCC)cc1,True,True,False,700.0,0.8
1261,[*]CCCCN1C(=O)c2cc(C(=O)NCCCCCCc3ccc([*])s3)ccc21,True,True,False,700.0,0.8
1262,[*]C(C)C1CCC(/C([*])=O)c2ccc(Br)cc21,True,True,False,700.0,0.8
1263,[*][Si]c1cc(C(=O)Oc2ccc(C([*])=O)cc2)ccc1Oc1c(-c2ccccc2)ccc(C(=O)c2ccccc2)c1,True,True,False,700.0,0.8
1264,[*]CC(C)(C)CCCCCCN1C(=O)c2ccc(S(=O)(=O)c3ccc(-c4ccc([*])c(C=O)c4)cc3)cc2C1=O,True,True,False,700.0,0.8
1265,[*]CC(=O)c1ccc(C(=O)NC(=CC)CCC(=O)O[*])cc1,True,True,False,700.0,0.8
1266,[*]CC1(CCNC(=O)c2ccc(C(=O)Nc3c(Cl)cc([*])cc3Br)cc2)SC(=O)OC1,True,True,False,700.0,0.8
1267,[*]CC([*])(C)C(=O)Oc1cc(C(F)(F)F)cc(NC(=O)/C=C/C(=O)OCc2ccccc2)c1,True,True,False,700.0,0.8
1268,[*]/C=C/c1ccc2c(c1)C(=O)N(c1ccc(OC(=O)c3cccc(C([*])(F)F)c3)cc1)C2=O,True,True,False,700.0,0.8
1269,[*]/C(C#N)=C/c1ccc(OCCCCCCCCCCc2ccc(NC(=O)CCCC([*])=O)cc2)cc1OC,True,True,False,700.0,0.8
1270,[*]Nc1cccc(/N=N/c2ccc(C(C)(CCl)c3ccc([*])c(C#N)c3)cc2)c1S,True,True,False,700.0,0.8
1271,[*]Nc1ccccc1-c1ccc(NC(=O)c2ccc(Oc3ccc(S([*])=O)cc3)cc2)cc1,True,True,False,700.0,0.8
1272,[*]Oc1ccc(/C=C/CCCCCCC([*])=N)cc1,True,True,False,700.0,0.8
1273,[*]CCCC[Sn](C)(C)C=C1C(=O)Nc2ccc(NC(=O)CO[*])cc2)cc1,False,True,False,700.0,0.8
1274,[*]CCNC(=O)CCCCNC(=S)NC(=O)COCC(=O)Nc1ccc(Cc2ccccc2NC(=O)N[*])cc1,True,True,False,700.0,0.8
1275,[*]CC(Oc1ccc(-c2ccc(C(=O)Oc3ccc(C#N)nc3)cc2)cc1)C(C)S[*],True,True,False,700.0,0.8
1276,[*]CC[Sn](C)(C)CNC(=O)c1cc(OC)c([*])c(Cl)c1C,True,True,False,700.0,0.8
1277,[*]COCC([*])/C=C/c1ccc([N+](=O)[O-])c(OC(=O)CCCCCCCCC(C)(C)C)c1,True,True,False,700.0,0.8
1278,[*]CCCCCOc1ccc([Si](C)(C)OC(=O)c2ccc(O[*])cc2C)c(OC)c1,True,True,False,700.0,0.8
1279,[*]CC(COc1ccc(C(C)(CC)N[*])c(OCCCCCCCCCCC)c1)c1ccccc1,True,True,False,700.0,0.8
1280,[*]CC(C)CCc1ccc(Oc2ccc(C(C)(C)C)cc2C)cc1[*],True,True,False,700.0,0.8
1281,[*]CC(C)CNC(=O)Cc1ccc(CC(=O)NCCN(COc2ccc(O[*])cc2)C(F)(F)F)cc1,True,True,False,700.0,0.8
1282,[*]CC(C)(C)COc1ccc(-c2ccc(OCCCCCC(C)O[*])cc2)cc1,True,True,False,700.0,0.8
1283,[*]CC([*])CCS(=O)(=O)CCCCCCCCC(=O)Oc1c(C)cc(I)cc1Br,True,True,False,700.0,0.8
1284,[*]CCCCCCCCCCCCCc1ccc(CCCCCCN2C(=O)c3ccc([*])cc3C2=O)cc1,True,True,False,700.0,0.8
1285,[*]CNC(=O)CCCCC(=O)NSCc1ccccc1NC(=O)C([*])=O,True,True,False,700.0,0.8
1286,[*]CC(C)(C)COC(=O)c1ccc2c(c1)C(=O)N(CCCCCCCCOc1ccc(C(=O)OC([*])C)cc1)C2(F)Cl,True,True,False,700.0,0.8
1287,[*]/C=C/C(=O)OCCCCCCC1CCC(OC(=O)c2ccc(OCC(C)OC([*])=O)cc2)C1,True,True,False,700.0,0.8
1288,[*]CC(C)(C)CN1C=CC(CCCC=C)C(=O)C1[*],True,True,False,700.0,0.8
1289,[*]CCCCCSCCCCCCOC(=O)/C=C/C(=O)Nc1cccc(OCC(=O)O[*])c1,True,True,False,700.0,0.8
1290,[*]CCCOc1ccc(NC(=O)c2ccc3nc([*])sccc3cc2cc(NC(=O)c3ccc(SSC)cc3)cc2)cc1,False,True,False,700.0,0.8
1291,[*]Sc1ccc(C#CCCCCCCOc2ccc(NC(=O)c3ccc([*])o3)cc2)cc1,True,True,False,700.0,0.8
1292,[*]COc1ccc(N=C(CCCCCC)c2ccc([N+](=O)[O-])cc2)cc1,True,True,False,700.0,0.8
1293,[*]OC(CCCCCCCC(C)(C)C)C(=O)OC(=O)Sc1ccc(C([*])=O)c(C)c1,True,True,False,700.0,0.8
1294,[*]CC([*])CC(=O)OC(CC)c1ccc(C(F)(F)F)cc1,True,True,False,700.0,0.8
1295,[*]CC([*])(C)C=C[Si](C)CCCNC(=O)Oc1ccc(CNc2ccc(C)cc2)nc1,True,True,False,700.0,0.8
1296,[*]Cc1cc(NC(=O)CCCCN2CCC([*])C(C)CC2)c(C)cc1CC,True,True,False,700.0,0.8
1297,[*]CC([*])(C)c1ccc([SH](Cl)(F)C(=O)Oc2ccc(C(F)(F)F)cc2)cc1,True,True,False,700.0,0.8
1298,[*]OP(=O)(CC)Oc1ccc(F)c(OC(=O)c2ccc([*])nc2)c1C,True,True,False,700.0,0.8
1299,[*]CCCCCC(=O)NC(=O)NNC(=O)C(CCCCCCC)NC(=O)N[*],True,True,False,700.0,0.8
1300,[*]Sc1ccc(NC(=O)c2ccc3oc(-c4ccc(C([*])=O)cc4)cc3)c2c1,False,True,False,700.0,0.8
1301,[*]CC([*])(C)c1ccc2ccccc2n1C(C)C(F)(F)F,False,True,False,700.0,0.8
1302,[*]O[Si]([*])(C)C(C)(C)Cc1ccc(-c2ccc(Br)c([Se]c3ccccc3)c2)cc1,True,True,False,700.0,0.8
1303,[*]OC(I)(CNC(=O)C([*])=O)C(OC)C(=O)OCCCCCCCC,True,True,False,700.0,0.8
1304,[*]Oc1ccc(N(c2ccccc2)c2cc(NC(=O)c3ccc(C([*])=O)cc3)cc(OC(F)(F)F)c2)cc1,True,True,False,700.0,0.8
1305,[*]Oc1ccc(C([*])C(=O)c2ccc(C#N)c(NC(=O)S(=O)(=O)O)c2)cc1,True,True,False,700.0,0.8
1306,[*]/C=C/[Si](C)(C)C(=O)c1ccc(OCCCCC(CSC([*])=O)c2ccccc2C)cc1,True,True,False,700.0,0.8
1307,[*]CC(F)(F)CN1C(=O)CCC([*])([2H])C1,True,True,False,700.0,0.8
1308,[*]Cc1cc(C(=O)OCCOc2ccc([Si](C)(C)c3ccc(F)cc3C)cc2)c([*])c(C(C)(C)C)c1,True,True,False,700.0,0.8
1309,[*]Cc1ccc(NC(=O)CCC(F)(F)C([*])=O)cc1,True,True,False,700.0,0.8
1310,[*]NC(=O)Cc1ccc([*])cc1OC(C)(C)S(C)(=O)=O,True,True,False,700.0,0.8
1311,[*]CCCNC(=O)c1ccc(OCC(C)(CCCl)NC([*])=O)cc1,True,True,False,700.0,0.8
1312,[*]Nc1ccc(NC(=O)c2ccc(C(c3ccc(C([*])=O)cc3)(OCC(F)(F)F)C(F)(F)F)cc2)cc1,True,True,False,700.0,0.8
1313,[*]CC(CC)COC(=O)N([*])CCCSC,True,True,False,700.0,0.8
1314,[*]/C=C/c1ccc(NC(=O)CCCC(CC)C(=O)N[*])cc1Cl,True,True,False,700.0,0.8
1315,[*]C[Si]([*])(C)c1ccc(-c2cc(CCCC)ccc2C)cc1,True,True,False,700.0,0.8
1316,[*]Cc1ccc(CCCCCCOc2ccc(NC(=O)N[*])cc2)c(S)c1,True,True,False,700.0,0.8
1317,[*]CCN(C)c1ccc(COC(=O)CCCC#CCN(C=C)C(=O)O[*])cc1,True,True,False,700.0,0.8
1318,[*]Oc1ccc(S(=O)(=O)c2ccc(OC(=O)c3ccccc3OCC(C)(C)C(C)CC)cc2)c(OC([*])=O)c1,True,True,False,700.0,0.8
1319,[*]CC([*])(C)C(=O)Oc1ccc(CCCCCCCCCCCCC)c2ccc(OC(=O)c3ccc4ccccc4c3c2)cc1,False,True,False,700.0,0.8
1320,[*]CC(CCl)(CC)NC(=O)c1ccc(C(=O)OCCCCCCCOc2ccc(/C=C/c3cc(SCCCCCCC)c([*])cc3Br)cc2)cc1,True,True,False,700.0,0.8
1321,[*]NC1CC=C(C(=O)Nc2ccc(-c3ccc(C([*])=O)cc3)cc2)CC1,True,True,False,700.0,0.8
1322,[*]Oc1ccc(C(C)(CC(C)C)c2ccc(OC([*])=O)cc2)c(C(=O)OC)c1,True,True,False,700.0,0.8
1323,[*]Cc1ccncc1CNC(=O)c1cc2c(c1)C(=O)N(CC1CCCCCCCCCC)C(=O)C2c1ccc([*])cc1)C2,False,True,False,700.0,0.8
1324,[*]CC(C)(C)C1CCC(C#Cc2ccc(S(=O)(=O)c3ccc(C(=O)OCCC)cc3)cc2)C([*])=O,False,True,False,700.0,0.8
1325,[*]CC(F)(F)C(F)(C(=O)CCCCCO[*])c1ccc(C(C)(C)C)cc1,True,True,False,700.0,0.8
1326,[*]CC#CCOC(=O)Nc1ccc(-c2ccc(NC(=O)/C=C/c3cccc(C([*])=O)c3)cc2)cc1,True,True,False,700.0,0.8
1327,[*]Nc1ccc(Cl)c2ccc(OCC([*])CCCCNC(=O)c3ccc4c(c3)C(=O)N(c3ccccc3)C4=O)cc2c1,False,True,False,700.0,0.8
1328,[*]C1=C[N+](c2ccccc2)C(C([*])(F)F)OC1O,True,True,False,700.0,0.8
1329,[*]NC(=O)C(CC)NC(=O)CCCCCOc1ccc(-c2ccc(COC([*])=S)cc2)cc1,True,True,False,700.0,0.8
1330,[*]C(=O)NCCC1([*])CCCCN1C(=O)c1ccc(/N=N/c2ccc(OCC)cc2)cc1,True,True,False,700.0,0.8
1331,[*]C(C)=Cc1ccc(NCCCCCCCC3C(=O)c3ccc([*])cc3C2=O)cc1,False,True,False,700.0,0.8
1332,[*]Cc1c(C)cc(C(OCCCCCC(C)C)C([*])=O)cc1C,True,True,False,700.0,0.8
1333,[*]CCCCCP(C)CCCNC(=O)c1cc(C(=O)N[*])cc(Oc2ccc(N(C)C)cc2)c1,True,True,False,700.0,0.8
1334,[*]NC(=O)COc1cccc(OC(=O)OCCOc2ccc(OC(=O)c3ccc(C([*])=O)cc3)cc2)c1,True,True,False,700.0,0.8
1335,[*]CC(I)(C=O)c1cc(C(=O)OCC(F)(F)F)ccc1NC([*])=O,True,True,False,700.0,0.8
1336,[*]CCNCCNC(=O)c1ccc(S(=O)(=O)NN(C)CCSCCCNC(=O)CCCCC([*])=O)cc1,True,True,False,700.0,0.8
1337,[*]N=C([*])(C)c1cc(CNC(=O)OCCCCCCCCCC)c(C(C)(C)CC)cc1,False,True,False,700.0,0.8
1338,[*]C(CCC)C(=O)C1CC(OC(C)=O)C1[*],True,True,False,700.0,0.8
1339,[*]OC(C#Cc1cccc([*])c1)C(C)=O,True,True,False,700.0,0.8
1340,[*]NC(=O)C1CCC(C([*])=O)CC1(C)NCC,True,True,False,700.0,0.8
1341,[*]COc1ccc(N(C)C(=O)CCc2ccc(OC(=O)c3ccc(C([*])=O)cc3C(=O)OCC)cc2)cc1OC,True,True,False,700.0,0.8
1342,[*]CCN(C[*])C(=O)CCCCCCOCC(F)(F)F,True,True,False,700.0,0.8
1343,[*]C[Si]([*])(C)CCCOC(=O)NCCCOC(=O)c1ccc2c(c1)c1cc(C(=O)OCC)ccc12,True,True,False,700.0,0.8
1344,[*]C(C)OC(=O)c1ccc(/C=N/c2ccc(Cc3ccc(NSC([*])=O)cc3)cc2)cc1,True,True,False,700.0,0.8
1345,[*]OC1=CC(OC(=O)c2ccc(-c3ccc(C(=O)Oc4ccc(C([*])=O)cc4)cc3)cc2)(C(C)(C)C)C=C1,True,True,False,700.0,0.8
1346,[*]Nc1ccc(Cl)c2cc(C([*])=O)ccc2c1OC,False,True,False,700.0,0.8
1347,[*]C#COCCCCOc1cc([*])c(S(=O)(=O)Oc2ccc(OC(C)(C)C)cc2)c(Br)c1OC,True,True,False,700.0,0.8
1348,[*]c1ccc([*])c(OC)c1SC(=O)OCCCCCCCCC)c1ccc(C)cc1O,False,True,False,700.0,0.8
1349,[*]=Cc1ccc(Oc2ccc(-c3ccc(C4([*])c5ccccc54)cc3)cc2)cc1,True,True,False,700.0,0.8
1350,[*]c1ccc(CCCCCC)c(-c2nc([*])ccc2I)c1,True,True,False,700.0,0.8
1351,[*]NC(=O)Cc1ccc(C(=O)NNCCCCCC=Cc2ccc([*])nc2C(=O)OCC)cc1,True,True,False,700.0,0.8
1352,[*]COc1ccc(CC(=O)Nc2ccc(Oc3cccc(NC(=O)c4ccc(C[*])cc4)c3)cc2)cc1,True,True,False,700.0,0.8
1353,[*]Oc1ccccc1CC1(C)CC(NC([*])=O)C(C)(C)C1,True,True,False,700.0,0.8
1354,[*]Cc1c(C)cc(C(=O)c2ccc(/N=C/c3cccc([*])c3)cc2)cc1OCC(C)C,True,True,False,700.0,0.8
1355,[*]CCN(CCCC)C([*])c1cccc(N)c1,True,True,False,700.0,0.8
1356,[*]CCCCCCCCCCO[Si](C)(C)CCCCCCC(=O)Oc1ccc(-c2cnc(O[*])cc2O)cc1,True,True,False,700.0,0.8
1357,[*]CCCCCCOC(=O)c1cc(NC(=O)c2cccc(C([*])=O)c2)ccc1CC,True,True,False,700.0,0.8
1358,[*]Oc1cc(C)c(NC(=O)CCC1CCCC(C([*])=O)C2)cc1,False,True,False,700.0,0.8
1359,[*]Oc1ccc(CCCCCCCCCc2cc(NC([*])=O)cc(OC)c2)cc1,True,True,False,700.0,0.8
1360,[*]CCCCCCOc1ccc(C(O)(CCCCCCC)OCCOC(=O)c2ccc(O[*])cc2)cc1,True,True,False,700.0,0.8
1361,[*]COC(=O)c1cc(OC)c(O[*])c(C(C)CCCC(C)N)c1,True,True,False,700.0,0.8
1362,[*]CCOc1cc(C)c(/N=C(\C)c2ccc(/C=C/c3ccc(C(=O)OCCO)cc3[*])cc2)cc1C(C)(C)C,True,True,False,700.0,0.8
1363,[*]Oc1ccc(/N=C/c2ccc(S(=O)(=O)CC(C)(C)c3ccc(O[*])cc3)cc2)cc1,True,True,False,700.0,0.8
1364,[*]/C=C(\C)C(=O)O[Si](C)(C)CNC([*])=O,True,True,False,700.0,0.8
1365,[*]c1ccc([Si]([*])=CC(=O)Cc2ccc(-c3ccc(/N=N/c4ccccc4)cc3)cc2)cc1,True,True,False,700.0,0.8
1366,[*]C(CC(=O)OCC)C(=O)Nc1ncc([*])cc1NC(=O)CN1C(=O)C1(C)C,True,True,False,700.0,0.8
1367,[*]CCCCCCCC(=O)NCC#CCNC(=O)c1ccccc1C(=O)N[*],True,True,False,700.0,0.8
1368,[*]C(CC)(CC)c1ccc(NC(=O)CCCCCCN2C(=O)c3ccc(C(=O)NC(CC)C([*])=O)cc3C2=O)cc1,True,True,False,700.0,0.8
1369,[*]CCCCc1ccccc1COCCCCCCNC(=O)c1ccc(C(=O)O[*])cc1,True,True,False,700.0,0.8
1370,[*]/C=C/c1ccc(NC(=O)c2ccc(CCCCCN3C(=O)c4ccc(C([*])=O)cc4C3=O)cc2)cc1Cl,True,True,False,700.0,0.8
1371,[*]/C=C(/CCCCCCC)C([*])c1ccc(-c2ccc(OC(C)=O)cc2)cc1,True,True,False,700.0,0.8
1372,[*]Cc1cccc(OC(C)=O)c1C(=O)Nc1ccc(C)c(N[*])c1,True,True,False,700.0,0.8
1373,[*]CCCCCCCCNC(=O)NCc1ccc([Si](C)(C)CC(C)(C)CCCCCCNC(=O)c2ccc([*])cc2)cc1,True,True,False,700.0,0.8
1374,[*]Oc1c(Br)c(Br)c(OC(C)=O)c(C([*])c2ccc(C(F)(F)F)cc2OC)c1OC(=O),True,True,False,700.0,0.8
1375,[*]CC(C(=O)O[*])c1ccc(OC(=O)CCCCC)cc1,True,True,False,700.0,0.8
1376,[*]C(=O)OCCCCCCCCC1CCC(C(=O)C2([*])CC2)NC1,True,True,False,700.0,0.8
1377,[*]O[Si](C)(C)c1cc(N2C(=O)c3ccc(C(c4ccc5c(c4)C(=O)N([*])C5=O)cc3C2=O)cc(C(C)(C)C)c1,False,True,False,700.0,0.8
1378,[*]Nc1ccc(Cc2ccc(OC(=O)c3ccc4cc(c3=O)N4C(=O)c3ccc(C([*])=O)cc3Br)cc2)cc1,True,True,False,700.0,0.8
1379,[*]CC(C)C(=O)OCCCP(=C=C)O[*],True,True,False,700.0,0.8
1380,[*]CC([*])(C)C(=O)OCCc1ccc(/C=C/c2ccc(-c3ccc(O)cc3)cc2)cc1,True,True,False,700.0,0.8
1381,[*]Oc1ccc(NC(=O)SCCCC(=O)Oc2ccc(OC([*])=O)cc2)c(OC(C)=O)c1,True,True,False,700.0,0.8
1382,[*]CC([*])c1ccc(-c2ccc(OC(=O)COc3ccc(C#N)cc3)cc2Oc2ccc(OC)cc2)cc1,True,True,False,700.0,0.8
1383,[*]CCCCCOc1ccc(C(=O)Nc2ccc(/C=N/c3ccc(OC(=O)c4ccc(O[*])cc4)cc3)c(C(=O)OCC=CC)c2)cc1,True,True,False,700.0,0.8
1384,[*]NC(=O)OP(=O)(O)O[Si](C)(C)c1ccc(NC(=O)CCCCC(=O)Nc2ccc(C([*])=O)cc2)cc1,True,True,False,700.0,0.8
1385,[*]CCCCP(CCCCOc1ccc(/N=C/c2ccc(S(=O)(=O)CCCCCC(=O)Oc3cc(CC(C)C)c([*])o3)cc2)cc1)=C(C)CCCC,True,True,False,700.0,0.8
1386,[*]CC=CCOC(=O)NCCCCCCCCCCCCC(C=O)C(=O)N[*],True,True,False,700.0,0.8
1387,[*]Nc1cc(CC(C#C)=O)c(/N=N/c2ccc(N3C(=O)CC(CC([*])(C)CC3C)C3=O)cc2)c(Cl)c1,False,True,False,700.0,0.8
1388,[*]CCCCCCOC(=O)Nc1ccc(Sc2ccc(NC(=O)C(=O)OCCc3ccc(O[*])cc3)cc2)cc1,True,True,False,700.0,0.8
1389,[*]CCCCCOC(=O)NNC(=O)CCCCC(=O)Nc1ccc(NC(=O)CCCCCCCNC([*])=O)cc1,True,True,False,700.0,0.8
1390,[*]Oc1ccc(CCCC2CCC([*])(C)C2)cc1C(=O)Nc1ccc(S(=O)(=O)O)cc1,True,True,False,700.0,0.8
1391,[*]Oc1ccc(-c2ccc(OC(=O)c3cccc(NC(=O)CCCCCCCCCCc4ccc(Oc5ccc(C(=O)Nc6ccc(C([*])=O)cc6)cc5)cc4)c3)cc2)c(O)c1,True,True,False,700.0,0.8
1392,[*]Cc1ccc(S(=O)(=O)NCCCCCCCCN2C(=O)c3cc(S(=O)(=O)c4ccc5c(c4)C(=O)N([*])C5=O)ccc3C2=O)c(C)c1,True,True,False,700.0,0.8
1393,[*]CC(CC(C)C)S(=O)(=O)C1C(=O)N(/C=N/C(=O)N[*])CC(C)C1,True,True,False,700.0,0.8
1394,[*]O[Si](C)(C)c1ccc(C([*])C)cc1CC,True,True,False,700.0,0.8
1395,[*]CCCOC(=O)C1=Cc2ccc(OCCCN2C(=O)N[*])cc12,False,True,False,700.0,0.8
1396,[*]CC(C)CCCCOC(=O)OCC1([*])OC1(C)C,True,True,False,700.0,0.8
1397,[*]CC([*])c1ccc2c(COCCOCCOc2ccc(CCCCCC)cc2)nc(C(C)N2C(=O)c3ccc(C(C)(C)CC)cc3C2=O)c1,False,True,False,700.0,0.8
1398,[*]=c=ccc(c1ccc(Oc2ccc(-c3ccc(C(=O)OCCCCCCCC([*])=O)cc3)cc2)c(C)c1,False,True,False,700.0,0.8
1399,[*]CC([*])c1ccc(CCCCC(=O)N(Br)C(=O)OCC)cc1,True,True,False,700.0,0.8
1400,[*]Cc1ccc(/C=C/c2ccc(-c3nnc(C(=O)OCCCCCCCCCC(C)(C)CC)cc3)cc2Oc2ccc(NC([*])=O)cc2)cc1,True,True,False,700.0,0.8
1401,[*]CC([*])(CC)c1ccc(OCC/C=C/c2cccc(SC)c2)cc1,True,True,False,700.0,0.8
1402,[*]CC(Oc1ccc(/N=C/c2ccc(OC(=O)c3ccc(C([*])=O)cc3)cc2)cc1)c1ccc(C[N+](C)(C)c2ccccc2)cc1,True,True,False,700.0,0.8
1403,[*]Nc1ccc(-c2ccc(OC(=O)CCCCCCCCC(=O)NC(C)(C)CCCCC([*])=O)cc2)cc1,True,True,False,700.0,0.8
1404,[*]CC(O)CC(=O)OC(=O)c1c(F)cccc1[N-]c1ccc(C)cc1NC([*])=O,True,True,False,700.0,0.8
1405,[*]/C=C/c1cc(OCCCCCCCCOC)c(NC(=O)Cc2ccc(OCC([*])=O)cc2C)cc1,True,True,False,700.0,0.8
1406,[*]C(Cl)c1ccc(-c2ccc(C(Cl)(C(=O)Cl)c3ccc([*])cc3)cc2)cc1,True,True,False,700.0,0.8
1407,[*][Si]([*])(C)c1cc(OCCCCCCC)c(I)cc1-c1ccccc1,True,True,False,700.0,0.8
1408,[*]/C=C/c1ccc(OC(=O)CCCCC(=O)Nc2ccc(S(=O)(=O)c3ccc(N=Cc4ccc(C([*])=O)cc4)cc3)cc2)cc1,True,True,False,700.0,0.8
1409,[*]Cc1nnc(COC(=O)NCCCCCCNC(=O)O[*])c(OCC(C)CCCCC(=O)OCC)c1,True,True,False,700.0,0.8
1410,[*]CC([*])(CC)C(=O)Oc1ccc(OCCCCS(=O)(=O)N(C#N)CC(F)(F)F)cc1,True,True,False,700.0,0.8
1411,[*]C(C)C([*])OC(=O)c1ccc2c(c1)C(=O)N(c1ccc(OCC(F)(F)F)cc1)C2=O,True,True,False,700.0,0.8
1412,[*]CCC(C)C(=O)OCCCCCCN([*])c1ccc(C(C)=O)cc1,True,True,False,700.0,0.8
1413,[*]/C=C/CCc1nc([*])c(Sc2ccc(C(=O)OC)cc2)cc1C,True,True,False,700.0,0.8
1414,[*]CCCCC[Si](C)(C)CSC(=O)Nc1ccc([*])nn2)cc1,False,True,False,700.0,0.8
1415,[*]Cc1cc(CC(C)(C)C)c([*])cc1N,True,True,False,700.0,0.8
1416,[*]CCCCCCCCCCCOC(=O)c1ccc(C(C)=CCCCCNC(=O)O[*])cc1,True,True,False,700.0,0.8
1417,[*]CCc1ccc(N([*])c2ccc(OC)c(C(F)(F)F)c2)cc1,True,True,False,700.0,0.8
1418,[*]CCOC(=O)C(CCCCCCCCCCC)c1ccc(N([*])CC)cc1,True,True,False,700.0,0.8
1419,[*]/C(=C/C([*])=S)(Cl)O[Si](=O)(OC)c1ccc(Br)cc1,False,True,False,700.0,0.8
1420,[*]C(=O)c1ccc(C(=O)OCCCCCC(C)CC(=O)Oc2ccc(OC(=O)c3ccccc3C([*])=O)cc2)cc1,True,True,False,700.0,0.8
1421,[*]CC([*])c1ccc(OCCCCOc2ccc(C(=O)c3ccc(C)cc3)cc2)c(OC)c1,True,True,False,700.0,0.8
1422,[*]Nc1ccc(OCC(C)(CCCC([*])=O)c2ccccc2-c2ccc(F)cc2)cc1,True,True,False,700.0,0.8
1423,[*]Nc1ccc(Oc2c(C)cc(OC(=O)NC(CCCNC([*])=O)C(=O)O)cc2)c(F)c1,True,True,False,700.0,0.8
1424,[*]C(=O)C(C)(CC(=O)Nc1ccc(Oc2ccc([*])cc2)cc1)c1ccc(N([*])C(=O)C(F)(F)C(F)(F)C(F)(F)C(F)(F)C(F)(F)F)cc1,True,True,False,700.0,0.8
1425,[*]Nc1cc(Cl)c(C(=O)Nc2ccc(CN(CCCN)C(=O)c3ccc([*])cc3)cc2)cc1,True,True,False,700.0,0.8
1426,[*]C#Cc1ccc(CN(C)C(=O)OCCCCCC(C(=O)N[*])c2ccc([N+](=O)[O-])cc2C(=O)O[Na])cc1,True,True,False,700.0,0.8
1427,[*]C(=O)NCC(CI)C(=O)OCCCCOC(=O)NCC1([*])CC(=O)C1,True,True,False,700.0,0.8
1428,[*]ON(C)C(=O)CCCCCCC(=O)Nc1ccc(/C=C/c2ccc(C([*])=O)cc2F)c(F)c1,True,True,False,700.0,0.8
1429,[*]Nc1ccc(-c2ccc([*])c(C(C)=C)c2)cc1,True,True,False,700.0,0.8
1430,[*]/C=C/c1ccc(Oc2ccc(C(C)(CCC)c3ccc(C([*])=C(Cl)C(F)(F)F)cc3)cc2)cc1,True,True,False,700.0,0.8
1431,[*]CCCCCCCOc1ccc(C(=O)OC(CCCC)c2ccc([*])cc2)cc1,True,True,False,700.0,0.8
1432,[*]CC(CC(C)(C)C)C(=O)OCCOC(=O)/C=N/c1ccc([*])o1,True,True,False,700.0,0.8
1433,[*]CCCCCCCCCCCOC(=O)OCCCCc1ccccc1O[*],True,True,False,700.0,0.8
1434,[*]C#CCCOc1ccc(C(C)(C)CNC([*])=O)cc1SC,True,True,False,700.0,0.8
1435,[*]COc1ccc(NC(=O)c2ccc(OCCCCCCCCCNC(=O)C([*])=O)cc2)cc1,True,True,False,700.0,0.8
1436,[*]c1cccc(C)c1OCCN([*])C(=O)c1ccc(OC)cc1,True,True,False,700.0,0.8
1437,[*]CC([*])/C=C/c1ccc(S(=O)(=O)c2ccc(CC)cc2)cc1,True,True,False,700.0,0.8
1438,[*]OC(=O)CSN(C)c1ccc(CCCCCCCC(=O)N[*])cc1,True,True,False,700.0,0.8
1439,[*]Oc1ccc(S(=O)(=O)c2ccc(C(=O)c3ccc([*])cc3)c(OC)c2)cc1CC(C)CCCCCCCC,True,True,False,700.0,0.8
1440,[*]Oc1ccc(-c2ccc(N(C(=O)c3ccc(OC(C)=O)cc3)c3ccc(C([*])=O)cc3)cc2)cc1,True,True,False,700.0,0.8
1441,[*]CC([*])(C)C(=O)OCCc1sc(C(C)=O)cc1,True,True,False,700.0,0.8
1442,[*]C(C)C(=O)CCCCCCN1C(=O)c2ccc(-c3ccc5c(c3)C(=O)N([*])C4=O)cc2C1=O,False,True,False,700.0,0.8
1443,[*]C#CCCCCCOC(=O)NCCc1ccc([Si](NC(=O)S[*])c2ccc(C(=O)Cl)cc2)cc1,True,True,False,700.0,0.8
1444,[*]CC([*])c1ccc2c(c1)-c1ccccc1C(=O)OCC,False,True,False,700.0,0.8
1445,[*]CC([*])CCCCCC(=O)c1ccc(C(=O)OC(C)CCCC)cc1,True,True,False,700.0,0.8
1446,[*]CC([*])c1ccc2cc(CC(F)(F)C(F)(F)C(F)(F)C(F)(F)F)ccc2c1,True,True,False,700.0,0.8
1447,[*]C(=O)NCC(F)(F)C(F)(F)COC(=O)N[*],True,True,False,700.0,0.8
1448,[*]Oc1ccc(C(=O)OCCOC(=O)=NSc2ccccc2)cc1[*],False,True,False,700.0,0.8
1449,[*]CC(Cl)c1ccc(C(O[*])c2ccc(-c3ccc(OC)cc3)cc2)cc1,True,True,False,700.0,0.8
1450,[*]CC([*])(C)C(=O)Oc1ccc(/C=C/c2ccc(OC3(C)CC3C)cc2)cc1,True,True,False,700.0,0.8
1451,[*]OCCCCCNC(=O)c1ccc(S(=O)(=O)Oc2ccc(C(c3ccccc3)c3ccc([*])cc3C)cc2)cc1,True,True,False,700.0,0.8
1452,[*]CCCCCCOC(=O)c1ccc2c(c1)C(=O)N(C(=O)OC(C(C)C)c1ccc(-n3c(=O)c4cc5c(=O)n([*])c(=O)c5cc4c3=O)cc1)C(C)(C)C,False,True,False,700.0,0.8
1453,[*]CB(CC([*])C)c1ccccc1B(C)CC,True,True,False,700.0,0.8
1454,[*]C#CC#CCCCCCCCN1C(=O)c2ccc([*])cc2C1(C)CC,True,True,False,700.0,0.8
1455,[*]Oc1ccc([Si](C)(C)c2ccc(N=O)c(C(=O)Nc3ccc(N4C(=O)c5ccc(C(=O)c6ccc([*])cc6)cc5C4=O)cc3)c2)c([N+](=O)[O-])c1,True,True,False,700.0,0.8
1456,[*]c1ccc(OCCCCCCCOC(=O)c2ccc(S(=O)(=O)Cc3ccc([*])cc3)cc2)cc1,True,True,False,700.0,0.8
1457,[*]CCCCCCCN1C(=O)c2ccc(CC(=O)Nc3ccccc3[*])cc2)C1=O,False,True,False,700.0,0.8
1458,[*]Nc1ccc(NC(=O)c2ccc(CCC(=O)N([*])C=C)cc2)cc1,True,True,False,700.0,0.8
1459,[*]CC(C)COC(=O)C(CC)c1ccc(-c2ccc(O[*])cc2)cc1,True,True,False,700.0,0.8
1460,[*]CC(C#C)C(=O)NCCCCCC1CCNC(=O)C1C(=O)N[*],True,True,False,700.0,0.8
1461,[*]C(=O)C1CCC(C(c2ccc(NC([*])=O)cc2)C(=O)OCC3ccccc32)CC1,False,True,False,700.0,0.8
1462,[*]CC([*])(C)C(=O)Oc1ccc(CC/C=C/c2cccc(C(C)(C)C)c2)cc1,True,True,False,700.0,0.8
1463,[*]CC(C)(C)c1ccc([N+](=O)[O-])cc1-c1ccc(OC(=O)CCCCCCCC)cc1[*],True,True,False,700.0,0.8
1464,[*]CCCCC(=O)NCc1c(C)cc(C([*])=O)cc1O,True,True,False,700.0,0.8
1465,[*]Cc1cccc(CNC(=O)CCCCC[Si](C)(C)c2ccc([*])cc2)c1,True,True,False,700.0,0.8
1466,[*]CC([*])(C)c1ccc(OC(C)(C)C)c(-c2ccc(C(C)(C)C)c(N3C(=O)c4ccc(C(F)(F)F)cc4C3=O)c2)c1,True,True,False,700.0,0.8
1467,[*]Oc1cc(Br)c(O[*])c(OC(=O)CCCCCCCC(C)CC)c1,True,True,False,700.0,0.8
1468,[*]c1cc(Cl)nc(N(CC)C(=O)OCCCCC[Si](C)(C)c2ccc(OC(=O)c3cccc([*])c3C)cc2)c1I,True,True,False,700.0,0.8
1469,[*]O[Si](C)(CC)CCCCCCCC(OCCC(F)(F)F)/C(C)=N/c1ccc(Oc2cc(C)c([*])cc2OC)cc1Br,True,True,False,700.0,0.8
1470,[*]CC(O)CO[Si](C)(C)CCC(=O)Nc1ccc2ccc(C([*])=O)cc2o1,False,True,False,700.0,0.8
1471,[*]CCCCCCCCN(CC)C(=O)CCc1ccc(COC(=O)CCCCCCCCC(=O)O[*])cc1OCC,True,True,False,700.0,0.8
1472,[*]Cc1ccc(C2(c3ccc(Oc4cccc(CC(CC(C)C)c5)cc4)cc3)C(=O)NC(=O)C2[*])cc1C,False,True,False,700.0,0.8
1473,[*]Oc1ccc(/C=C/C(=O)Nc2ccc(-c3ccc(OC(=O)c4ccc(C([*])=O)cc4)cc3)cc2)c(=O)c1,False,True,False,700.0,0.8
1474,[*]CCCCCC(=O)Oc1ccc(OC(=O)c2ccccc2Oc2ccc(C(=O)NC([*])(C)CO)cc2)cc1,True,True,False,700.0,0.8
1475,[*][Se]c1ccc(C(=O)N(OC(C)=O)c2cccc([*])c2)cc1,True,True,False,700.0,0.8
1476,[*]CCCCCCCOc1ccc(CCCCOCCCCCCCCOC(=O)Nc2cccc(C(=O)N[*])c2SCCO)cc1,True,True,False,700.0,0.8
1477,[*]C=COc1ccc(-c2c(C)cc(NC(=O)c3ccc([*])c(C)c3)cc2C)cc1,True,True,False,700.0,0.8
1478,[*]Oc1ccc(C(NC(=O)CC)c2ccc(C(=O)Oc3ccc(C([*])=O)cc3)cc2)cc1,True,True,False,700.0,0.8
1479,[*]CCC1(C)CCC1CCCCCC(=O)N([*])CC,True,True,False,700.0,0.8
1480,[*]CC(C)CCCCCCCC(=O)NC(CNC(=O)c1ccc(O[*])cc1)OC(C)C,True,True,False,700.0,0.8
1481,[*]OCC(C)(CCCCCCC)c1ccc(OC(=O)SC(C)(C)Cc2ccc(O[*])cc2)cc1,True,True,False,700.0,0.8
1482,[*]CC([*])(C)c1ccc(-c2ccccc2Oc2ccc(S(=O)(=O)c3ccc(OC)cc3)cc2)cc1,True,True,False,700.0,0.8
1483,[*]CCC(C)(C)CCCCCCCCCCN([*])C(=O)CCCCC,True,True,False,700.0,0.8
1484,[*]CCN(C)C(=O)c1ccc(C(=O)NCCCCCC#C[PH](=O)(=O)O[*])cc1,True,True,False,700.0,0.8
1485,[*]Oc1ccc(CC=CCCCCCCCC(=O)CCc2ccc(OC(=O)CCCCC([*])=O)cc2)cc1,True,True,False,700.0,0.8
1486,[*]NNC(=O)c1ccc(C(=C)OC([*])=O)cc1,True,True,False,700.0,0.8
1487,[*]NC(=O)c1cccc(C(=O)NCC(F)(F)CN2C(=O)c3ccc(O[*])cc3C2=O)c1,True,True,False,700.0,0.8
1488,[*]Cc1ccc(OCCCCCC(=O)Nc2ccc([*])cc2)o1,True,True,False,700.0,0.8
1489,[*]Cc1ccc(S(=O)(=O)NCCCNC(=O)c2ccc(C(=O)O[*])cc2)c(Oc2ccccc2)c1,True,True,False,700.0,0.8
1490,[*]CC(=O)OCCCCCCCCc1ccc(C/C=N/c2ccc([*])cc2)cc1,True,True,False,700.0,0.8
1491,[*]SC(CC(C)(C)C)NC(=O)CCC([*])=O,True,True,False,700.0,0.8
1492,[*]Nc1ccc(N(c2ccc(C(O)COC(C)=O)cc2)c2ccc(C([*])(C)c3ccccc3)cc2)cn1,True,True,False,700.0,0.8
1493,[*]Cc1ccc(CN(C)c2ccc(OC(=O)CCCCP(=O)(O)Oc3ccc(C4(c5ccccc5)C5([*])C5=O)cc4)cc3)cc2)o1,False,True,False,700.0,0.8
1494,[*]CCC(=O)OCC[N+](CC)(CBr)OCCCCCCOC(=O)CCC(=O)O[*],True,True,False,700.0,0.8
1495,[*]CC(CCCCCCCCCCC)(CCCC)C([*])C,True,True,False,700.0,0.8
1496,[*]/C=C/c1ccc(OC(=O)c2ccc(C(=O)NCCCC(=[*])CCc3ccc([N+](=O)[O-])cc3)cc2OC)s1,True,True,False,700.0,0.8
1497,[*]O[Si]([*])(C)CCCNC(CC(C)=O)c1ccc(/N=N/c2ccc(CC)cc2)cc1,True,True,False,700.0,0.8
1498,[*]/C=C/c1ccc(OCCCCCCC(=O)c2ccccc2C(=O)Nc2ccc(S(=O)(=O)c3ccc(Sc4ccc([*])cc4)cc3)cc2)cc1,True,True,False,700.0,0.8
1499,[*]O[Si](C)(C)Oc1ccc(OC(=O)c2cc([*])ccc2N)c(C)c1,True,True,False,700.0,0.8
