PSMILES,Tg
[*]c1cccc(-c2nc3ccc(-c4ccc5nc([*])sc5c4)cc3s2)c1,768.15
[*]c1cc2c(cc1C)-c1cc(C)c(N3C(=O)c4ccc(-c5ccc6c(c5)C(=O)N([*])C6=O)cc4C3=O)cc1S2(=O)=O,763.15
[*]c1ccc(N2C(=O)c3c(c(-c4ccccc4)c(-c4ccc(-c5c(-c6ccccc6)c6c(c(-c7ccccc7)c5-c5ccccc5)C(=O)N([*])C6=O)cc4)c(-c4ccccc4)c3-c3ccccc3)C2=O)cc1,739.15
[*]c1ccc(-c2sc(-c3ccc(-n4c(=O)c5cc6c(=O)n([*])c(=O)c6cc5c4=O)cc3)c(-c3ccccc3)c2-c2ccccc2)cc1,733.15
[*]c1ccc(N2C(=O)c3ccc4c5c(ccc(c35)C2=O)C(=O)N(c2ccc(Oc3c(C(C)(C)C)cc([*])cc3C(C)(C)C)c(C(F)(F)F)c2)C4=O)cc1,729.15
[*]Oc1ccc2nc(-c3ccc(Oc4ccc(-c5nc6ccc([*])cc6nc5-c5ccccc5)cc4)cc3)c(-c3ccccc3)nc2c1,710.15
[*]c1ccc(C(c2ccccc2)(c2ccc(-n3c(=O)c4cc5c(=O)n([*])c(=O)c5cc4c3=O)cc2)C(F)(F)F)cc1,709.15
[*]c1ccc(-c2nc3cc(-c4ccc5oc([*])nc5c4)ccc3o2)cc1,703.15
[*]c1ccc(C(c2ccc(N3C(=O)c4cc5c(cc4C3=O)C(C(F)(F)F)(C(F)(F)F)c3cc4c(cc3O5)C(=O)N([*])C4=O)cc2)(C(F)(F)F)C(F)(F)F)cc1,703.15
[*]c1cccc(-n2c(=O)c3cc4c(=O)n([*])c(=O)c4cc3c2=O)c1,703.15
[*]c1ccc(Oc2ccc3c4c2cccc4c(=O)n2c4ccc(-c5ccc6nc7c8cccc9c(Oc%10ccc(C%11([*])c%12ccccc%12C(=O)c%12ccccc%12%11)cc%10)ccc(c(=O)n7c6c5)c98)cc4nc32)cc1,701.15
[*]c1ccc(P(=O)(c2ccccc2)c2ccc(-n3c(=O)c4cc5c(=O)n([*])c(=O)c5cc4c3=O)cc2)cc1,698.15
[*]C(=O)c1ccc(-n2c(=O)c3cc4c(=O)n(-c5ccc([*])cc5)c(=O)c4cc3c2=O)cc1,697.15
[*]c1ccc2c(-c3ccccc3)nn(-c3ccc(S(=O)(=O)c4ccc(-n5nc(-c6ccccc6)c6ccc(S([*])(=O)=O)cc6c5=O)cc4)cc3)c(=O)c2c1,695.15
[*]Oc1ccc(C2(c3ccc(Oc4ccc5c6c4cccc6c(=O)n4c6ccc(-c7ccc8nc9c%10cccc%11c([*])ccc(c(=O)n9c8c7)c%11%10)cc6nc54)cc3)c3ccccc3-c3ccccc32)cc1,694.15
[*]/C=C(/[*])c1ccc(-n2c(=O)c3cc4c(=O)n(-c5ccc(C#C)cc5)c(=O)c4cc3c2=O)cc1,693.15
[*]Cc1cc(C)c(Oc2ccc3c(c2)C(=O)N(c2c(C)cc(-c4cc(C)c(N5C(=O)c6ccc(Oc7c(C)cc([*])cc7C)cc6C5=O)c(C)c4)cc2C)C3=O)c(C)c1,693.15
[*]c1c(C)c(C)c(N2C(=O)c3ccc(C(c4ccc5c(c4)C(=O)N([*])C5=O)(C(F)(F)F)C(F)(F)F)cc3C2=O)c(C)c1C,693.15
[*]c1cc(C)c(Oc2ccc3c(c2)C(=O)N(c2c(C)cc(Cc4cc(C)c(N5C(=O)c6ccc(Oc7c(C)cc([*])cc7C)cc6C5=O)c(C)c4)cc2C)C3=O)c(C)c1,693.15
[*]c1ccc(-c2ccc(-c3nc4ccc(-c5ccc6nc([*])c(-c7ccccc7)c(-c7ccccc7)c6c5)cc4c(-c4ccccc4)c3-c3ccccc3)cc2)cc1,693.15
[*]c1ccc(-c2ccc(N3C(=O)c4cc5c(cc4C3=O)C(C(F)(F)F)(C(F)(F)F)c3cc4c(cc3O5)C(=O)N([*])C4=O)cc2C(F)(F)F)c(C(F)(F)F)c1,693.15
[*]c1ccc(-n2c(=O)c3cc4c(=O)n(-c5ccc(Oc6c(C(C)(C)C)cc([*])cc6C(C)(C)C)c(C(F)(F)F)c5)c(=O)c4cc3c2=O)cc1,693.15
[*]c1ccc(C2(c3ccc(-c4cc(-c5ccccc5)c5cc(-c6ccc7nc([*])cc(-c8ccccc8)c7c6)ccc5n4)cc3)c3ccccc3-c3ccccc32)cc1,693.15
[*]c1cccc(-c2nc3ccc(-c4ccc5nc([*])[nH]c5c4)cc3[nH]2)c1,693.15
[*]c1c(C)cc(C)c(N2C(=O)c3ccc(S(=O)(=O)c4ccc5c(c4)C(=O)N([*])C5=O)cc3C2=O)c1C,691.15
[*]c1ccc(-c2cc(-c3ccccc3)c3cc(-c4ccc5nc(-c6ccc(C7([*])c8ccccc8C(=O)c8ccccc87)cc6)cc(-c6ccccc6)c5c4)ccc3n2)cc1,690.15
[*]c1ccc(-n2c(=O)c3cc4c(=O)n([*])c(=O)c4cc3c2=O)cc1,690.15
[*]c1cccc(N2C(=O)c3c(c(-c4ccccc4)c(-c4ccc(-c5c(-c6ccccc6)c6c(c(-c7ccccc7)c5-c5ccccc5)C(=O)N([*])C6=O)cc4)c(-c4ccccc4)c3-c3ccccc3)C2=O)c1,689.15
[*]Oc1ccc(S(=O)(=O)c2ccc(Oc3ccc4c(=O)n5c6cc(-c7ccc8c(c7)nc7c9ccc([*])c%10cccc(c(=O)n87)c%109)ccc6nc5c5cccc3c45)cc2)cc1,688.15
[*]c1ccc2nc([*])cc(-c3ccccc3)c2c1,688.15
[*]Oc1ccc2cc(Oc3ccc4c(=O)n5c6cc(-c7ccc8c(c7)nc7c9ccc([*])c%10cccc(c(=O)n87)c%109)ccc6nc5c5cccc3c45)ccc2c1,686.15
[*]c1ccc(Oc2ccc(N3C(=O)c4c(c(-c5ccccc5)c(-c5ccc(-c6c(-c7ccccc7)c7c(c(-c8ccccc8)c6-c6ccccc6)C(=O)N([*])C7=O)cc5)c(-c5ccccc5)c4-c4ccccc4)C3=O)cc2)cc1,686.15
[*]C(=O)c1ccc2c(c1)C(=O)N(c1ccc3[nH]c(-c4ccc(N5C(=O)c6ccc([*])cc6C5=O)cc4)nc3c1)C2=O,685.15
[*]Oc1ccc2nc(-c3ccccc3)c(-c3ccc(-c4ccc(-c5nc6cc([*])ccc6nc5-c5ccccc5)cc4)cc3)nc2c1,683.15
[*]c1cccc(-c2nc3cc(-c4ccc5[nH]c([*])nc5c4)ccc3[nH]2)c1,683.15
[*]c1ccc2nc(-c3ccc(C4(c5ccc(-c6cc(-c7ccccc7)c7cc(C8([*])c9ccccc9C(=O)c9ccccc98)ccc7n6)cc5)c5ccccc5-c5ccccc54)cc3)cc(-c3ccccc3)c2c1,678.15
[*]c1ccc2nc(-c3ccccc3)c(-c3ccc(-c4ccc(-c5c(-c6ccccc6)nc6ccc([*])cc6c5-c5ccccc5)cc4)cc3)c(-c3ccccc3)c2c1,678.15
[*]c1ccc2c(c1)C(=O)N(c1ccc(N3C(=O)c4cccc([*])c4C3=O)cc1)C2=O,678.15
[*]c1ccc2nc(-c3ccc(-c4ccc(-c5nc6ccc([*])cc6nc5-c5ccccc5)cc4)cc3)c(-c3ccccc3)nc2c1,677.15
[*]c1c(C)cc(C)c(N2C(=O)c3ccc(C(=O)c4ccc5c(c4)C(=O)N([*])C5=O)cc3C2=O)c1C,677.15
[*]c1cc(C)c(N2C(=O)c3ccc(C(c4ccc5c(c4)C(=O)N(c4c(C)cc([*])c6ccccc46)C5=O)(C(F)(F)F)C(F)(F)F)cc3C2=O)c2ccccc12,676.15
[*]c1ccc2cc(-c3nc4ccc(-c5ccc6nc([*])[nH]c6c5)cc4[nH]3)ccc2c1,676.15
[*]Oc1ccc(C2(c3ccc(OC(=O)c4ccc(C([*])=O)cc4)cc3)c3ccccc3C(=O)c3ccccc32)cc1,673.15
[*]c1ccc(-c2ccc(N3C(=O)c4cc5c(cc4C3=O)C(c3ccccc3)(C(F)(F)F)c3cc4c(cc3O5)C(=O)N([*])C4=O)cc2C(F)(F)F)c(C(F)(F)F)c1,673.15
[*]c1ccc(-c2ccc(N3C(=O)c4cc5c(cc4C3=O)C(c3ccccc3)(C(F)(F)F)c3cc4c(cc3O5)C(=O)N([*])C4=O)cc2OC(F)(F)F)c(OC(F)(F)F)c1,673.15
[*]c1ccc(-c2nc3ccc(-c4ccc5nc([*])c(-c6ccccc6)c(-c6ccccc6)c5c4)cc3c(-c3ccccc3)c2-c2ccccc2)cc1,673.15
[*]c1ccc(Oc2ccc(-c3nc4cc5sc(-c6ccc(Oc7ccc(-n8c(=O)c9cc%10c(=O)n([*])c(=O)c%10cc9c8=O)cc7)cc6)nc5cc4s3)cc2)cc1,673.15
[*]c1ccc(Sc2ccc(-n3c(=O)c4cc5c(=O)n([*])c(=O)c5cc4c3=O)cc2)cc1,673.15
[*]c1cccc(Oc2ccc(-c3nc4cc5sc(-c6ccc(Oc7cccc(-n8c(=O)c9cc%10c(=O)n([*])c(=O)c%10cc9c8=O)c7)cc6)nc5cc4s3)cc2)c1,673.15
[*]c1c(C)cc(C)c(-n2c(=O)c3cc4c(=O)n([*])c(=O)c4cc3c2=O)c1C,672.9
[*]c1ccc(-c2ccc(N3C(=O)c4c(c(-c5ccccc5)c(-c5ccc(Oc6ccc(-c7c(-c8ccccc8)c8c(c(-c9ccccc9)c7-c7ccccc7)C(=O)N([*])C8=O)cc6)cc5)c(-c5ccccc5)c4-c4ccccc4)C3=O)cc2)cc1,672.15
[*]c1ccc(-n2c(=O)c3cc4c(=O)n(-c5ccc(Oc6c(C(C)(C)C)cc([*])cc6C(C)(C)C)cc5)c(=O)c4cc3c2=O)cc1,671.65
[*]c1ccc(-c2ccc(-n3c(=O)c4cc5c(=O)n([*])c(=O)c5cc4c3=O)cc2F)c(F)c1,671.15
[*]c1ccc2[nH]c([*])nc2c1,671.15
[*]c1ccc2c(c1)C(=O)N(c1ccc(-c3nc4cc(N5C(=O)c6ccc([*])cc6C5=O)ccc4[nH]3)cc1)C2=O,670.65
[*]c1cccc(Oc2ccc(-n3c(=O)c4cc5c(=O)n([*])c(=O)c5cc4c3=O)cc2)c1,670.15
[*]Oc1cccc(Oc2ccc3c4c2cccc4c(=O)n2c4ccc(-c5ccc6nc7c8cccc9c([*])ccc(c(=O)n7c6c5)c98)cc4nc32)c1,669.65
[*]Oc1ccc(C2(c3ccc(Oc4ccc5c6c4cccc6c(=O)n4c6ccc(Oc7ccc8nc9c%10cccc%11c([*])ccc(c(=O)n9c8c7)c%11%10)cc6nc54)cc3)c3ccccc3-c3ccccc32)cc1,669.15
[*]Nc1ccc(-c2ccc(NC(=O)c3cccc(C([*])=O)c3)c(S)c2)cc1S,668.15
[*]c1ccc(-c2cc(-c3ccccc3)c3cc(-c4ccc5nc([*])cc(-c6ccccc6)c5c4)ccc3n2)cc1,668.15
[*]c1ccc(-c2nc3cc4nc(-c5ccccc5)c([*])nc4cc3nc2-c2ccccc2)cc1,668.15
[*]c1ccc(-c2nc3cc4nc([*])c(-c5ccccc5)nc4cc3nc2-c2ccccc2)cc1,668.15
[*]c1ccc(C)c(N2C(=O)c3ccc(-c4ccc5c(c4)C(=O)N([*])C5=O)cc3C2=O)c1,668.15
[*]c1c(C)c(C)c(N2C(=O)c3cc4c(cc3C2=O)C(c2ccccc2)(C(F)(F)F)c2cc3c(cc2O4)C(=O)N([*])C3=O)c(C)c1C,667.15
[*]c1ccc2c(c1)C(=O)N(c1ccc3c(c1)-c1cc(N4C(=O)c5ccc(C([*])(C(F)(F)F)C(F)(F)F)cc5C4=O)ccc1C3)C2=O,667.15
[*]c1ccc2c(c1)C(=O)N(c1ccc3c(c1)Cc1cc(N4C(=O)c5ccc(C([*])(C(F)(F)F)C(F)(F)F)cc5C4=O)ccc1-3)C2=O,667.15
[*]c1ccc(-c2ccc(-c3cc(-c4ccccc4)c4cc5c(-c6ccccc6)cc([*])nc5cc4n3)cc2)cc1,665.15
[*]c1ccc(-c2cnc3cc4nc([*])cnc4cc3n2)cc1,665.15
[*]c1ccc(-c2cnc3cc4ncc([*])nc4cc3n2)cc1,665.15
[*]c1ccc2c(c1)C(=O)N(c1ccc(C3(c4ccc(N5C(=O)c6ccc(S([*])(=O)=O)cc6C5=O)cc4)c4ccccc4-c4ccccc43)cc1)C2=O,665.15
[*]c1ccc2nc(-c3ccc(-c4nc5cc([*])ccc5nc4-c4ccccc4)cc3)c(-c3ccccc3)nc2c1,664.65
[*]Nc1cccc(-n2c(=O)c3cc4c(=O)n(-c5ccc(C([*])=O)cc5)c(=O)c4cc3c2=O)c1,663.15
[*]c1ccc(-c2cc(-c3ccccc3)c3cc(C4(c5ccc6nc(-c7ccc(C8([*])c9ccccc9C(=O)c9ccccc98)cc7)cc(-c7ccccc7)c6c5)c5ccccc5C(=O)c5ccccc54)ccc3n2)cc1,663.15
[*]c1ccc(-c2ccc(-c3cnc4cc(Oc5ccc6nc([*])cnc6c5)ccc4n3)cc2)cc1,663.15
[*]c1ccc(C2(c3ccc(-c4cc(-c5ccccc5)c5cc(C6(c7ccc8nc([*])cc(-c9ccccc9)c8c7)c7ccccc7-c7ccccc76)ccc5n4)cc3)c3ccccc3-c3ccccc32)cc1,663.15
[*]c1ccc2c(c1)C(=O)N(c1cccc3c(N4C(=O)c5ccc(C([*])(C(F)(F)F)C(F)(F)F)cc5C4=O)cccc13)C2=O,663.15
[*]C(=O)c1ccc(Oc2ccc3c(=O)n4c5cc(-c6ccc7c(c6)nc6c8ccc(Oc9ccc([*])cc9)c9cccc(c(=O)n76)c98)ccc5nc4c4cccc2c34)cc1,662.15
[*]c1ccc(N2C(=O)c3ccc(-c4ccc5c(c4)C(=O)N(c4ccc(Oc6c(C(C)(C)C)cc([*])cc6C(C)(C)C)c(C(F)(F)F)c4)C5=O)cc3C2=O)cc1,662.15
[*]c1ccc2c(c1)C(=O)N(c1ccc(C3(c4ccc(N5C(=O)c6ccc([*])cc6C5=O)cc4)c4ccccc4-c4ccccc43)cc1)C2=O,661.15
[*]Nc1ccc(-c2ccc(NC(=O)c3cccc(C([*])=O)c3)c(O)c2)cc1O,659.15
[*]Oc1ccc(Sc2ccc(Oc3ccc4c(=O)n5c6cc(-c7ccc8c(c7)nc7c9ccc([*])c%10cccc(c(=O)n87)c%109)ccc6nc5c5cccc3c45)cc2)cc1,659.15
[*]c1ccccc1Oc1ccc(-n2c(=O)c3cc4c(=O)n([*])c(=O)c4cc3c2=O)cc1,659.15
[*]c1ccccc1Oc1ccc(N2Cc3cc4c(cc3C2=O)C(=O)N([*])C4=O)cc1,659.15
[*]c1c(C)cc(C)c(N2C(=O)c3ccc(-c4ccc5c(c4)C(=O)N([*])C5=O)cc3C2=O)c1C,658.15
[*]c1c(CC)cc(C)c(N2C(=O)c3ccc(C(=O)c4ccc5c(c4)C(=O)N([*])C5=O)cc3C2=O)c1CC,658.15
[*]c1ccc(-c2cc(-c3ccccc3)c3cc(C4(c5ccc6nc(-c7ccc(C8([*])c9ccccc9C(=O)c9ccccc98)cc7)cc(-c7ccccc7)c6c5)c5ccccc5-c5ccccc54)ccc3n2)cc1,658.15
[*]c1ccc(-c2ccc(-n3c(=O)c4c(C(F)(F)F)c5c(=O)n([*])c(=O)c5c(C(F)(F)F)c4c3=O)cc2C)c(C)c1,658.15
[*]c1ccc(-c2ccc(N3C(=O)c4ccc(C(=O)c5ccc6c(c5)C(=O)N([*])C6=O)cc4C3=O)cc2C)c(C)c1,658.15
[*]c1ccc(Oc2ccc(-n3c(=O)c4cc5c(=O)n([*])c(=O)c5cc4c3=O)cc2)cc1,658.15
[*]c1c(C)ccc(N2C(=O)c3ccc(C(=O)c4ccc5c(c4)C(=O)N([*])C5=O)cc3C2=O)c1C,657.15
[*]c1ccc(N2C(=O)c3ccc(-c4cccc5c4C(=O)N(c4ccc([*])cc4C)C5=O)cc3C2=O)c(C)c1,657.15
[*]c1ccc(-c2ccc(-c3cc(-c4ccccc4)c4cc5nc([*])cc(-c6ccccc6)c5cc4n3)cc2)cc1,656.15
[*]c1ccc(-c2ccc3nc([*])cc(-c4ccccc4)c3c2)cc1,656.15
[*]C(=O)c1ccc2c(c1)C(=O)N(c1ccc(-c3ccc(N4C(=O)c5ccc([*])cc5C4=O)cc3)cc1)C2=O,655.15
[*]c1ccc(Oc2ccc(-c3cnc4cc(Oc5ccc6nc([*])cnc6c5)ccc4n3)cc2)cc1,655.15
[*]c1ccc(N2C(=O)c3ccc(-c4ccc5c(c4)C(=O)N(c4ccc(Oc6c(C(C)(C)C)cc([*])cc6C(C)(C)C)cc4)C5=O)cc3C2=O)cc1,654.65
[*]c1cc2c(cc1-c1ccc(C(C)(C)C)cc1)C(=O)N(c1ccc(C(c3ccc(N4C(=O)c5cc([*])c(-c6ccc(C(C)(C)C)cc6)cc5C4=O)cc3)(C(F)(F)F)C(F)(F)F)cc1)C2=O,654.15
[*]c1ccc(Oc2ccc(-c3cc(-c4ccccc4)c4cc5c(-c6ccccc6)cc([*])nc5cc4n3)cc2)cc1,653.65
[*]c1ccc(-c2ccc(-c3cc(-c4ccccc4)c4cc(C5(c6ccc7nc([*])cc(-c8ccccc8)c7c6)c6ccccc6-c6ccccc65)ccc4n3)cc2)cc1,653.15
[*]c1ccc(-c2nnc(-c3ccc(C4([*])OC(=O)c5ccccc54)cc3)o2)cc1,653.15
[*]c1ccc(Oc2ccc3c4c2cccc4c(=O)n2c4ccc(-c5ccc6nc7c8cccc9c(Oc%10ccc(C([*])(C)C)cc%10)ccc(c(=O)n7c6c5)c98)cc4nc32)cc1,653.15
[*]c1ccc(-c2ccc(-n3c(=O)c4cc5c(=O)n([*])c(=O)c5cc4c3=O)cc2C(F)(F)F)c(C(F)(F)F)c1,652.15
[*]c1c(C)cc(C)c(N2C(=O)c3ccc(Sc4ccc5c(c4)C(=O)N([*])C5=O)cc3C2=O)c1C,651.15
[*]c1ccc(C(=O)Nc2ccc(C(=O)Nc3cccc4c(NC(=O)c5ccc(NC(=O)c6ccc([Si]([*])(C)C)cc6)cc5)cccc34)cc2)cc1,651.15
[*]c1c(C)cc(C)c(N2C(=O)c3ccc(C(c4ccc5c(c4)C(=O)N([*])C5=O)(C(F)(F)F)C(F)(F)F)cc3C2=O)c1C,650.15
[*]C(=O)c1ccc2c(c1)C(=O)N(c1ccc(C3(c4ccc(N5C(=O)c6ccc([*])cc6C5=O)cc4)c4ccccc4-c4ccccc43)cc1)C2=O,649.15
[*]Nc1cc(C(F)(F)F)ccc1Oc1cccc2c(Oc3ccc(C(F)(F)F)cc3NC(=O)c3ccc4c(c3)C(=O)N(c3ccc(Oc5ccc(N6C(=O)c7ccc(C([*])=O)cc7C6=O)cc5-c5ccccc5)c(-c5ccccc5)c3)C4=O)cccc12,649.15
[*]Oc1ccccc1-c1ccccc1Oc1ccc2c(=O)n3c4cc(-c5ccc6c(c5)nc5c7ccc([*])c8cccc(c(=O)n65)c87)ccc4nc3c3cccc1c23,649.15
[*]c1ccc(-c2cnc3cc(-c4ccc5ncc([*])nc5c4)ccc3n2)cc1,649.15
[*]c1ccc(-c2cnc3ccc(-c4ccc5ncc([*])nc5c4)cc3n2)cc1,649.15
[*]c1ccc2c(c1)C(=O)N(c1c(F)c(F)c(N3C(=O)c4ccc(C([*])(C(F)(F)F)C(F)(F)F)cc4C3=O)c(F)c1F)C2=O,648.65
[*]c1ccc(-c2ccc(N3C(=O)c4cc5c(cc4C3=O)C(C(F)(F)F)(C(F)(F)F)c3cc4c(cc3O5)C(=O)N([*])C4=O)cc2OC(F)(F)F)c(OC(F)(F)F)c1,648.15
[*]c1ccc2c(c1)C(=O)N(c1c(F)c(F)c(-c3c(F)c(F)c(N4C(=O)c5ccc(C([*])(C(F)(F)F)C(F)(F)F)cc5C4=O)c(F)c3F)c(F)c1F)C2=O,647.65
[*]Oc1ccc(S(=O)(=O)c2ccc(Oc3ccc4c(=O)n5c6cc(Oc7ccc8c(c7)nc7c9ccc([*])c%10cccc(c(=O)n87)c%109)ccc6nc5c5cccc3c45)cc2)cc1,647.15
[*]c1ccc2nc(-c3ccc(-c4ccc(-c5cc(-c6ccc(-c7ccc(Oc8ccccc8)cc7)cc6)c6cc([*])ccc6n5)cc4)cc3)cc(-c3ccc(-c4ccc(Oc5ccccc5)cc4)cc3)c2c1,647.15
[*]c1ccc(-c2ccc(-n3c(=O)c4cc5c(=O)n([*])c(=O)c5cc4c3=O)cc2OC(F)(F)F)c(OC(F)(F)F)c1,646.65
[*]Oc1ccc2c(c1)C(=O)N(c1ccc(C3(c4ccc(N5C(=O)c6ccc([*])cc6C5=O)cc4)c4ccccc4-c4ccccc43)cc1)C2=O,646.15
[*]c1ccc(-c2ccc(-n3c(=O)c4cc5c(=O)n([*])c(=O)c5c(C(F)(F)F)c4c3=O)cc2C(F)(F)F)c(C(F)(F)F)c1,646.15
[*]c1ccc(-c2ccc(-n3c(=O)c4cc5c(=O)n([*])c(=O)c5c(C(F)(F)F)c4c3=O)cc2C)c(C)c1,646.15
[*]c1ccc(-c2ccc(N3C(=O)c4cccc(-c5ccc6c(c5)C(=O)N([*])C6=O)c4C3=O)cc2C)c(C)c1,645.15
[*]c1ccc2oc(-c3ccc(-c4nc5cc(C([*])(C(F)(F)F)C(F)(F)F)ccc5o4)cc3)nc2c1,644.65
[*]Nc1cc(NC(=O)c2ccc3c(c2)C(=O)N(c2cc(-c4nc5ccccc5o4)cc(N4C(=O)c5ccc(C([*])=O)cc5C4=O)c2)C3=O)cc(-c2nc3ccccc3[nH]2)c1,644.15
[*]c1c(C)cc(C)c(N2C(=O)c3cc(Cl)c(C(=O)c4cc5c(cc4Cl)C(=O)N([*])C5=O)cc3C2=O)c1C,644.15
[*]c1ccc(N2C(=O)c3c(c(-c4ccccc4)c(-c4ccc(Oc5ccc(-c6c(-c7ccccc7)c7c(c(-c8ccccc8)c6-c6ccccc6)C(=O)N([*])C7=O)cc5)cc4)c(-c4ccccc4)c3-c3ccccc3)C2=O)cc1,644.15
[*]c1ccc2c(c1)C(=O)N(c1ccc(P(=O)(c3ccccc3)c3ccc(N4C(=O)c5ccc([*])cc5C4=O)cc3)cc1)C2=O,644.15
[*]c1cc(C)c(N2C(=O)c3ccc(C(c4ccc5c(c4)C(=O)N(c4c(C)cc([*])cc4C)C5=O)(C(F)(F)F)C(F)(F)F)cc3C2=O)c(C)c1,643.65
[*]Nc1ccc(-c2ccc(NC(=O)c3ccc4c(c3)C(=O)N(c3ccc(S(=O)(=O)c5ccc(N6C(=O)c7ccc(C([*])=O)cc7C6=O)cc5)cc3)C4=O)cc2)cc1,643.15
[*]Nc1ccc(C2(c3ccc(NC(=O)c4cc(NC(=O)C56CC7CC(CC(C7)C5)C6)cc(C([*])=O)c4)cc3)c3ccccc3-c3ccccc32)cc1,643.15
[*]c1cc2c(cc1-c1ccc(C(C)(C)C)cc1)C(=O)N(c1ccc(Oc3ccc(N4C(=O)c5cc([*])c(-c6ccc(C(C)(C)C)cc6)cc5C4=O)cc3)cc1)C2=O,643.15
[*]c1ccc(-c2c(-c3ccccc3)nc3ccc(-c4ccc5nc(-c6ccccc6)c([*])c(-c6ccccc6)c5c4)cc3c2-c2ccccc2)cc1,643.15
[*]c1ccc2c(c1)C(=O)N(c1cc(-c3ccc(O)c(N4C(=O)c5ccc(C([*])(C(F)(F)F)C(F)(F)F)cc5C4=O)c3)ccc1O)C2=O,643.15
[*]c1ccc2c(c1)C(=O)N(c1ccc(C3(c4ccc(N5C(=O)c6ccc(C([*])(C(F)(F)F)C(F)(F)F)cc6C5=O)cc4)c4ccccc4-c4ccccc43)cc1)C2=O,643.15
[*]c1ccc2c(c1)C(=O)N(c1ccc(N3C(=O)c4ccc(C([*])(C(F)(F)F)C(F)(F)F)cc4C3=O)c(F)c1)C2=O,643.15
[*]Oc1cccc(Oc2ccc3c(=O)n4c5cc(Oc6ccc7c(c6)nc6c8ccc([*])c9cccc(c(=O)n76)c98)ccc5nc4c4cccc2c34)c1,642.65
[*]c1ccc(-c2ccc(-n3c(=O)c4cc5c(=O)n([*])c(=O)c5cc4c3=O)cc2C)c(C)c1,642.4
[*]Nc1ccc(Oc2ccc(NC(=O)c3ccc4c(c3)C(=O)N(c3ccc(Oc5ccc(N6C(=O)c7ccc(C([*])=O)cc7C6=O)cc5-c5ccccc5)c(-c5ccccc5)c3)C4=O)cc2-c2ccccc2)c(-c2ccccc2)c1,642.15
[*]c1ccc2oc(-c3ccc(-c4nc5cc(C([*])(c6ccccc6)C(F)(F)F)ccc5o4)cc3)nc2c1,642.15
[*]Nc1cc(NC(=O)c2ccc3c(c2)C(=O)N(c2cc(-c4nc5ccccc5s4)cc(N4C(=O)c5ccc(C([*])=O)cc5C4=O)c2)C3=O)cc(-c2nc3ccccc3[nH]2)c1,641.15
[*]Nc1ccc(NC(=O)c2ccc3c(c2)C(=O)N(c2ccc(S(=O)(=O)c4ccc(N5C(=O)c6ccc(C([*])=O)cc6C5=O)cc4)cc2)C3=O)cc1,641.15
[*]c1cc(C(=O)O)cc(N2C(=O)c3cc(Cl)c(C(=O)c4cc5c(cc4Cl)C(=O)N([*])C5=O)cc3C2=O)c1,641.15
[*]c1ccc2nc(-c3ccccc3)c(-c3ccc(-c4nc5cc([*])ccc5nc4-c4ccccc4)cc3)nc2c1,640.575
[*]C(=O)c1cc2c(cc1Cl)C(=O)N(c1cc(Cl)c(N3C(=O)c4cc([*])c(Cl)cc4C3=O)cc1Cl)C2=O,640.15
[*]Nc1ccc(S(=O)(=O)c2ccc(NC(=O)c3ccc4c(c3)C(=O)N(c3cc(-c5nc6ccccc6o5)cc(N5C(=O)c6ccc(C([*])=O)cc6C5=O)c3)C4=O)cc2)cc1,640.15
[*]c1cc(C)c(N2C(=O)c3ccc(C(c4ccc5c(c4)C(=O)N([*])C5=O)(C(F)(F)F)C(F)(F)F)cc3C2=O)cc1C,640.15
[*]c1cc(C(=O)O)cc(N2C(=O)c3ccc(C(c4ccc5c(c4)C(=O)N([*])C5=O)(C(F)(F)F)C(F)(F)F)cc3C2=O)c1,639.65
[*]C(=O)c1ccc(NC(=O)c2ccc(C(=O)Nc3c(C)c(C)c([*])c(C)c3C)cc2)cc1,639.15
[*]c1ccc2c(c1)C(=O)N(c1ccc(N3C(=O)c4ccc(C([*])(C(F)(F)F)C(F)(F)F)cc4C3=O)c(C(F)(F)F)c1)C2=O,639.15
[*]c1ccc2c(c1)C(=O)N(c1ccc(N3C(=O)c4ccc(P([*])(=O)c5ccccc5)cc4C3=O)cc1)C2=O,639.15
[*]c1ccc(N2C(=O)c3ccc(S(=O)(=O)c4ccc5c(c4)C(=O)N(c4ccc(Oc6c(C(C)(C)C)cc([*])cc6C(C)(C)C)c(C(F)(F)F)c4)C5=O)cc3C2=O)cc1,638.65
[*]Nc1ccc(C(c2ccc(NC(=O)c3cc(NC(=O)C45CC6CC(CC(C6)C4)C5)cc(C([*])=O)c3)cc2)(C(F)(F)F)C(F)(F)F)cc1,638.15
[*]Nc1ccc(NC(=O)c2cc(NC(=O)C34CC5CC(CC(C5)C3)C4)cc(C(=O)Nc3ccc(C([*])=O)cc3)c2)cc1,638.15
[*]Nc1cccc(NC(=O)c2cc(NC(=O)C34CC5CC(CC(C5)C3)C4)cc(C([*])=O)c2)c1,638.15
[*]Nc1cccc(NC(=O)c2ccc3c(c2)C(=O)N(c2cc(-c4nc5ccccc5o4)cc(N4C(=O)c5ccc(C([*])=O)cc5C4=O)c2)C3=O)n1,638.15
[*]c1cc2c(cc1-c1ccc([Si](C)(C)C)cc1)C(=O)N(c1ccc(C(c3ccc(N4C(=O)c5cc([*])c(-c6ccc([Si](C)(C)C)cc6)cc5C4=O)cc3)(C(F)(F)F)C(F)(F)F)cc1)C2=O,638.15
[*]c1ccc(N2C(=O)c3ccc(C(=O)c4ccc5c(c4)C(=O)N(c4ccc([*])cc4C)C5=O)cc3C2=O)c(C)c1,638.15
[*]c1ccc(Oc2ccc(-c3cc(-c4ccccc4)c4cc5nc([*])cc(-c6ccccc6)c5cc4n3)cc2)cc1,638.15
[*]c1ccc2c(c1)C(=O)N(c1cc(C(F)(F)F)c(N3C(=O)c4ccc(C([*])(C(F)(F)F)C(F)(F)F)cc4C3=O)cc1C(F)(F)F)C2=O,638.15
[*]c1cccc(-c2nc3cc4nc(-c5ccccc5)c([*])nc4cc3nc2-c2ccccc2)c1,638.15
[*]c1cccc(-c2nc3cc4nc([*])c(-c5ccccc5)nc4cc3nc2-c2ccccc2)c1,638.15
[*]c1ccc(-c2ccc(-c3ccc(-n4c(=O)c5c(C(F)(F)F)c6c(=O)n([*])c(=O)c6c(C(F)(F)F)c5c4=O)cc3)cc2)cc1,637.15
[*]c1ccc(-c2ccc(-c3ccc(-n4c(=O)c5cc6c(=O)n([*])c(=O)c6c(C(F)(F)F)c5c4=O)cc3)cc2)cc1,637.15
[*]c1ccc2nc(-c3ccc(-c4ccc(-c5cc(-c6ccc(Oc7ccc(-c8ccccc8)cc7)cc6)c6cc([*])ccc6n5)cc4)cc3)cc(-c3ccc(Oc4ccc(-c5ccccc5)cc4)cc3)c2c1,637.15
[*]c1ccc(-c2ccc(N3C(=O)c4cc5c(cc4C3=O)C(C(F)(F)F)(C(F)(F)F)c3cc4c(cc3O5)C(=O)N([*])C4=O)cc2OC(C)(F)F)c(OC(C)(F)F)c1,636.15
[*]c1ccc2c(c1)C(=O)N(C1CCC(N3C(=O)c4ccc(S([*])(=O)=O)cc4C3=O)CC1)C2=O,636.15
[*]c1ccc(N2C(=O)c3ccc(C(c4ccc5c(c4)C(=O)N(c4ccc(Oc6c(C(C)(C)C)cc([*])cc6C(C)(C)C)c(C(F)(F)F)c4)C5=O)(C(F)(F)F)C(F)(F)F)cc3C2=O)cc1,635.65
[*]c1ccc(C(c2ccc(-n3c(=O)c4cc5c(=O)n([*])c(=O)c5cc4c3=O)cc2)(C(F)(F)F)C(F)(F)F)cc1,635.65
[*]c1cc(-n2c(=O)c3cc4c(=O)n([*])c(=O)c4cc3c2=O)c(O)cc1O,635.15
[*]c1ccc(N2C(=O)c3ccc(C(=O)c4ccc5c(c4)C(=O)N(c4ccc(Oc6c(C(C)(C)C)cc([*])cc6C(C)(C)C)c(C(F)(F)F)c4)C5=O)cc3C2=O)cc1,635.15
[*]Nc1cc(NC(=O)c2ccc3c(c2)C(=O)N(c2cccc(N4C(=O)c5ccc(C([*])=O)cc5C4=O)c2)C3=O)cc(-c2nc3ccccc3[nH]2)c1,634.15
[*]c1cc(C)c(N2C(=O)c3ccc(C(c4ccc5c(c4)C(=O)N(c4c(C)cc(-c6cc(C)c([*])cc6C)cc4C)C5=O)(C(F)(F)F)C(F)(F)F)cc3C2=O)c(C)c1,634.15
[*]c1cc(C)c(N2C(=O)c3ccc(C(c4ccc5c(c4)C(=O)N(c4c(C)cc(C6([*])c7ccccc7-c7ccccc76)cc4C)C5=O)(C(F)(F)F)C(F)(F)F)cc3C2=O)c(C)c1,634.15
[*]c1ccc(Oc2ccc(-c3c4ccccc4c(-c4ccc(Oc5ccc(-c6c7c(c([*])c8ccccc68)C(=O)N(c6ccccc6)C7=O)cc5)c(C(F)(F)F)c4)c4ccccc34)cc2C(F)(F)F)cc1,634.15
[*]Nc1ccc(Oc2ccc(NC(=O)c3ccc(-n4c(=O)c5cc6c(=O)n(-c7ccc(C([*])=O)cc7)c(=O)c6cc5c4=O)cc3)cc2)cc1,633.15
[*]Oc1ccc(OC(=O)c2ccc3c(c2)C(=O)N(C2CCC(N4C(=O)c5ccc(C([*])=O)cc5C4=O)CC2)C3=O)cc1,633.15
[*]c1cc(C(=O)O)cc(N2C(=O)C3CC(C4CC(=O)N([*])C4=O)c4ccccc4C3C2=O)c1,633.15
[*]c1cc2c(cc1-c1ccc(C(C)(C)C)cc1)C(=O)N(c1ccc(Cc3ccc(N4C(=O)c5cc([*])c(-c6ccc(C(C)(C)C)cc6)cc5C4=O)cc3)cc1)C2=O,633.15
[*]c1ccc(-c2ccc(-c3cc(-c4ccccc4)c4cc(-c5ccc6nc([*])cc(-c7ccccc7)c6c5)ccc4n3)cc2)cc1,633.15
[*]c1ccc(-c2ccc(-c3ccc(-c4cc(-c5ccccc5)c5cc(-c6ccc7nc([*])cc(-c8ccccc8)c7c6)ccc5n4)cc3)cc2)cc1,633.15
[*]c1ccc(N2C(=O)c3ccc(-c4ccc5c(c4)C(=O)N(c4ccc(-c6cc(-c7ccc(OCCCC#N)cc7)cc([*])n6)cc4)C5=O)cc3C2=O)cc1,633.15
[*]c1ccc(Oc2ccc(N3C(=O)c4c(c(-c5ccccc5)c(-c5ccc(Oc6ccc(-c7c(-c8ccccc8)c8c(c(-c9ccccc9)c7-c7ccccc7)C(=O)N([*])C8=O)cc6)cc5)c(-c5ccccc5)c4-c4ccccc4)C3=O)cc2)cc1,633.15
[*]c1ccc2c(c1)C(=O)N(C1CCC(N3C(=O)c4ccc([*])cc4C3=O)CC1)C2=O,633.15
[*]c1ccc2oc3ccc(S([*])(=O)=O)cc3c2c1,633.15
[*]c1cccc(S(=O)(=O)c2cccc(-n3c(=O)c4cc5c(=O)n([*])c(=O)c5cc4c3=O)c2)c1,633.15
[*]c1ccc(Sc2ccc(-n3c(=O)c4cc5c(=O)n([*])c(=O)c5cc4c3=O)cn2)nc1,632.15
[*]Nc1ccc(-c2ccc(NC(=O)c3ccc4c(c3)C(=O)N(c3ccc(Oc5ccc(N6C(=O)c7ccc(C([*])=O)cc7C6=O)cc5-c5ccccc5)c(-c5ccccc5)c3)C4=O)cc2)cc1,631.15
[*]Nc1cccc(NC(=O)c2ccc3c(c2)C(=O)N(c2cc(-c4nc5ccccc5s4)cc(N4C(=O)c5ccc(C([*])=O)cc5C4=O)c2)C3=O)n1,631.15
[*]c1ccc(N2C(=O)c3ccc(-c4ccc5c(c4)C(=O)N(c4ccc(N([*])c6ccc(C#N)cc6)cc4)C5=O)cc3C2=O)cc1,631.15
[*]c1ccc2c(c1)C(=O)N(c1ccc(-c3ccc(N4C(=O)c5ccc(C([*])(C(F)(F)F)C(F)(F)F)cc5C4=O)c(O)c3)cc1O)C2=O,631.15
[*]Nc1ccc(S(=O)(=O)c2ccc(NC(=O)c3ccc4c(c3)C(=O)N(c3cc(-c5nc6ccccc6s5)cc(N5C(=O)c6ccc(C([*])=O)cc6C5=O)c3)C4=O)cc2)cc1,630.15
[*]Oc1ccc(C(c2ccccc2)(c2ccccc2)c2ccc(Oc3ccc4c(=O)n5c6cc(-c7ccc8c(c7)nc7c9ccc([*])c%10cccc(c(=O)n87)c%109)ccc6nc5c5cccc3c45)cc2)cc1,630.15
[*]c1cccc(N2C(=O)c3c(c(-c4ccccc4)c(-c4ccc(Oc5ccc(-c6c(-c7ccccc7)c7c(c(-c8ccccc8)c6-c6ccccc6)C(=O)N([*])C7=O)cc5)cc4)c(-c4ccccc4)c3-c3ccccc3)C2=O)c1,630.15
[*]c1ccccc1Cc1ccc(-n2c(=O)c3cc4c(=O)n([*])c(=O)c4cc3c2=O)cc1,629.65
[*]Nc1ccc(NC(=O)c2ccc3c(c2)C(=O)N(c2cc(-c4nc5ccccc5s4)cc(N4C(=O)c5ccc(C([*])=O)cc5C4=O)c2)C3=O)cc1,629.15
[*]c1ccc(Cc2ccc(N3C(=O)c4c(c(-c5ccccc5)c(-c5ccc(Oc6ccc(-c7c(-c8ccccc8)c8c(c(-c9ccccc9)c7-c7ccccc7)C(=O)N([*])C8=O)cc6)cc5)c(-c5ccccc5)c4-c4ccccc4)C3=O)cc2)cc1,629.15
[*]Oc1ccc2c(c1)C(=O)N(c1ccc(N3C(=O)c4ccc([*])cc4C3=O)cc1)C2=O,628.9
[*]c1ccc2c(c1)C(=O)N(c1ccc(N3C(=O)c4ccc(C([*])(C(F)(F)F)C(F)(F)F)cc4C3=O)cc1)C2=O,628.65
[*]C(=O)Nc1ccc(C(c2ccc(NC(=O)c3ccc4c(c3)C(=O)N(c3ccc([*])c(C)c3)C4=O)cc2)(C(F)(F)F)C(F)(F)F)cc1,628.15
[*]C(=O)c1ccc2c(c1)C(=O)N(c1ccc(-c3nc(-c4ccccc4)nc(-c4ccc(N5C(=O)c6ccc([*])cc6C5=O)cc4)n3)cc1)C2=O,628.15
[*]Oc1ccc(C2(c3ccc(OC([*])=O)cc3)c3ccccc3-c3ccccc32)cc1,628.15
[*]c1ccc(-c2ccc(-c3ccc(-c4ccc(-c5cc(-c6ccccc6)c6cc(-c7ccc8nc([*])cc(-c9ccccc9)c8c7)ccc6n5)cc4)cc3)cc2)cc1,628.15
[*]c1ccc(N2C(=O)c3ccc(C(c4ccc5c(c4)C(=O)N(c4ccc(Oc6c(C(C)(C)C)cc([*])cc6C(C)(C)C)cc4)C5=O)(C(F)(F)F)C(F)(F)F)cc3C2=O)cc1,628.15
[*]c1ccc2nc(-c3ccc(-c4ccc(-c5cc(-c6ccc(Oc7ccc(Oc8ccccc8)cc7)cc6)c6cc([*])ccc6n5)cc4)cc3)cc(-c3ccc(Oc4ccc(Oc5ccccc5)cc4)cc3)c2c1,628.15
[*]c1ccc(N2C(=O)c3ccc(S(=O)(=O)c4ccc5c(c4)C(=O)N(c4ccc(Oc6c(C(C)(C)C)cc([*])cc6C(C)(C)C)cc4)C5=O)cc3C2=O)cc1,627.65
[*]c1ccc2nc(-c3ccc(-c4nc5ccc([*])cc5nc4-c4ccccc4)cc3)c(-c3ccccc3)nc2c1,627.65
[*]Cc1ccc(-n2c(=O)c3ccc4c(=O)n(-c5ccc([*])cc5C)c(=O)c4c3c2=O)c(C)c1,627.15
[*]c1cccc(N2C(=O)c3ccc(C(c4ccc5c(c4)C(=O)N([*])C5=O)(C(F)(F)F)C(F)(F)F)cc3C2=O)c1C,626.65
[*]c1cc(C)c(-c2c(C)cc(-n3c(=O)c4cc5c(=O)n([*])c(=O)c5cc4c3=O)cc2C)c(C)c1,626.15
[*]c1ccc(-n2c(=O)c3cc4c(=O)n(-c5ccc(N([*])c6ccc(C#N)cc6)cc5)c(=O)c4cc3c2=O)cc1,626.15
[*]c1ccc(N2C(=O)c3ccc(Oc4ccc5c(c4)C(=O)N(c4ccc(Oc6c(C(C)(C)C)cc([*])cc6C(C)(C)C)c(C(F)(F)F)c4)C5=O)cc3C2=O)cc1,626.15
[*]c1ccc(Oc2ccc(-c3cnc4cc5nc([*])cnc5cc4n3)cc2)cc1,626.15
[*]c1ccc(Oc2ccc(-c3cnc4cc5ncc([*])nc5cc4n3)cc2)cc1,626.15
[*]c1ccc2c(c1)C(=O)N(c1ccc(N3C(=O)c4ccc(-c5c(-c6ccccc6)c(-c6ccccc6)c(-c6ccc(Oc7ccc(-c8c(-c9ccccc9)c(-c9ccccc9)c([*])c(-c9ccccc9)c8-c8ccccc8)cc7)cc6)c(-c6ccccc6)c5-c5ccccc5)cc4C3=O)cc1)C2=O,626.15
[*]OCCOC(=O)C1=C(N2CCCC2)CCCC=C1C([*])=O,625.65
[*]c1ccc(N2C(=O)c3ccc(C(c4ccc5c(c4)C(=O)N(c4ccc([*])cc4C)C5=O)(C(F)(F)F)C(F)(F)F)cc3C2=O)c(C)c1,625.15
[*]c1ccc2c(c1)C(=O)N(c1ccc(C3(c4ccc(N5C(=O)c6ccc(C([*])(C(F)(F)F)C(F)(F)F)cc6C5=O)c(F)c4)c4ccccc4-c4ccccc43)cc1F)C2=O,625.15
[*]c1ccc2oc(-c3ccc(-c4nc5cc(C([*])(C(F)(F)F)C(F)(F)F)ccc5o4)nc3)nc2c1,625.15
[*]Nc1ccc(C(c2ccc(NC(=O)c3ccc(N4C(=O)c5ccc(C(c6ccc7c(c6)C(=O)N(c6ccc(C([*])=O)cc6)C7=O)(C(F)(F)F)C(F)(F)F)cc5C4=O)cc3)cc2)(C(F)(F)F)C(F)(F)F)cc1,624.15
[*]Oc1ccc2nc(-c3ccc(-c4ccc(-c5nc6ccc([*])cc6c(-c6ccccc6)c5-c5ccccc5)cc4)cc3)c(-c3ccccc3)c(-c3ccccc3)c2c1,624.15
[*]c1ccc(Cc2ccc(-n3c(=O)c4cc5c(=O)n([*])c(=O)c5cc4c3=O)cc2)cc1,624.15
[*]C(=O)c1ccc(C(=O)N2CC(C)N([*])CC2C)cc1,623.15
[*]C1C2CC(C)C(C2)C1[*],623.15
[*]Cn1c(=O)c2cc3c(=O)n(CC(=O)Nc4ccc(C5(c6ccc(NC([*])=O)cc6)c6ccccc6-c6ccccc65)cc4)c(=O)c3cc2c1=O,623.15
[*]c1cc(C(c2ccc(O)c(-n3c(=O)c4cc5c(=O)n([*])c(=O)c5cc4c3=O)c2)(C(F)(F)F)C(F)(F)F)ccc1O,623.15
[*]c1ccc(-c2cnc3cc(-c4ccc5nc([*])cnc5c4)ccc3n2)cc1,623.15
[*]c1ccc(-c2nc3ccc(-c4ccc5nc(-c6ccc(C([*])(c7ccccc7)C(F)(F)F)cc6)oc5c4)cc3o2)cc1,623.15
[*]c1ccc(Oc2ccc(-c3nc4cc5sc([*])nc5cc4s3)cc2)cc1,623.15
[*]c1ccc(Oc2ccc(N3C(=O)CC4C(CC5C(=O)N([*])C(=O)C54)C3=O)cc2)cc1,623.15
[*]c1ccc(S(=O)(=O)c2ccc(-n3c(=O)c4cc5c(=O)n([*])c(=O)c5cc4c3=O)cc2)cc1,623.15
[*]c1ccc2nc(-c3ccc(-c4ccc(-c5cc(-c6ccccc6)c6cc(C7([*])c8ccccc8C(=O)c8ccccc87)ccc6n5)cc4)cc3)cc(-c3ccccc3)c2c1,623.15
[*]c1cc2c(cc1-c1ccc([Si](C)(C)C)cc1)C(=O)N(c1ccc(Cc3ccc(N4C(=O)c5cc([*])c(-c6ccc([Si](C)(C)C)cc6)cc5C4=O)cc3)cc1)C2=O,621.15
[*]c1cc2c(cc1-c1ccc([Si](C)(C)C)cc1)C(=O)N(c1ccc(Oc3ccc(N4C(=O)c5cc([*])c(-c6ccc([Si](C)(C)C)cc6)cc5C4=O)cc3)cc1)C2=O,621.15
[*]c1ccc(C)c(N2C(=O)c3ccc(S(=O)(=O)c4ccc5c(c4)C(=O)N([*])C5=O)cc3C2=O)c1,621.15
[*]Nc1ccc(NC(=O)c2ccc(-n3nc(-c4ccc(Oc5ccc(C([*])=O)cc5)c5ccccc45)c4ccccc4c3=O)cc2)cc1,620.65
[*]c1ccc(N2C(=O)c3ccc(C(=O)c4ccc5c(c4)C(=O)N(c4ccc(Oc6c(C(C)(C)C)cc([*])cc6C(C)(C)C)cc4)C5=O)cc3C2=O)cc1,620.65
[*]C(=O)c1ccc2c(c1)C(=O)N(c1ccc(Cc3ccc(Cc4ccc(N5C(=O)c6ccc([*])cc6C5=O)cc4)cc3)cc1)C2=O,620.15
[*]c1cccc(-c2nc3cc(-c4ccc5c(c4)nc([*])n5C)ccc3[nH]2)c1,619.81
[*]c1ccc2c(c1)C(=O)N(C1CCC(N3C(=O)c4ccc(C([*])(C(F)(F)F)C(F)(F)F)cc4C3=O)CC1)C2=O,619.65
[*]Oc1ccc(Sc2ccc(Oc3ccc4c(=O)n5c6cc(Oc7ccc8c(c7)nc7c9ccc([*])c%10cccc(c(=O)n87)c%109)ccc6nc5c5cccc3c45)cc2)cc1,619.15
[*]c1cc(C)c(-c2c(C)cc(N3C(=O)c4ccc(C(c5ccc6c(c5)C(=O)N([*])C6=O)(C(F)(F)F)C(F)(F)F)cc4C3=O)cc2C)c(C)c1,619.15
[*]c1ccc2c(c1)C(=O)N(c1ccc(-c3ccc(N4C(=O)c5cccc([*])c5C4=O)cc3C(F)(F)F)c(C(F)(F)F)c1)C2=O,619.15
[*]c1ccc(-c2ccc(-c3cnc4cc(-c5ccc6nc([*])cnc6c5)ccc4n3)cc2)cc1,618.65
[*]C(=O)c1ccc(NC(=O)c2ccc(C(=O)Nc3ccc(C(=O)c4c(C)c(C)c([*])c(C)c4C)cc3)cc2)cc1,618.15
[*]CN1C(=O)c2ccc(C(=O)Nc3ccc(C4(c5ccc(NC([*])=O)cc5)c5ccccc5-c5ccccc54)cc3)cc2C1=O,618.15
[*]Nc1ccc(Oc2ccc(C34CC5CC(CC(C5)C3)C4)c(Oc3ccc(NC(=O)c4cc(NC(=O)C56CC7CC(CC(C7)C5)C6)cc(C([*])=O)c4)cc3)c2)cc1,618.15
[*]Nc1ccc(Oc2ccc(NC(=O)c3ccc4c(c3)C(=O)N(c3ccc(Oc5ccc(N6C(=O)c7ccc(C([*])=O)cc7C6=O)cc5-c5ccccc5)c(-c5ccccc5)c3)C4=O)cc2)cc1,618.15
[*]Nc1ccc(Oc2ccc3nc(-c4ccccc4)c(-c4ccc(N5C(=O)c6ccc7c8c(ccc(c68)C5=O)C(=O)N(c5ccc(-c6nc8cc(Oc9ccc(NC(=O)c%10cc(C([*])=O)cc(N%11C(=O)c%12c(Cl)c(Cl)c(Cl)c(Cl)c%12C%11=O)c%10)cc9)ccc8nc6-c6ccccc6)cc5)C7=O)cc4)nc3c2)cc1,618.15
[*]Nc1ccc(Oc2ccc3nc(-c4ccccc4)c(-c4ccc(N5C(=O)c6ccc7c8c(ccc(c68)C5=O)C(=O)N(c5ccc(-c6nc8cc(Oc9ccc(NC(=O)c%10cc(C([*])=O)cc(N%11C(=O)c%12ccccc%12C%11=O)c%10)cc9)ccc8nc6-c6ccccc6)cc5)C7=O)cc4)nc3c2)cc1,618.15
[*]c1c(C)cc(C)c(N2C(=O)c3ccc(Oc4ccc(Oc5ccc6c(c5)C(=O)N([*])C6=O)cc4)cc3C2=O)c1C,618.15
[*]c1ccc(-c2ccc(-c3nc4ccccc4c(-c4ccc(Oc5ccc(-c6c(-c7ccccc7)c([*])nc7ccccc67)cc5)cc4)c3-c3ccccc3)cc2)cc1,618.15
[*]c1ccc(-c2nc3ccc(-c4ccc5nc(-c6ccc(C([*])(C(F)(F)F)C(F)(F)F)cc6)oc5c4)cc3o2)cc1,618.15
[*]c1ccc(-c2nc3ccc(Oc4ccc5nc([*])c(-c6ccccc6)c(-c6ccccc6)c5c4)cc3c(-c3ccccc3)c2-c2ccccc2)cc1,618.15
[*]c1ccc(-n2c(=O)c3cc4c(=O)n(-c5ccc(-c6cc(-c7ccc(OCCCC#N)cc7)cc([*])n6)cc5)c(=O)c4cc3c2=O)cc1,618.15
[*]c1ccc2c(c1)C(=O)N(c1ccc(P(=O)(c3ccccc3)c3ccc(N4C(=O)c5ccc(C([*])(C(F)(F)F)C(F)(F)F)cc5C4=O)cc3)cc1)C2=O,618.15
[*]c1ccc2nc(-c3ccc(-c4nc5ccc(S([*])(=O)=O)cc5nc4-c4ccccc4)cc3)c(-c3ccccc3)nc2c1,618.15
[*]c1ccc2nc(-c3ccccc3)c(-c3ccc(-c4nc5cc(S([*])(=O)=O)ccc5nc4-c4ccccc4)cc3)nc2c1,618.15
[*]C(=O)Nc1ccc(C(c2ccc(NC(=O)c3ccc(N4C(=O)c5ccc(C(c6ccc7c(c6)C(=O)N(c6ccc([*])cc6C)C7=O)(C(F)(F)F)C(F)(F)F)cc5C4=O)c(C)c3)cc2)(C(F)(F)F)C(F)(F)F)cc1,617.15
[*]c1ccc2c(c1)C(=O)N(c1ccc(N3C(=O)c4ccc(-c5c(-c6ccccc6)c(-c6ccccc6)c(-c6ccc(Sc7ccc(-c8c(-c9ccccc9)c(-c9ccccc9)c([*])c(-c9ccccc9)c8-c8ccccc8)cc7)cc6)c(-c6ccccc6)c5-c5ccccc5)cc4C3=O)cc1)C2=O,617.15
[*]c1ccc2c(c1)C(=O)N(c1cc(N3C(=O)c4ccc([*])cc4C3=O)c(O)cc1O)C2=O,616.15
[*]c1ccc2c(c1)C(=O)N(c1ccc(C(c3ccc(N4C(=O)c5ccc([*])cc5C4=O)cc3)(C(F)(F)F)C(F)(F)F)cc1)C2=O,616.15
[*]Nc1ccc(S(=O)(=O)c2ccc(NC(=O)c3ccc4c(c3)C(=O)N(c3cccc(N5C(=O)c6ccc(C([*])=O)cc6C5=O)c3)C4=O)cc2)cc1,615.15
[*]Oc1ccc(C2(c3ccc(OC(=O)c4ccc(C([*])=O)cc4)cc3)c3ccccc3Cc3ccccc32)cc1,615.15
[*]c1ccc(N2C(=O)c3ccc(C(=O)c4ccc5c(c4)C(=O)N(c4ccc(-c6cc(-c7ccc(OCCCC#N)cc7)cc([*])n6)cc4)C5=O)cc3C2=O)cc1,615.15
[*]c1ccc(N2C(=O)c3ccc(Oc4ccc5c(c4)C(=O)N(c4ccc(Oc6c(C(C)(C)C)cc([*])cc6C(C)(C)C)cc4)C5=O)cc3C2=O)cc1,615.15
[*]c1ccc(NC(=O)c2ccc3c(c2)C(=O)N(c2ccc(C4([*])CCC(C(C)(C)CC)CC4)cc2)C3=O)cc1,615.15
[*]c1ccc(Oc2ccc(N3C(=O)C4CCC5C(=O)N([*])C(=O)C5C4C3=O)cc2)cc1,615.15
[*]c1ccc2c(c1)C(=O)N(c1ccc(N3C(=O)c4ccc(C(c5ccc6c(c5)C(=O)N(c5ccc(N7C(=O)c8ccc([*])cc8C7=O)cc5)C6=O)(C(F)(F)F)C(F)(F)F)cc4C3=O)cc1)C2=O,615.15
[*]c1ccc2nc(-c3ccc(-c4cnc5cc(S([*])(=O)=O)ccc5n4)cc3)cnc2c1,615.15
[*]c1ccc2ncc(-c3ccc(-c4cnc5ccc(S([*])(=O)=O)cc5n4)cc3)nc2c1,615.15
[*]c1cccc(P(=O)(c2ccccc2)c2cccc(-n3c(=O)c4c(-c5ccccc5)c5c(=O)n([*])c(=O)c5c(-c5ccccc5)c4c3=O)c2)c1,615.15
[*]C(=O)c1ccc2c(c1)C(=O)N(c1ccc3c(c1)Cc1cc(N4C(=O)c5ccc([*])cc5C4=O)ccc1-3)C2=O,614.65
[*]Nc1ccc(NC(=O)c2ccc3c(c2)C(=O)N(c2cccc(N4C(=O)c5ccc(C([*])=O)cc5C4=O)c2)C3=O)cc1,614.15
[*]c1ccc(Cc2ccc(N3C(=O)C4CCC5C(=O)N([*])C(=O)C5C4C3=O)cc2)cc1,614.15
[*]c1ccc2c(c1)C(=O)N(c1ccc(N3C(=O)c4ccc([*])cc4C3=O)cc1)C2=O,614.15
[*]c1ccc2c(c1)C(=O)N(c1cccc(N3C(=O)c4cccc([*])c4C3=O)c1)C2=O,614.15
[*]C1=C(c2ccccc2)C(=O)N(c2ccc(C3(c4ccc(N5C(=O)C(c6ccccc6)=C(c6ccc([*])cc6)C5=O)cc4)c4ccccc4-c4ccccc43)cc2)C1=O,613.15
[*]Cc1ccc(N2C(=O)C3CCC4C(=O)N(c5ccc([*])cc5C)C(=O)C4C3C2=O)c(C)c1,613.15
[*]NC(=O)c1ccc(-n2c(=O)c3cc4c(=O)n(-c5ccc([*])c(C(=O)OCC)c5)c(=O)c4cc3c2=O)cc1,613.15
[*]Nc1ccc(-c2ccc(NC(=O)c3ccc(C([*])=O)cc3)cc2)cc1,613.15
[*]Nc1ccc(-c2sc(-c3ccc(NC(=O)c4ccc5c(c4)C(=O)N(c4ccc(Oc6cccc7c(Oc8ccc(N9C(=O)c%10ccc(C([*])=O)cc%10C9=O)cc8)cccc67)cc4)C5=O)cc3)c(-c3ccccc3)c2-c2ccccc2)cc1,613.15
[*]Nc1ccc(S(=O)(=O)c2ccc(NC(=O)c3ccc4c(c3)C(=O)N(c3ccc(-c5sc(-c6ccc(N7C(=O)c8ccc(C([*])=O)cc8C7=O)cc6)c(-c6ccccc6)c5-c5ccccc5)cc3)C4=O)cc2)cc1,613.15
[*]c1cc(-n2c(=O)c3cc4c(=O)n([*])c(=O)c4cc3c2=O)ccc1Oc1ccc(C(C)(C)c2ccccc2)cc1,613.15
[*]c1cc(C)c(-n2c(=O)c3cc4c(=O)n(-c5c(C)cc([*])cc5C)c(=O)c4cc3c2=O)c(C)c1,613.15
[*]c1ccc(-c2cc(-c3ccccc3)c3cc(Oc4ccc5nc(-c6ccc(C7([*])c8ccccc8C(=O)c8ccccc87)cc6)cc(-c6ccccc6)c5c4)ccc3n2)cc1,613.15
[*]c1ccc2c(c1)C(=O)N(c1ccc(S(=O)(=O)c3ccc(N4C(=O)c5ccc([*])cc5C4=O)cc3)cc1)C2=O,613.15
[*]C(=O)c1cccc(-n2c(=O)c3cc4c(=O)n(-c5ccc([*])cc5)c(=O)c4cc3c2=O)c1,613.15
[*]C(=O)Nc1ccc(-c2ccc(NC(=O)c3cc([*])cc(NC(=O)c4ccncc4)c3)cc2)cc1,612.15
[*]Nc1cccc(NC(=O)c2ccc3c(c2)C(=O)N(c2cccc(N4C(=O)c5ccc(C([*])=O)cc5C4=O)c2)C3=O)n1,612.15
[*]c1ccc(N2C(=O)c3ccc(C(c4ccc5c(c4)C(=O)N(c4ccc(-c6cc(-c7ccc(OCCCC#N)cc7)cc([*])n6)cc4)C5=O)(C(F)(F)F)C(F)(F)F)cc3C2=O)cc1,612.15
[*]c1cccc(Cc2ccc(-n3c(=O)c4cc5c(=O)n([*])c(=O)c5cc4c3=O)cc2)c1,612.15
[*]Nc1ccc(-c2sc(-c3ccc(NC(=O)c4ccc5c(c4)C(=O)N(c4ccc(-c6sc(-c7ccc(N8C(=O)c9ccc(C([*])=O)cc9C8=O)cc7)c(-c7ccccc7)c6-c6ccccc6)cc4)C5=O)cc3)c(-c3ccccc3)c2-c2ccccc2)cc1,611.15
[*]Nc1cccc(-n2c(=O)c3cc4c(=O)n(-c5cccc(NC(=O)c6cccc(C([*])=O)c6)c5)c(=O)c4cc3c2=O)c1,611.15
[*]c1ccc(C(=O)Nc2ccc(C(=O)Nc3ccc(NC(=O)c4ccc(NC(=O)c5ccc([Si]([*])(C)C)cc5)cc4)cc3)cc2)cc1,611.15
[*]c1ccc2c(c1)C(=O)N(c1cccc(-n3c(=O)c4cc5c(=O)n(-c6cccc(N7C(=O)c8ccc(C([*])(C(F)(F)F)C(F)(F)F)cc8C7=O)c6)c(=O)c5cc4c3=O)c1)C2=O,611.15
[*]c1ccc(C(=O)Nc2ccc(C(=O)Nc3ccc(-c4sc(-c5ccc(NC(=O)c6ccc(NC(=O)c7ccc([Si]([*])(C)C)cc7)cc6)cc5)c(-c5ccccc5)c4-c4ccccc4)cc3)cc2)cc1,610.15
[*]c1cccc(P(=O)(c2ccc(C(F)(F)F)cc2)c2cccc(-n3c(=O)c4c(-c5ccccc5)c5c(=O)n([*])c(=O)c5c(-c5ccccc5)c4c3=O)c2)c1,610.15
[*]c1ccc2c(c1)C(=O)N(c1ccc(S(=O)(=O)c3ccc(N4C(=O)c5ccc(C([*])(C(F)(F)F)C(F)(F)F)cc5C4=O)cc3)cc1)C2=O,609.65
[*]Cc1ccc(N2C(=O)c3ccc(S(=O)(=O)c4ccc5c(c4)C(=O)N(c4ccc([*])cc4C(C)(C)C)C5=O)cc3C2=O)c(C(C)(C)C)c1,609.15
[*]c1ccc(-c2nc3cc(C(c4ccc5oc(-c6ccc(C([*])(C(F)(F)F)C(F)(F)F)cc6)nc5c4)(C(F)(F)F)C(F)(F)F)ccc3o2)cc1,609.15
[*]c1ccc2c(c1)C(=O)N(c1ccc(-c3ccc(N4C(=O)c5ccc(C([*])(C(F)(F)F)C(F)(F)F)cc5C4=O)cc3Cl)c(Cl)c1)C2=O,609.15
[*]C1C(=O)N(c2ccccc2C)C(=O)C1[*],608.15
[*]Nc1cc(NC(=O)c2ccc(Oc3ccc(C([*])=O)cc3)cc2)cc(-c2nc3ccccc3[nH]2)c1,608.15
[*]Nc1ccc(N2C(=O)c3ccc(-c4ccc5c(c4)C(=O)N(c4ccc(C([*])=O)cc4)C5=O)cc3C2=O)cc1,608.15
[*]Nc1ccc(Oc2ccc(NC(=O)c3cc(NC(=O)C45CC6CC(CC(C6)C4)C5)cc(C([*])=O)c3)cc2)cc1,608.15
[*]Oc1ccc(C2(c3ccc(OC(=O)C45CC6CC(CC(C([*])=O)(C6)C4)C5)cc3)c3ccccc3-c3ccccc32)cc1,608.15
[*]c1c(C)cc(C2(c3cc(C)c(N4C(=O)c5ccc(C(c6ccc7c(c6)C(=O)N([*])C7=O)(C(F)(F)F)C(F)(F)F)cc5C4=O)c(C(C)C)c3)c3ccccc3-c3ccccc32)cc1C(C)C,608.15
[*]c1cc(C)c(N2C(=O)c3ccc(C(=O)Oc4ccc(C(c5ccc(OC(=O)c6ccc7c(c6)C(=O)N(c6c(C)cc([*])cc6C)C7=O)cc5)(C(F)(F)F)C(F)(F)F)cc4)cc3C2=O)c(C)c1,608.15
[*]c1ccc(C)c(N2C(=O)c3ccc(C(c4ccc5c(c4)C(=O)N([*])C5=O)(C(F)(F)F)C(F)(F)F)cc3C2=O)c1,608.15
[*]c1ccc2c(c1)C(=O)N(c1ccc(-c3ccc(N4C(=O)c5ccc([*])cc5C4=O)cc3OC(F)(F)F)c(OC(F)(F)F)c1)C2=O,608.15
[*]Nc1cc(NC(=O)c2ccc3[nH]c(-c4cc(-c5nc6cc(C([*])=O)ccc6[nH]5)cc(N5C(=O)c6ccccc6C5=O)c4)nc3c2)cc(-c2nc3ccccc3[nH]2)c1,607.15
[*]Nc1cccc(NC(=O)c2ccc3c(c2)C(=O)N(c2ccc(-c4sc(-c5ccc(N6C(=O)c7ccc(C([*])=O)cc7C6=O)cc5)c(-c5ccccc5)c4-c4ccccc4)cc2)C3=O)c1,607.15
[*]c1ccc(Oc2ccc(-c3ccc(-c4ccc(-c5ccc(Oc6ccc(-c7c8c(c([*])c9ccccc79)C(=O)N(c7ccccc7)C8=O)cc6)c(C(F)(F)F)c5)cc4)cc3)cc2C(F)(F)F)cc1,607.15
[*]c1ccc(Oc2ccc(-c3ccc(Oc4ccc(-c5nnc([*])c6c(-c7ccccc7)c(-c7ccc8ccccc8c7)c(-c7ccc8ccccc8c7)c(-c7ccccc7)c56)cc4)cc3)cc2)cc1,607.15
[*]c1ccc(Oc2ccc(-c3cnc4cc(-c5ccc6nc([*])cnc6c5)ccc4n3)cc2)cc1,607.15
[*]c1ccc(Oc2ccc(C3(c4ccc(Oc5ccc(-c6nnc([*])c7c(-c8ccccc8)c(-c8ccc9ccccc9c8)c(-c8ccc9ccccc9c8)c(-c8ccccc8)c67)cc5)cc4)c4ccccc4-c4ccccc43)cc2)cc1,607.15
[*]c1ccc(Oc2ccc3c4c2cccc4c(=O)n2c4ccc(Oc5ccc6nc7c8cccc9c(Oc%10ccc(C([*])(C)C)cc%10)ccc(c(=O)n7c6c5)c98)cc4nc32)cc1,607.15
[*]c1ccc2oc(-c3ccc(C(c4ccc(-c5nc6cc(C([*])(c7ccccc7)C(F)(F)F)ccc6o5)cc4)(C(F)(F)F)C(F)(F)F)cc3)nc2c1,607.15
[*]c1cccc(P(=O)(c2ccccc2)c2cccc(-n3c(=O)c4c(-c5ccc(C(F)(F)F)cc5)c5c(=O)n([*])c(=O)c5c(-c5ccc(C(F)(F)F)cc5)c4c3=O)c2)c1,607.15
[*]c1ccc2c(c1)C(=O)N(c1cccc(N3C(=O)c4ccc([*])cc4C3=O)c1)C2=O,606.4
[*]C1C2CC(C(=O)OCCc3ccc(N(c4ccccc4)c4cccc5ccccc45)cc3)C(C2)C1[*],606.15
[*]Nc1ccc(NC(=O)c2ccc3c(c2)C(=O)N(c2ccc(-c4sc(-c5ccc(N6C(=O)c7ccc(C([*])=O)cc7C6=O)cc5)c(-c5ccccc5)c4-c4ccccc4)cc2)C3=O)cc1,606.15
[*]Oc1ccc(NC(=O)c2ccc(C(=O)Nc3c(C)c(C)c([*])c(C)c3C)cc2)cc1,606.15
[*]c1ccc2nc(-c3ccc4ccccc4c3)c(-c3ccc(-c4nc5ccc([*])cc5nc4-c4ccc5ccccc5c4)cc3)nc2c1,606.15
[*]OC1C(CO)OC([*])C(O)C1O,605.15
[*]c1ccc(Nc2c(F)c(F)c(-c3c(F)c(F)c(Nc4ccc(S([*])(=O)=O)cc4)c(F)c3F)c(F)c2F)cc1,605.15
[*]COCC([*])(CC)CO,605.05
[*]C(=O)c1ccc2c(c1)C(=O)N(c1ccc3c(c1)C(=O)c1cc(N4C(=O)c5ccc([*])cc5C4=O)ccc1-3)C2=O,604.15
[*]Nc1cccc(NC(=O)c2cccc(NC(=O)c3ccc4[nH]c(-c5cccc(-c6nc7cc(C([*])=O)ccc7[nH]6)c5)nc4c3)c2)c1,604.15
[*]c1ccc(-c2ccc(N3C(=O)c4ccc(C(c5ccc6c(c5)C(=O)N([*])C6=O)(C(F)(F)F)C(F)(F)F)cc4C3=O)cc2C#N)c(C#N)c1,604.15
[*]c1ccc(N2C(=O)c3ccc(C(=O)c4ccc5c(c4)C(=O)N(c4ccc(-c6cc(-c7ccc(OC)cc7)cc([*])n6)cc4)C5=O)cc3C2=O)cc1,604.15
[*]c1ccc(NC(=O)c2ccc3c(c2)C(=O)N(c2ccc(C4([*])CCC(C(C)(C)C)CC4)cc2)C3=O)cc1,604.15
[*]c1ccc2c(c1)C(=O)N(c1ccc(S(=O)(=O)c3ccc(S(=O)(=O)c4ccc(N5C(=O)c6ccc(C([*])(C(F)(F)F)C(F)(F)F)cc6C5=O)cc4)cc3)cc1)C2=O,604.15
[*]c1cccc(P(=O)(c2ccccc2)c2cccc(-n3c(=O)c4cc5c(=O)n([*])c(=O)c5cc4c3=O)c2)c1,604.15
[*]C1(F)OC(C(F)(F)F)(C(F)(F)Cl)OC1([*])F,603.15
[*]CC([*])C(=O)Oc1ccc(Cl)cc1,603.15
[*]CC([*])c1c(F)c(F)c(P(=O)(O)O)c(F)c1F,603.15
[*]Nc1ccc(Oc2ccc(C3(c4ccc(Oc5ccc(NC(=O)c6ccc7c(c6)C(=O)N(c6ccc(Oc8ccc(C9(c%10ccc(Oc%11ccc(N%12C(=O)c%13ccc(C([*])=O)cc%13C%12=O)cc%11)cc%10)NC(=O)c%10ccccc%109)cc8)cc6)C7=O)cc5)cc4)NC(=O)c4ccccc43)cc2)cc1,603.15
[*]Sc1cccc2c1C(=O)N(c1ccc(N3C(=O)c4cccc([*])c4C3=O)cc1)C2=O,603.15
[*]c1ccc(-c2ccc(-c3c(-c4ccccc4)nc4ccc(Oc5ccc6nc(-c7ccccc7)c([*])c(-c7ccccc7)c6c5)cc4c3-c3ccccc3)cc2)cc1,603.15
[*]c1ccc(-c2nc3cc(C(c4ccccc4)(c4ccc5oc(-c6ccc(C([*])(c7ccccc7)C(F)(F)F)cc6)nc5c4)C(F)(F)F)ccc3o2)cc1,603.15
[*]c1ccc2c(c1)C(=O)N(c1cc(C(c3ccc(O)c(N4C(=O)c5ccc(C([*])(C(F)(F)F)C(F)(F)F)cc5C4=O)c3)(C(F)(F)F)C(F)(F)F)ccc1O)C2=O,603.15
[*]c1cccc(P(=O)(c2ccc(Oc3ccc(C45CC6CC(CC(C6)C4)C5)cc3)cc2)c2cccc(-n3c(=O)c4cc5c(=O)n([*])c(=O)c5cc4c3=O)c2)c1,603.15
[*]Nc1ccc(-c2nc3cc(-c4ccc5[nH]c(-c6ccc(Nc7nc([*])nc(N(c8ccccc8)c8ccccc8)n7)cc6)nc5c4)ccc3[nH]2)cc1,602.15
[*]Nc1ccc(C(c2ccc(NC(=O)c3cc4cc(Cc5ccc6oc(=O)c(C([*])=O)cc6c5)ccc4oc3=O)cc2)(C(F)(F)F)C(F)(F)F)cc1,602.15
[*]c1cc(C)c(N2C(=O)c3ccc(C(=O)Nc4ccc(Cc5ccc(NC(=O)c6ccc7c(c6)C(=O)N(c6c(C)cc([*])cc6C)C7=O)c(C)c5)cc4C)cc3C2=O)c(C)c1,602.15
[*]c1ccc(Oc2ccc(-n3c(=O)c4cc5c(=O)n([*])c(=O)c5cc4c3=O)cc2)c(-c2ccccc2)c1,602.15
[*]c1ccc2c(c1)C(=O)N(c1cc(C(c3ccc4nc([*])oc4c3)(C(F)(F)F)C(F)(F)F)ccc1O)C2=O,602.15
[*]c1ccc2c(c1)C(=O)N(c1cc(N3C(=O)c4ccc([*])cc4C3=O)cc(C(F)(F)F)c1)C2=O,602.15
[*]c1ccc2c(c1)C(=O)N(c1ccc(-c3ccc(N4C(=O)c5ccc(C([*])(C(F)(F)F)C(F)(F)F)cc5C4=O)cc3Br)c(Br)c1)C2=O,602.15
[*]c1ccc2c(c1)C(=O)N(c1ccc(Oc3ccc(N4C(=O)c5ccc(-c6c(-c7ccccc7)c(-c7ccccc7)c(-c7ccc(Oc8ccc(-c9c(-c%10ccccc%10)c(-c%10ccccc%10)c([*])c(-c%10ccccc%10)c9-c9ccccc9)cc8)cc7)c(-c7ccccc7)c6-c6ccccc6)cc5C4=O)cc3)cc1)C2=O,602.15
[*]c1ccc2oc(-c3cccc(-c4nc5cc(C([*])(C(F)(F)F)C(F)(F)F)ccc5o4)n3)nc2c1,602.15
[*]c1ccc(Oc2ccc(-c3cnc(-n4c(=O)c5cc6c(=O)n([*])c(=O)c6cc5c4=O)s3)cc2)cc1,601.95
[*]C1C([*])C2CC1C(C(=O)OCC13CC4CC(CC(C4)C1)C3)C2C(=O)OCC12CC3CC(CC(C3)C1)C2,601.15
[*]Nc1ccc(NC(=O)c2cccc(N3C(=O)c4ccc(C(c5ccc6c(c5)C(=O)N(c5cccc(C(=O)Nc7ccc(C([*])=O)cc7)c5)C6=O)(C(F)(F)F)C(F)(F)F)cc4C3=O)c2)cc1,601.15
[*]Nc1ccc(NC(=O)c2cccc(N3C(=O)c4cccc(-c5ccc6c(c5)C(=O)N(c5cccc(C([*])=O)c5)C6=O)c4C3=O)c2)cc1,601.15
[*]Nc1cccc(NC(=O)c2ccc3c(c2)C(=O)N(c2ccc(Oc4ccc(C5(c6ccc(Oc7ccc(N8C(=O)c9ccc(C([*])=O)cc9C8=O)cc7)cc6)NC(=O)c6ccccc65)cc4)cc2)C3=O)c1,601.15
[*]Oc1ccc(-n2c(=O)c3cc4c(=O)n(-c5ccc(Oc6cccc([*])c6C#N)cc5)c(=O)c4cc3c2=O)cc1,601.15
[*]c1ccc(-c2ccc(-n3c(=O)c4cc5c(=O)n([*])c(=O)c5cc4c3=O)cc2OC)c(OC)c1,601.15
[*]c1ccc(NC(=O)c2ccc3c(c2)C(=O)N(c2ccc(C4([*])CC(C)CC(C)(C)C4)cc2)C3=O)cc1,601.15
[*]c1ccc2c(c1)C(=O)N(c1cc(Br)c(Oc3c(Br)cc(N4C(=O)c5ccc(S([*])(=O)=O)cc5C4=O)cc3Br)c(Br)c1)C2=O,601.15
[*]c1cccc(Cc2cccc(-n3c(=O)c4cc5c(=O)n([*])c(=O)c5cc4c3=O)c2)c1,600.65
[*]C(=O)Nc1ccc(NC(=O)c2cc([*])cc(NC(=O)c3ccncc3)c2)cc1,600.15
[*]C1C=C(C)C2C(=O)N(c3ccc(N4C(=O)CC([*])C4=O)cc3)C(=O)C2C1,600.15
[*]Nc1ccc(-c2nnc(-c3ccc(NC(=O)c4cc(C([*])=O)cc(N5C(=O)c6ccccc6C5=O)c4)cc3)o2)cc1,600.15
[*]c1c(C)cc(C)c(N2C(=O)c3ccc(C(=O)Nc4ccc(NC(=O)c5ccc6c(c5)C(=O)N([*])C6=O)cc4)cc3C2=O)c1C,600.15
[*]c1cc(C)c(OC(=O)c2ccc3c(c2)C(=O)N(c2c(C)cc(-c4cc(C)c(N5C(=O)c6ccc(C(=O)Oc7c(C)cc(C([*])(C(F)(F)F)C(F)(F)F)cc7C)cc6C5=O)c(C)c4)cc2C)C3=O)c(C)c1,600.15
[*]c1cc(C)c(Oc2cccc3c2C(=O)N(c2c(C)cc(-c4cc(C)c(N5C(=O)c6cccc(Oc7c(C)cc([*])cc7C)c6C5=O)c(C)c4)cc2C)C3=O)c(C)c1,600.15
[*]c1ccc(OC(=O)c2ccc(C(=O)Oc3ccc(C4([*])NC(=O)c5ccccc54)cc3)cc2)cc1,600.15
[*]c1ccc2c(c1)C(=O)N(c1ccc(S(=O)(=O)c3ccc(S(=O)(=O)c4ccc(S(=O)(=O)c5ccc(N6C(=O)c7ccc(C([*])(C(F)(F)F)C(F)(F)F)cc7C6=O)cc5)cc4)cc3)cc1)C2=O,600.15
[*]c1ccc2c(c1)C(=O)N(c1ccc(-c3ccc(N4C(=O)c5ccc(C([*])(C(F)(F)F)C(F)(F)F)cc5C4=O)cc3C(F)(F)F)c(C(F)(F)F)c1)C2=O,600.15
[*]Oc1ccc2nc(-c3ccc(-c4nc5cc([*])ccc5nc4-c4ccccc4)cc3)c(-c3ccccc3)nc2c1,599.15
[*]c1cc(C)c(N2C(=O)c3ccc(-c4ccc5c(c4)C(=O)N(c4c(C)cc(C([*])c6cccc7ccccc67)cc4C)C5=O)cc3C2=O)c(C)c1,599.15
[*]c1ccc(-c2ccc(-c3cc(-c4ccc(Oc5ccc(-c6cc([*])nc7ccccc67)cc5)cc4)c4ccccc4n3)cc2)cc1,599.15
[*]c1ccc(Oc2cccc(Oc3ccc(-n4c(=O)c5cc6c(=O)n([*])c(=O)c6cc5c4=O)cc3)c2)cc1,599.15
[*]C(=O)c1ccc2nc(-c3ccc(-c4nc5ccc([*])cc5nc4-c4ccccc4)cc3)c(-c3ccccc3)nc2c1,598.15
[*]C(=O)c1ccc2nc(-c3ccccc3)c(-c3ccc(-c4nc5cc([*])ccc5nc4-c4ccccc4)cc3)nc2c1,598.15
[*]Nc1ccc(Oc2ccc(NC(=O)c3ccc4c(c3)C(=O)N(c3ccc(Oc5ccc(C6(c7ccc(Oc8ccc(N9C(=O)c%10ccc(C([*])=O)cc%10C9=O)cc8)cc7)NC(=O)c7ccccc76)cc5)cc3)C4=O)cc2)cc1,598.15
[*]Nc1ccc(S(=O)(=O)c2ccc(NC(=O)c3ccc4[nH]c(-c5cc(-c6nc7cc(C([*])=O)ccc7[nH]6)cc(N6C(=O)c7ccccc7C6=O)c5)nc4c3)cc2)cc1,598.15
[*]Nc1cccc(NC(=O)c2ccc3[nH]c(-c4ccc(C([*])=O)cc4)nc3c2)c1,598.15
[*]Nc1cccc2c(NC(=O)c3cccc(C([*])=O)c3)cccc12,598.15
[*]c1cc(C)c(Oc2cccc3c2C(=O)N(c2c(C)cc(C)c(N4C(=O)c5cccc(Oc6c(C)cc([*])cc6C)c5C4=O)c2C)C3=O)c(C)c1,598.15
[*]c1ccc(-c2ccc(N3C(=O)c4ccc(C(c5ccc6c(c5)C(=O)N([*])C6=O)(C(F)(F)F)C(F)(F)F)cc4C3=O)cc2C)c(C)c1,598.15
[*]c1ccc(-c2ccc(N3C(=O)c4ccc(Oc5ccc6c(c5)C(=O)N([*])C6=O)cc4C3=O)cc2C)c(C)c1,598.15
[*]c1ccc(OC(=O)c2cccc(C(=O)Oc3ccc(C4([*])NC(=O)c5ccccc54)cc3)c2)cc1,598.15
[*]c1cccc(P(=O)(c2ccccc2)c2cccc(-n3c(=O)c4cc5c(=O)n([*])c(=O)c5c(-c5ccccc5)c4c3=O)c2)c1,598.15
[*]C(=O)c1ccc2c(c1)C(=O)N(c1ccc(N3C(=O)c4ccc([*])cc4C3=O)cc1)C2=O,598.15
[*]C(=O)c1cccc(C(=O)c2ccc(Oc3ccc(-n4c(=O)c5cc6c(=O)n(-c7ccc(Oc8ccc([*])cc8)cc7)c(=O)c6cc5c4=O)cc3)cc2)n1,597.75
[*]C(=O)c1ccc2c(c1)C(=O)N(c1cc(N3C(=O)c4ccc([*])cc4C3=O)c(O)cc1O)C2=O,597.15
[*]Cc1ccc(N2C(=O)c3ccc(-c4ccc5c(c4)C(=O)N(c4ccc([*])cc4C(C)(C)C)C5=O)cc3C2=O)c(C(C)(C)C)c1,597.15
[*]Nc1ccc(-c2ccc(NC(=O)c3cccc(N4C(=O)c5ccc(C(c6ccc7c(c6)C(=O)N(c6cccc(C([*])=O)c6)C7=O)(C(F)(F)F)C(F)(F)F)cc5C4=O)c3)cc2)cc1,597.15
[*]Nc1ccc(-c2nnc(-c3cc(C([*])=O)cc(N4C(=O)c5ccccc5C4=O)c3)o2)cc1,597.15
[*]Nc1ccc(Cc2ccc(NC(=O)c3ccc4c(c3)C(=O)N(c3ccc(S(=O)(=O)c5ccc(N6C(=O)c7ccc(C([*])=O)cc7C6=O)cc5)cc3)C4=O)cc2)cc1,597.15
[*]Nc1ccc(N(c2ccc(Nc3ccc([N+](=O)[O-])cc3)cc2)c2ccc(NC3CC(=O)N(c4ccc(Cc5ccc(N6C(=O)CC([*])C6=O)cc5)cc4)C3=O)cc2)cc1,597.15
[*]c1ccc(Oc2ccc3c(c2)C(=O)N(c2ccc(-c4nc5cc(N6C(=O)c7ccc(Oc8ccc(C([*])(C)C)cc8)cc7C6=O)ccc5[nH]4)cc2)C3=O)cc1,597.15
[*]c1ccc2c(c1)C(=O)N(c1cc(N3C(=O)c4ccc(C([*])(C(F)(F)F)C(F)(F)F)cc4C3=O)c(O)cc1O)C2=O,597.15
[*]c1cccc(P(=O)(c2ccc(C(F)(F)F)cc2)c2cccc(-n3c(=O)c4c(-c5ccc(C(F)(F)F)cc5)c5c(=O)n([*])c(=O)c5c(-c5ccc(C(F)(F)F)cc5)c4c3=O)c2)c1,597.15
[*]c1cccc(P(=O)(c2ccccc2)c2cccc(-n3c(=O)c4c(-c5cc(C(F)(F)F)cc(C(F)(F)F)c5)c5c(=O)n([*])c(=O)c5c(-c5cc(C(F)(F)F)cc(C(F)(F)F)c5)c4c3=O)c2)c1,597.15
[*]c1ccc2c(c1)C(=O)N(c1ccc(-c3ccc(N4C(=O)c5ccc([*])cc5C4=O)cc3C(F)(F)F)c(C(F)(F)F)c1)C2=O,596.9
[*]C(=O)c1ccc2c(c1)C(=O)N(c1cc(Br)c(Oc3c(Br)cc(N4C(=O)c5ccc([*])cc5C4=O)cc3Br)c(Br)c1)C2=O,596.15
[*]c1ccc2c(c1)C(=O)N(c1cccc(N3C(=O)c4ccc(P([*])(=O)c5ccccc5)cc4C3=O)c1)C2=O,596.15
[*]Nc1ccc(NC(=O)c2ccc3[nH]c(-c4cccc(-c5nc6cc(C(=O)Nc7ccc(C([*])=O)cc7)ccc6[nH]5)c4)nc3c2)cc1,595.15
[*]Nc1ccc(Oc2ccc(C3(c4ccc(Oc5ccc(NC(=O)c6ccc7c(c6)C(=O)N(c6ccc(N8C(=O)c9ccc(C([*])=O)cc9C8=O)cc6)C7=O)cc5)cc4)NC(=O)c4ccccc43)cc2)cc1,595.15
[*]Nc1ccc(Oc2ccc(NC(=O)c3ccc(N4C(=O)c5ccc(C(c6ccc7c(c6)C(=O)N(c6ccc(C([*])=O)cc6)C7=O)(C(F)(F)F)C(F)(F)F)cc5C4=O)cc3)cc2)cc1,595.15
[*]Oc1ccc(C2(c3ccc(OC(=O)c4ccc(C([*])=O)cc4)cc3)CC3CC2C2CCCC32)cc1,595.15
[*]c1cc(-c2nc3ccc(Cc4ccc5nc([*])oc(=O)c5c4)cc3c(=O)o2)cc(N2C(=O)c3ccccc3C2=O)c1,595.15
[*]c1ccc(N2C(=O)c3ccc(C(=O)c4ccc5c(c4)C(=O)N(c4ccc(C(C)(C)c6ccc(C([*])(C)C)cc6)cc4)C5=O)cc3C2=O)cc1,595.15
[*]c1ccc(NC(=O)c2ccc3c(c2)C(=O)N(c2ccc(C4([*])CCC(C)CC4)cc2)C3=O)cc1,595.15
[*]c1ccc2c(c1)C(=O)N(c1ccc(Oc3ccc(N4C(=O)c5ccc(-c6c(-c7ccccc7)c(-c7ccccc7)c(-c7ccc(Sc8ccc(-c9c(-c%10ccccc%10)c(-c%10ccccc%10)c([*])c(-c%10ccccc%10)c9-c9ccccc9)cc8)cc7)c(-c7ccccc7)c6-c6ccccc6)cc5C4=O)cc3)cc1)C2=O,595.15
[*]c1ccc2c(c1)Cc1cc(-n3c(=O)c4cc5c(=O)n([*])c(=O)c5cc4c3=O)ccc1-2,595.15
[*]c1ccc2c(c1)C(=O)N(c1cc(C(F)(F)F)cc(N3C(=O)c4ccc(C([*])(C(F)(F)F)C(F)(F)F)cc4C3=O)c1OC(c1c(F)c(F)c(F)c(F)c1F)c1c(F)c(F)c(F)c(F)c1F)C2=O,594.85
[*]C(=O)Nc1ccc(NC(=O)c2cc([*])cc(NC(=O)c3ccccc3)c2)cc1,594.15
[*]C(=O)Nc1cccc(NC(=O)c2cc([*])cc(NC(=O)c3ccncc3)c2)c1,594.15
[*]C(=O)c1cccc(-n2c(=O)c3cc4c(=O)n(-c5cccc([*])c5)c(=O)c4cc3c2=O)c1,594.15
[*]C(=O)c1ccccc1-n1c(=O)c2cc3c(=O)n(-c4ccc([*])cc4)c(=O)c3cc2c1=O,594.15
[*]Oc1ccc(-n2c(=O)c3cc4c(=O)n(-c5ccc(Oc6cc(C(C)(C)C)ccc6[*])cc5)c(=O)c4cc3c2=O)cc1,594.15
[*]c1cc(C(=O)OC)cc(N2C(=O)c3cc(Cl)c(C(=O)c4cc5c(cc4Cl)C(=O)N([*])C5=O)cc3C2=O)c1,594.15
[*]c1ccc(C(c2ccccc2)c2ccc(-n3c(=O)c4cc5c(=O)n([*])c(=O)c5cc4c3=O)cc2)cc1,594.15
[*]c1ccc(N2C(=O)c3ccc(C(c4ccc5c(c4)C(=O)N(c4ccc(N([*])c6ccc(C#N)cc6)cc4)C5=O)(C(F)(F)F)C(F)(F)F)cc3C2=O)cc1,594.15
[*]c1ccc(Oc2ccc(C3(c4ccc(Oc5ccc(-c6nnc([*])c7c(-c8ccc(F)cc8)c(-c8ccc(F)cc8)c(-c8ccc(F)cc8)c(-c8ccc(F)cc8)c67)cc5)cc4)c4ccccc4-c4ccccc43)cc2)cc1,594.15
[*]c1cccc(P(=O)(c2ccccc2)c2cccc(-n3c(=O)c4cc5c(=O)n([*])c(=O)c5c(-c5ccc(C(F)(F)F)cc5)c4c3=O)c2)c1,594.15
[*]c1ccc(Oc2ccc3ccc(Oc4ccc(-n5c(=O)c6cc7c(=O)n([*])c(=O)c7cc6c5=O)cc4)cc3c2)cc1,593.95
[*]C(=O)c1ccc2c(c1)C(=O)N(c1ncc(-c3ccc(Oc4ccc(N5C(=O)c6ccc([*])cc6C5=O)cc4)cc3)s1)C2=O,593.35
[*]C(=O)c1ccc2nc(-c3ccccc3)c(-c3ccc(-c4nc5ccc([*])cc5nc4-c4ccccc4)cc3)nc2c1,593.15
[*]C1C([*])C2CC1C(C(=O)OCC1CC3CCC1C3)C2C(=O)OCC1CC2CCC1C2,593.15
[*]Nc1ccc(Oc2ccc(C3(c4ccc(Oc5ccc(NC(=O)c6ccc7c(c6)C(=O)N(c6ccc(Oc8ccc(N9C(=O)c%10ccc(C([*])=O)cc%10C9=O)cc8)cc6)C7=O)cc5)cc4)NC(=O)c4ccccc43)cc2)cc1,593.15
[*]Nc1ccc(Oc2ccc(C3(c4ccc(Oc5ccc(NC(=O)c6ccc7c(c6)C(=O)N(c6cccc(N8C(=O)c9ccc(C([*])=O)cc9C8=O)c6)C7=O)cc5)cc4)NC(=O)c4ccccc43)cc2)cc1,593.15
[*]Nc1ccc(Oc2ccc(NC(=O)c3ccc4c(c3)C(=O)N(c3ccc(-c5sc(-c6ccc(N7C(=O)c8ccc(C([*])=O)cc8C7=O)cc6)c(-c6ccccc6)c5-c5ccccc5)cc3)C4=O)cc2)cc1,593.15
[*]Nc1cccc(S(=O)(=O)c2cccc(NC(=O)c3ccc4c(c3)C(=O)N(c3ccc(-c5sc(-c6ccc(N7C(=O)c8ccc(C([*])=O)cc8C7=O)cc6)c(-c6ccccc6)c5-c5ccccc5)cc3)C4=O)c2)c1,593.15
[*]Sc1ccc(N2C(=O)C3C4C=CC(C3C2=O)C2C(=O)N(c3ccc(Sc5cc6c(cc5[*])C(=O)N(c5ccc(CC)cc5)C6=O)cc3)C(=O)C42)cc1,593.15
[*]c1c(C)cc(C)c(C(=O)c2cccc(N3C(=O)c4ccc(-c5ccc6c(c5)C(=O)N([*])C6=O)cc4C3=O)c2)c1C,593.15
[*]c1cc(-n2c(=O)c3cc4c(=O)n([*])c(=O)c4cc3c2=O)ccc1Oc1ccc(S(=O)(=O)c2ccc(C)cc2)cc1,593.15
[*]c1ccc(C(=O)Nc2ccc(C(=O)Nc3ccc(-c4ccc(NC(=O)c5ccc(NC(=O)c6ccc([Si]([*])(C)C)cc6)cc5)cc4)cc3)cc2)cc1,593.15
[*]c1ccc(N2C(=O)c3ccc(C(=O)c4ccc5c(c4)C(=O)N(c4ccc6c(c4)C([*])(C)CC6(C)C)C5=O)cc3C2=O)cc1,593.15
[*]c1ccc(OCC(O)CN(CC(O)COc2ccc(C([*])(C)C)cc2)c2ccc(/C=C/c3ccc([N+](=O)[O-])cc3)cc2)cc1,593.15
[*]c1ccc(Oc2ccc(-c3ccc(Oc4ccc(-c5nnc([*])c6c(-c7ccc(F)cc7)c(-c7ccc(F)cc7)c(-c7ccc(F)cc7)c(-c7ccc(F)cc7)c56)cc4)cc3)cc2)cc1,593.15
[*]c1ccc2c(c1)C(=O)N(c1ccc(-c3ccc(N4C(=O)c5ccc(S([*])(=O)=O)cc5C4=O)cc3C(F)(F)F)c(C(F)(F)F)c1)C2=O,593.15
[*]c1ccc2c(c1)C(=O)N(c1ccc(Oc3ccc(N4C(=O)c5cccc([*])c5C4=O)cc3)cc1)C2=O,593.15
[*]c1ccc2nc(-c3ccc(Oc4ccc(-c5cc(-c6ccccc6)c6cc(C7([*])c8ccccc8C(=O)c8ccccc87)ccc6n5)cc4)cc3)cc(-c3ccccc3)c2c1,593.15
[*]c1ccc2nc(-c3ccccc3)c(-c3cccc(-c4nc5cc([*])ccc5nc4-c4ccccc4)c3)nc2c1,593.15
[*]c1cccc(P(=O)(c2cccc(-n3c(=O)c4c(-c5ccccc5)c5c(=O)n([*])c(=O)c5c(-c5ccccc5)c4c3=O)c2)c2cc(C(F)(F)F)cc(C(F)(F)F)c2)c1,593.15
[*]Cc1cc(C)c(N2C(=O)c3ccc(C(=O)c4ccc5c(c4)C(=O)N(c4c(C)cc([*])cc4C)C5=O)cc3C2=O)c(C)c1,593.15
[*]Sc1cccc2c1C(=O)N(c1ccc(N3C(=O)c4ccc([*])cc4C3=O)cc1)C2=O,592.65
[*]Nc1ccc(-c2ccc(NC(=O)c3cc(C([*])=O)cc(S(=O)(=O)c4ccccc4)c3)cc2)cc1,592.15
[*]Nc1ccc(C2(c3ccc(N4C(=O)c5ccc(C([*])=O)cc5C4=O)cc3)CCCCC2)cc1,592.15
[*]Nc1ccc(C2(c3ccc(NC(=O)c4ccc(C([*])=O)cc4)cc3)c3ccccc3-c3ccccc32)cc1,592.15
[*]Oc1c(Br)cc(C2(c3cc(Br)c(OC(=O)c4ccc(C([*])=O)cc4)c(Br)c3)OC(=O)c3ccccc32)cc1Br,592.15
[*]c1ccc2c(c1)C(=O)N(c1ccc(-c3ccc(N4C(=O)c5ccc(C([*])(C(F)(F)F)C(F)(F)F)cc5C4=O)cc3I)c(I)c1)C2=O,592.15
[*]c1ccc2c(c1)C(=O)N(c1ccc(Cc3ccc(N4C(=O)c5ccc(S([*])(=O)=O)cc5C4=O)cc3)cc1)C2=O,592.15
[*]c1ccc2nc(-c3cccc(-c4nc5cc([*])ccc5nc4-c4ccccc4)c3)c(-c3ccccc3)nc2c1,592.15
[*]C(=O)c1ccc2nc(-c3ccc(-c4cnc5cc([*])ccc5n4)cc3)cnc2c1,591.15
[*]C(=O)c1ccc2ncc(-c3ccc(-c4cnc5ccc([*])cc5n4)cc3)nc2c1,591.15
[*]CC([*])C(=O)Oc1ccccc1Cl,591.15
[*]c1cc(C)c(N2C(=O)c3ccc(C(=O)Nc4ccc(C(c5ccc(NC(=O)c6ccc7c(c6)C(=O)N(c6c(C)cc([*])cc6C)C7=O)cc5)(C(F)(F)F)C(F)(F)F)cc4)cc3C2=O)c(C)c1,591.15
[*]c1cc(C)c(N2C(=O)c3ccc(C(=O)c4ccc5c(c4)C(=O)N(c4c(C)cc(C([*])c6cccc7ccccc67)cc4C)C5=O)cc3C2=O)c(C)c1,591.15
[*]c1ccc(Oc2ccc(-c3nc(-c4ccccc4)[nH]c3-c3ccc(Oc4ccc(P([*])(=O)c5ccccc5)cc4)cc3)cc2)cc1,591.15
[*]c1ccc2c(c1)C(=O)N(c1ccc(Oc3ccc(N4C(=O)c5ccc(P([*])(=O)c6ccccc6)cc5C4=O)cc3)cc1)C2=O,591.15
[*]Nc1ccc(Oc2ccc(NC(=O)c3ccc(-n4nc(-c5ccc(Oc6ccc(C([*])=O)cc6)c6ccccc56)c5ccccc5c4=O)cc3)cc2)cc1,590.65
[*]c1cc(C)c(N2C(=O)c3ccc(-c4ccc5c(c4)C(=O)N(c4c(C)cc(C([*])c6cc(C(F)(F)F)cc(C(F)(F)F)c6)cc4C)C5=O)cc3C2=O)c(C)c1,590.55
[*]c1cc(N2C(=O)c3ccc(C(=O)c4ccc5c(c4)C(=O)N([*])C5=O)cc3C2=O)ccc1C,590.4
[*]C(=O)c1ccc(C(=O)Nc2ccc(NC(=O)c3ccc([*])cc3C(=O)O)cc2)c(C(=O)O)c1,590.15
[*]C(=O)c1ccc2c(c1)C(=O)N(c1ccc(Cc3ccc(Cc4cccc(N5C(=O)c6ccc([*])cc6C5=O)c4)cc3)cc1)C2=O,590.15
[*]c1ccc(Oc2ccc(-c3ccc(-c4ccc(Oc5ccc(-c6c7c(c([*])c8ccccc68)C(=O)N(c6ccccc6)C7=O)cc5)c(C(F)(F)F)c4)cc3)cc2C(F)(F)F)cc1,590.15
[*]c1ccc2c(c1)C(=O)N(c1cc(N3C(=O)c4ccc(P([*])(=O)c5ccccc5)cc4C3=O)cc(C(F)(F)F)c1)C2=O,590.15
[*]c1ccc2nc(-c3ccc4ccccc4c3)c(-c3cccc(-c4nc5ccc([*])cc5nc4-c4ccc5ccccc5c4)c3)nc2c1,590.15
[*]c1ccc(N2C(=O)c3ccc(C(=O)c4ccc5c(c4)C(=O)N(c4ccc(C(C)(C)c6cccc(C([*])(C)C)c6)cc4)C5=O)cc3C2=O)cc1,589.65
[*]c1ccc(Oc2cc3ccccc3cc2Oc2ccc(-n3c(=O)c4cc5c(=O)n([*])c(=O)c5cc4c3=O)cc2)cc1,589.15
[*]c1ccc2c(c1)C(=O)N(c1ccc(C(c3ccc(N4C(=O)c5ccc(C([*])(C(F)(F)F)C(F)(F)F)cc5C4=O)cc3)(C(F)(F)F)C(F)(F)F)cc1)C2=O,588.25
[*]C(=O)c1ccc2c(c1)C(=O)N(c1cc(C(c3ccc(O)c(N4C(=O)c5ccc([*])cc5C4=O)c3)(C(F)(F)F)C(F)(F)F)ccc1O)C2=O,588.15
[*]Nc1cc(NC(=O)c2ccc3[nH]c(-c4cccc(-c5nc6cc(C([*])=O)ccc6[nH]5)c4)nc3c2)cc(-c2nc3ccccc3[nH]2)c1,588.15
[*]Nc1ccc(-c2ccc(NC(=O)c3ccc4c(c3)C(=O)N(c3ccc(Oc5ccc(N6C(=O)c7ccc(C([*])=O)cc7C6=O)cc5)cc3)C4=O)cc2)cc1,588.15
[*]Nc1ccc(Oc2cccc(NC(=O)c3ccc4c(c3)C(=O)N(c3ccc(-c5sc(-c6ccc(N7C(=O)c8ccc(C([*])=O)cc8C7=O)cc6)c(-c6ccccc6)c5-c5ccccc5)cc3)C4=O)c2)cc1,588.15
[*]OC(=O)c1ccc(C(=O)O[Sn]([*])(CCCC)CCCC)cc1,588.15
[*]c1cc(C)c(OC(=O)c2cccc(C(=O)Oc3c(C)cc(C4([*])c5ccccc5-c5ccccc54)cc3C)c2)c(C)c1,588.15
[*]c1cc(C)c(Oc2ccc(-n3c(=O)c4cc5c(=O)n(-c6ccc(Oc7c(C)cc(C([*])c8cccc9ccccc89)cc7C)cc6)c(=O)c5cc4c3=O)cc2)c(C)c1,588.15
[*]c1cc(N2C(=O)c3ccc(C(=O)Nc4ccc(Oc5ccc(C6(c7ccc(Oc8ccc(NC(=O)c9ccc%10c(c9)C(=O)N([*])C%10=O)cc8)cc7)NC(=O)c7ccccc76)cc5)cc4)cc3C2=O)ccc1C,588.15
[*]c1ccc(C(=O)Nc2ccc(C(=O)Nc3ccc(S(=O)(=O)c4ccc(NC(=O)c5ccc(NC(=O)c6ccc([Si]([*])(C)C)cc6)cc5)cc4)cc3)cc2)cc1,588.15
[*]c1ccc(N2C(=O)c3ccc(C(=O)c4ccc5c(c4)C(=O)N(c4ccc(N([*])c6ccc(C#N)cc6)cc4)C5=O)cc3C2=O)cc1,588.15
[*]c1ccc(N2C(=O)c3ccc(Oc4ccc5c(c4)C(=O)N(c4ccc(-c6cc(-c7ccc(OCCCC#N)cc7)cc([*])n6)cc4)C5=O)cc3C2=O)cc1,588.15
[*]c1ccc(Oc2ccc(-c3cc(-c4ccccc4)c4cc(C5(c6ccc7nc([*])cc(-c8ccccc8)c7c6)c6ccccc6-c6ccccc65)ccc4n3)cc2)cc1,588.15
[*]c1ccc2c(c1)C(=O)N(c1ccc(C(c3ccccc3)c3ccc(N4C(=O)c5ccc([*])cc5C4=O)cc3)cc1)C2=O,588.15
[*]C(=O)c1ccc2c(c1)C(=O)N(c1ccc(Oc3ccc(C(=O)c4cccc(C(=O)c5ccc(Oc6ccc(N7C(=O)c8ccc([*])cc8C7=O)cc6)cc5)n4)cc3)cc1)C2=O,587.65
[*]Oc1ccc(-n2c(=O)c3cc4c(=O)n(-c5ccc(Oc6ccc([*])cc6C(C)(C)C)cc5)c(=O)c4cc3c2=O)cc1,587.15
[*]c1cc(C(=O)O)cc(N2C(=O)c3ccc(C(=O)c4ccc5c(c4)C(=O)N([*])C5=O)cc3C2=O)c1,587.15
[*]c1cc(C)c(N2C(=O)c3ccc(C(c4ccc5c(c4)C(=O)N(c4c(C)cc(C([*])c6cccc7ccccc67)cc4C)C5=O)(C(F)(F)F)C(F)(F)F)cc3C2=O)c(C)c1,587.15
[*]c1ccc(Oc2ccc(S(=O)(=O)c3ccc(Oc4ccc(-c5c6c(c([*])c7ccccc57)C(=O)N(C)C6=O)cc4)cc3)cc2)cc1,587.15
[*]C(=O)c1cc2c(cc1Cl)C(=O)N(c1cccc(N3C(=O)c4cc([*])c(Cl)cc4C3=O)c1)C2=O,586.15
[*]C(=O)c1ccc(N2C(=O)c3ccc(C(=O)c4ccc5c(c4)C(=O)N(c4ccc(N([*])C)cc4)C5=O)cc3C2=O)cc1,586.15
[*]C(=O)c1ccc(Oc2ccc(-c3nnc(-c4ccc(Oc5ccc([*])cc5)cc4)c4c(-c5ccc(F)cc5)c(-c5ccc(F)cc5)c(-c5ccc(F)cc5)c(-c5ccc(F)cc5)c34)cc2)cc1,586.15
[*]Oc1ccc(C2(c3ccc(OC(=O)c4cc(Cl)cc(C([*])=O)c4)cc3)OC(=O)c3ccccc32)cc1,586.15
[*]c1ccc(Oc2ccccc2Oc2ccc(-n3c(=O)c4cc5c(=O)n([*])c(=O)c5cc4c3=O)cc2)cc1,586.15
[*]c1ccc(N2C(=O)c3cccc(-c4cccc5c4C(=O)N(c4ccc(C6([*])c7ccccc7-c7ccccc76)cc4C)C5=O)c3C2=O)c(C)c1,586.15
[*]c1cc(C)c(N2C(=O)c3ccc(-c4ccc5c(c4)C(=O)N(c4c(C)cc(C([*])c6cccc(C(F)(F)F)c6)cc4C)C5=O)cc3C2=O)c(C)c1,586.05
[*]C(=O)c1ccc(Oc2ccc(-c3nnc(-c4ccc(Oc5ccc([*])cc5)cc4)c4c(-c5ccccc5)c(-c5ccc6ccccc6c5)c(-c5ccc6ccccc6c5)c(-c5ccccc5)c34)cc2)cc1,585.15
[*]Nc1ccc(Oc2ccc(NC(=O)c3cc4cc(Cc5ccc6oc(=O)c(C([*])=O)cc6c5)ccc4oc3=O)cc2)cc1,585.15
[*]Nc1ccc(S(=O)(=O)c2ccc(NC(=O)c3ccc4[nH]c(-c5cccc(-c6nc7cc(C([*])=O)ccc7[nH]6)c5)nc4c3)cc2)cc1,585.15
[*]Nc1ccc(Sc2ccc(NC(=O)c3ccc4c(c3)C(=O)N(c3ccc(Oc5ccc(C6(c7ccc(Oc8ccc(N9C(=O)c%10ccc(C([*])=O)cc%10C9=O)cc8)cc7)NC(=O)c7ccccc76)cc5)cc3)C4=O)cc2)cc1,585.15
[*]Nc1cccc(C(=O)Nc2cccc(NC(=O)c3ccc4[nH]c(-c5ccc(-c6nc7cc(C([*])=O)ccc7[nH]6)cc5)nc4c3)c2)c1,585.15
[*]Nc1cccc(NC(=O)c2ccc3[nH]c(-c4cc(-c5nc6cc(C([*])=O)ccc6[nH]5)cc(N5C(=O)c6ccccc6C5=O)c4)nc3c2)n1,585.15
[*]Oc1c(F)c(F)c(Oc2c(F)c(F)c3c(c2F)C(=O)N(c2ccc(-c4ccc(N5C(=O)c6c(F)c([*])c(F)c(F)c6C5=O)cc4C(F)(F)F)c(C(F)(F)F)c2)C3=O)c(F)c1F,585.15
[*]Oc1ccc(C2(c3ccc(OC(=O)c4ccc(C([*])=O)cc4)cc3)CCc3ccccc32)cc1,585.15
[*]Oc1ccc(C2(c3ccc(OC(=O)c4ccc(C([*])=O)cc4)cc3)OCc3ccccc32)cc1,585.15
[*]c1ccc(NC(=O)c2ccc3c(c2)C(=O)N(c2ccc(C4([*])CCC(CC)CC4)cc2)C3=O)cc1,585.15
[*]c1ccc2c(c1)C(=O)N(c1cccc(Oc3cccc(N4C(=O)c5ccc(C(F)(F)C(F)(F)C([*])(F)F)cc5C4=O)c3)c1)C2=O,585.15
[*]C(=O)c1cc2c(cc1Cl)C(=O)N(c1cc(Cl)cc(N3C(=O)c4cc([*])c(Cl)cc4C3=O)c1)C2=O,584.15
[*]C(=O)c1ccc2c(c1)C(=O)N(c1ccc(C(c3ccccc3)(c3ccc(N4C(=O)c5ccc([*])cc5C4=O)cc3)C(F)(F)F)cc1)C2=O,584.15
[*]C(=O)c1ccc2c(c1)C(=O)N(c1cccc(C(c3ccccc3)(c3cccc(N4C(=O)c5ccc([*])cc5C4=O)c3)C(F)(F)F)c1)C2=O,584.15
[*]C1CC(C)(C)CC(C)(CN2C(=O)c3ccc(-c4ccc5c(c4)C(=O)N([*])C5=O)cc3C2=O)C1,584.15
[*]Nc1ccc(-c2sc(-c3ccc(NC(=O)c4ccc5c(c4)C(=O)N(c4ccc(Oc6ccc7ccc(Oc8ccc(N9C(=O)c%10ccc(C([*])=O)cc%10C9=O)cc8)cc7c6)cc4)C5=O)cc3)c(-c3ccccc3)c2-c2ccccc2)cc1,584.15
[*]Nc1ccc(NC(=O)c2cccc(N3C(=O)c4ccc(C(c5ccc6c(c5)C(=O)N(c5cccc(C([*])=O)c5)C6=O)(C(F)(F)F)C(F)(F)F)cc4C3=O)c2)cc1,584.15
[*]Nc1cccc(N2C(=O)c3ccc(C(=O)c4ccc5c(c4)C(=O)N(c4ccc(C([*])=O)cc4)C5=O)cc3C2=O)c1,584.15
[*]Nc1cccc(NC(=O)c2ccc3c(c2)C(=O)N(c2ccc(S(=O)(=O)c4ccc(N5C(=O)c6ccc(C([*])=O)cc6C5=O)cc4)cc2)C3=O)c1,584.15
[*]Oc1ccc2c(c1)C(=O)N(c1ccc(P(=O)(c3ccccc3)c3ccc(N4C(=O)c5ccc([*])cc5C4=O)cc3)cc1)C2=O,584.15
[*]c1cc(C)c(Oc2cccc3c2C(=O)N(c2cccc(N4C(=O)c5cccc(Oc6c(C)cc([*])cc6C)c5C4=O)c2)C3=O)c(C)c1,584.15
[*]c1ccc(-c2c(-c3ccccc3)nc3ccc(Oc4ccc5nc(-c6ccccc6)c([*])c(-c6ccccc6)c5c4)cc3c2-c2ccccc2)cc1,584.15
[*]c1ccc(NC(=O)c2cc(C(=O)Nc3ccc(C([*])(C)C)cc3)cc(N3C(=O)C4C5CCC(C5)C4C3=O)c2)cc1,584.15
[*]c1ccc(Oc2ccc(S(=O)(=O)c3ccc(-c4ccc(-c5ccc(S([*])(=O)=O)cc5)cc4)cc3)cc2)cc1,584.15
[*]c1cccc(P(=O)(c2ccc(C(F)(F)F)cc2)c2cccc(-n3c(=O)c4c(-c5cc(C(F)(F)F)cc(C(F)(F)F)c5)c5c(=O)n([*])c(=O)c5c(-c5cc(C(F)(F)F)cc(C(F)(F)F)c5)c4c3=O)c2)c1,584.15
[*]c1cccc(P(=O)(c2ccc(C(F)(F)F)cc2)c2cccc(-n3c(=O)c4cc5c(=O)n([*])c(=O)c5c(-c5ccccc5)c4c3=O)c2)c1,584.15
[*]c1cccc(P(=O)(c2ccc(C(F)(F)F)cc2)c2cccc(-n3c(=O)c4cc5c(=O)n([*])c(=O)c5cc4c3=O)c2)c1,584.15
[*]C(=O)c1c(C(=O)c2ccc(Oc3ccc(C4(c5ccc(Oc6ccc([*])cc6)cc5)c5ccccc5-c5ccccc54)cc3)cc2)c(-c2ccccc2)c(-c2ccc3ccccc3c2)c(-c2ccc3ccccc3c2)c1-c1ccccc1,583.15
[*]Cc1cc(C)c(Oc2ccc(N3C(=O)c4ccc(-c5ccc6c(c5)C(=O)N(c5ccc(Oc7c(C)cc([*])cc7C)cc5)C6=O)cc4C3=O)cc2)c(C)c1,583.15
[*]Nc1ccc(Oc2ccc(-c3ccc(Oc4ccc(NC(=O)c5ccc6c(c5)C(=O)N(c5ccc(Oc7cccc8c(Oc9ccc(N%10C(=O)c%11ccc(C([*])=O)cc%11C%10=O)cc9)cccc78)cc5)C6=O)cc4)cc3)cc2)cc1,583.15
[*]Nc1ccc(S(=O)(=O)c2ccc(NC(=O)c3ccc(Oc4nc(Oc5ccc(C([*])=O)cc5)nc(Sc5ccccc5)n4)cc3)cc2)cc1,583.15
[*]Oc1ccc(-n2c(=O)c3cc4c(=O)n(-c5ccc(Oc6ccc([*])cc6C)cc5)c(=O)c4cc3c2=O)cc1,583.15
[*]Oc1ccc(NC(=O)c2ccc(C(=O)Nc3ccc(Oc4c(C)c(C)c([*])c(C)c4C)cc3)cc2)cc1,583.15
[*]Sc1ccc(N2C(=O)C3C4C=CC(C3C2=O)C2C(=O)N(c3ccc(Sc5cc6c(cc5[*])C(=O)N(CCN(C)C)C6=O)cc3)C(=O)C42)cc1,583.15
[*]c1cc(C)c(N2C(=O)c3ccc(C(=O)c4ccc5c(c4)C(=O)N(c4c(C)cc([*])cc4C)C5=O)cc3C2=O)c(C)c1,583.15
[*]c1ccc(-c2ccc(-c3ccc(-c4ccc(-c5cc(-c6ccccc6)c6cc(Oc7ccc8nc([*])cc(-c9ccccc9)c8c7)ccc6n5)cc4)cc3)cc2)cc1,583.15
[*]c1ccc(-c2nc3cc(C(c4ccc5oc(-c6ccc(C([*])(c7ccccc7)C(F)(F)F)cc6)nc5c4)(C(F)(F)F)C(F)(F)F)ccc3o2)cc1,583.15
[*]c1ccc(C2(c3ccc(-c4cc(-c5ccccc5)c5cc(Oc6ccc7nc([*])cc(-c8ccccc8)c7c6)ccc5n4)cc3)c3ccccc3-c3ccccc32)cc1,583.15
[*]c1ccc(N2C(=O)c3ccc(C(c4ccc5c(c4)C(=O)N(c4ccc(C([*])(C)C)cc4)C5=O)(C(F)(F)F)C(F)(F)F)cc3C2=O)cc1,583.15
[*]c1ccc(Oc2ccc(S(=O)(=O)c3ccc(Oc4ccc(-c5c6c(c([*])c7ccccc57)C(=O)N(c5ccccc5)C6=O)cc4)cc3)cc2)cc1,583.15
[*]c1ccc2c(c1)C(=O)N(c1cc(N3C(=O)c4ccc(S([*])(=O)=O)cc4C3=O)cc(C(F)(F)F)c1)C2=O,583.15
[*]c1cccc(P(=O)(c2cccc(-n3c(=O)c4c(-c5ccc(C(F)(F)F)cc5)c5c(=O)n([*])c(=O)c5c(-c5ccc(C(F)(F)F)cc5)c4c3=O)c2)c2cc(C(F)(F)F)cc(C(F)(F)F)c2)c1,583.15
[*]Oc1c(F)c(F)c(Oc2c(F)c(F)c3c(c2F)C(=O)N(c2c(F)c(F)c(F)c(N4C(=O)c5c(F)c([*])c(F)c(F)c5C4=O)c2F)C3=O)c(F)c1F,582.15
[*]c1ccc(Oc2ccc(Oc3ccc(-c4nnc([*])c5c(-c6ccc(F)cc6)c(-c6ccc(F)cc6)c(-c6ccc(F)cc6)c(-c6ccc(F)cc6)c45)cc3)cc2)cc1,582.15
[*]c1ccc2c(c1)C(=O)N(c1ccc(Oc3cccc(N4C(=O)c5ccc(-c6c(-c7ccccc7)c(-c7ccccc7)c(-c7ccc(Oc8ccc(-c9c(-c%10ccccc%10)c(-c%10ccccc%10)c([*])c(-c%10ccccc%10)c9-c9ccccc9)cc8)cc7)c(-c7ccccc7)c6-c6ccccc6)cc5C4=O)c3)cc1)C2=O,582.15
[*]C(=O)c1ccc2c(c1)C(=O)N(c1ccc(C(c3ccc(N4C(=O)c5ccc([*])cc5C4=O)cc3)(C(F)(F)F)C(F)(F)F)cc1)C2=O,581.18
[*]Nc1ccc(N2C(=O)c3ccc(C(=O)c4ccc5c(c4)C(=O)N(c4cccc(C([*])=O)c4)C5=O)cc3C2=O)cc1,581.15
[*]Nc1ccc(NC(=O)c2cc(C([*])=O)cc(S(=O)(=O)c3ccccc3)c2)cc1,581.15
[*]Nc1cccc(C(=O)c2cccc(NC(=O)c3ccc4c(c3)C(=O)N(c3ccc(-c5sc(-c6ccc(N7C(=O)c8ccc(C([*])=O)cc8C7=O)cc6)c(-c6ccccc6)c5-c5ccccc5)cc3)C4=O)c2)c1,581.15
[*]Oc1cc(-c2ccccc2)c2cc(-c3ccc(-c4ccc(-c5ccc6nc([*])cc(-c7ccccc7)c6c5)cc4)cc3)ccc2n1,581.15
[*]c1cc(C)c(N2C(=O)c3ccc(Oc4cc5ccccc5cc4Oc4ccc5c(c4)C(=O)N(c4c(C)cc([*])cc4C)C5=O)cc3C2=O)c(C)c1,581.15
[*]c1cc(C)c(Oc2ccc(N3C(=O)c4ccc(C(c5ccc6c(c5)C(=O)N(c5ccc(Oc7c(C)cc(C([*])c8cccc9ccccc89)cc7C)cc5)C6=O)(C(F)(F)F)C(F)(F)F)cc4C3=O)cc2)c(C)c1,581.15
[*]c1ccc(NC(=O)c2cc(C(=O)Nc3ccc(C([*])(C)C)cc3)cc(N3C(=O)C4CC=CCC4C3=O)c2)cc1,581.15
[*]c1ccc2c(c1)C(=O)N(c1cccc(N3C(=O)c4ccc(-c5ccc6c(c5)C(=O)N(c5cccc(N7C(=O)c8ccc(C([*])(C(F)(F)F)C(F)(F)F)cc8C7=O)c5)C6=O)cc4C3=O)c1)C2=O,581.15
[*]c1ccc2c(c1)C(=O)N(c1ccc(Cc3ccc(N4C(=O)c5ccc([*])cc5C4=O)cc3)cc1)C2=O,581.15
[*]Cc1cc(C)c(N2C(=O)c3ccc(C(c4ccc5c(c4)C(=O)N(c4c(C)cc([*])cc4C)C5=O)(C(F)(F)F)C(F)(F)F)cc3C2=O)c(C)c1,580.65
[*]c1ccc2nc(-c3ccccc3)c(-c3ccc(Oc4ccc(-c5c(-c6ccccc6)nc6ccc([*])cc6c5-c5ccccc5)cc4)cc3)c(-c3ccccc3)c2c1,580.65
[*]C(=O)c1ccc(N2C(=O)c3ccc(C(=O)c4ccc5c(c4)C(=O)N(c4ccc(Cc6ccc([*])cc6)cc4)C5=O)cc3C2=O)cc1,580.15
[*]C(=O)c1ccc2c(c1)C(=O)N(c1ccc(S(=O)(=O)c3ccc(N4C(=O)c5ccc([*])cc5C4=O)cc3)cc1)C2=O,580.15
[*]C1C2CC(C(=O)OCCc3ccc(N(c4ccccc4)c4ccccc4)cc3)C(C2)C1[*],580.15
[*]Nc1ccc(Cc2ccc(NC(=O)c3ccc(P(=O)(c4ccccc4)c4ccc(C([*])=O)cc4)cc3)cc2)cc1,580.15
[*]Nc1ccc(NC(=O)c2ccc3c(c2)C(=O)N(c2ccc(Oc4cccc5c(N6C(=O)c7ccc(C([*])=O)cc7C6=O)cccc45)cc2)C3=O)cc1,580.15
[*]Nc1ccc(S(=O)(=O)c2ccc(NC(=O)c3cc(C([*])=O)cc(S(=O)(=O)c4ccccc4)c3)cc2)cc1,580.15
[*]Nc1ccc(S(=O)(=O)c2ccc(NC(=O)c3ccc4c(c3)C(=O)N(c3ccc(S(=O)(=O)c5ccc(N6C(=O)c7ccc(C([*])=O)cc7C6=O)cc5)cc3)C4=O)cc2)cc1,580.15
[*]c1ccc(OCC2CCC(COc3ccc(-n4c(=O)c5cc6c(=O)n([*])c(=O)c6cc5c4=O)cc3)CC2)cc1,579.85
[*]CN1C(=O)c2ccc(C(c3ccc4c(c3)C(=O)N(CC(=O)Nc3ccc(Oc5ccc6nc(-c7ccccc7)c(-c7ccc(N8C(=O)c9ccc%10c%11c(ccc(c9%11)C8=O)C(=O)N(c8ccc(-c9nc%11cc(Oc%12ccc(NC([*])=O)cc%12)ccc%11nc9-c9ccccc9)cc8)C%10=O)cc7)nc6c5)cc3)C4=O)(C(F)(F)F)C(F)(F)F)cc2C1=O,579.15
[*]c1ccc(-c2cnc3cc(Oc4ccc5nc([*])cnc5c4)ccc3n2)cc1,579.15
[*]c1ccc(-c2cnc3ccc(Oc4ccc5ncc([*])nc5c4)cc3n2)cc1,579.15
[*]c1ccc2nc(-c3ccc(Oc4ccc(-c5nc6ccc([*])cc6nc5-c5ccccc5)cc4)cc3)c(-c3ccccc3)nc2c1,579.15
[*]c1cccc2c1C(=O)N(c1ccc(Oc3ccc(N4C(=O)c5cccc([*])c5C4=O)cc3)cc1)C2=O,579.15
[*]C(=O)Nc1ccc(Oc2ccc(NC(=O)c3cc([*])cc(NC(=O)c4ccncc4)c3)cc2)cc1,578.15
[*]C(=O)c1cc2c(cc1Cl)C(=O)N(c1cc(N3C(=O)c4cc([*])c(Cl)cc4C3=O)cc(C(F)(F)F)c1)C2=O,578.15
[*]C(=O)c1ccc2c(c1)C(=O)N(c1ccc(-c3ccccc3N3C(=O)c4ccc([*])cc4C3=O)cc1)C2=O,578.15
[*]C(=O)c1ccc2c(c1)C(=O)N(c1ccc(Cl)c(N3C(=O)c4ccc([*])cc4C3=O)c1)C2=O,578.15
[*]C(=O)c1ccc2c(c1)C(=O)N(c1cccc(P(=O)(c3ccc(Oc4ccc(C56CC7CC(CC(C7)C5)C6)cc4)cc3)c3cccc(N4C(=O)c5ccc([*])cc5C4=O)c3)c1)C2=O,578.15
[*]C1C2CC(C(=O)OCCc3ccc(N(c4ccccc4)c4cccc(C)c4)cc3)C(C2)C1[*],578.15
[*]NC(=O)c1ccc(NC(=O)CCCCCCC(=O)Nc2ccc(C(=O)Nc3ccc([*])cc3C(=O)OCCCCCCCCCCCCCCCCCC)cc2)cc1,578.15
[*]NC(=O)c1cccc(C(=O)Nc2cc([*])cc(C(=O)Oc3ccc(Oc4ccc(C#N)c(C#N)c4)cc3)c2)c1,578.15
[*]Nc1ccc(-c2c(-c3ccc(-c4ccccc4)cc3)cc(-c3ccc(-c4cc(-c5ccc(-c6ccccc6)cc5)c(-c5ccc(NC(=O)c6ccc(C([*])=O)cc6)cc5)c(-c5ccc(-c6ccccc6)cc5)c4)cc3)cc2-c2ccc(-c3ccccc3)cc2)cc1,578.15
[*]Nc1ccc(Oc2ccc3nc(-c4ccc([N+](=O)[O-])cc4)c(-c4ccc(Oc5ccc(-c6nc7cc(Oc8ccc(NC(=O)c9cc(C([*])=O)cc(N%10C(=O)c%11ccccc%11C%10=O)c9)cc8)ccc7nc6-c6ccc([N+](=O)[O-])cc6)cc5)cc4)nc3c2)cc1,578.15
[*]Nc1cccc2c(NC(=O)c3ccc(C([*])=O)cc3)cccc12,578.15
[*]Oc1ccc2c(c1)C(=O)N(c1ccc(C(c3ccc(N4C(=O)c5ccc([*])cc5C4=O)cc3)(C(F)(F)F)C(F)(F)F)cc1)C2=O,578.15
[*]Oc1ccc2nc(-c3ccc(Oc4ccc(-c5nc6ccc([*])cc6c(-c6ccccc6)c5-c5ccccc5)cc4)cc3)c(-c3ccccc3)c(-c3ccccc3)c2c1,578.15
[*]c1cc(N2C(=O)c3ccc(C(=O)c4ccc5c(c4)C(=O)N([*])C5=O)cc3C2=O)c(C)cc1C,578.15
[*]c1ccc(-c2ccc(-c3cnc4ccc(-c5ccc6ncc(-c7ccc([*])cc7)nc6c5)cc4n3)cc2)cc1,578.15
[*]c1ccc(Oc2ccc(-c3cc(-c4ccccc4)c4cc(-c5ccc6nc([*])cc(-c7ccccc7)c6c5)ccc4n3)cc2)cc1,578.15
[*]c1ccc(Oc2ccc(-c3cnc4ccc(-c5ccc6ncc([*])nc6c5)cc4n3)cc2)cc1,578.15
[*]c1ccc(Oc2ccc(-c3nc4ccc(Oc5ccc6nc([*])cc(-c7ccccc7)c6c5)cc4c(-c4ccccc4)c3-c3ccccc3)cc2)cc1,578.15
[*]c1ccc2c(c1)C(=O)N(c1cc(C(c3ccc(OC(=O)C45CC6CC(CC(C6)C4)C5)c(N4C(=O)c5ccc(C([*])(C(F)(F)F)C(F)(F)F)cc5C4=O)c3)(C(F)(F)F)C(F)(F)F)ccc1OC(=O)C13CC4CC(CC(C4)C1)C3)C2=O,578.15
[*]c1ccc2c(c1)C(=O)N(c1ccc(C(c3ccccc3)(c3ccc(N4C(=O)c5ccc(C([*])(C(F)(F)F)C(F)(F)F)cc5C4=O)cc3)C(F)(F)F)cc1)C2=O,578.15
[*]c1ccc2c(c1)C(=O)N(c1ccc(C(c3ccccc3)c3ccc(N4C(=O)c5ccc(S([*])(=O)=O)cc5C4=O)cc3)cc1)C2=O,578.15
[*]c1ccc2c(c1)C(=O)N(c1cccc(C(c3ccccc3)(c3cccc(N4C(=O)c5ccc(C([*])(C(F)(F)F)C(F)(F)F)cc5C4=O)c3)C(F)(F)F)c1)C2=O,578.15
[*]Nc1ccc(-c2nc(-c3ccc(/C=C/c4ccc([N+](=O)[O-])cc4)s3)[nH]c2-c2ccc(NC3CC(=O)N(c4ccc(-c5sc(-c6ccc(N7C(=O)CC([*])C7=O)cc6)c(-c6ccccc6)c5-c5ccccc5)cc4)C3=O)cc2)cc1,577.15
[*]Nc1ccc(S(=O)(=O)c2ccc(NC(=O)c3cccc(Oc4nc(Oc5cccc(C([*])=O)c5)nc(Sc5ccccc5)n4)c3)cc2)cc1,577.15
[*]Nc1cccc(NC(=O)c2ccc3[nH]c(-c4cc(-c5nc6cc(C([*])=O)ccc6[nH]5)cc(N5C(=O)c6ccccc6C5=O)c4)nc3c2)c1,577.15
[*]Oc1ccc2nc(-c3ccc(-c4nc5ccc([*])cc5nc4-c4ccccc4)cc3)c(-c3ccccc3)nc2c1,577.15
[*]Oc1ccc2nc(-c3ccccc3)c(-c3ccc(-c4nc5cc([*])ccc5nc4-c4ccccc4)cc3)nc2c1,577.15
[*]c1ccc(-c2ccc(-n3c(=O)c4c(C(F)(F)F)c5c(=O)n([*])c(=O)c5c(C(F)(F)F)c4c3=O)cc2C(F)(F)F)c(C(F)(F)F)c1,577.15
[*]c1ccc(C(=O)Nc2ccc(C(=O)Nc3ccc(Oc4ccc(NC(=O)c5ccc(NC(=O)c6ccc([Si]([*])(C)C)cc6)cc5)cc4)cc3)cc2)cc1,577.15
[*]c1ccc(N2C(=O)c3ccc(Oc4ccc5c(c4)C(=O)N(c4ccc(N([*])c6ccc(C#N)cc6)cc4)C5=O)cc3C2=O)cc1,577.15
[*]c1ccc(NC(=O)c2ccc3c(c2)C(=O)N(c2ccc(Oc4cccc5c(N6C(=O)c7ccc(C(=O)Nc8ccc([*])cc8OC)cc7C6=O)cccc45)cc2)C3=O)c(OC)c1,577.15
[*]c1ccc(NC(=O)c2cc(NC(=O)c3ccccc3)cc(C(=O)Nc3ccc(C([*])(C)C)cc3)c2)cc1,576.65
[*]c1ccc(Oc2ccc(-n3c(=O)c4c(Oc5ccc(OC)cc5)c5c(=O)n([*])c(=O)c5c(Oc5ccc(OC)cc5)c4c3=O)cc2)cc1,576.65
[*]C(=O)c1ccc2c(c1)C(=O)N(c1ccc(/C=C/c3ccc(N4C(=O)c5ccc([*])cc5C4=O)cc3)cc1)C2=O,576.15
[*]C1C2CC(C1[*])C([Si](C)(C)C)C2,576.15
[*]Cc1cc(C)c(Oc2ccc(N3C(=O)c4ccc(C(=O)c5ccc6c(c5)C(=O)N(c5ccc(Oc7c(C)cc([*])cc7C)cc5)C6=O)cc4C3=O)cc2)c(C)c1,576.15
[*]Nc1ccc(Cc2ccc(NC(=O)c3cc(C([*])=O)cc(N4C(=O)C5C6C=CC(C6)C5C4=O)c3)cc2)cc1,576.15
[*]Nc1ccc(Oc2ccc(Oc3ccc(NC(=O)c4ccc(N5C(=O)c6ccc(C(c7ccc8c(c7)C(=O)N(c7ccc(C([*])=O)cc7)C8=O)(C(F)(F)F)C(F)(F)F)cc6C5=O)cc4)cc3)cc2)cc1,576.15
[*]Nc1ccc(Oc2ccc(Oc3ccc(NC(=O)c4ccc5c(c4)C(=O)N(c4ccc(-c6sc(-c7ccc(N8C(=O)c9ccc(C([*])=O)cc9C8=O)cc7)c(-c7ccccc7)c6-c6ccccc6)cc4)C5=O)cc3)cc2)cc1,576.15
[*]Nc1ccc(Oc2ccc3nc(-c4ccc([N+](=O)[O-])cc4)c(-c4ccc(Oc5ccc(-c6nc7cc(Oc8ccc(NC(=O)c9ccc%10c(c9)C(=O)N(c9ccc(C(c%11ccc(N%12C(=O)c%13ccc(C([*])=O)cc%13C%12=O)cc%11)(C(F)(F)F)C(F)(F)F)cc9)C%10=O)cc8)ccc7nc6-c6ccc([N+](=O)[O-])cc6)cc5)cc4)nc3c2)cc1,576.15
[*]c1ccc(C(=O)Nc2ccc(C(=O)Nc3cccc(NC(=O)c4ccc(NC(=O)c5ccc([Si]([*])(C)C)cc5)cc4)c3)cc2)cc1,576.15
[*]c1ccc(NC(=O)c2cc(C(=O)Nc3ccc(C([*])(C)C)cc3)cc(N3C(=O)C=CC3=O)c2)cc1,576.15
[*]c1ccc2c(c1)C(=O)N(c1cc(Br)c(Oc3c(Br)cc(N4C(=O)c5ccc(C([*])(C(F)(F)F)C(F)(F)F)cc5C4=O)cc3Br)c(Br)c1)C2=O,576.15
[*]c1ccc2oc(-c3ccc(Oc4ccc(-c5nc6cc(C([*])(C(F)(F)F)C(F)(F)F)ccc6o5)cc4)cc3)nc2c1,576.15
[*]c1cccc(P(=O)(c2ccc(C(F)(F)F)cc2)c2cccc(-n3c(=O)c4cc5c(=O)n([*])c(=O)c5c(-c5ccc(C(F)(F)F)cc5)c4c3=O)c2)c1,576.15
[*]c1ccc(N2C(=O)c3cccc(-c4cccc5c4C(=O)N(c4ccc(C6([*])CCCCC6)cc4C)C5=O)c3C2=O)c(C)c1,575.65
[*]c1ccc(Oc2ccc(C(c3ccc(Oc4ccc(-n5c(=O)c6cc7c(=O)n([*])c(=O)c7cc6c5=O)cc4)cc3)(C(F)(F)F)C(F)(F)F)cc2)cc1,575.65
[*]c1ccc2c(c1)C(=O)N(c1ccc(Oc3ccc4ccc(Oc5ccc(N6C(=O)c7ccc(C([*])(C(F)(F)F)C(F)(F)F)cc7C6=O)cc5)cc4c3)cc1)C2=O,575.45
[*]C(=O)Nc1ccc(Cc2ccc(NC(=O)c3cc([*])cc(NC(=O)c4ccncc4)c3)cc2)cc1,575.15
[*]C(=O)c1ccc2c(c1)C(=O)N(c1ccc(Cc3ccc(Cc4ccc(Cc5ccc(N6C(=O)c7ccc([*])cc7C6=O)cc5)cc4)cc3)cc1)C2=O,575.15
[*]Nc1ccc(-c2cc(-c3ccc(-c4ccccc4)cc3)cc(-c3ccc(NC(=O)Nc4ccc5c(c4)C(=O)N(c4ccc(Oc6ccc7ccccc7c6-c6c(Oc7ccc(N8C(=O)c9ccc(NC([*])=O)cc9C8=O)cc7)ccc7ccccc67)cc4)C5=O)cc3)n2)cc1,575.15
[*]Nc1ccc(Cc2ccc(NC(=O)c3ccc(Oc4nc(Oc5ccc(C([*])=O)cc5)nc(Sc5ccccc5)n4)cc3)cc2)cc1,575.15
[*]Nc1ccc(Oc2ccc(C3(c4ccc(Oc5ccc(NC(=O)c6ccc7c(c6)C(=O)N(c6ccc(Cc8ccc(N9C(=O)c%10ccc(C([*])=O)cc%10C9=O)cc8)cc6)C7=O)cc5)cc4)NC(=O)c4ccccc43)cc2)cc1,575.15
[*]Nc1ccc(Oc2ccc(S(=O)(=O)c3ccc(Oc4ccc(NC(=O)c5ccc6c(c5)C(=O)N(c5ccc(Oc7ccc(C8(c9ccc(Oc%10ccc(N%11C(=O)c%12ccc(C([*])=O)cc%12C%11=O)cc%10)cc9)NC(=O)c9ccccc98)cc7)cc5)C6=O)cc4)cc3)cc2)cc1,575.15
[*]Nc1ccc(Oc2ccc3nc(-c4ccccc4)c(-c4ccc(-c5nc6cc(Oc7ccc(NC(=O)c8cc(C([*])=O)cc(N9C(=O)c%10ccccc%10C9=O)c8)cc7)ccc6nc5-c5ccccc5)cc4)nc3c2)cc1,575.15
[*]Nc1ccc(Oc2cccc(NC(=O)c3ccc4c(c3)C(=O)N(c3ccc(Oc5ccc(C6(c7ccc(Oc8ccc(N9C(=O)c%10ccc(C([*])=O)cc%10C9=O)cc8)cc7)NC(=O)c7ccccc76)cc5)cc3)C4=O)c2)cc1,575.15
[*]Nc1cccc(NC(=O)c2ccc3[nH]c(-c4cccc(-c5nc6cc(C([*])=O)ccc6[nH]5)c4)nc3c2)n1,575.15
[*]c1ccc(N2C(=O)c3ccc(-c4ccc5c(c4)C(=O)N(c4ccc([*])cc4C)C5=O)cc3C2=O)c(C)c1,575.15
[*]c1cc(C)c(N2C(=O)c3ccc(C(=O)c4ccc5c(c4)C(=O)N(c4c(C)cc(C([*])c6cc(C(F)(F)F)cc(C(F)(F)F)c6)cc4C)C5=O)cc3C2=O)c(C)c1,574.25
[*]C(=O)c1ccc(-n2nc(-c3ccc(Oc4ccc(-c5nn(-c6ccc([*])cc6)c(=O)c6ccccc56)cc4)cc3)c3ccccc3c2=O)cc1,574.15
[*]Nc1ccc(-c2ccc(NC(=O)c3ccc4c(c3)C(=O)N(c3ccc(Oc5cccc6c(N7C(=O)c8ccc(C([*])=O)cc8C7=O)cccc56)cc3)C4=O)cc2)cc1,574.15
[*]Oc1ccc(-c2ccc(Oc3ccc4ccccc4c3-c3c([*])ccc4ccccc34)c3ccccc23)c2ccccc12,574.15
[*]c1ccc(Oc2ccc(-c3nc(-c4ccc(-c5nc(-c6ccc(Oc7ccc(S([*])(=O)=O)cc7)cc6)c(-c6ccccc6)[nH]5)cc4)[nH]c3-c3ccccc3)cc2)cc1,574.15
[*]c1ccc2c(c1)C(=O)N(c1ccc(Sc3ccc(N4C(=O)c5ccc(C([*])(C(F)(F)F)C(F)(F)F)cc5C4=O)cc3)cc1)C2=O,574.15
[*]c1ccc2oc(-c3cccc(-c4nc5cc(C([*])(C(F)(F)F)C(F)(F)F)ccc5o4)c3)nc2c1,574.15
[*]c1ccc2oc(-c3cccc(-c4nc5cc(C([*])(c6ccccc6)C(F)(F)F)ccc5o4)c3)nc2c1,574.15
[*]c1cccc(-n2nc(-c3ccccc3)c3ccc(Oc4ccc5c(=O)n([*])nc(-c6ccccc6)c5c4)cc3c2=O)c1C#N,574.15
[*]Cc1ccc(N2C(=O)c3ccc(Sc4ccc5c(c4)C(=O)N(c4ccc([*])cc4C(C)(C)C)C5=O)cc3C2=O)c(C(C)(C)C)c1,573.65
[*]C(=O)Nc1cccc(NC(=O)c2cc([*])cc(NC(=O)c3ccccc3)c2)c1,573.15
[*]C1C([*])C2CC1C(C(=O)OCCC13CC4CC(CC(C4)C1)C3)C2C(=O)OCCC12CC3CC(CC(C3)C1)C2,573.15
[*]Nc1ccc(C(=O)c2ccc(NC(=O)c3ccc(C([*])=O)cc3)cc2)cc1,573.15
[*]Nc1ccc(N2C(=O)c3ccc(C(=O)c4ccc5c(c4)C(=O)N(c4ccc(C([*])=O)cc4)C5=O)cc3C2=O)cc1,573.15
[*]Nc1ccc(NC(=O)c2ccc3[nH]c(-c4ccc(-c5nc6cc(C(=O)Nc7ccc(C([*])=O)cc7)ccc6[nH]5)cc4)nc3c2)cc1,573.15
[*]Nc1ccc(Oc2ccc(Oc3ccc(NC(=O)c4ccc5c(c4)C(=O)N(c4ccc(Oc6ccc(C7(c8ccc(Oc9ccc(N%10C(=O)c%11ccc(C([*])=O)cc%11C%10=O)cc9)cc8)NC(=O)c8ccccc87)cc6)cc4)C5=O)cc3)cc2)cc1,573.15
[*]Oc1c(F)c(F)c(Oc2c(F)c(F)c3c(c2F)C(=O)N(c2c(F)c(F)c(Oc4c(F)c(F)c(N5C(=O)c6c(F)c([*])c(F)c(F)c6C5=O)c(F)c4F)c(F)c2F)C3=O)c(F)c1F,573.15
[*]Oc1cc(-c2ccccc2)c2cc(-c3ccc(-c4ccc5nc([*])cc(-c6ccccc6)c5c4)cc3)ccc2n1,573.15
[*]Oc1ccc(S(=O)(=O)c2ccc3cc(S(=O)(=O)c4ccc(Oc5c(C)cc(-c6cc(C)c([*])c(C)c6C)c(C)c5C)cc4)ccc3c2)cc1,573.15
[*]Oc1ccc2c(c1)C(=O)N(c1ncc(-c3ccc(Oc4ccc(N5C(=O)c6ccc([*])cc6C5=O)cc4)cc3)s1)C2=O,573.15
[*][Te]c1ccc(N=Nc2ccc([*])cc2)cc1,573.15
[*]c1c(C)cc(C)c(C(=O)c2cccc(N3C(=O)c4ccc(C(=O)c5ccc6c(c5)C(=O)N([*])C6=O)cc4C3=O)c2)c1C,573.15
[*]c1c(CC)cc(Cc2cc(CC)c(N3C(=O)c4ccc(C(=O)c5ccc6c(c5)C(=O)N([*])C6=O)cc4C3=O)c(CC)c2Cl)c(Cl)c1CC,573.15
[*]c1ccc(-c2cc(-c3ccccc3)c(/N=C/c3ccc(C=Nc4c(-c5ccccc5)cc([*])cc4-c4ccccc4)cc3)c(-c3ccccc3)c2)cc1,573.15
[*]c1ccc(-c2ccc(-c3ccc(-c4cc(-c5ccccc5)c5cc(Oc6ccc7nc([*])cc(-c8ccccc8)c7c6)ccc5n4)cc3)cc2)cc1,573.15
[*]c1ccc(C(=O)Nc2ccc(C(=O)Nc3ccc(Cc4ccc(NC(=O)c5ccc(NC(=O)c6ccc([Si]([*])(C)C)cc6)cc5)cc4)cc3)cc2)cc1,573.15
[*]c1ccc(Oc2ccc(-c3cc(-c4ccc(Oc5ccc(-c6cc([*])nc7ccccc67)cc5)cc4)c4ccccc4n3)cc2)cc1,573.15
[*]c1ccc(Oc2ccc(-c3ccc(Oc4ccc(-n5c(=O)c6cc7c(=O)n([*])c(=O)c7cc6c5=O)cc4)cc3)cc2)cc1,573.15
[*]c1ccc(Oc2ccc(-c3nc4ccc(-c5ccc6nc([*])c(-c7ccccc7)c(-c7ccccc7)c6c5)cc4c(-c4ccccc4)c3-c3ccccc3)cc2)cc1,573.15
[*]c1ccc(Oc2ccc(S(=O)(=O)c3ccc(Oc4ccc(-c5c6c(c([*])c7ccccc57)C(=O)N(c5ccc(F)cc5)C6=O)cc4)cc3)cc2)cc1,573.15
[*]c1ccc2c(c1)C(=O)N(c1ccc(OCC(F)(F)C(F)(F)C(F)(F)F)c(N3C(=O)c4ccc([*])cc4C3=O)c1)C2=O,573.15
[*]c1ccc2c(c1)C(=O)N(c1ccc(Oc3cccc(N4C(=O)c5ccc(-c6c(-c7ccccc7)c(-c7ccccc7)c(-c7ccc(Sc8ccc(-c9c(-c%10ccccc%10)c(-c%10ccccc%10)c([*])c(-c%10ccccc%10)c9-c9ccccc9)cc8)cc7)c(-c7ccccc7)c6-c6ccccc6)cc5C4=O)c3)cc1)C2=O,573.15
[*]c1ccc2nc(-c3ccccc3)c(-c3ccc(Oc4ccc(-c5nc6cc([*])ccc6nc5-c5ccccc5)cc4)cc3)nc2c1,573.15
[*]c1cccc(P(=O)(c2cccc(-n3c(=O)c4cc5c(=O)n([*])c(=O)c5c(-c5ccccc5)c4c3=O)c2)c2cc(C(F)(F)F)cc(C(F)(F)F)c2)c1,573.15
[*]C(=O)c1ccc2c(c1)C(=O)N(c1cccc(N3C(=O)c4ccc([*])cc4C3=O)c1)C2=O,573.15
[*]Cc1cc(C)c(Oc2ccc(-n3c(=O)c4cc5c(=O)n(-c6ccc(Oc7c(C)cc([*])cc7C)cc6)c(=O)c5cc4c3=O)cc2)c(C)c1,572.65
[*]Cc1ccc(N2C(=O)c3cccc(-c4cccc5c4C(=O)N(c4ccc([*])cc4C)C5=O)c3C2=O)c(C)c1,572.65
[*]Nc1cccc2c(NC(=O)c3ccc4c(c3)C(=O)N(c3ccc(Oc5cccc6c(N7C(=O)c8ccc(C([*])=O)cc8C7=O)cccc56)cc3)C4=O)cccc12,572.15
[*]c1cc(C)c(Oc2ccc3c(c2)C(=O)N(c2ccc(Oc4ccc(N5C(=O)c6ccc(Oc7c(C)cc([*])cc7C)cc6C5=O)cc4)cc2)C3=O)c(C)c1,572.15
[*]c1ccc(C)c(N2C(=O)c3ccc(C(=O)Nc4ccc(Oc5ccc(-c6ccc(Oc7ccc(NC(=O)c8ccc9c(c8)C(=O)N([*])C9=O)cc7)cc6)cc5)cc4)cc3C2=O)c1,572.15
[*]c1ccc(N2C(=O)c3ccc(C(c4ccc5c(c4)C(=O)N(c4ccc(C6([*])c7ccccc7-c7ccccc76)cc4C(C)C)C5=O)(C(F)(F)F)C(F)(F)F)cc3C2=O)c(C(C)C)c1,572.15
[*]c1ccc2c(c1)C(=O)N(c1ccc(Oc3ccc(N4C(=O)c5ccc(C([*])(C(F)(F)F)C(F)(F)F)cc5C4=O)cc3Br)c(Br)c1)C2=O,572.15
[*]c1ccc2oc(-c3ccc(Oc4ccc(-c5nc6cc(C([*])(c7ccccc7)C(F)(F)F)ccc6o5)cc4)cc3)nc2c1,572.15
[*]c1cccc(P(=O)(c2ccccc2)c2cccc(-n3c(=O)c4cc5c(=O)n([*])c(=O)c5c(-c5cc(C(F)(F)F)cc(C(F)(F)F)c5)c4c3=O)c2)c1,572.15
[*]Oc1ccc(S(=O)(=O)c2ccc(Oc3c(C)cc(-c4cc(C)c([*])c(C)c4Br)c(Br)c3C)cc2)cc1,571.35
[*]Cc1cc(C)c(Oc2ccc(N3C(=O)c4ccc(C(c5ccc6c(c5)C(=O)N(c5ccc(Oc7c(C)cc([*])cc7C)cc5)C6=O)(C(F)(F)F)C(F)(F)F)cc4C3=O)cc2)c(C)c1,571.15
[*]Nc1ccc(C2(c3ccc(NC(=O)c4ccc5c(c4)C(=O)N(c4ccc(Sc6ccc(Oc7ccc(Sc8ccc(N9C(=O)c%10ccc(C([*])=O)cc%10C9=O)cc8)cc7)cc6)cc4)C5=O)cc3)c3ccccc3-c3ccccc32)cc1,571.15
[*]Nc1ccc(Oc2ccc(C3(c4ccc(Oc5ccc(NC(=O)c6ccc7c(c6)C(=O)N(c6ccc(Sc8ccc(N9C(=O)c%10ccc(C([*])=O)cc%10C9=O)cc8)cc6)C7=O)cc5)cc4)NC(=O)c4ccccc43)cc2)cc1,571.15
[*]Nc1ccc(Oc2ccc(NC(=O)c3cccc(N4C(=O)c5ccc(C(c6ccc7c(c6)C(=O)N(c6cccc(C([*])=O)c6)C7=O)(C(F)(F)F)C(F)(F)F)cc5C4=O)c3)cc2)cc1,571.15
[*]Oc1ccc(-n2c(=O)c3cc4c(=O)n(-c5ccc(Oc6cc(C(C)(C)C)c([*])cc6C(C)(C)C)cc5)c(=O)c4cc3c2=O)cc1,571.15
[*]Sc1cc(C)c([*])cc1C,571.15
[*]c1cc(C)c(Oc2cccc3c2C(=O)N(c2ccc(Oc4ccc(N5C(=O)c6cccc(Oc7c(C)cc([*])cc7C)c6C5=O)cc4)cc2)C3=O)c(C)c1,571.15
[*]c1ccc(Oc2ccc(-c3cccc(-c4ccc(Oc5ccc(-c6c7c(c([*])c8ccccc68)C(=O)N(c6ccccc6)C7=O)cc5)c(C(F)(F)F)c4)n3)cc2C(F)(F)F)cc1,571.15
[*]c1ccc2c(c1)C(=O)N(c1cccc(P(=O)(c3ccc(Oc4ccc(C56CC7CC(CC(C7)C5)C6)cc4)cc3)c3cccc(N4C(=O)c5ccc(C([*])(C(F)(F)F)C(F)(F)F)cc5C4=O)c3)c1)C2=O,571.15
[*]c1ccc2c(c1)C(=O)N(c1cccc(N3C(=O)c4ccc(C([*])(C(F)(F)F)C(F)(F)F)cc4C3=O)c1)C2=O,571.15
[*]Nc1ccc(NC(=O)c2ccc3c(c2)C(=O)N(c2ccc(C([*])=O)cc2)C3=O)cc1,570.65
[*]Nc1cccc(NC(=O)c2ccc3[nH]c(-c4cccc(-c5nc6cc(C([*])=O)ccc6[nH]5)c4)nc3c2)c1,570.65
[*]Cc1ccc(N2C(=O)c3ccc(C(=O)c4ccc5c(c4)C(=O)N(c4ccc([*])cc4C)C5=O)cc3C2=O)c(C)c1,570.65
[*]C(=O)c1ccc2c(c1)C(=O)N(c1ccc(Oc3ccc([*])cc3)cc1)C2=O,570.15
[*]Nc1ccc2c(c1)C(=O)N(c1ccc(Oc3ccc4ccccc4c3-c3c(Oc4ccc(N5C(=O)c6ccc(NC(=O)Nc7cccc8c(NC([*])=O)cccc78)cc6C5=O)cc4)ccc4ccccc34)cc1)C2=O,570.15
[*]c1ccc(-c2ccc(C3([*])c4ccccc4-c4ccccc43)cc2)cc1,570.15
[*]c1ccc(C(=O)Oc2ccc3c(c2)Oc2cc(OC(=O)c4ccc5c(c4)C([*])(C)CC5(C)C)ccc2C3(C)C)cc1,570.15
[*]c1ccc(Cc2ccc(N3C(=O)c4ccc(-c5ccc6c(c5)C(=O)N([*])C6=O)cc4C3=O)c(C)c2C)c(C)c1C,570.15
[*]c1ccc(Oc2ccc(C3(c4ccc(Oc5ccc(S([*])(=O)=O)cc5)cc4)C4CC5CC(C4)CC3C5)cc2)cc1,570.15
[*]c1ccc2c(c1)C(=O)N(c1ccc(Cc3ccc(N4C(=O)c5ccc(C([*])(C(F)(F)F)C(F)(F)F)cc5C4=O)cc3)cc1)C2=O,570.15
[*]C(=O)c1ccc2c(c1)C(=O)N(c1ccc(Oc3ccc(N4C(=O)c5ccc([*])cc5C4=O)cc3Br)c(Br)c1)C2=O,569.15
[*]Nc1ccc(-n2c(=O)c3cc4c(=O)n(-c5ccc(NC(=O)c6cccc(C([*])=O)c6)cc5)c(=O)c4cc3c2=O)cc1,569.15
[*]Nc1ccc(Oc2ccc(-c3ccc(Oc4ccc(NC(=O)c5ccc(N6C(=O)c7ccc(C(c8ccc9c(c8)C(=O)N(c8ccc(C([*])=O)cc8)C9=O)(C(F)(F)F)C(F)(F)F)cc7C6=O)cc5)cc4)cc3)cc2)cc1,569.15
[*]Nc1ccc(Oc2ccc(C3(c4ccc(Oc5ccc(NC(=O)c6ccc(-c7ccc(C([*])=O)cc7)cc6)cc5)cc4)CC4CCC3C4)cc2)cc1,569.15
[*]Nc1ccc(Oc2ccc(NC(=O)c3ccc4c(c3)C(=O)N(c3ccc(C([*])=O)cc3)C4=O)cc2)cc1,569.15
[*]c1ccc(Oc2ccc(-c3cc(-c4ccc(Oc5ccc(P([*])(=O)c6ccccc6)cc5)cc4)n[nH]3)cc2)cc1,569.15
[*]c1ccc2oc(C3CCC(c4nc5cc(S([*])(=O)=O)ccc5o4)CC3)nc2c1,569.15
[*]c1cccc(C(c2cccc(-n3c(=O)c4cc5c(=O)n([*])c(=O)c5cc4c3=O)c2)(C(F)(F)F)C(F)(F)F)c1,569.15
[*]c1ccc2c(c1)C(=O)N(c1ccc(Oc3ccc(N4C(=O)c5ccc(C([*])(C(F)(F)F)C(F)(F)F)cc5C4=O)cc3)cc1)C2=O,568.65
[*]Nc1ccc(-c2cc(-c3ccccc3)cc(-c3ccc(NC(=O)c4ccc5c(c4)C(=O)N(c4ccc(Oc6cccc7c(N8C(=O)c9ccc(C([*])=O)cc9C8=O)cccc67)cc4)C5=O)cc3)n2)cc1,568.15
[*]Nc1ccc(NC(=O)c2ccc(C([*])=O)cc2)cc1,568.15
[*]Nc1ccc(NC(=O)c2ccc3[nH]c(-c4cc(-c5nc6cc(C([*])=O)ccc6[nH]5)cc(N5C(=O)c6ccccc6C5=O)c4)nc3c2)cc1,568.15
[*]Nc1ccc(NC(=O)c2ccc3[nH]c(-c4ccc(C(=O)Nc5ccc(C([*])=O)cc5)cc4)nc3c2)cc1,568.15
[*]Nc1ccc(NC(=O)c2cccc(C([*])=O)c2)cc1,568.15
[*]Nc1ccc(Oc2ccc(N3C(=O)c4ccc(C([*])=O)cc4C3=O)cc2)cc1,568.15
[*]Nc1ccc(Oc2ccc3nc(-c4ccccc4)c(-c4ccc(Oc5ccc(-c6nc7cc(Oc8ccc(NC(=O)c9cc(C([*])=O)cc(N%10C(=O)c%11c(Cl)c(Cl)c(Cl)c(Cl)c%11C%10=O)c9)cc8)ccc7nc6-c6ccccc6)cc5)cc4)nc3c2)cc1,568.15
[*]Oc1ccc2c(c1)Oc1cc(OC([*])=O)ccc1C21c2ccccc2-c2ccccc21,568.15
[*]c1cc(C)c(NC(=O)c2ccc(Oc3cc(C(C)(C)C)c(Oc4ccc(C(=O)Nc5c(C)cc(C([*])(C)C)cc5C)cc4)cc3C(C)(C)C)cc2)c(C)c1,568.15
[*]c1cc(C)c(Oc2ccc3c(c2)C(=O)N(c2cccc(N4C(=O)c5ccc(Oc6c(C)cc([*])cc6C)cc5C4=O)c2)C3=O)c(C)c1,568.15
[*]c1ccc(OC(=O)c2ccc([Si](c3ccccc3)(c3ccccc3)c3ccc(C(=O)Oc4ccc(C([*])(C)C)cc4)cc3)cc2)cc1,568.15
[*]c1ccc(Oc2ccc(-c3nn(-c4ccc(S(=O)(=O)c5ccc(-n6nc([*])c7ccccc7c6=O)cc5)cc4)c(=O)c4ccccc34)cc2)cc1,568.15
[*]c1ccc(Oc2ccc(Oc3ccc(Oc4ccc(-n5c(=O)c6cc7c(=O)n([*])c(=O)c7cc6c5=O)cc4)cc3)cc2)cc1,568.15
[*]c1ccc([Si](C)(C)c2ccc3c(c2)C(=O)N(c2ccc(Cc4ccc(N5C(=O)c6ccc([Si]([*])(C)C)cc6C5=O)cc4)cc2)C3=O)cc1,568.15
[*]C(=O)c1ccc2c(c1)C(=O)N(c1cc(N3C(=O)c4ccc([*])cc4C3=O)cc(C(F)(F)F)c1)C2=O,567.9
[*]C(=O)Nc1ccc(Oc2ccc(NC(=O)c3cc([*])cc(NC(=O)c4ccccc4)c3)cc2)cc1,567.65
[*]Nc1ccc(Cc2ccc(NC(=O)c3ccc(C([*])=O)cc3)cc2)cc1,567.65
[*]Oc1ccc2c(-c3ccccc3)nn(-c3ccc(S(=O)(=O)c4ccc(-n5nc(-c6ccccc6)c6ccc([*])cc6c5=O)cc4)cc3)c(=O)c2c1,567.65
[*]C(=O)c1ccc2c(c1)C(=O)N(c1cccc(C#Cc3cccc(N4C(=O)c5ccc([*])cc5C4=O)c3)c1)C2=O,567.15
[*]Nc1ccc(-c2ccc(NC(=O)c3cccc(C([*])=O)c3)cc2)cc1,567.15
[*]Nc1cccc(N2C(=O)c3ccc(C(=O)c4ccc5c(c4)C(=O)N(c4cccc(Nc6nc([*])nc(N(C)C)n6)c4)C5=O)cc3C2=O)c1,567.15
[*]Nc1cccc(NC(=O)c2ccc3[nH]c(-c4ccc(-c5nc6cc(C([*])=O)ccc6[nH]5)cc4)nc3c2)c1,567.15
[*]c1ccc(OC(=O)Oc2ccc(C3([*])c4cc(OC)ccc4-c4ccc([N+](=O)[O-])cc43)cc2)cc1,567.15
[*]Oc1cccc2c1C(=O)N(c1ccc(Oc3ccc(N4C(=O)c5cccc([*])c5C4=O)cc3)cc1)C2=O,566.9
[*]C(=O)Nc1ccc(C(c2ccc(NC(=O)c3ccc(C)c(N4C(=O)c5ccc(C(c6ccc7c(c6)C(=O)N(c6cc([*])ccc6C)C7=O)(C(F)(F)F)C(F)(F)F)cc5C4=O)c3)cc2)(C(F)(F)F)C(F)(F)F)cc1,566.65
[*]C(=O)c1c(C(=O)c2ccc(Oc3ccc(C4(c5ccc(Oc6ccc([*])cc6)cc5)c5ccccc5-c5ccccc54)cc3)cc2)c(-c2ccc(F)cc2)c(-c2ccc(F)cc2)c(-c2ccc(F)cc2)c1-c1ccc(F)cc1,566.15
[*]C1=C(c2ccccc2)C(=O)N(c2ccc(Oc3ccc(N4C(=O)C(c5ccccc5)=C(c5ccc([*])cc5)C4=O)cc3)cc2)C1=O,566.15
[*]Nc1ccc(Cc2ccc(NC(=O)c3cc(C([*])=O)cc(N4C(=O)C5C6CCC(C6)C5C4=O)c3)cc2)cc1,566.15
[*]Nc1ccc(Oc2ccc(C(c3ccc(Oc4ccc(NC(=O)c5ccc(N6C(=O)c7ccc(C(c8ccc9c(c8)C(=O)N(c8ccc(C([*])=O)cc8)C9=O)(C(F)(F)F)C(F)(F)F)cc7C6=O)cc5)cc4)cc3)(C(F)(F)F)C(F)(F)F)cc2)cc1,566.15
[*]Nc1ccc(Oc2ccc3nc(-c4ccccc4)c(-c4ccc(-c5nc6cc(Oc7ccc(NC(=O)c8ccc9c(c8)C(=O)N(c8ccc(C(c%10ccc(N%11C(=O)c%12ccc(C([*])=O)cc%12C%11=O)cc%10)(C(F)(F)F)C(F)(F)F)cc8)C9=O)cc7)ccc6nc5-c5ccccc5)cc4)nc3c2)cc1,566.15
[*]Nc1cccc(NC(=O)c2ccc3c(c2)C(=O)N(c2ccc(Oc4cccc5c(N6C(=O)c7ccc(C([*])=O)cc7C6=O)cccc45)cc2)C3=O)n1,566.15
[*]Oc1ccc(N2C(=O)c3ccc(-c4ccc5c(c4)C(=O)N(c4ccc(Oc6cc(C(C)(C)C)c([*])cc6C(C)(C)C)cc4)C5=O)cc3C2=O)cc1,566.15
[*]Oc1ccc(N2C(=O)c3ccc(C(=O)Nc4ccc(Oc5ccc(C6(c7ccc(Oc8ccc(NC(=O)c9ccc%10c(c9)C(=O)N(c9ccc(Oc%11ccc([*])c(C)c%11)cc9)C%10=O)cc8)cc7)NC(=O)c7ccccc76)cc5)cc4)cc3C2=O)cc1,566.15
[*]Oc1ccc2c(c1)C(=O)N(c1ccc(C(c3ccccc3)(c3ccc(N4C(=O)c5ccc([*])cc5C4=O)cc3)C(F)(F)F)cc1)C2=O,566.15
[*]Oc1ccc2c(c1)C(=O)N(c1cccc(C(c3ccccc3)(c3cccc(N4C(=O)c5ccc([*])cc5C4=O)c3)C(F)(F)F)c1)C2=O,566.15
[*]c1ccc(C(=O)Nc2ccc(C3(c4ccc(NC(=O)c5ccc([*])cc5C)cc4)c4ccccc4-c4ccccc43)cc2)c(C)c1,566.15
[*]c1ccc(Oc2ccc(S(=O)(=O)c3ccc(C)cc3)cc2)c(N2C(=O)c3ccc(C(=O)c4ccc5c(c4)C(=O)N([*])C5=O)cc3C2=O)c1,566.15
[*]c1cccc(P(=O)(c2cccc(-n3c(=O)c4c(-c5cc(C(F)(F)F)cc(C(F)(F)F)c5)c5c(=O)n([*])c(=O)c5c(-c5cc(C(F)(F)F)cc(C(F)(F)F)c5)c4c3=O)c2)c2cc(C(F)(F)F)cc(C(F)(F)F)c2)c1,566.15
[*]C(=O)c1ccc(N2C(=O)c3ccc(C(=O)c4ccc5c(c4)C(=O)N(c4ccc([*])cc4)C5=O)cc3C2=O)cc1,566.15
[*]c1ccc2nc(-c3ccc(Oc4ccc(-c5nc6cc([*])ccc6nc5-c5ccccc5)cc4)cc3)c(-c3ccccc3)nc2c1,565.65
[*]C(=O)c1ccc2c(c1)C(=O)N(c1ccc(Cc3ccc(N4C(=O)c5ccc([*])cc5C4=O)cc3)cc1)C2=O,565.65
[*]C(=O)c1ccc2c(c1)C(=O)N(c1cccc(C(O)c3cccc(N4C(=O)c5ccc([*])cc5C4=O)c3)c1)C2=O,565.15
[*]C(=O)c1ccc2c(c1)C(=O)N(c1cccc(Cc3ccc(N4C(=O)c5ccc([*])cc5C4=O)cc3)c1)C2=O,565.15
[*]C(=O)c1ccc2c(c1)C(=O)N(c1cccc(Nc3nc(Nc4cccc(N5C(=O)c6ccc([*])cc6C5=O)c4)nc(-c4ccccc4)n3)c1)C2=O,565.15
[*]CN1C(=O)c2ccc(C(=O)Nc3ccc(NC([*])=O)cc3)cc2C1=O,565.15
[*]Nc1ccc(C(c2ccc(NC(=O)c3ccc4c(c3)C(=O)N(c3ccc(Oc5ccc6ccc(Oc7ccc(N8C(=O)c9ccc(C([*])=O)cc9C8=O)cc7)cc6c5)cc3)C4=O)cc2)(C(F)(F)F)C(F)(F)F)cc1,565.15
[*]Nc1ccc(NC(=O)Nc2ccc(-c3[nH]c(-c4ccc([N+](=O)[O-])cc4)nc3-c3ccc(NC([*])=O)cc3)cc2)cc1,565.15
[*]Nc1ccc(Oc2ccc(-c3ccc(Oc4ccc(NC(=O)c5ccc6c(c5)C(=O)N(c5cccc(N7C(=O)c8ccc(C([*])=O)cc8C7=O)c5)C6=O)cc4)cc3)cc2)cc1,565.15
[*]Nc1cccc(C(=O)Nc2cccc(NC(=O)c3ccc4[nH]c(-c5ccc(C([*])=O)cc5)nc4c3)c2)c1,565.15
[*]c1ccc(Oc2ccc(-c3nc(-c4cccc(-c5nc(-c6ccc(Oc7ccc(S([*])(=O)=O)cc7)cc6)c(-c6ccccc6)[nH]5)c4)[nH]c3-c3ccccc3)cc2)cc1,565.15
[*]c1ccc(Oc2ccc(Oc3ccc(-n4c(=O)c5ccc6c(=O)n([*])c(=O)c6c5c4=O)cc3)cc2)cc1,565.15
[*]c1ccc2c(c1)C(=O)N(c1ccc(Oc3ccc(N4C(=O)c5ccc(C([*])(C(F)(F)F)C(F)(F)F)cc5C4=O)cc3O)cc1)C2=O,565.15
[*]c1cccc(P(=O)(c2cccc(-n3c(=O)c4cc5c(=O)n([*])c(=O)c5c(-c5ccc(C(F)(F)F)cc5)c4c3=O)c2)c2cc(C(F)(F)F)cc(C(F)(F)F)c2)c1,565.15
[*]c1ccc(Oc2ccc(Oc3ccc(-n4c(=O)c5cc6c(=O)n([*])c(=O)c6cc5c4=O)cc3)cc2)cc1,565.15
[*]CC([*])n1c2ccccc2c2c3ccccc3ccc21,564.65
[*]N=P1([*])Oc2ccc3ccccc3c2-c2c(ccc3ccccc23)O1,564.15
[*]NCc1cccc(CNC(=O)C2=C(C([*])=O)C3C=CC2C3)c1,564.15
[*]Nc1ccc(Oc2ccc(NC(=O)c3cccc(N4C(=O)c5ccc(-c6cccc7c6C(=O)N(c6cccc(C([*])=O)c6)C7=O)cc5C4=O)c3)cc2)cc1,564.15
[*]Nc1nc(NC(=O)c2ccc3c(c2)C(=O)N(c2ccc(Oc4cccc5c(N6C(=O)c7ccc(C([*])=O)cc7C6=O)cccc45)cc2)C3=O)nc(-c2ccccc2)n1,564.15
[*]c1cc(C(=O)NCCCC)cc(N2C(=O)c3ccc(-c4ccc5c(c4)C(=O)N([*])C5=O)cc3C2=O)c1,564.15
[*]c1ccc(Oc2ccc(-c3nnc(-c4ccc(Oc5ccc(C([*])(C(F)(F)F)C(F)(F)F)cc5)cc4)c4c(-c5ccccc5)c(-c5ccc6ccccc6c5)c(-c5ccc6ccccc6c5)c(-c5ccccc5)c34)cc2)cc1,564.15
[*]c1ccc2c(c1)C(=O)N(c1cc(N3C(=O)c4ccc(C([*])(C(F)(F)F)C(F)(F)F)cc4C3=O)cc(C(F)(F)F)c1)C2=O,563.65
[*]C(=O)c1c(C(=O)c2ccc(Oc3ccc(-c4ccc(Oc5ccc([*])cc5)cc4)cc3)cc2)c(-c2ccccc2)c(-c2ccc3ccccc3c2)c(-c2ccc3ccccc3c2)c1-c1ccccc1,563.15
[*]C(=O)c1ccc(Oc2ccc(-c3c4c(c(-c5ccc(Oc6ccc([*])cc6)cc5)c5ccccc35)C(=O)N(c3ccc(F)cc3)C4=O)cc2)cc1,563.15
[*]C(=O)c1ccc(Oc2ccc(C(=O)c3c(C(=O)c4ccc(Oc5ccc([*])cc5)cc4)c(-c4ccccc4)c(-c4ccc5ccccc5c4)c(-c4ccc5ccccc5c4)c3-c3ccccc3)cc2)cc1,563.15
[*]C(=O)c1ccc2c(c1)C(=O)N(c1ccc(Cc3ccccc3N3C(=O)c4ccc([*])cc4C3=O)cc1)C2=O,563.15
[*]C(=O)c1ccc2c(c1)C(=O)N(c1cccc(Nc3nc(Nc4cccc(N5C(=O)c6ccc([*])cc6C5=O)c4)nc(N(c4ccccc4)c4ccccc4)n3)c1)C2=O,563.15
[*]C(=O)c1ccc2c(c1)C(=O)N(c1cccc(Nc3ncnc(Nc4cccc(N5C(=O)c6ccc([*])cc6C5=O)c4)n3)c1)C2=O,563.15
[*]C(=O)c1ccc2c(c1)C(=O)N(c1ccccc1Cc1ccc(N3C(=O)c4ccc([*])cc4C3=O)cc1)C2=O,563.15
[*]C(=O)c1cccc(N2C(=O)c3ccc(C(=O)c4ccc5c(c4)C(=O)N(c4ccc(Cc6ccc([*])cc6)cc4)C5=O)cc3C2=O)c1,563.15
[*]Nc1ccc(-c2c(-c3ccccc3)cc(-c3ccc(-c4cc(-c5ccccc5)c(-c5ccc(NC(=O)c6ccc(C([*])=O)cc6)cc5)c(-c5ccccc5)c4)cc3)cc2-c2ccccc2)cc1,563.15
[*]Nc1ccc(C(c2ccc(NC(=O)c3ccc(C([*])=O)cc3)cc2)(C(F)(F)F)C(F)(F)F)cc1,563.15
[*]Nc1ccc(Oc2ccc(Oc3ccc(NC(=O)c4cc5cc(Cc6ccc7oc(=O)c(C([*])=O)cc7c6)ccc5oc4=O)cc3)cc2)cc1,563.15
[*]Nc1ccc(Oc2ccc3nc(-c4ccccc4)c(-c4ccc(-c5ccc(-c6nc7cc(Oc8ccc(NC(=O)c9ccc%10c(c9)C(=O)N(c9ccc(C(c%11ccc(N%12C(=O)c%13ccc(C([*])=O)cc%13C%12=O)cc%11)(C(F)(F)F)C(F)(F)F)cc9)C%10=O)cc8)ccc7nc6-c6ccccc6)cc5)cc4)nc3c2)cc1,563.15
[*]OC(=O)c1ccc(C(=O)Oc2ccc3c(c2)C2(CC(C)(C)c4ccc([*])cc42)CC3(C)C)cc1,563.15
[*]Oc1c(Cl)cc(C2(c3cc(Cl)c(OC([*])=O)c(Cl)c3)CC3CCC2C3)cc1Cl,563.15
[*]Oc1ccc(NC(=O)c2ccc3c(c2)C(=O)N(c2ccc(Oc4ccc(C5(c6ccc(Oc7ccc(N8C(=O)c9ccc(C(=O)Nc%10ccc(Oc%11cc(C(C)(C)C)c([*])cc%11C(C)(C)C)cc%10)cc9C8=O)cc7)cc6)CC6CC5C5CCCC65)cc4)cc2)C3=O)cc1,563.15
[*]Oc1ccc2c(c1)C(=O)N(c1cccc(P(=O)(c3ccc(Oc4ccc(C56CC7CC(CC(C7)C5)C6)cc4)cc3)c3cccc(N4C(=O)c5ccc([*])cc5C4=O)c3)c1)C2=O,563.15
[*]Oc1ccc2c(c1)Oc1cc(OC(=O)c3ccc(C([*])=O)cc3)ccc1C21c2ccccc2-c2ccccc21,563.15
[*]c1cc(C)c(N2C(=O)c3ccc(S(=O)(=O)c4ccc5c(c4)C(=O)N(c4c(C)cc([*])cc4C)C5=O)cc3C2=O)c(C)c1,563.15
[*]c1cc(C)c(Oc2cccc3c2C(=O)N(c2ccc(Oc4ccc(-c5ccc(Oc6ccc(N7C(=O)c8cccc(Oc9c(C)cc([*])cc9C)c8C7=O)cc6)cc5)cc4)cc2)C3=O)c(C)c1,563.15
[*]c1cc(N2C(=O)c3cc(Cl)c(C(=O)c4cc5c(cc4Cl)C(=O)N([*])C5=O)cc3C2=O)cc(C(C)(C)C)c1,563.15
[*]c1ccc(CCCc2ccc(-c3c(-c4ccccc4)cc(-c4ccc(-c5cc(-c6ccccc6)c([*])c(-c6ccccc6)c5-c5ccccc5)cc4)c(-c4ccccc4)c3-c3ccccc3)cc2)cc1,563.15
[*]c1ccc(Oc2ccc(-c3nnc(-c4ccc(Oc5ccc(C([*])(C)C)cc5)cc4)c4c(-c5ccccc5)c(-c5ccc6ccccc6c5)c(-c5ccc6ccccc6c5)c(-c5ccccc5)c34)cc2)cc1,563.15
[*]c1ccc(Oc2ccc(S(=O)(=O)c3ccc(Oc4ccc(-c5c6c(c([*])c7ccccc57)C(=O)N(c5ccc(C(F)(F)F)cc5)C6=O)cc4)cc3)cc2)cc1,563.15
[*]c1ccc(Oc2ccc(S(=O)(=O)c3ccc(Oc4ccc(-c5c6c(c([*])c7ccccc57)C(=O)N(c5ccccc5C(F)(F)F)C6=O)cc4)cc3)cc2)cc1,563.15
[*]c1ccc(Oc2ccc(S(=O)(=O)c3ccc4oc5ccc(S([*])(=O)=O)cc5c4c3)cc2)cc1,563.15
[*]c1ccc2c(c1)C(=O)N(c1ccc(Cc3ccc(N4C(=O)c5ccc(C(F)(F)C(F)(F)C([*])(F)F)cc5C4=O)cc3)cc1)C2=O,563.15
[*]c1ccc2c(c1)C(=O)N(c1ccc(N(c3ccc(/C=C/c4ccc([N+](=O)[O-])cc4)cc3)c3ccc(N4C(=O)c5ccc(C([*])(C(F)(F)F)C(F)(F)F)cc5C4=O)cc3)cc1)C2=O,563.15
[*]c1ccc2nc(-c3ccccc3)c(-c3ccc(Oc4ccc(-c5nc6cc(S([*])(=O)=O)ccc6nc5-c5ccccc5)cc4)cc3)nc2c1,563.15
[*]c1cccc(P(=O)(c2ccc(C(F)(F)F)cc2)c2cccc(-n3c(=O)c4cc5c(=O)n([*])c(=O)c5c(-c5cc(C(F)(F)F)cc(C(F)(F)F)c5)c4c3=O)c2)c1,563.15
[*]c1nc2ccc(-c3cccc(-c4ccc5[nH]c(S([*])(=O)=O)nc5c4)c3)cc2[nH]1,563.15
[*]C(=O)c1ccc2c(c1)C(=O)N(c1ccc(Oc3ccc(N4C(=O)c5ccc([*])cc5C4=O)cc3)cc1)C2=O,563.15
[*]Nc1ccc(Oc2ccc(Oc3ccc(NC(=O)c4ccc(-n5nc(-c6ccc(Oc7ccc(C([*])=O)cc7)c7ccccc67)c6ccccc6c5=O)cc4)cc3)cc2)cc1,562.65
[*]c1cc(C)c(Oc2ccc(N3C(=O)c4ccc(-c5ccc6c(c5)C(=O)N(c5ccc(Oc7c(C)cc(C([*])c8cccc9ccccc89)cc7C)cc5)C6=O)cc4C3=O)cc2)c(C)c1,562.65
[*]C(=O)Oc1ccc(C(c2ccc(OC(=O)c3ccc(C)c(N4C(=O)c5ccc(C(c6ccc7c(c6)C(=O)N(c6cc([*])ccc6C)C7=O)(C(F)(F)F)C(F)(F)F)cc5C4=O)c3)cc2)(C(F)(F)F)C(F)(F)F)cc1,562.15
[*]C(=O)c1ccc2c(c1)C(=O)N(c1ccc(C(=O)c3ccccc3N3C(=O)c4ccc([*])cc4C3=O)cc1)C2=O,562.15
[*]C(=O)c1ccc2c(c1)C(=O)N(c1ccccc1C(=O)c1ccc(N3C(=O)c4ccc([*])cc4C3=O)cc1)C2=O,562.15
[*]C(=O)c1ccc2c(c1)C(=O)N(c1ccccc1C(=O)c1ccccc1N1C(=O)c3ccc([*])cc3C1=O)C2=O,562.15
[*]C(=O)c1ccc2c(c1)C(=O)N(c1ccccc1Oc1ccccc1N1C(=O)c3ccc([*])cc3C1=O)C2=O,562.15
[*]Nc1ccc(Oc2ccc3nc(-c4ccccc4)c(-c4ccc(Oc5ccc(-c6nc7cc(Oc8ccc(NC(=O)c9ccc%10c(c9)C(=O)N(c9ccc(C(c%11ccc(N%12C(=O)c%13ccc(C([*])=O)cc%13C%12=O)cc%11)(C(F)(F)F)C(F)(F)F)cc9)C%10=O)cc8)ccc7nc6-c6ccccc6)cc5)cc4)nc3c2)cc1,562.15
[*]c1c(C)cc(C(c2ccccc2)(c2cc(C)c(N3C(=O)c4ccc(C(c5ccc6c(c5)C(=O)N([*])C6=O)(C(F)(F)F)C(F)(F)F)cc4C3=O)c(C(C)C)c2)C(F)(F)F)cc1C(C)C,562.15
[*]c1cc(C)c(Oc2cccc3c2C(=O)N(c2c(C)cc(Cc4cc(C)c(N5C(=O)c6cccc(Oc7c(C)cc([*])cc7C)c6C5=O)c(C)c4)cc2C)C3=O)c(C)c1,562.15
[*]c1ccc(C(=O)Nc2ccc(C(c3ccc(NC(=O)c4ccc([*])cc4C)cc3)(C(F)(F)F)C(F)(F)F)cc2)c(C)c1,562.15
[*]c1ccc(Oc2ccc(-c3nc4ccccc4n3-c3ccc(-c4ccc(-n5c(-c6ccc(Oc7ccc(S([*])(=O)=O)cc7)cc6)nc6ccccc65)cc4)cc3)cc2)cc1,562.15
[*]c1ccc2c(c1)C(=O)N(c1ccc(-c3ccc(N4C(=O)c5ccc(C([*])(C(F)(F)F)C(F)(F)F)cc5C4=O)cc3-c3ccccc3C(F)(F)F)c(-c3ccccc3C(F)(F)F)c1)C2=O,562.15
[*]C1C(=O)N(c2c(CC)cccc2CC)C(=O)C1[*],561.15
[*]NC(=O)c1ccc2c(c1)C(=O)N(c1c(C)cc(C)c(N3C(=O)c4ccc(C(=O)Nc5c(C)cc(C)c([*])c5C)cc4C3=O)c1C)C2=O,561.15
[*]Nc1ccc(-c2cc(Br)ccc2NC(=O)c2ccc(S(=O)(=O)c3ccc(C([*])=O)cc3)cc2)cc1,561.15
[*]Nc1ccc(Oc2cccc(Oc3ccc(NC(=O)c4ccc5c(c4)C(=O)N(c4ccc(Oc6ccc(C7(c8ccc(Oc9ccc(N%10C(=O)c%11ccc(C([*])=O)cc%11C%10=O)cc9)cc8)NC(=O)c8ccccc87)cc6)cc4)C5=O)cc3)c2)cc1,561.15
[*]Oc1ccc(N2C(=O)c3ccc(C(=O)c4ccc5c(c4)C(=O)N(c4ccc(Oc6cc(C(C)(C)C)c([*])cc6C(C)(C)C)cc4)C5=O)cc3C2=O)cc1,561.15
[*]c1cc(C)c(N2C(=O)c3ccc(C(c4ccc5c(c4)C(=O)N(c4c(C)cc(C([*])c6cc(C(F)(F)F)cc(C(F)(F)F)c6)cc4C)C5=O)(C(F)(F)F)C(F)(F)F)cc3C2=O)c(C)c1,561.15
[*]c1ccc(Oc2ccc(C(c3ccc(Oc4ccc(-c5nnc([*])c6c(-c7ccc(F)cc7)c(-c7ccc(F)cc7)c(-c7ccc(F)cc7)c(-c7ccc(F)cc7)c56)cc4)cc3)(C(F)(F)F)C(F)(F)F)cc2)cc1,561.15
[*]c1ccc2c(c1)C(=O)N(c1ccc(Oc3ccc(-c4ccc(Oc5ccc(N6C(=O)c7ccc(C([*])(C(F)(F)F)C(F)(F)F)cc7C6=O)cc5)cc4)cc3)cc1)C2=O,561.15
[*]c1ccc2nc(-c3ccc(Sc4ccc(-c5nc6ccc([*])cc6nc5-c5ccccc5)cc4)cc3)c(-c3ccccc3)nc2c1,561.15
[*]c1ccc2nc(-c3ccccc3)c(-c3ccc(Sc4ccc(-c5nc6cc([*])ccc6nc5-c5ccccc5)cc4)cc3)nc2c1,561.15
[*]Nc1ccc2ccccc2c1-c1c(NC(=O)c2ccc3c(c2)C(=O)N(c2ccc(Oc4ccc(N5C(=O)c6ccc(C([*])=O)cc6C5=O)cc4)cc2)C3=O)ccc2ccccc12,560.95
[*]=Nc1ccc(Oc2ccc(C(c3ccc(Oc4ccc(N=C5OC(=O)c6cc7c(cc65)C(=[*])OC7=O)cc4)cc3)(C(F)(F)F)C(F)(F)F)cc2)cc1,560.15
[*]C(=O)c1ccc(C(=O)c2ccc(-n3nc(-c4ccc(Oc5ccc([*])cc5)cc4F)c4ccccc4c3=O)cc2)cc1,560.15
[*]C(=O)c1ccc2c(c1)C(=O)N(c1ccccc1Oc1ccc(N3C(=O)c4ccc([*])cc4C3=O)cc1)C2=O,560.15
[*]C(=O)c1cccc(N2C(=O)c3ccc(Oc4ccc5c(c4)C(=O)N(c4c(C)cc(C)c([*])c4C)C5=O)cc3C2=O)c1,560.15
[*]Cc1cc(C)c(Oc2cccc3c2C(=O)N(c2c(C)cc(C)c(N4C(=O)c5cccc(Oc6c(C)cc([*])cc6C)c5C4=O)c2C)C3=O)c(C)c1,560.15
[*]Nc1ccc(Cc2ccc(NC(=O)c3cc(C([*])=O)cc(N4C(=O)C=CC4=O)c3)cc2)cc1,560.15
[*]Nc1ccc(Oc2ccc(C3(c4ccc(Oc5ccc(NC(=O)c6ccc(S(=O)(=O)c7ccc(C([*])=O)cc7)cc6)cc5)cc4)CC4CCC3C4)cc2)cc1,560.15
[*]Nc1ccc(Oc2ccc(S(=O)(=O)c3ccc(Oc4ccc(NC(=O)c5ccc(N6C(=O)c7cccc(-c8ccc9c(c8)C(=O)N(c8ccc(C([*])=O)cc8)C9=O)c7C6=O)cc5)cc4)cc3)cc2)cc1,560.15
[*]Nc1cccc(N2C(=O)c3ccc(C(=O)c4ccc5c(c4)C(=O)N(c4cccc(C([*])=O)c4)C5=O)cc3C2=O)c1,560.15
[*]c1cc(C)c(OC(=O)c2ccc(C(=O)Oc3c(C)cc(C4([*])CCC5CCCCC5C4)cc3C)cc2)c(C)c1,560.15
[*]c1ccc(-c2ccc(C3([*])CCCCC3)cc2)cc1,560.15
[*]c1ccc(NC(=O)c2cc(C(=O)Nc3ccc(C([*])(C)C)cc3)cc(S(=O)(=O)c3ccccc3)c2)cc1,560.15
[*]c1ccc(OC(=O)c2cccc(C(=O)Oc3ccc(C4([*])c5ccccc5-c5ccccc54)cc3C)c2)c(C)c1,560.15
[*]c1ccc(Oc2ccc(-c3ccc(-c4ccc(Oc5ccc(-c6c7c(c([*])c8ccccc68)C(=O)N(c6ccccc6)C7=O)cc5)c(C(F)(F)F)c4)s3)cc2C(F)(F)F)cc1,560.15
[*]c1ccc(Oc2ccc(NC(=O)c3ccc4c(c3)C(=O)N(c3ccc(-c5sc(-c6ccc(N7C(=O)c8ccc(C(=O)Nc9ccc(Oc%10ccc(C([*])(C)C)cc%10)cc9)cc8C7=O)cc6)c(-c6ccccc6)c5-c5ccccc5)cc3)C4=O)cc2)cc1,560.15
[*]c1ccc2c(c1)C(=O)N(c1cc(Br)c(Oc3c(Br)cc(N4C(=O)c5ccc([*])cc5C4=O)cc3Br)c(Br)c1)C2=O,560.15
[*]Sc1cccc2c1C(=O)N(c1ccc(Oc3ccc(N4C(=O)c5cccc([*])c5C4=O)cc3)cc1)C2=O,560.15
[*]c1cc(C)c(N2C(=O)c3ccc(C(c4ccc5c(c4)C(=O)N(c4c(C)cc(C([*])c6cccc(C(F)(F)F)c6)cc4C)C5=O)(C(F)(F)F)C(F)(F)F)cc3C2=O)c(C)c1,559.25
[*]C(=O)c1ccc(N2C(=O)c3ccc(C(=O)c4ccc5c(c4)C(=O)N(c4ccc(C(=O)c6ccc([*])cc6)cc4)C5=O)cc3C2=O)cc1,559.15
[*]Nc1ccc(Cc2ccc(NC(=O)c3cc(C([*])=O)cc(N4C(=O)C5CC=CCC5C4=O)c3)cc2)cc1,559.15
[*]Nc1ccc(Oc2cccc(Oc3ccc(NC(=O)c4ccc(N5C(=O)c6ccc(C(c7ccc8c(c7)C(=O)N(c7ccc(C([*])=O)cc7)C8=O)(C(F)(F)F)C(F)(F)F)cc6C5=O)cc4)cc3)c2)cc1,559.15
[*]Nc1ccc(S(=O)(=O)c2ccc(-n3c(=O)c4cc5c(=O)n(-c6ccc(S(=O)(=O)c7ccc(NC(=O)c8cccc(C([*])=O)c8)cc7)cc6)c(=O)c5cc4c3=O)cc2)cc1,559.15
[*]Nc1cccc(NC(=O)c2ccc3c(c2)C(=O)N(c2ccc(Oc4ccc5ccc(Oc6ccc(N7C(=O)c8ccc(C([*])=O)cc8C7=O)cc6)cc5c4)cc2)C3=O)c1,559.15
[*]Oc1ccc2c(c1)C(=O)N(c1ccc(-c3ccc(N4C(=O)c5ccc([*])cc5C4=O)cc3)cc1)C2=O,559.15
[*]c1ccc(-c2ccc(N3C(=O)c4ccc(C(c5ccc6c(c5)C(=O)N([*])C6=O)(C(F)(F)F)C(F)(F)F)cc4C3=O)cc2-c2ccc(C)cc2)c(-c2ccc(C)cc2)c1,559.15
[*]c1ccc2c(c1)C(=O)N(c1cccc(Oc3ccc(N4C(=O)c5cccc([*])c5C4=O)cc3)c1)C2=O,559.15
[*]Oc1ccc2c(c1)C(=O)N(c1ccc(S(=O)(=O)c3ccc(N4C(=O)c5ccc([*])cc5C4=O)cc3)cc1)C2=O,559.15
[*]C(=O)c1ccc(N2C(=O)c3ccc(C(=O)c4ccc5c(c4)C(=O)N(c4ccc(C(=O)c6ccc(Cc7ccc([*])cc7)cc6)cc4)C5=O)cc3C2=O)cc1,558.65
[*]Nc1ccc2ccccc2c1-c1c(NC(=O)c2ccc3c(c2)C(=O)N(c2ccc(Cc4ccc(N5C(=O)c6ccc(C([*])=O)cc6C5=O)cc4)cc2)C3=O)ccc2ccccc12,558.55
[*]c1cccc(Oc2cccc(-n3c(=O)c4cc5c(=O)n([*])c(=O)c5cc4c3=O)c2)c1,558.4
[*]C(=O)Nc1ccc(Cc2ccc(NC(=O)c3cc([*])cc(NC(=O)c4ccccc4)c3)cc2)cc1,558.15
[*]C(=O)c1ccc2c(c1)C(=O)N(c1ccccc1Cc1ccccc1N1C(=O)c3ccc([*])cc3C1=O)C2=O,558.15
[*]Nc1ccc(-c2cc(Br)ccc2NC(=O)c2ccc(C([*])=O)cc2)cc1,558.15
[*]Nc1ccc(Oc2ccc(-c3nnc(-c4ccc(Oc5ccc(NC(=O)c6cc(C([*])=O)cc(N7C(=O)c8ccccc8C7=O)c6)cc5)cc4)o3)cc2)cc1,558.15
[*]Nc1ccc(Oc2ccc(Oc3ccc(NC(=O)c4ccc5c(c4)C(=O)N(c4ccc(Oc6cccc7c(Oc8ccc(N9C(=O)c%10ccc(C([*])=O)cc%10C9=O)cc8)cccc67)cc4)C5=O)cc3)cc2)cc1,558.15
[*]Nc1ccc(Oc2ccccc2-c2ccccc2Oc2ccc(NC(=O)Nc3ccc4c(c3)C(=O)N(c3ccc(Oc5ccc6ccccc6c5-c5c(Oc6ccc(N7C(=O)c8ccc(NC([*])=O)cc8C7=O)cc6)ccc6ccccc56)cc3)C4=O)cc2)cc1,558.15
[*]Oc1ccc(C2(c3ccc(OC(=O)c4ccc(C([*])=O)cc4)cc3)c3ccccc3-c3ccccc32)cc1,558.15
[*]Oc1cccc2c1C(=O)N(c1ccc(Oc3ccc(N4C(=O)c5ccc([*])cc5C4=O)cc3)cc1)C2=O,558.15
[*]c1cc(C)c(N2C(=O)c3ccc(-c4ccc5c(c4)C(=O)N(c4c(C)cc([*])cc4C)C5=O)cc3C2=O)c(C)c1,558.15
[*]c1cc(C)c(N2C(=O)c3ccc(C(=O)c4ccc5c(c4)C(=O)N(c4c(C)cc(C([*])c6cccc(C(F)(F)F)c6)cc4C)C5=O)cc3C2=O)c(C)c1,558.15
[*]c1ccc(-c2ccc([Si](C)(C)c3ccc4c(c3)C(=O)N(c3cccc(Cc5cccc(N6C(=O)c7ccc([Si]([*])(C)C)cc7C6=O)c5)c3)C4=O)cc2)cc1,558.15
[*]c1ccc(OC(=O)c2cccc(C(=O)Oc3ccc(C4([*])c5ccccc5C(=O)N4C)cc3)c2)cc1,558.15
[*]c1ccc2c(c1)C(=O)N(c1ccc(-c3ccc(N4C(=O)c5ccc(C([*])(C(F)(F)F)C(F)(F)F)cc5C4=O)cc3-c3ccc(-c4ccccc4)cc3)c(-c3ccc(-c4ccccc4)cc3)c1)C2=O,558.15
[*]c1ccc2c(c1)C(=O)N(c1ccc(NC(=O)C(F)(F)C(F)(F)C(F)(F)C(F)(F)C(=O)Nc3ccc(N4C(=O)c5ccc(C([*])(C(F)(F)F)C(F)(F)F)cc5C4=O)cc3)cc1)C2=O,558.15
[*]c1ccc2c(c1)C(=O)N(c1ccc(Oc3ccc(Oc4ccc(N5C(=O)c6cccc([*])c6C5=O)cc4)cc3)cc1)C2=O,558.15
[*]C(=O)Nc1ccc(C(c2ccc(NC(=O)c3cc([*])cc(C(C)(C)C)c3)cc2)(C(F)(F)F)C(F)(F)F)cc1,557.25
[*]C(=O)Nc1ccc(C2(c3ccc(NC(=O)c4cc([*])cc(C(C)(C)C)c4)cc3)c3ccccc3-c3ccccc32)cc1,557.15
[*]Nc1ccc(-c2ccccc2NC(=O)c2ccc(S(=O)(=O)c3ccc(C([*])=O)cc3)cc2)cc1,557.15
[*]Nc1ccc(Oc2ccc(C3(c4ccc(Oc5ccc(NC(=O)c6ccc7c(c6)C(=O)N(c6ccc(Oc8ccc(Oc9ccc(N%10C(=O)c%11ccc(C([*])=O)cc%11C%10=O)cc9)cc8)cc6)C7=O)cc5)cc4)NC(=O)c4ccccc43)cc2)cc1,557.15
[*]Nc1ccc(Sc2ccc(NC(=O)c3ccc4c(c3)C(=O)N(c3ccc(Oc5ccc(N6C(=O)c7ccc(C([*])=O)cc7C6=O)cc5)cc3)C4=O)cc2)cc1,557.15
[*]c1ccc2c(c1)C(=O)N(c1ccc(Oc3ccc(N4C(=O)c5ccc(S([*])(=O)=O)cc5C4=O)cc3)cc1)C2=O,556.65
[*]C(=O)Nc1ccc(NC(=O)c2cc([*])c(C(=O)O)cc2C(=O)O)cc1,556.55
[*]C(=O)Nc1ccc(Oc2ccc(S(=O)(=O)c3ccc(Oc4ccc(NC(=O)c5cc([*])cc(NC(=O)c6ccncc6)c5)cc4)cc3)cc2)cc1,556.15
[*]Nc1ccc(C(c2ccc(NC(=O)c3ccc4c(c3)C(=O)N(c3ccc(Oc5cccc6c(Oc7ccc(N8C(=O)c9ccc(C([*])=O)cc9C8=O)cc7)cccc56)cc3)C4=O)cc2)(C(F)(F)F)C(F)(F)F)cc1,556.15
[*]Nc1ccc(Oc2ccc(C(c3ccc(Oc4ccc(NC(=O)c5cc6cc(Cc7ccc8oc(=O)c(C([*])=O)cc8c7)ccc6oc5=O)cc4)cc3)(C(F)(F)F)C(F)(F)F)cc2)cc1,556.15
[*]Nc1ccc(Oc2ccc(C3(c4ccc(Oc5ccc(NC(=O)c6ccc7c(c6)C(=O)N(c6ccc(Oc8ccc(S(=O)(=O)c9ccc(Oc%10ccc(N%11C(=O)c%12ccc(C([*])=O)cc%12C%11=O)cc%10)cc9)cc8)cc6)C7=O)cc5)cc4)NC(=O)c4ccccc43)cc2)cc1,556.15
[*]Nc1ccc(Oc2ccc(Oc3ccc(NC(=O)c4cccc(N5C(=O)c6ccc(C(c7ccc8c(c7)C(=O)N(c7cccc(C([*])=O)c7)C8=O)(C(F)(F)F)C(F)(F)F)cc6C5=O)c4)cc3)cc2)cc1,556.15
[*]Nc1ccc2c(c1)C(=O)N(c1ccc(Oc3ccc4ccccc4c3-c3c(Oc4ccc(N5C(=O)c6ccc(NC(=O)Nc7cccc(NC([*])=O)n7)cc6C5=O)cc4)ccc4ccccc34)cc1)C2=O,556.15
[*]Oc1c(Br)cc(C2(c3cc(Br)c(OC([*])=O)c(Br)c3)CC3CCC2C3)cc1Br,556.15
[*]Oc1ccc(OC(=O)c2ccc(OC(=O)c3ccc(C(=O)Oc4ccc(C([*])=O)cc4)cc3)cc2)cc1,556.15
[*]Oc1ccc(Oc2ccc3c(c2)C(=O)N(c2ccc(S(=O)(=O)c4ccc(N5C(=O)c6ccc([*])cc6C5=O)cc4)cc2)C3=O)cc1,556.15
[*]Oc1ccc2c(c1)C(=O)N(c1cc(Br)c(Oc3c(Br)cc(N4C(=O)c5ccc([*])cc5C4=O)cc3Br)c(Br)c1)C2=O,556.15
[*]c1ccc(Oc2ccc(-n3c(=O)c4cc5c(=O)n(-c6ccc(Oc7ccc(C([*])(C)C)cc7)cc6)c(=O)c5cc4c3=O)cc2)cc1,556.15
[*]c1ccc(Oc2ccc(C(=O)c3ccc(Oc4ccc(-c5c6c(c([*])c7ccccc57)C(=O)N(C)C6=O)cc4)cc3)cc2)cc1,556.15
[*]c1ccc(Oc2ccc(N3C(=O)c4ccc(C(=O)Nc5ccc(Oc6ccc(-c7ccc(Oc8ccc(NC(=O)c9ccc%10c(c9)C(=O)N(c9ccc(Oc%11ccc(C([*])(C)C)cc%11)cc9)C%10=O)cc8)cc7)cc6)cc5)cc4C3=O)cc2)cc1,556.15
[*]c1ccc(Oc2ccc(S(=O)(=O)c3ccc(-n4nc([*])c5ccccc5c4=O)cc3)cc2)cc1F,556.15
[*]c1ccc2c(c1)C(=O)N(c1ccc(-c3ccc(N4C(=O)c5ccc(C([*])(C(F)(F)F)C(F)(F)F)cc5C4=O)cc3-c3ccc(C(F)(F)F)cc3)c(-c3ccc(C(F)(F)F)cc3)c1)C2=O,556.15
[*]C(=O)c1ccc2c(c1)C(=O)N(c1ccc(Oc3ccccc3N3C(=O)c4ccc([*])cc4C3=O)cc1)C2=O,555.65
[*]Oc1ccc(C2(c3ccc(OC(=O)c4cccc(C([*])=O)c4)cc3)OC(=O)c3ccccc32)cc1,555.65
[*]C(=O)c1ccc(Oc2ccc(-c3c4c(c(-c5ccc(Oc6ccc([*])cc6)cc5)c5ccccc35)C(=O)N(c3ccccc3F)C4=O)cc2)cc1,555.15
[*]C(=O)c1ccc(Oc2ccc(-c3nc(-c4cccc(-c5nc(-c6ccc(Oc7ccc([*])cc7)cc6)c(-c6ccccc6)[nH]5)c4)[nH]c3-c3ccccc3)cc2)cc1,555.15
[*]C(=O)c1ccc2c(c1)C(=O)N(c1ccc(C(c3ccccc3)c3ccc(N4C(=O)c5ccc([*])cc5C4=O)cc3)cc1)C2=O,555.15
[*]C1=C(c2ccccc2)C(=O)N(c2ccc(Oc3ccc(-c4ccc(Oc5ccc(N6C(=O)C(c7ccccc7)=C(c7ccc([*])cc7)C6=O)cc5)cc4)cc3)cc2)C1=O,555.15
[*]NCCCCCCNC(=O)c1c(Cl)c(Cl)c(C([*])=O)c(Cl)c1Cl,555.15
[*]Nc1ccc(Oc2ccc(-n3c(=O)c4cc5c(=O)n(-c6ccc(Oc7ccc(NC(=O)c8cccc(C([*])=O)c8)cc7)cc6)c(=O)c5cc4c3=O)cc2)cc1,555.15
[*]Nc1ccc(Oc2ccc(NC(=O)c3ccc4c(c3)C(=O)N(c3ccc(Oc5ccc(N6C(=O)c7ccc(C([*])=O)cc7C6=O)cc5)cc3)C4=O)cc2)cc1,555.15
[*]c1cc(C(=O)c2ccccc2)cc(N2C(=O)c3ccc(C(=O)c4ccc5c(c4)C(=O)N([*])C5=O)cc3C2=O)c1,555.15
[*]c1cc(C)c(Oc2ccc3c(c2)C(=O)N(c2ccc(Oc4ccc(C5(c6ccc(Oc7ccc(N8C(=O)c9ccc(Oc%10c(C)cc(C([*])(C)C)cc%10C)cc9C8=O)cc7)cc6)C6CC7CC(C6)CC5C7)cc4)cc2)C3=O)c(C)c1,555.15
[*]c1ccc(OC(=O)c2ccc(C(=O)Oc3ccc(C4([*])c5ccccc5C(=O)N4C)cc3)cc2)cc1,555.15
[*]c1ccc(Oc2ccc(-c3nnc(-c4ccc(Oc5ccc(C([*])(C)C)cc5)cc4)c4c(-c5ccc(F)cc5)c(-c5ccc(F)cc5)c(-c5ccc(F)cc5)c(-c5ccc(F)cc5)c34)cc2)cc1,555.15
[*]c1ccc(Oc2ccc(S(=O)(=O)c3ccc(-c4ccc(S([*])(=O)=O)cc4)cc3)cc2)cc1,555.15
[*]C(=O)c1cccc(N2C(=O)c3ccc(C(=O)c4ccc5c(c4)C(=O)N(c4ccc([*])cc4)C5=O)cc3C2=O)c1,555.15
[*]c1cc(C)c(N2C(=O)c3ccc(Oc4ccc5c(c4)C(=O)N(c4c(C)cc(C([*])c6cc(C(F)(F)F)cc(C(F)(F)F)c6)cc4C)C5=O)cc3C2=O)c(C)c1,555.05
[*]Nc1ccc(Oc2ccc(Oc3ccc(NC(=O)c4ccc(-n5nc(-c6ccc(Oc7ccc(C([*])=O)cc7)c7ccccc67)c6ccccc6c5=O)cc4)cc3C(F)(F)F)cc2)c(C(F)(F)F)c1,554.65
[*]c1cc(C)c(Oc2cc(N3C(=O)c4ccc(-c5ccc6c(c5)C(=O)N(c5cc(Oc7c(C)cc([*])cc7C)cc(C(F)(F)F)c5)C6=O)cc4C3=O)cc(C(F)(F)F)c2)c(C)c1,554.25
[*]C(=O)c1ccc(-n2nc(-c3ccc(Sc4ccc(-c5nn(-c6ccc([*])cc6)c(=O)c6ccccc56)cc4)cc3)c3ccccc3c2=O)cc1,554.15
[*]C(=O)c1ccc2c(c1)C(=O)N(c1ccc(Cc3cccc(N4C(=O)c5ccc([*])cc5C4=O)c3)cc1)C2=O,554.15
[*]C(=O)c1ccc2cc(C(=O)c3ccc(Oc4ccc(-c5nc(-c6ccc(-c7nc(-c8ccc(Oc9ccc([*])cc9)cc8)c(-c8ccccc8)[nH]7)cc6)[nH]c5-c5ccccc5)cc4)cc3)ccc2c1,554.15
[*]Cc1cc(C)c(N2C(=O)c3ccc(Oc4cccc5c(Oc6ccc7c(c6)C(=O)N(c6c(C)cc([*])cc6C)C7=O)cccc45)cc3C2=O)c(C)c1,554.15
[*]NC(=O)Nc1ccc(Oc2ccc(NC(=O)NCC3(C)CC([*])CC(C)(C)C3)cc2-c2ccc(Oc3ccccc3)cc2)c(-c2ccc(Oc3ccccc3)cc2)c1,554.15
[*]Nc1ccc(Oc2ccc(C3(c4ccc(Oc5ccc(NC(=O)c6ccc(C([*])=O)cc6)cc5)cc4)CC4CCC3C4)cc2)cc1,554.15
[*]Nc1ccc(Oc2ccc(NC(=O)c3ccc4c(c3)C(=O)N(c3ccc(S(=O)(=O)c5ccc(N6C(=O)c7ccc(C([*])=O)cc7C6=O)cc5)cc3)C4=O)cc2)cc1,554.15
[*]Nc1ccc(Oc2ccccc2Oc2ccc(NC(=O)c3ccc(N4C(=O)c5ccc(C(c6ccc7c(c6)C(=O)N(c6ccc(C([*])=O)cc6)C7=O)(C(F)(F)F)C(F)(F)F)cc5C4=O)cc3)cc2)cc1,554.15
[*]Oc1c(Cl)cc(C2(c3cc(Cl)c(OC([*])=O)c(Cl)c3)CC3CC2C2CCCC32)cc1Cl,554.15
[*]c1ccc(Oc2ccc(S(=O)(=O)c3ccc(-c4ccc(-c5ccc(S(=O)(=O)c6ccc(Oc7ccc(S([*])(=O)=O)cc7)cc6)cc5)cc4)cc3)cc2)cc1,554.15
[*]c1ccc(Oc2ccc(S(=O)(=O)c3ccc(C)cc3)cc2)c(N2C(=O)c3ccc(-c4ccc5c(c4)C(=O)N([*])C5=O)cc3C2=O)c1,554.15
[*]c1ccc2c(c1)C(=O)N(c1ccc(Oc3ccc(N4C(=O)c5ccc(S([*])(=O)=O)cc5C4=O)cc3Br)c(Br)c1)C2=O,554.15
[*]c1cccc(P(=O)(c2cccc(-n3c(=O)c4cc5c(=O)n([*])c(=O)c5cc4c3=O)c2)c2cc(C(F)(F)F)cc(C(F)(F)F)c2)c1,554.15
[*]C(=O)c1ccc2c(c1)C(=O)N(c1ccc(Oc3cccc(N4C(=O)c5ccc([*])cc5C4=O)c3)cc1)C2=O,553.65
[*]c1ccc(Oc2ccc(S(=O)(=O)c3ccc(Oc4ccc(-c5c6c(c([*])c7ccccc57)C(=O)N(c5cccc(C(F)(F)F)c5)C6=O)cc4)cc3)cc2)cc1,553.65
[*]c1cc(C)c(Oc2ccc(S(=O)(=O)c3ccc(Oc4c(C)cc([*])cc4C)cc3)cc2)c(C)c1,553.35
[*]Oc1cc(C)c([*])c(C)c1Br,553.3
[*]C(=O)Nc1ccc(-c2nnc(-c3ccc(NC(=O)c4cc([*])cc(NC(=O)c5ccc(OC(C)=O)cc5)c4)cc3)o2)cc1,553.15
[*]CN1C(=O)c2ccc(C(c3ccc4c(c3)C(=O)N(CC(=O)Nc3ccc(-c5nnc(-c6ccc(NC([*])=O)cc6)o5)cc3)C4=O)(C(F)(F)F)C(F)(F)F)cc2C1=O,553.15
[*]CN1C(=O)c2ccc(C(c3ccc4c(c3)C(=O)N(CC(=O)Nc3ccc(Oc5ccc6nc(-c7ccccc7)c(-c7ccc(-c8nc9cc(Oc%10ccc(NC([*])=O)cc%10)ccc9nc8-c8ccccc8)cc7)nc6c5)cc3)C4=O)(C(F)(F)F)C(F)(F)F)cc2C1=O,553.15
[*]Cc1cc(C)c(NC(=O)c2ccc3c(c2)C(=O)N(c2ccc(/N=N/c4ccc([N+](=O)[O-])cc4)c(N4C(=O)c5ccc(C(=O)Nc6c(C)cc([*])cc6C)cc5C4=O)c2)C3=O)c(C)c1,553.15
[*]NC(=O)c1ccc(NC(=O)CCCCCCCCC(=O)Nc2ccc(C(=O)Nc3ccc([*])cc3C(=O)OCCCCCCCCCCCCCCCCCC)cc2)cc1,553.15
[*]Nc1ccc(Oc2ccc(-c3ccc(Oc4ccc(NC(=O)c5cccc(N6C(=O)c7ccc(C(c8ccc9c(c8)C(=O)N(c8cccc(C([*])=O)c8)C9=O)(C(F)(F)F)C(F)(F)F)cc7C6=O)c5)cc4)cc3)cc2)cc1,553.15
[*]Nc1ccc(Oc2ccc(NC(=C(C#N)C#N)c3ccc4cc(C([*])=C(C#N)C#N)ccc4c3)cc2)cc1,553.15
[*]Nc1ccc(Oc2ccc(NC(=O)c3ccc(-n4nc(-c5ccc(Oc6ccc(C([*])=O)cc6)cc5)c5ccccc5c4=O)cc3)cc2)cc1,553.15
[*]Nc1ccc(Oc2cccc(NC(=O)c3ccc(C([*])=O)cc3)c2)cc1,553.15
[*]OCCOC(=O)c1ccc2c(c1)C(=O)N(c1ccc(C([*])=O)cc1)C2=O,553.15
[*]Oc1ccc(N2C(=O)c3ccc(C(c4ccc5c(c4)C(=O)N(c4ccc(Oc6cccc([*])c6C#N)cc4)C5=O)(C(F)(F)F)C(F)(F)F)cc3C2=O)cc1,553.15
[*]c1c(C)cc(C)c(C(=O)c2cccc(N3C(=O)c4ccc(C(c5ccc6c(c5)C(=O)N([*])C6=O)(C(F)(F)F)C(F)(F)F)cc4C3=O)c2)c1C,553.15
[*]c1cc(C)c(-c2c(C)cc(N3C(=O)c4ccc(-c5ccc6c(c5)C(=O)N([*])C6=O)cc4C3=O)cc2C)c(C)c1,553.15
[*]c1cc(C)c(N2C(=O)c3ccc(Oc4ccc(C(C)(C)c5ccc(Oc6ccc7c(c6)C(=O)N(c6c(C)cc([*])cc6C)C7=O)cc5)cc4)cc3C2=O)c(C)c1,553.15
[*]c1cc(C)c(Oc2ccc(S(=O)(=O)c3ccc4cc(S(=O)(=O)c5ccc(Oc6c(C)cc([*])cc6C)cc5)ccc4c3)cc2)c(C)c1,553.15
[*]c1ccc(Oc2ccc(-c3cnc4cc(-c5ccc6ncc([*])nc6c5)ccc4n3)cc2)cc1,553.15
[*]c1ccc(Oc2ccc(C(c3ccc(Oc4ccc(N5C(=O)c6ccc7c8c(ccc(c68)C5=O)C(=O)N([*])C7=O)cc4)cc3)(C(F)(F)F)C(F)(F)F)cc2)cc1,553.15
[*]c1ccc(Oc2ccc(S(=O)(=O)c3ccc(Oc4ccc(-c5c6c(c([*])c7ccccc57)C(=O)N(c5ccc(Cl)cc5)C6=O)cc4)cc3)cc2)cc1,553.15
[*]c1ccc2c(c1)C(=O)N(c1ccc(-c3ccc(N4C(=O)c5ccc(C([*])(c6ccccc6)C(F)(F)F)cc5C4=O)cc3C(F)(F)F)c(C(F)(F)F)c1)C2=O,553.15
[*]c1ccc2c(c1)C(=O)N(c1ccc(Cc3ccc(N4C(=O)c5ccc([Si]([*])(C)C)cc5C4=O)cc3)cc1)C2=O,553.15
[*]c1cccc(Oc2cccc(Oc3cccc(N4C(=O)c5c(c(-c6ccccc6)c(-c6ccc(-c7c(-c8ccccc8)c8c(c(-c9ccccc9)c7-c7ccccc7)C(=O)N([*])C8=O)cc6)c(-c6ccccc6)c5-c5ccccc5)C4=O)c3)c2)c1,553.15
[*]c1cccc(P(=O)(c2cccc(-n3c(=O)c4cc5c(=O)n([*])c(=O)c5c(-c5cc(C(F)(F)F)cc(C(F)(F)F)c5)c4c3=O)c2)c2cc(C(F)(F)F)cc(C(F)(F)F)c2)c1,553.15
[*]Nc1ccc(Cc2ccc(N3C(=O)c4ccc(C([*])=O)cc4C3=O)cc2)cc1,552.65
[*]C(=O)Oc1ccc(C2(c3ccc(OC(=O)c4cc([*])cc(C(C)(C)C)c4)cc3)OC(=O)c3ccccc32)cc1,552.15
[*]Cc1cc(C)c(NC(=O)c2ccc3c(c2)C(=O)N(c2ccc(/N=N/c4ccc(F)cc4)c(N4C(=O)c5ccc(C(=O)Nc6c(C)cc([*])cc6C)cc5C4=O)c2)C3=O)c(C)c1,552.15
[*]NC(=O)Nc1ccc(Oc2ccc(NC(=O)Nc3ccc(C)c([*])c3)cc2-c2ccc(Oc3ccccc3)cc2)c(-c2ccc(Oc3ccccc3)cc2)c1,552.15
[*]Nc1ccc(-c2ccc(NC(=O)c3cccc(Oc4nc(Oc5cccc(C([*])=O)c5)nc(Sc5ccccc5)n4)c3)cc2)cc1,552.15
[*]Nc1ccc(Oc2ccc(NC(=O)c3cc(C([*])=O)cc(S(=O)(=O)c4ccccc4)c3)cc2)cc1,552.15
[*]Oc1ccc(C2(c3ccc(OC(=O)c4ccc(C([*])=O)cc4)cc3)OC(=O)c3ccccc32)cc1,552.15
[*]c1ccc(N2C(=O)c3ccc(Oc4ccc(C5(c6ccc(Oc7ccc8c(c7)C(=O)N(c7ccc(N([*])c9ccc(C#N)cc9)cc7)C8=O)cc6)c6ccccc6-c6ccccc65)cc4)cc3C2=O)cc1,552.15
[*]c1ccc(NC(=O)c2cccc(C(=O)Nc3ccc(C([*])(C)C)cc3)c2)cc1,552.15
[*]c1ccc(Sc2ccc(-c3nn(-c4ccc(S(=O)(=O)c5ccc(-n6nc([*])c7ccccc7c6=O)cc5)cc4)c(=O)c4ccccc34)cc2)cc1,552.15
[*]c1ccc2c(c1)C(=O)N(c1ccc(Oc3ccc(N4C(=O)c5ccc([*])cc5C4=O)cc3)cc1)C2=O,552.15
[*]c1ccc2c(c1)C(=O)N(c1ccc(Oc3ccc(Oc4ccc(N5C(=O)c6ccc(C([*])(C(F)(F)F)C(F)(F)F)cc6C5=O)cc4)cc3)cc1)C2=O,552.15
[*]c1nc(-c2ccccc2)nc(N(c2ccccc2)c2ncnc(N([*])c3ccccc3)n2)n1,552.15
[*]Cc1cc(C(C)C)c(N2C(=O)c3ccc(C(c4ccc5c(c4)C(=O)N(c4c(C(C)C)cc([*])cc4C(C)C)C5=O)(C(F)(F)F)C(F)(F)F)cc3C2=O)c(C(C)C)c1,551.65
[*]c1ccc(Oc2ccc(C3(c4ccc(Oc5ccc(S([*])(=O)=O)cc5)cc4)c4ccccc4-c4ccccc43)cc2)cc1,551.65
[*]c1ccc([*])cc1,551.325
[*]C(=O)Nc1ccc(-c2ccc(Oc3ccc(C4(c5ccc(Oc6ccc(-c7ccc(NC(=O)c8cc([*])cc(C(C)(C)C)c8)cc7)cc6C(F)(F)F)cc5)c5ccccc5-c5ccccc54)cc3)c(C(F)(F)F)c2)cc1,551.15
[*]C(=O)c1ccc(C(=O)c2ccc(Oc3ccc(-c4nc(-c5ccc(-c6nc(-c7ccc(Oc8ccc([*])cc8)cc7)c(-c7ccccc7)[nH]6)cc5)[nH]c4-c4ccccc4)cc3)cc2)cc1,551.15
[*]C1C=C(C)C2C(=O)N(c3ccc(Oc4ccc(N5C(=O)CC([*])C5=O)cc4)cc3)C(=O)C2C1,551.15
[*]C1CC(C)(C)CC(C)(CN2C(=O)c3ccc(C(c4ccc5c(c4)C(=O)N([*])C5=O)(C(F)(F)F)C(F)(F)F)cc3C2=O)C1,551.15
[*]Cc1cc(C)c(NC(=O)c2ccc3c(c2)C(=O)N(c2ccc(/N=N/c4ccc(OC(F)(F)F)cc4)c(N4C(=O)c5ccc(C(=O)Nc6c(C)cc([*])cc6C)cc5C4=O)c2)C3=O)c(C)c1,551.15
[*]Nc1ccc(C2(c3ccc(NC(=O)c4ccc5c(c4)C(=O)N(c4ccc(Oc6cccc(Oc7ccc(N8C(=O)c9ccc(C([*])=O)cc9C8=O)cc7)c6)cc4)C5=O)cc3)c3ccccc3-c3ccccc32)cc1,551.15
[*]Nc1ccc(Oc2ccc(NC(=O)c3ccc4c(c3)C(=O)N(c3ccc(Oc5cccc6c(N7C(=O)c8ccc(C([*])=O)cc8C7=O)cccc56)cc3)C4=O)cc2)cc1,551.15
[*]Nc1cccc(NC(=C(C#N)C#N)c2cccc(C([*])=C(C#N)C#N)c2)c1,551.15
[*]Oc1c(F)c(F)c(Oc2c(F)c(F)c3c(c2F)C(=O)N(c2c(F)c(F)c(Sc4c(F)c(F)c(N5C(=O)c6c(F)c([*])c(F)c(F)c6C5=O)c(F)c4F)c(F)c2F)C3=O)c(F)c1F,551.15
[*]c1cc(C)c(Cc2cc(C)c(N3C(=O)c4ccc(Oc5ccc(Oc6ccc7c(c6)C(=O)N([*])C7=O)cc5)cc4C3=O)cc2C)cc1C,551.15
[*]c1cc(C)c(N2C(=O)c3ccc(C(=O)Nc4ccc(/N=N/c5ccc([N+](=O)[O-])cc5)c(NC(=O)c5ccc6c(c5)C(=O)N(c5c(C)cc([*])cc5C)C6=O)c4)cc3C2=O)c(C)c1,551.15
[*]c1ccc(-c2nnc(-c3ccc(-c4ccc(-c5nnc(-c6ccc([Si]([*])(c7ccccc7)c7ccccc7)cc6)o5)cc4)cc3)o2)cc1,551.15
[*]c1ccc(OC(=O)Oc2ccc(C3([*])c4cc(N(C)C)ccc4-c4ccc([N+](=O)[O-])cc43)cc2)cc1,551.15
[*]c1ccc(Oc2ccc(S(=O)(=O)c3ccc(Oc4ccc(-c5c6c(c([*])c7ccccc57)C(=O)N(c5ccccc5-c5ccccc5)C6=O)cc4)cc3)cc2)cc1,551.15
[*]c1ccc2c(c1)C(=O)N(c1ccc(-c3ccc(N4C(=O)c5ccc(C([*])(C(F)(F)F)C(F)(F)F)cc5C4=O)cc3-c3cccc(C(F)(F)F)c3)c(-c3cccc(C(F)(F)F)c3)c1)C2=O,551.15
[*]c1cccc(-c2nnc(-c3ccc(-c4nnc([*])o4)cc3)o2)c1,551.15
[*]c1ccc2c(c1)C(=O)N(c1ccc(Oc3ccc(Oc4ccc(N5C(=O)c6ccc([*])cc6C5=O)cc4)cc3)cc1)C2=O,551.15
[*]c1ccc2nc(-c3ccc(-c4nc5cc(S([*])(=O)=O)ccc5nc4-c4ccccc4)cc3)c(-c3ccccc3)nc2c1,550.65
[*]C/C=C/N(/C=C/CC1CC(=O)N(c2ccc(Cc3ccc(N4C(=O)CC([*])C4=O)cc3)cc2)C1=O)c1ccc(/N=N/c2ccc([N+](=O)[O-])cc2)cc1,550.15
[*]C1C([*])C2CC1C(C(=O)OCc1ccccc1)C2C(=O)OCc1ccccc1,550.15
[*]Nc1ccc(C2(c3ccc(NC(=O)c4cccc(C([*])=O)c4)cc3)c3ccccc3-c3ccccc32)cc1,550.15
[*]Nc1ccc(Cc2ccc(-n3c(=O)c4cc5c(=O)n(-c6ccc(Cc7ccc(NC(=O)c8cccc(-c9nc%10cc(-c%11ccc%12[nH]c(-c%13cccc(C([*])=O)c%13)nc%12c%11)ccc%10[nH]9)c8)cc7)cc6)c(=O)c5cc4c3=O)cc2)cc1,550.15
[*]Nc1cccc(NC(=O)c2cc(C([*])=O)cc(S(=O)(=O)c3ccccc3)c2)c1,550.15
[*]Oc1ccc(-c2ccc(Oc3cccc4c3C(=O)N(c3ccc(Oc5ccc(N6C(=O)c7cccc([*])c7C6=O)cc5)cc3)C4=O)cc2)cc1,550.15
[*]Oc1ccc(N2C(=O)c3ccc(C(c4ccc5c(c4)C(=O)N(c4ccc(Oc6cc(C(C)(C)C)c([*])cc6C(C)(C)C)cc4)C5=O)(C(F)(F)F)C(F)(F)F)cc3C2=O)cc1,550.15
[*]c1ccc(Cc2ccc(N3C(=O)c4ccc(Oc5ccc(Oc6ccc7c(c6)C(=O)N([*])C7=O)cc5)cc4C3=O)c(C)c2C)c(C)c1C,550.15
[*]c1ccc(Oc2ccc(-c3nc(-c4ccccc4)[nH]c3-c3ccc(Oc4ccc(S([*])(=O)=O)cc4)cc3)cc2)cc1,550.15
[*]c1ccc(Oc2ccc(C3(c4ccc(Oc5ccc(-c6nc(-c7ccccn7)nnc6[*])cc5)cc4)c4ccccc4-c4ccccc43)cc2)cc1,550.15
[*]c1ccc(Oc2ccccc2Oc2ccc(-n3c(=O)c4cc5c(=O)n([*])c(=O)c5cc4c3=O)cc2C(F)(F)F)c(C(F)(F)F)c1,550.15
[*]c1ccc2c(c1)C(=O)N(c1ccc(Oc3ccc(S(=O)(=O)c4ccc(Oc5ccc(N6C(=O)c7ccc(C([*])(C(F)(F)F)C(F)(F)F)cc7C6=O)cc5)cc4)cc3)cc1)C2=O,549.65
[*]C(=O)c1ccc(-c2ccc(C(=O)c3ccc(Oc4ccc(-c5nc(-c6cccc(-c7nc(-c8ccc(Oc9ccc([*])cc9)cc8)c(-c8ccccc8)[nH]7)c6)[nH]c5-c5ccccc5)cc4)cc3)cc2)cc1,549.15
[*]C(=O)c1ccc(Oc2ccc(-c3nc(-c4ccc(-c5nc(-c6ccc(Oc7ccc([*])cc7)cc6)c(-c6ccccc6)[nH]5)cc4)[nH]c3-c3ccccc3)cc2)cc1,549.15
[*]C(=O)c1ccc2c(c1)C(=O)N(c1ccc(Sc3ccc(N4C(=O)c5ccc([*])cc5C4=O)cc3)cc1)C2=O,549.15
[*]C(=O)c1cccc(C(=O)c2ccc(N3C(=O)c4ccc(C(=O)c5ccc6c(c5)C(=O)N(c5ccc([*])cc5)C6=O)cc4C3=O)cc2)c1,549.15
[*]Cc1cc(C)c(Oc2cccc3c2C(=O)N(c2c(C)cc(-c4cc(C)c(N5C(=O)c6cccc(Oc7c(C)cc([*])cc7C)c6C5=O)c(C)c4)cc2C)C3=O)c(C)c1,549.15
[*]Nc1ccc(N(c2ccc(NC3CC(=O)N(c4ccc(Cc5ccc(N6C(=O)CC([*])C6=O)cc5)cc4)C3=O)cc2)c2ccc([N+](=O)[O-])cc2)cc1,549.15
[*]Nc1ccc(Oc2ccc(C3(c4ccc(Oc5ccc(NC(=O)c6ccc7cc(C([*])=O)ccc7c6)cc5)cc4)CC4CCC3C4)cc2)cc1,549.15
[*]Nc1ccc(Oc2cccc3c(NC(=O)c4ccc5c(c4)C(=O)N(c4ccc(Oc6cccc7c(N8C(=O)c9ccc(C([*])=O)cc9C8=O)cccc67)cc4)C5=O)cccc23)cc1,549.15
[*]Oc1ccc2c(c1)Oc1cc(OC(=O)c3cccc(C([*])=O)c3)ccc1C21OC(=O)c2ccccc21,549.15
[*]Oc1cccc2c(Oc3ccc4c(c3)C(=O)N(c3ccc(C(c5ccc(N6C(=O)c7ccc([*])cc7C6=O)cc5)(C(F)(F)F)C(F)(F)F)cc3)C4=O)cccc12,549.15
[*]c1c(C)cc(Cc2cc(C)c(N3C(=O)c4ccc(C(c5ccc6c(c5)C(=O)N([*])C6=O)(C(F)(F)F)C(F)(F)F)cc4C3=O)c(C(C)C)c2)cc1C(C)C,549.15
[*]c1cc(C)c(Oc2ccc(NC(=O)c3ccc4c(c3)C(=O)N(c3ccc(Oc5ccc(C6(c7ccc(Oc8ccc(N9C(=O)c%10ccc(C(=O)Nc%11ccc(Oc%12c(C)cc(C([*])(C)C)cc%12C)cc%11)cc%10C9=O)cc8)cc7)CC7CC6C6CCCC76)cc5)cc3)C4=O)cc2)c(C)c1,549.15
[*]c1ccc(-c2nnc(-c3ccc(-c4nnc(-c5ccc([Si]([*])(c6ccccc6)c6ccccc6)cc5)o4)o3)o2)cc1,549.15
[*]c1ccc(NC(=S)N=Cc2ccc(Cl)c(-n3c(=O)c4cc5c(=O)n([*])c(=O)c5cc4c3=O)c2)cc1,549.15
[*]c1ccc2c(c1)C(=O)N(c1ccc(Oc3ccccc3N3C(=O)c4ccc(C([*])(C(F)(F)F)C(F)(F)F)cc4C3=O)cc1)C2=O,549.15
[*]C(=O)c1ccc(-n2nc(-c3ccccc3)c3cc(Oc4ccc5c(-c6ccccc6)nn(-c6ccc([*])cc6)c(=O)c5c4)ccc3c2=O)cc1,548.65
[*]C(=O)c1ccc(Oc2ccc(N3C(=O)c4ccc(S(=O)(=O)c5ccc6c(c5)C(=O)N(c5ccc(Oc7ccc([*])cc7)cc5)C6=O)cc4C3=O)cc2)cc1,548.65
[*]Oc1ccc2c(c1)C(=O)N(c1ccc(Oc3cc4ccccc4cc3Oc3ccc(N4C(=O)c5ccc([*])cc5C4=O)cc3)cc1)C2=O,548.65
[*]C(=O)c1ccc2c(c1)C(=O)N(c1cccc(S(=O)(=O)c3cccc(N4C(=O)c5ccc([*])cc5C4=O)c3)c1)C2=O,548.65
[*]Oc1ccc(S(=O)(=O)c2ccc(Oc3c(C)cc(C(C)(C)c4cc(C)c([*])c(C)c4Br)c(Br)c3C)cc2)cc1,548.55
[*]C(=O)c1c(C(=O)c2ccc(Oc3ccc(-c4ccc(Oc5ccc([*])cc5)cc4)cc3)cc2)c(-c2ccc(F)cc2)c(-c2ccc(F)cc2)c(-c2ccc(F)cc2)c1-c1ccc(F)cc1,548.15
[*]C(=O)c1c(C(=O)c2ccc(Oc3ccc(C(c4ccc(Oc5ccc([*])cc5)cc4)(C(F)(F)F)C(F)(F)F)cc3)cc2)c(-c2ccccc2)c(-c2ccc3ccccc3c2)c(-c2ccc3ccccc3c2)c1-c1ccccc1,548.15
[*]C(=O)c1ccc(C(=O)Nc2ccc(NC(=O)c3ccc([*])cc3C(=O)OCC)cc2)c(C(=O)OCC)c1,548.15
[*]C1CC(C)(C)CC(C)(CN2C(=O)c3ccc(C(=O)c4ccc5c(c4)C(=O)N([*])C5=O)cc3C2=O)C1,548.15
[*]CC([*])c1ccc(B(Oc2ccc(B3OC(C)(C)C(C)(C)O3)c3cccnc23)c2ccc(C(C)(C)C)cc2)cc1,548.15
[*]NC1CCC(CC2CCC(NC(=O)c3ccc4c(c3)C(=O)N(c3ccc(C([*])=O)cc3)C4=O)CC2)CC1,548.15
[*]Nc1cc(NC(=O)c2ccc(OCCOc3ccc(C([*])=O)cc3)cc2)cc(-c2nc3ccccc3[nH]2)c1,548.15
[*]Nc1ccc(-c2ccccc2NC(=O)c2ccc(C([*])=O)cc2)cc1,548.15
[*]Nc1ccc(Oc2ccc(-c3ccc(Oc4ccc(NC(=O)c5cccc(N6C(=O)c7ccc(-c8cccc9c8C(=O)N(c8cccc(C([*])=O)c8)C9=O)cc7C6=O)c5)cc4)cc3)cc2)cc1,548.15
[*]Nc1ccc(S(=O)(=O)c2ccc(NC(=O)c3ccc4c(c3)C(=O)N(c3ccc(Oc5ccc(N6C(=O)c7ccc(C([*])=O)cc7C6=O)cc5)cc3)C4=O)cc2)cc1,548.15
[*]Nc1cccc(NC(=O)c2cccc(C([*])=O)c2)c1,548.15
[*]Nc1cccc(Oc2ccc(-c3nnc(-c4ccc(Oc5cccc(NC(=O)c6cc(C([*])=O)cc(N7C(=O)c8c(Cl)c(Cl)c(Cl)c(Cl)c8C7=O)c6)c5)cc4)o3)cc2)c1,548.15
[*]Oc1ccc(-c2ccc(Oc3cccc4c3C(=O)N(c3cccc(N5C(=O)c6cccc([*])c6C5=O)c3)C4=O)cc2)cc1,548.15
[*]Oc1ccc(C2(c3ccc(OC(=O)c4ccc(C([*])=O)cc4)cc3)CCC3CCCCC3C2)cc1,548.15
[*]Oc1ccc(C2(c3ccc(OC(=O)c4ccc(C([*])=O)cc4)cc3)CCCCC2)cc1,548.15
[*]Oc1ccc(NC(=O)c2ccc3c(c2)C(=O)N(c2ccc(Oc4ccc(C5(c6ccc(Oc7ccc(N8C(=O)c9ccc(C(=O)Nc%10ccc(Oc%11ccc([*])c(C(C)(C)C)c%11)cc%10)cc9C8=O)cc7)cc6)CC6CC5C5CCCC65)cc4)cc2)C3=O)cc1,548.15
[*]Oc1ccc2c(c1)C(=O)N(c1ccc(-c3ccc(N4C(=O)c5ccc([*])cc5C4=O)cc3C(F)(F)F)c(C(F)(F)F)c1)C2=O,548.15
[*]Oc1cccc2c1C(=O)N(c1ccc(Oc3ccc(-c4ccc(Oc5ccc(N6C(=O)c7cccc(Oc8cc(C(C)(C)C)c([*])cc8C(C)(C)C)c7C6=O)cc5)cc4)cc3)cc1)C2=O,548.15
[*]c1ccc(NC(=O)c2ccc(Oc3cc(C(C)(C)C)c(Oc4ccc(C(=O)Nc5ccc(C([*])(C)C)cc5C)cc4)cc3C(C)(C)C)cc2)c(C)c1,548.15
[*]c1ccc(Oc2ccc(C(C)(C)c3ccccc3)cc2)c(N2C(=O)c3ccc(-c4ccc5c(c4)C(=O)N([*])C5=O)cc3C2=O)c1,548.15
[*]c1ccc2[nH]c(CCCc3nc4cc([*])ccc4[nH]3)nc2c1,548.15
[*]c1ccc2c(c1)C(=O)N(c1ccc(Oc3cc4ccccc4cc3Oc3ccc(N4C(=O)c5ccc(S([*])(=O)=O)cc5C4=O)cc3)cc1)C2=O,548.15
[*]c1ccc2c(c1)C(=O)N(c1ccc(Oc3ccc(N4C(=O)c5ccc([*])cc5C4=O)cc3Br)c(Br)c1)C2=O,548.15
[*]c1ccc2c(c1)C(=O)N(c1cccc(S(=O)(=O)c3cccc(N4C(=O)c5ccc(C([*])(C(F)(F)F)C(F)(F)F)cc5C4=O)c3)c1)C2=O,548.15
[*]C(=O)c1ccc(N2C(=O)c3ccc(Oc4ccc5c(c4)C(=O)N(c4ccc([*])cc4)C5=O)cc3C2=O)cc1,547.15
[*]C(=O)c1ccc2c(c1)C(=O)N(c1cc(/C=N/C(=S)Nc3ccc(N4C(=O)c5ccc([*])cc5C4=O)cc3)ccc1Cl)C2=O,547.15
[*]Cc1ccc(-n2c(=O)c3cc4c(=O)n(-c5ccc([*])cc5C)c(=O)c4cc3c2=O)c(C)c1,547.15
[*]Cc1ccc(C)c(N2C(=O)c3cccc(Sc4cccc5c4C(=O)N(c4ccc([*])cc4C)C5=O)c3C2=O)c1,547.15
[*]Cc1ccc(N2C(=O)c3ccc(C(c4ccc5c(c4)C(=O)N(c4ccc([*])cc4C(C)(C)C)C5=O)(C(F)(F)F)C(F)(F)F)cc3C2=O)c(C(C)(C)C)c1,547.15
[*]NC(=O)Nc1ccc(Oc2ccc(NC(=O)NCC3(C)CC([*])CC(C)(C)C3)cc2)cc1,547.15
[*]Nc1ccc(Oc2ccc(NC(=C(C#N)C#N)c3ccc(C([*])=C(C#N)C#N)cc3)cc2)cc1,547.15
[*]Nc1ccc(Oc2ccc(NC(=O)Nc3ccc4c(c3)C(=O)N(c3ccc(Oc5ccc6ccccc6c5-c5c(Oc6ccc(N7C(=O)c8ccc(NC([*])=O)cc8C7=O)cc6)ccc6ccccc56)cc3)C4=O)cc2)cc1,547.15
[*]Nc1ccc(Oc2ccc(NC(=O)c3ccc(C(=O)Nc4ccc(Oc5ccc(NC(=C(C#N)C#N)c6cccc(C([*])=C(C#N)C#N)c6)cc5)cc4)cc3)cc2)cc1,547.15
[*]Nc1ccc(Oc2ccc(NC(=O)c3ccc(Oc4ccc(C([*])=O)cc4)cc3)cc2)cc1,547.15
[*]Nc1ccc(Oc2ccc(S(=O)(=O)c3ccc(Oc4ccc(NC(=O)c5ccc6c(c5)C(=O)N(c5ccc(Oc7ccc8ccc(Oc9ccc(N%10C(=O)c%11ccc(C([*])=O)cc%11C%10=O)cc9)cc8c7)cc5)C6=O)cc4)cc3)cc2)cc1,547.15
[*]Oc1ccc(N2C(=O)c3ccc(-c4ccc5c(c4)C(=O)N(c4ccc(Oc6ccc([*])cc6C(C)(C)C)cc4)C5=O)cc3C2=O)cc1,547.15
[*]Oc1ccc2c(c1)C(=O)N(c1cc(N3C(=O)c4ccc([*])cc4C3=O)cc(C(F)(F)F)c1)C2=O,547.15
[*]Oc1ccc2ccccc2c1-c1c(Oc2ccc3c(c2)C(=O)N(c2ccc(Oc4ccc(N5C(=O)c6ccc([*])cc6C5=O)cc4)cc2)C3=O)ccc2ccccc12,547.15
[*]c1cc(C(C)C)c(N2C(=O)c3ccc(C(c4ccc5c(c4)C(=O)N(c4c(C(C)C)cc(C([*])(c6ccccc6)C(F)(F)F)cc4C(C)C)C5=O)(C(F)(F)F)C(F)(F)F)cc3C2=O)c(C(C)C)c1,547.15
[*]c1ccc(-c2nc3cc(Oc4ccc5nc(-c6ccccc6)c(-c6ccc(-n7c(=O)c8cc9c(=O)n([*])c(=O)c9cc8c7=O)cc6)nc5c4)ccc3nc2-c2ccccc2)cc1,547.15
[*]c1ccc(-c2nnc(-c3ccc(-c4nnc(-c5ccc([Si]([*])(c6ccccc6)c6ccccc6)cc5)o4)cc3)o2)cc1,547.15
[*]c1ccc(N2C(=O)c3ccc(Oc4ccc(Oc5ccc6c(c5)C(=O)N(c5ccc([*])cc5OC)C6=O)cc4)cc3C2=O)c(OC)c1,547.15
[*]c1ccc(Oc2ccc(Oc3ccc(N4C(=O)C5CCC6C(=O)N([*])C(=O)C6C5C4=O)cc3)cc2)cc1,547.15
[*]c1ccc2c(c1)C(=O)N(c1ccc(Oc3ccc(N4C(=O)c5ccc([Si]([*])(C)C)cc5C4=O)cc3)cc1)C2=O,547.15
[*]c1ccc2c(c1)C(=O)N(c1ccc(Oc3ccc(S(=O)(=O)c4ccc(Oc5ccc(N6C(=O)c7ccc(S([*])(=O)=O)cc7C6=O)cc5)cc4)cc3)cc1)C2=O,547.15
[*]C(=O)c1ccc(Oc2ccc(-c3c4c(c(-c5ccc(Oc6ccc([*])cc6)cc5)c5ccccc35)C(=O)N(c3ccccc3)C4=O)cc2)cc1,546.65
[*]Nc1ccc(C(c2ccc(NC(=O)c3cccc(N4C(=O)c5ccc(C(c6ccc7c(c6)C(=O)N(c6cccc(C([*])=O)c6)C7=O)(C(F)(F)F)C(F)(F)F)cc5C4=O)c3)cc2)(C(F)(F)F)C(F)(F)F)cc1,546.65
[*]Oc1ccc2ccccc2c1-c1c(OC(=O)c2ccc(N3C(=O)c4ccc(C(=O)c5ccc6c(c5)C(=O)N(c5ccc(C([*])=O)cc5)C6=O)cc4C3=O)cc2)ccc2ccccc12,546.65
[*]C(=O)Nc1ccc(Oc2ccc(NC(=O)c3cc([*])cc(NC(=O)c4ccc(OC(C)=O)cc4)c3)cc2)cc1,546.15
[*]C(=O)c1ccc(-c2ccc(C(=O)c3ccc(Oc4ccc(-c5nc(-c6ccc(-c7nc(-c8ccc(Oc9ccc([*])cc9)cc8)c(-c8ccccc8)[nH]7)cc6)[nH]c5-c5ccccc5)cc4)cc3)cc2)cc1,546.15
[*]C(=O)c1ccc2c(c1)C(=O)N(c1cccc(P(=O)(c3ccccc3)c3cccc(N4C(=O)c5ccc([*])cc5C4=O)c3)c1)C2=O,546.15
[*]Cc1ccc(-c2sc(-c3ccc(CC(=O)Nc4ccc(-c5sc(-c6ccc(NC([*])=O)cc6)c(-c6ccccc6)c5-c5ccccc5)cc4)cc3)c(-c3ccccc3)c2-c2ccccc2)cc1,546.15
[*]NC(=S)Nc1cccc(NC(=O)c2ccc(C(=O)Nc3ccc(C([*])=O)cc3)cc2)c1,546.15
[*]Nc1ccc(Cc2ccc(NC(=O)c3ccc4c(c3)C(=O)N(c3ccc(Oc5ccc6ccc(Oc7ccc(N8C(=O)c9ccc(C([*])=O)cc9C8=O)cc7)cc6c5)cc3)C4=O)cc2)cc1,546.15
[*]Nc1ccc(Oc2ccc(C3(c4ccc(Oc5ccc(NC(=O)c6cccc(C([*])=O)c6)cc5)cc4)C4CC5CC(C4)CC3C5)cc2)cc1,546.15
[*]Oc1c(Cl)cc(C(c2cc(Cl)c(OC([*])=O)c(Cl)c2)C(Cl)(Cl)Cl)cc1Cl,546.15
[*]Sc1ccc2c(c1)C(=O)N(c1ccc(Oc3ccc4ccccc4c3-c3c(Oc4ccc(N5C(=O)c6ccc([*])cc6C5=O)cc4C(F)(F)F)ccc4ccccc34)c(C(F)(F)F)c1)C2=O,546.15
[*]c1ccc(-c2nnc(-c3ccc(-c4nnc(-c5ccc([Si]([*])(c6ccccc6)c6ccccc6)cc5)o4)c4ccccc34)o2)cc1,546.15
[*]c1ccc(OC(=O)c2cccc(C(=O)Oc3ccc(C4([*])OC(=O)c5ccccc54)cc3C)c2)c(C)c1,546.15
[*]c1ccc(Oc2ccc(-c3c(-c4ccccc4)c(-c4ccc(-c5nc6ccccc6c([*])c5-c5ccccc5)cc4)nc4ccccc34)cc2)cc1,546.15
[*]c1ccc(-c2nnc(-c3cccc(-c4nnc([*])n4-c4ccccc4)c3)n2-c2ccccc2)cc1,545.65
[*]Cc1cc(CC)c(N2C(=O)c3ccc(C(=O)c4ccc5c(c4)C(=O)N(c4c(CC)cc([*])cc4CC)C5=O)cc3C2=O)c(CC)c1,545.65
[*]c1ccc(Oc2ccc(Oc3ccc(-n4c(=O)c5cc6c(=O)n([*])c(=O)c6cc5c4=O)cc3C(F)(F)F)cc2)cc1,545.35
[*]C(=O)Nc1ccc(Oc2ccc(C3(c4ccc(Oc5ccc(NC(=O)c6cc([*])cc(C(C)(C)C)c6)cc5)cc4)CC4CCC3C4)cc2)cc1,545.15
[*]C(=O)c1ccc(Oc2ccc(-c3c4c(c(-c5ccc(Oc6ccc([*])cc6)cc5)c5ccccc35)C(=O)N(c3ccc(Cl)cc3)C4=O)cc2)cc1,545.15
[*]Cc1cc(C)c(N2C(=O)c3ccc(Oc4ccc5ccc(Oc6ccc7c(c6)C(=O)N(c6c(C)cc([*])cc6C)C7=O)cc5c4)cc3C2=O)c(C)c1,545.15
[*]Cc1ccc(-c2sc(-c3ccc(CC(=O)Nc4ccc(-c5ccc(NC([*])=O)cc5)cc4)cc3)c(-c3ccccc3)c2-c2ccccc2)cc1,545.15
[*]Nc1ccc(-c2cc(-c3ccc(-c4ccccc4)cc3)cc(-c3ccc(NC(=O)Nc4ccc5c(c4)C(=O)N(c4ccc(-c6cc(-c7ccc(-c8ccccc8)cc7)cc(-c7ccc(N8C(=O)c9ccc(NC([*])=O)cc9C8=O)cc7)n6)cc4)C5=O)cc3)n2)cc1,545.15
[*]Nc1ccc(-c2nnc(-c3ccc(NC(=O)c4ccc(C([*])=O)cc4Oc4ccccc4)cc3)o2)cc1,545.15
[*]Nc1ccc(/C=C/c2cccc(NC(=O)c3cccc(C([*])=O)c3)c2)cc1,545.15
[*]Nc1ccc(C(c2ccc(NC(=O)c3cccc(C([*])=O)c3)cc2)(C(F)(F)F)C(F)(F)F)cc1,545.15
[*]Nc1ccc(NC(=O)Nc2ccc(-c3[nH]c(-c4ccc(-c5nc(-c6ccc([N+](=O)[O-])cc6)c(-c6ccc([N+](=O)[O-])cc6)[nH]5)cc4)nc3-c3ccc(NC([*])=O)cc3)cc2)cc1,545.15
[*]Nc1ccc(Oc2ccc(C3(c4ccc(Oc5ccc(NC(=O)c6ccc7c(c6)C(=O)N(c6cccc(Oc8ccc(N9C(=O)c%10ccc(C([*])=O)cc%10C9=O)cc8)c6)C7=O)cc5)cc4)NC(=O)c4ccccc43)cc2)cc1,545.15
[*]c1cc(C)c(Oc2ccc(N3C(=O)c4ccc(C(=O)c5ccc6c(c5)C(=O)N(c5ccc(Oc7c(C)cc(C([*])c8cccc9ccccc89)cc7C)cc5)C6=O)cc4C3=O)cc2)c(C)c1,545.15
[*]c1ccc(-c2nnc(-c3ccc(-c4nnc(-c5ccc([Si]([*])(c6ccccc6)c6ccccc6)cc5)o4)nc3)o2)cc1,545.15
[*]c1ccc(-c2nnc(-c3cncc(-c4nnc(-c5ccc([Si]([*])(c6ccccc6)c6ccccc6)cc5)o4)c3)o2)cc1,545.15
[*]c1ccc2c(c1)C(=O)N(c1ccc(NC(=S)/N=C/c3ccc(Cl)c(N4C(=O)c5ccc(C([*])(C(F)(F)F)C(F)(F)F)cc5C4=O)c3)cc1)C2=O,545.15
[*]c1ccc2c(c1)C(=O)N(c1ccc(Oc3c(F)c(F)c(-c4c(F)c(F)c(Oc5ccc(N6C(=O)c7ccc(C([*])(C(F)(F)F)C(F)(F)F)cc7C6=O)cc5)c(F)c4F)c(F)c3F)cc1)C2=O,544.35
[*]C(=O)Nc1ccc(C(=O)c2ccc(NC(=O)c3cc([*])cc(C(C)(C)C)c3)cc2)cc1,544.15
[*]C(=O)c1ccc2nc(-c3ccccc3)c(-c3ccc(Oc4ccc(-c5nc6cc([*])ccc6nc5-c5ccccc5)cc4)cc3)nc2c1,544.15
[*]Oc1ccc(N2C(=O)c3ccc(-c4ccc5c(c4)C(=O)N(c4ccc(Oc6cccc([*])c6C#N)cc4)C5=O)cc3C2=O)cc1,544.15
[*]Oc1ccc2c(c1)C(=O)N(c1ccc(Cc3ccc(N4C(=O)c5ccc([*])cc5C4=O)cc3)cc1)C2=O,544.15
[*]Sc1ccc(N2C(=O)c3ccc(Oc4ccc5c(c4)C(=O)N(c4ccc(Sc6cc7c(cc6[*])C(=O)N(c6ccc(CC)cc6)C7=O)cc4)C5=O)cc3C2=O)cc1,544.15
[*]c1ccc(Oc2ccc(-c3cccc(-c4ccc(Oc5ccc(-c6c7c(c([*])c8ccccc68)C(=O)N(c6ccccc6)C7=O)cc5)c(C(F)(F)F)c4)c3)cc2C(F)(F)F)cc1,544.15
[*]c1ccc(Oc2ccc(Oc3ccc(-n4c(=O)c5cc6c(=O)n([*])c(=O)c6cc5c4=O)cc3)c(-c3ccccc3)c2)cc1,544.15
[*]c1ccc2c(c1)C(=O)N(c1cccc(P(=O)(c3ccccc3)c3cccc(N4C(=O)c5ccc(C([*])(C(F)(F)F)C(F)(F)F)cc5C4=O)c3)c1)C2=O,544.15
[*]c1ccc2oc(C3CCC(c4nc5cc(C([*])(C(F)(F)F)C(F)(F)F)ccc5o4)CC3)nc2c1,544.15
[*]Oc1ccc2c(c1)C(=O)N(c1cccc(N3C(=O)c4ccc([*])cc4C3=O)c1)C2=O,543.65
[*]C(=O)Nc1ccc(Oc2ccc(-c3nnc(-c4ccc(Oc5ccc(NC(=O)c6cc([*])cc(NC(=O)c7ccc(OC(C)=O)cc7)c6)cc5)cc4)o3)cc2)cc1,543.15
[*]C(=O)Nc1cccc(Oc2ccc(-c3nnc(-c4ccc(Oc5cccc(NC(=O)c6cc([*])cc(NC(=O)c7ccc(OC(C)=O)cc7)c6)c5)cc4)o3)cc2)c1,543.15
[*]C(=O)c1ccc2c(c1)C(=O)N(c1ccc(N(c3ccccc3)c3ccc(N4C(=O)c5ccc([*])cc5C4=O)cc3)cc1)C2=O,543.15
[*]C(=O)c1cccc(C(=O)c2ccc(Oc3ccc(-c4nc(-c5ccc(-c6nc(-c7ccc(Oc8ccc([*])cc8)cc7)c(-c7ccccc7)[nH]6)cc5)[nH]c4-c4ccccc4)cc3)cc2)c1,543.15
[*]CC([*])(C)C(=O)Oc1ccc(C(=O)c2ccccc2)c(O)c1,543.15
[*]Cc1cc(C)c(Oc2cccc3c2C(=O)N(c2ccc(Oc4ccc(N5C(=O)c6cccc(Oc7c(C)cc([*])cc7C)c6C5=O)cc4)cc2)C3=O)c(C)c1,543.15
[*]NC(=S)Nc1cccc(NC(=O)c2cccc(C(=O)Nc3ccc(C([*])=O)cc3)c2)c1,543.15
[*]NNC(=O)c1ccc(C(=O)NNC(=O)c2ccc([Si](c3ccccc3)(c3ccccc3)c3ccc(C([*])=O)cc3)cc2)c2ccccc12,543.15
[*]Nc1ccc(Cc2ccc(N3C(=O)c4ccc(S(=O)(=O)c5ccc6c(c5)C(=O)N(c5ccc(Cc7ccc(NC(=O)c8cccc(-c9nc%10cc(-c%11ccc%12[nH]c(-c%13cccc(C([*])=O)c%13)nc%12c%11)ccc%10[nH]9)c8)cc7)cc5)C6=O)cc4C3=O)cc2)cc1,543.15
[*]Nc1ccc(Cc2ccc(NC(=O)c3cc(C([*])=O)cc(S(=O)(=O)c4ccccc4)c3)cc2)cc1,543.15
[*]Nc1ccc(Cc2ccc(NC(=O)c3ccc4c(c3)C(=O)N(c3ccc(Oc5ccc(N6C(=O)c7ccc(C([*])=O)cc7C6=O)cc5)cc3)C4=O)cc2)cc1,543.15
[*]Nc1ccc(Oc2ccc(-c3ccc(Oc4ccc(NC(=O)c5cccc(N6C(=O)c7ccc(-c8ccc9c(c8)C(=O)N(c8cccc(C([*])=O)c8)C9=O)cc7C6=O)c5)cc4)cc3)cc2)cc1,543.15
[*]Oc1c(Cl)cc(C(c2cc(Cl)c(OC([*])=O)c(Cl)c2)C2CC3CCC2C3)cc1Cl,543.15
[*]Oc1ccc(C2(c3ccc(OC(=O)c4cccc(C([*])=O)c4)cc3)C(=O)Nc3c(Cl)cc(Cl)cc32)cc1,543.15
[*]Oc1ccc(OC(=O)c2ccc3c(c2)C(=O)N(c2ccc(Oc4ccc(N5C(=O)c6ccc(C([*])=O)cc6C5=O)cc4)cc2)C3=O)cc1,543.15
[*]Oc1ccc2nc(-c3cccc(-c4nc5ccc([*])cc5nc4-c4ccccc4)c3)c(-c3ccccc3)nc2c1,543.15
[*]Oc1ccc2nc(-c3ccccc3)c(-c3cccc(-c4nc5cc([*])ccc5nc4-c4ccccc4)c3)nc2c1,543.15
[*]c1cc(C(=O)Nc2ccc(OC(=O)c3cc(OCCCCCCCCCCCC)c(OCCCCCCCCCCCC)c(OCCCCCCCCCCCC)c3)cc2)cc(-c2cccc(N3C(=O)C4CC(C5CC(=O)N(c6cccc([*])c6)C5=O)C=C(C)C4C3=O)c2)c1,543.15
[*]c1cc(C)c(Oc2ccc(C(=O)c3ccc4cc(C(=O)c5ccc(Oc6c(C)cc([*])cc6C)cc5)ccc4c3)cc2)c(C)c1,543.15
[*]c1cc(C)c(Oc2ccc(N3C(=O)c4ccc(Oc5ccccc5Oc5ccc6c(c5)C(=O)N(c5ccc(Oc7c(C)cc([*])cc7C)c(C(F)(F)F)c5)C6=O)cc4C3=O)cc2C(F)(F)F)c(C)c1,543.15
[*]c1ccc(C(=O)Nc2ccc(NC(=O)c3ccc(C([*])(C(F)(F)F)C(F)(F)F)cc3C(=O)OCC)cc2)c(C(=O)OCC)c1,543.15
[*]c1ccc(Oc2ccc(-c3cnc4cc(Oc5ccc6ncc([*])nc6c5)ccc4n3)cc2)cc1,543.15
[*]c1ccc(Oc2ccc(-c3nc4ccccc4n3-c3ccc(-n4c(-c5ccc(Oc6ccc(S([*])(=O)=O)cc6)cc5)nc5ccccc54)cc3)cc2)cc1,543.15
[*]c1ccc(Oc2ccc(C(c3ccc(Oc4ccc(N5C(=O)c6ccc7c8c(ccc(c68)C5=O)C(=O)N([*])C7=O)cc4)c(S(=O)(=O)O)c3)(C(F)(F)F)C(F)(F)F)cc2S(=O)(=O)O)cc1,543.15
[*]Oc1ccc(C2(c3ccc(OC(=O)c4cccc(C([*])=O)c4)cc3)c3ccccc3-c3ccccc32)cc1,542.65
[*]c1ccc(Oc2ccc(-n3c(=O)c4c(Oc5ccc(OCCCC)cc5)c5c(=O)n([*])c(=O)c5c(Oc5ccc(OCCCC)cc5)c4c3=O)cc2)cc1,542.65
[*]C(=O)c1cccc2cccc(C(=O)c3ccc(Oc4ccc(C5(c6ccc(Oc7ccc([*])cc7)cc6)c6ccccc6-c6ccccc65)cc4)cc3)c12,542.15
[*]Cc1cc(C)c(Oc2cccc3c2C(=O)N(c2cccc(N4C(=O)c5cccc(Oc6c(C)cc([*])cc6C)c5C4=O)c2)C3=O)c(C)c1,542.15
[*]Cc1cc(CC)c(NC(=O)c2ccc3c(c2)C(=O)N(c2ccc(/N=N/c4ccc(C)cc4)c(N4C(=O)c5ccc(C(=O)Nc6c(CC)cc([*])cc6CC)cc5C4=O)c2)C3=O)c(CC)c1,542.15
[*]Cc1ccc(N2C(=O)c3ccc(Oc4ccc(Oc5ccc6c(c5)C(=O)N(c5ccc([*])cc5OC)C6=O)cc4)cc3C2=O)c(OC)c1,542.15
[*]NC(=O)Nc1ccc(Oc2ccc(NC(=O)Nc3ccc(C)c([*])c3)cc2)cc1,542.15
[*]Nc1ccc(Oc2ccc(C3(c4ccc(Oc5ccc(NC(=O)c6ccc(C([*])=O)c7ccccc67)cc5)cc4)C4CC5CC(C4)CC3C5)cc2)cc1,542.15
[*]Oc1ccc2c(c1)C(=O)N(c1ccc(C(c3ccccc3)c3ccc(N4C(=O)c5ccc([*])cc5C4=O)cc3)cc1)C2=O,542.15
[*]Oc1ccc2c(c1)C(=O)N(c1ccc(Sc3ccc(N4C(=O)c5ccc([*])cc5C4=O)cc3)cc1)C2=O,542.15
[*]c1cc(C)c(Oc2ccc(S(=O)(=O)c3ccc(Oc4cc(C)c(C5([*])OC(=O)c6ccccc65)cc4C)cc3)cc2)cc1C,542.15
[*]c1ccc(-c2nc3ccc(-c4ccc5nc(-c6ccc(C([*])(C(F)(F)F)C(F)(F)F)cc6)[nH]c5c4)cc3[nH]2)cc1,542.15
[*]c1ccc(Nc2ccc(S(=O)(=O)c3ccc(Nc4ccc(C5([*])c6ccccc6-c6ccccc65)cc4C)cc3)cc2)c(C)c1,542.15
[*]c1ccc(Oc2ccc(-c3ccc(S([*])(=O)=O)cc3)cc2)cc1,542.15
[*]Oc1ccc2c(c1)C(=O)N(c1ccc(Oc3ccc(N4C(=O)c5ccc([*])cc5C4=O)cc3)cc1)C2=O,542.15
[*]Oc1cc(-c2ccccc2)c2cc(-c3ccc(Oc4ccc(-c5ccc6nc([*])cc(-c7ccccc7)c6c5)cc4)cc3)ccc2n1,541.65
[*]c1ccc2c(c1)C(=O)N(c1ccc(Oc3ccc(-c4cnc(N5C(=O)c6ccc(C([*])(C(F)(F)F)C(F)(F)F)cc6C5=O)s4)cc3)cc1)C2=O,541.35
[*]C(=O)Nc1ccc(Oc2ccc(NC(=O)c3cc([*])cc(C(C)(C)C)c3)cc2)cc1,541.15
[*]C(=O)c1ccc(N2C(=O)c3ccc(Oc4ccc(Oc5ccc6c(c5)C(=O)N(c5ccc([*])cc5)C6=O)cc4)cc3C2=O)cc1,541.15
[*]C(=O)c1ccc(Oc2ccc(-c3nc4ccccc4n3-c3ccc(-c4ccc(-n5c(-c6ccc(Oc7ccc([*])cc7)cc6)nc6ccccc65)cc4)cc3)cc2)cc1,541.15
[*]COc1ccc2ccccc2c1Sc1c(OCC(=O)Nc2ccc(NC([*])=O)cc2)ccc2ccccc12,541.15
[*]Nc1ccc(C#Cc2cccc(NC(=O)c3cccc(C([*])=O)c3)c2)cc1,541.15
[*]Nc1ccc(Oc2ccc(Oc3ccc(NC(=O)c4cccc(N5C(=O)c6ccc(-c7cccc8c7C(=O)N(c7cccc(C([*])=O)c7)C8=O)cc6C5=O)c4)cc3)cc2)cc1,541.15
[*]Nc1ccc(Oc2ccccc2-c2ccccc2Oc2ccc(NC(=O)c3ccc4c(c3)C(=O)N(c3ccc(N5C(=O)c6ccc(C([*])=O)cc6C5=O)cc3)C4=O)cc2)cc1,541.15
[*]Oc1ccc(C(=O)Nc2ccc(C(c3ccc(NC(=O)c4ccc(Oc5cc(C(C)(C)C)c([*])cc5C(C)(C)C)cc4)cc3)(C(F)(F)F)C(F)(F)F)cc2)cc1,541.15
[*]c1cc(C(=O)Nc2ccc(OC(=O)c3cc(OCCCCCCCCCCCC)c(OCCCCCCCCCCCC)c(OCCCCCCCCCCCC)c3)cc2)cc(-c2cccc(N3C(=O)c4ccc(S(=O)(=O)c5ccc6c(c5)C(=O)N(c5cccc([*])c5)C6=O)cc4C3=O)c2)c1,541.15
[*]c1cc(N2C(=O)c3ccc(C(=O)Nc4ccc(Cc5ccc(NC(=O)c6ccc7c(c6)C(=O)N([*])C7=O)cc5)cc4)cc3C2=O)ccc1/N=N/c1ccc(C)cc1,541.15
[*]c1ccc(Oc2ccc(C(=O)c3ccc4c(c3)C(=O)N(c3ccc(Cc5ccc(N6C(=O)c7ccc(C(=O)c8ccc(Oc9ccc(C%10([*])OC(=O)c%11ccccc%11%10)cc9)cc8)cc7C6=O)cc5)cc3)C4=O)cc2)cc1,541.15
[*]c1ccc(Oc2ccc3c(c2)C(=O)N(c2ccc(N4C(=O)c5ccc(Oc6cccc(C([*])(C)C)c6)cc5C4=O)cc2)C3=O)cc1,541.15
[*]c1cccc(-c2cc(-c3ccc(Oc4ccc(-c5cc([*])nc6ccccc56)cc4)cc3)c3ccccc3n2)c1,541.15
[*]C(=O)c1ccc2c(c1)C(=O)N(c1ccc(C(c3ccc(N4C(=O)c5ccc(C(=O)c6cc([*])cc(C(C)(C)C)c6)cc5C4=O)cc3)(C(F)(F)F)C(F)(F)F)cc1)C2=O,540.65
[*]Nc1cc(NC(=O)c2ccc(C([*])=O)cc2)cc(-c2nc3ccccc3[nH]2)c1,540.65
[*]Oc1ccc(C2(c3ccc(OC([*])=O)cc3)CC3CC2C2C4CCC(C4)C32)cc1,540.65
[*]Sc1cccc2c1C(=O)N(c1ccc(Oc3ccc(N4C(=O)c5ccc([*])cc5C4=O)cc3)cc1)C2=O,540.65
[*]C1=C(c2ccccc2)C(=O)N(c2ccc(Oc3ccc(Oc4ccc(N5C(=O)C(c6ccccc6)=C(c6ccc([*])cc6)C5=O)cc4)cc3)cc2)C1=O,540.15
[*]CCCCC(=O)Nc1cccc(NC(=S)NC(=O)c2ccc(NC([*])=O)cc2)c1,540.15
[*]Nc1ccc(Oc2ccc(-c3ccc(Oc4ccc(NC(=O)c5ccc6c(c5)C(=O)N(c5ccc(Oc7ccc(S(=O)(=O)c8ccc(Oc9ccc(N%10C(=O)c%11ccc(C([*])=O)cc%11C%10=O)cc9)cc8)cc7)cc5)C6=O)cc4)cc3)cc2)cc1,540.15
[*]Nc1ccc(Oc2ccc(C3(c4ccc(Oc5ccc(NC(=O)c6ccc7c(c6)C(=O)N(c6ccc(Oc8cccc(Oc9ccc(N%10C(=O)c%11ccc(C([*])=O)cc%11C%10=O)cc9)c8)cc6)C7=O)cc5)cc4)NC(=O)c4ccccc43)cc2)cc1,540.15
[*]Oc1ccc(-c2ccc(OC(=O)c3ccc(C([*])=O)cc3)cc2)cc1,540.15
[*]Oc1ccc(OC(=O)c2ccc(C([*])=O)cc2)c(C2CC3CCC2C3)c1,540.15
[*]Oc1ccc(OC(=O)c2ccc(C([*])=O)cc2)cc1,540.15
[*]Oc1ccc(S(=O)(=O)c2ccc(Oc3cccc4c3C(=O)N(c3ccc(Oc5ccc(N6C(=O)c7cccc([*])c7C6=O)cc5)cc3)C4=O)cc2)cc1,540.15
[*]Oc1ccc(S(=O)(=O)c2cccc(Oc3cccc4c3C(=O)N(c3ccc(Oc5ccc(N6C(=O)c7cccc([*])c7C6=O)cc5)cc3)C4=O)c2)cc1,540.15
[*]c1c(Br)cc(OC(=O)Oc2cc(Br)c(C([*])(C)C)c(Br)c2)cc1Br,540.15
[*]c1c(C)cc(C)c(N2C(=O)c3ccc(C(=O)Nc4ccc(-c5ccc(NC(=O)c6ccc7c(c6)C(=O)N([*])C7=O)cc5C(F)(F)F)c(C(F)(F)F)c4)cc3C2=O)c1C,540.15
[*]c1ccc(Oc2ccc(C(C)(C)c3ccccc3)cc2)c(N2C(=O)c3ccc(C(=O)c4ccc5c(c4)C(=O)N([*])C5=O)cc3C2=O)c1,540.15
[*]c1ccc(Oc2ccc(S(=O)(=O)c3ccc(-c4ccc(S(=O)(=O)c5ccc(Oc6ccc(S([*])(=O)=O)cc6)cc5)cc4)cc3)cc2)cc1,540.15
[*]c1ccc(Oc2ccc3c(c2)C(=O)N(c2ccc(S(=O)(=O)c4ccc(N5C(=O)c6ccc(Oc7ccc(C([*])(C)C)cc7)cc6C5=O)cc4)cc2)C3=O)cc1,540.15
[*]c1ccc2c(c1)C(=O)N(c1ccc(Oc3ccc4nc(-c5ccc(Oc6ccc(-c7nc8ccc(Oc9ccc(N%10C(=O)c%11ccc(C([*])(C(F)(F)F)C(F)(F)F)cc%11C%10=O)cc9)cc8nc7-c7ccccc7)cc6)cc5)c(-c5ccccc5)nc4c3)cc1)C2=O,540.15
[*]c1ccc2c(c1)C(=O)N(c1cccc(C(c3cccc(N4C(=O)c5ccc([*])cc5C4=O)c3)(C(F)(F)F)C(F)(F)F)c1)C2=O,540.15
[*]C(=O)c1cc(C(=O)c2ccc3c(c2)C(=O)N(c2cccc(N4C(=O)c5ccc([*])cc5C4=O)c2)C3=O)cc(-c2ccccc2)c1,539.65
[*]Oc1ccc2ccccc2c1-c1c(OC(=O)c2ccc(N3C(=O)c4ccc(C(=O)Oc5ccc6ccccc6c5-c5c(OC(=O)c6ccc7c(c6)C(=O)N(c6ccc(C([*])=O)cc6)C7=O)ccc6ccccc56)cc4C3=O)cc2)ccc2ccccc12,539.65
[*]c1ccc(OC(C)=O)c(N2C(=O)c3ccc(C(c4ccc5c(c4)C(=O)N(c4cc(C([*])(C(F)(F)F)C(F)(F)F)ccc4OC(C)=O)C5=O)(C(F)(F)F)C(F)(F)F)cc3C2=O)c1,539.65
[*]C(=O)c1c(C(=O)c2ccc(Oc3ccc(Oc4ccc([*])cc4)cc3)cc2)c(-c2ccc(F)cc2)c(-c2ccc(F)cc2)c(-c2ccc(F)cc2)c1-c1ccc(F)cc1,539.15
[*]C(=O)c1ccc(Oc2ccc(N3C(=O)c4ccc(C(c5ccc6c(c5)C(=O)N(c5ccc(Oc7ccc([*])cc7)cc5)C6=O)(C(F)(F)F)C(F)(F)F)cc4C3=O)cc2)cc1,539.15
[*]C1CC(C)(C)CC(C)(CN2C(=O)c3ccc(Oc4ccc5c(c4)C(=O)N([*])C5=O)cc3C2=O)C1,539.15
[*]CN1C(=O)c2ccc(C(=O)Nc3ccc(Cc4ccc(NC([*])=O)cc4)cc3)cc2C1=O,539.15
[*]Cc1cc(C)c(Oc2ccc3c(c2)C(=O)N(c2ccc(Oc4ccc(N5C(=O)c6ccc(Oc7c(C)cc([*])cc7C)cc6C5=O)cc4)cc2)C3=O)c(C)c1,539.15
[*]Cc1cc(CC)c(N2C(=O)c3ccc(C(c4ccc5c(c4)C(=O)N(c4c(CC)cc([*])cc4CC)C5=O)(C(F)(F)F)C(F)(F)F)cc3C2=O)c(CC)c1,539.15
[*]Nc1ccc(C(c2ccc(NC(=O)c3ccc(OC(=O)c4ccc(C(=O)Oc5ccc(C([*])=O)cc5)cc4)cc3)cc2)(C(F)(F)F)C(F)(F)F)cc1,539.15
[*]Nc1ccc(Oc2ccc(C(c3ccc(Oc4ccc(NC(=O)c5cccc(N6C(=O)c7ccc(C(c8ccc9c(c8)C(=O)N(c8cccc(C([*])=O)c8)C9=O)(C(F)(F)F)C(F)(F)F)cc7C6=O)c5)cc4)cc3)(C(F)(F)F)C(F)(F)F)cc2)cc1,539.15
[*]Nc1ccc(Oc2ccc(C3(c4ccc(Oc5ccc(NC(=O)c6ccc7cc(C([*])=O)ccc7c6)cc5)cc4)C4CC5CC(C4)CC3C5)cc2)cc1,539.15
[*]Oc1ccc(N2C(=O)c3ccc([*])cc3C2=O)cc1,539.15
[*]Oc1ccc(Oc2ccc3c(c2)C(=O)N(c2ccc(-c4ccc(N5C(=O)c6ccc([*])cc6C5=O)cc4)cc2)C3=O)cc1,539.15
[*]Oc1ccc(S(=O)(=O)c2ccc(Oc3cccc4c3C(=O)N(c3cccc(N5C(=O)c6cccc([*])c6C5=O)c3)C4=O)cc2)cc1,539.15
[*]Oc1ccc2c(c1)C(=O)N(c1cc(C(c3ccc(O)c(N4C(=O)c5ccc([*])cc5C4=O)c3)(C(F)(F)F)C(F)(F)F)ccc1O)C2=O,539.15
[*]Oc1cccc(S(=O)(=O)c2ccc(Oc3cccc4c3C(=O)N(c3cccc(N5C(=O)c6cccc([*])c6C5=O)c3)C4=O)cc2)c1,539.15
[*]Sc1ccc(Sc2ccc(Sc3cccc4c3C(=O)N(N3C(=O)c5cccc([*])c5C3=O)C4=O)cc2)cc1,539.15
[*]c1ccc(-n2nccc2-c2ccc(-c3ccnn3-c3ccc(S([*])(=O)=O)cc3)cc2)cc1,539.15
[*]c1ccc(C)c(N2C(=O)c3ccc(C(=O)Nc4ccc(Oc5ccccc5-c5ccccc5Oc5ccc(NC(=O)c6ccc7c(c6)C(=O)N([*])C7=O)cc5)cc4)cc3C2=O)c1,539.15
[*]c1ccc(C)c(N2C(=O)c3ccc(C(c4ccc5c(c4)C(=O)N(c4ccc(C([*])(C(F)(F)F)C(F)(F)F)cc4C)C5=O)(C(F)(F)F)C(F)(F)F)cc3C2=O)c1,539.15
[*]c1ccc(Oc2ccc(-c3cc(-c4ccccc4)c4cc(Oc5ccc6nc([*])cc(-c7ccccc7)c6c5)ccc4n3)cc2)cc1,539.15
[*]c1ccc(Oc2ccc(NC(=O)c3ccc(N4C(=O)c5ccc(C(c6ccc7c(c6)C(=O)N(c6ccc(C(=O)Nc8ccc(Oc9ccc(C([*])(C)C)cc9)cc8)cc6)C7=O)(C(F)(F)F)C(F)(F)F)cc5C4=O)cc3)cc2)cc1,539.15
[*]c1ccc(Oc2ccc3c(c2)C(=O)N(c2ccc(Oc4ccc(C5(c6ccc(Oc7ccc(N8C(=O)c9ccc(Oc%10ccc(C%11([*])CCC(C(C)(C)C)CC%11)cc%10)cc9C8=O)cc7)cc6)C6CC7CC(C6)CC5C7)cc4)cc2)C3=O)cc1,539.15
[*]c1ccc2c(c1)C(=O)N(c1ccc(OCC(F)(F)C(F)(F)C(F)(F)F)c(N3C(=O)c4ccc(C([*])(C(F)(F)F)C(F)(F)F)cc4C3=O)c1)C2=O,539.15
[*]C(=O)c1cccc(N2C(=O)c3ccc(C(=O)c4ccc5c(c4)C(=O)N(c4cccc(Cc6ccc([*])cc6)c4)C5=O)cc3C2=O)c1,538.65
[*]c1cc(C)c(Oc2cc(N3C(=O)c4ccc(C(=O)c5ccc6c(c5)C(=O)N(c5cc(Oc7c(C)cc([*])cc7C)cc(C(F)(F)F)c5)C6=O)cc4C3=O)cc(C(F)(F)F)c2)c(C)c1,538.55
[*]C(=O)c1ccc2c(c1)C(=O)N(c1c(-c3ccccc3)cc(-c3ccc(-c4cc(-c5ccccc5)c(N5C(=O)c6ccc([*])cc6C5=O)c(-c5ccccc5)c4)cc3)cc1-c1ccccc1)C2=O,538.15
[*]C(=S)Nc1ccc(Oc2ccc(NC(=S)n3c(=O)c4cc5c(=O)n([*])c(=O)c5cc4c3=O)cc2)cc1,538.15
[*]C=CC(=O)Nc1ccc(OC(=O)/C=C/C(=O)NNC(=O)/C=C/C(=O)Oc2ccc(NC(=O)/C=C/C(=O)NNC([*])=O)cc2)cc1,538.15
[*]CC1CC2CC1C1CCC(Cn3c(=O)c4cc5c(=O)n([*])c(=O)c5cc4c3=O)C21,538.15
[*]CCCCCCCCC(=O)Nc1cccc(NC(=S)NC(=O)c2ccc(NC([*])=O)cc2)c1,538.15
[*]Cc1cc(C)c(N2C(=O)c3ccc(Oc4cc5ccccc5cc4Oc4ccc5c(c4)C(=O)N(c4c(C)cc([*])cc4C)C5=O)cc3C2=O)c(C)c1,538.15
[*]Nc1ccc(Cc2ccc(NC(=O)c3cccc(C([*])=O)c3)cc2)cc1,538.15
[*]Nc1ccc(Oc2ccccc2Oc2ccc(NC(=O)c3cccc(N4C(=O)c5ccc(C(c6ccc7c(c6)C(=O)N(c6cccc(C([*])=O)c6)C7=O)(C(F)(F)F)C(F)(F)F)cc5C4=O)c3)cc2)cc1,538.15
[*]Oc1ccc(N2C(=O)c3ccc(-c4ccc5c(c4)C(=O)N(c4ccc(Oc6ccc([*])cc6C)cc4)C5=O)cc3C2=O)cc1,538.15
[*]Oc1ccc(NC(=O)c2ccc3c(c2)C(=O)N(c2ccc(Oc4ccc(C5(c6ccc(Oc7ccc(N8C(=O)c9ccc(C(=O)Nc%10ccc(Oc%11ccc(-c%12ccc([*])cc%12C)c(C)c%11)cc%10)cc9C8=O)cc7)cc6)CC6CC5C5CCCC65)cc4)cc2)C3=O)cc1,538.15
[*]Oc1ccc(S(=O)(=O)c2ccc(Oc3ccc4c(c3)C(=O)N(c3cccc(N5C(=O)c6ccc([*])cc6C5=O)c3)C4=O)cc2)cc1,538.15
[*]Oc1cccc(S(=O)(=O)c2ccc(Oc3ccc4c(c3)C(=O)N(c3cccc(N5C(=O)c6ccc([*])cc6C5=O)c3)C4=O)cc2)c1,538.15
[*]Sc1ccc2c(c1)C(=O)N(c1ccc(Cc3ccc(N4C(=O)c5ccc([*])cc5C4=O)cc3)cc1)C2=O,538.15
[*]c1cc(C)c(N2C(=O)c3cccc(Oc4ccc(C(C)(C)c5ccc(Oc6cccc7c6C(=O)N(c6c(C)cc([*])cc6C)C7=O)cc5)cc4)c3C2=O)c(C)c1,538.15
[*]c1cc(C)c(Oc2ccc3c(c2)C(=O)N(c2ccc(Oc4ccc(C5(c6ccc(Oc7ccc(N8C(=O)c9ccc(Oc%10c(C)cc(C([*])(C)C)cc%10C)cc9C8=O)cc7)cc6)CC6CCC5C6)cc4)cc2)C3=O)c(C)c1,538.15
[*]c1ccc(-c2nnc(-c3cccc(-c4nnc(-c5ccc([Si]([*])(c6ccccc6)c6ccccc6)cc5)o4)n3)o2)cc1,538.15
[*]c1ccc(C(=O)Oc2ccc(C(C)(C)c3ccc(OC(=O)c4ccc5c(c4)C([*])(C)CC5(C)C)cc3)cc2)cc1,538.15
[*]c1ccc(N2C(=O)c3ccc(Oc4ccc5c(c4)C(=O)N(c4ccc(C([*])(C)C)cc4)C5=O)cc3C2=O)cc1,538.15
[*]c1ccc(N2C(=O)c3ccc(Oc4cccc5c(Oc6ccc7c(c6)C(=O)N(c6ccc(C([*])(C)C)cc6)C7=O)cccc45)cc3C2=O)cc1,538.15
[*]c1ccc(Oc2ccc(-c3ccc(-n4c(=O)c5cc6c(=O)n(-c7ccc(-c8ccc(Oc9ccc%10c(c9)C([*])(C)CC%10(C)C)c(C(F)(F)F)c8)cc7)c(=O)c6cc5c4=O)cc3)cc2C(F)(F)F)cc1,538.15
[*]c1ccc(Oc2ccc(-c3nnc(-c4ccccn4)nc3-c3ccc(Oc4ccc(S([*])(=O)=O)cc4)cc3)cc2)cc1,538.15
[*]c1ccc2c(c1)C(=O)N(C1CCC(CC3CCC(N4C(=O)c5ccc(C([*])(C(F)(F)F)C(F)(F)F)cc5C4=O)CC3)CC1)C2=O,538.15
[*]c1ccc2c(c1)C(=O)N(c1ccc(NC(=O)C(F)(F)C(F)(F)C(F)(F)C(F)(F)C(F)(F)C(F)(F)C(=O)Nc3ccc(N4C(=O)c5ccc(C([*])(C(F)(F)F)C(F)(F)F)cc5C4=O)cc3)cc1)C2=O,538.15
[*]c1cc(C)c(Oc2cc(N3C(=O)c4ccc(C(c5ccc6c(c5)C(=O)N(c5cc(Oc7c(C)cc([*])cc7C)cc(C(F)(F)F)c5)C6=O)(C(F)(F)F)C(F)(F)F)cc4C3=O)cc(C(F)(F)F)c2)c(C)c1,537.95
[*]C(=O)c1ccc2c(c1)C(=O)N(c1cccc(N3C(=O)c4ccc(C(=O)c5cc([*])cc(C(C)(C)C)c5)cc4C3=O)c1)C2=O,537.65
[*]c1cc(C)c(N2C(=O)c3ccc(Oc4ccc5c(c4)C(=O)N(c4c(C)cc(C([*])c6cccc(C(F)(F)F)c6)cc4C)C5=O)cc3C2=O)c(C)c1,537.25
[*]C(=O)c1ccc2c(c1)C(=O)N(c1cccc(P(=O)(c3ccc(C(F)(F)F)cc3)c3cccc(N4C(=O)c5ccc([*])cc5C4=O)c3)c1)C2=O,537.15
[*]COc1ccc2ccccc2c1Sc1c(OCC(=O)Nc2cccc3c(NC([*])=O)cccc23)ccc2ccccc12,537.15
[*]Cc1cc(C)c(N2C(=O)c3ccc(C(=O)Nc4cc(NC(=O)c5ccc6c(c5)C(=O)N(c5c(C)cc([*])cc5C)C6=O)ccc4/N=N/c4ccc([N+](=O)[O-])cc4)cc3C2=O)c(C)c1,537.15
[*]Cc1cc(C)c(Oc2ccc3c(c2)C(=O)N(c2c(C)cc(Cc4cc(C)c(N5C(=O)c6ccc(Oc7c(C)cc([*])cc7C)cc6C5=O)c(C)c4)cc2C)C3=O)c(C)c1,537.15
[*]Nc1ccc(Oc2ccc(C3(c4ccc(Oc5ccc(NC(=O)c6ccc(C([*])=O)cc6)cc5)cc4)C4CC5CC(C4)CC3C5)cc2)cc1,537.15
[*]Nc1ccc(Oc2ccc(NC(=O)c3cccc(C([*])=O)c3)cc2)cc1,537.15
[*]Nc1ccc(Oc2cccc(Oc3ccc(NC(=O)c4cccc(N5C(=O)c6ccc(C(c7ccc8c(c7)C(=O)N(c7cccc(C([*])=O)c7)C8=O)(C(F)(F)F)C(F)(F)F)cc6C5=O)c4)cc3)c2)cc1,537.15
[*]Oc1ccc2c(c1)C(=O)N(c1ccc(Oc3ccc(C(c4ccc(Oc5ccc(N6C(=O)c7ccc([*])cc7C6=O)cc5)cc4)(C(F)(F)F)C(F)(F)F)cc3)cc1)C2=O,537.15
[*]Oc1ccc2c(c1)C(=O)N(c1ccccc1Oc1ccc(N3C(=O)c4ccc([*])cc4C3=O)cc1)C2=O,537.15
[*]c1ccc(-c2ccc(C([*])(C(F)(F)F)C(F)(F)F)cc2)cc1,537.15
[*]c1ccc(N2C(=O)c3ccc(Oc4ccc(Oc5ccc6c(c5)C(=O)N(c5ccc(C([*])(C)C)cc5)C6=O)cc4)cc3C2=O)cc1,537.15
[*]c1ccc(Oc2ccc(-c3ccc(Oc4ccc(S(=O)(=O)c5ccc(-c6ccc(-c7ccc(S([*])(=O)=O)cc7)cc6)cc5)cc4)cc3)cc2)cc1,537.15
[*]c1ccc(Oc2ccc(C(=O)c3c(C(=O)c4ccc(Oc5ccc(C([*])(C)C)cc5)cc4)c(-c4ccccc4)c(-c4ccc5ccccc5c4)c(-c4ccc5ccccc5c4)c3-c3ccccc3)cc2)cc1,537.15
[*]c1ccc(Oc2cccc(-c3cc(-c4ccccc4)cc(-c4cccc(Oc5ccc(-n6c(=O)c7cc8c(=O)n([*])c(=O)c8cc7c6=O)cc5)c4)n3)c2)cc1,537.15
[*]c1ccc(Oc2ccc(N3C(=O)C4CCC5C(=O)N(c6ccc(Oc7ccc(C([*])(C)C)cc7)cc6)C(=O)C5C4C3=O)cc2)cc1,536.65
[*]C(=O)Nc1ccc(Oc2ccc(S(=O)(=O)c3ccc(Oc4ccc(NC(=O)c5cc([*])cc(NC(=O)c6ccc(OC(C)=O)cc6)c5)cc4)cc3)cc2)cc1,536.15
[*]C(=O)Nc1ccc(Oc2ccc3cccc(Oc4ccc(NC(=O)c5cc([*])cc(C(C)(C)C)c5)cc4)c3c2)cc1,536.15
[*]C(=O)c1ccc(-n2nc(-c3ccc(Oc4ccc([*])cc4)cc3)c3ccccc3c2=O)cc1,536.15
[*]C1CCC2C(=O)N(c3cccc(N4C(=O)C5CCC([*])CC5C4=O)c3)C(=O)C2C1,536.15
[*]CC1CCCC(Cn2c(=O)c3cc4c(=O)n([*])c(=O)c4cc3c2=O)C1,536.15
[*]CN1C(=O)c2ccc(C(c3ccc4c(c3)C(=O)N(CC(=O)Nc3ccc(Oc5ccc(-c6nnc(-c7ccc(Oc8ccc(NC([*])=O)cc8)cc7)o6)cc5)cc3)C4=O)(C(F)(F)F)C(F)(F)F)cc2C1=O,536.15
[*]Cc1cc(C(C)C)c(N2C(=O)c3ccc(C(=O)c4ccc5c(c4)C(=O)N(c4c(C(C)C)cc([*])cc4C(C)C)C5=O)cc3C2=O)c(C(C)C)c1,536.15
[*]NNC(=O)c1ccc(Oc2ccc(C([*])=O)cc2)cc1,536.15
[*]Nc1ccc(Oc2ccc(S(=O)(=O)c3ccc(Oc4ccc(NC(=O)c5cccc(N6C(=O)c7ccc(-c8cccc9c8C(=O)N(c8cccc(C([*])=O)c8)C9=O)cc7C6=O)c5)cc4)cc3)cc2)cc1,536.15
[*]Nc1ccc(Oc2cccc(NC(=O)c3ccc4c(c3)C(=O)N(c3ccc(Oc5ccc6ccc(Oc7ccc(N8C(=O)c9ccc(C([*])=O)cc9C8=O)cc7)cc6c5)cc3)C4=O)c2)cc1,536.15
[*]Nc1cccc(NC(=O)c2ccc3c(c2)C(=O)N(c2ccc(Oc4cccc5c(Oc6ccc(N7C(=O)c8ccc(C([*])=O)cc8C7=O)cc6)cccc45)cc2)C3=O)c1,536.15
[*]Oc1ccc(N2C(=O)c3ccc(S(=O)(=O)c4ccc5c(c4)C(=O)N(c4ccc(Oc6cc(C(C)(C)C)c([*])cc6C(C)(C)C)cc4)C5=O)cc3C2=O)cc1,536.15
[*]Oc1ccc2c(c1)C(=O)N(c1cc(N3C(=O)c4ccc([*])cc4C3=O)c(O)cc1O)C2=O,536.15
[*]Oc1ccc2nc(-c3ccccc3)c(-c3ccc(Oc4ccc(-c5nc6cc([*])ccc6nc5-c5ccccc5)cc4)cc3)nc2c1,536.15
[*]Oc1cccc2c1C(=O)N(c1cccc(Oc3ccc(Oc4ccc(N5C(=O)c6cccc([*])c6C5=O)cc4)cc3)c1)C2=O,536.15
[*]c1ccc(Oc2ccc(-c3ccc(-c4ccc(Oc5ccc(S(=O)(=O)c6ccc(-c7ccc(S([*])(=O)=O)cc7)cc6)cc5)cc4)cc3)cc2)cc1,536.15
[*]c1ccc(Oc2ccc(C3(c4ccc(Oc5ccc(P([*])(C)=O)cc5)cc4)OC(=O)c4ccccc43)cc2)cc1,536.15
[*]c1ccc2c(c1)C(=O)N(c1cc(N3C(=O)c4ccc([Si]([*])(C)C)cc4C3=O)cc(C(F)(F)F)c1)C2=O,536.15
[*]c1ccc2c(c1)C(=O)N(c1ccc(-c3ccc(N4C(=O)c5ccc(C([*])(C(F)(F)F)C(F)(F)F)cc5C4=O)cc3-c3cc(C(F)(F)F)cc(C(F)(F)F)c3)c(-c3cc(C(F)(F)F)cc(C(F)(F)F)c3)c1)C2=O,536.15
[*]c1ccc2c(c1)C(=O)N(c1cccc(C(c3cccc(N4C(=O)c5ccc(C([*])(C(F)(F)F)C(F)(F)F)cc5C4=O)c3)(C(F)(F)F)C(F)(F)F)c1)C2=O,536.15
[*]c1ccc2nc(-c3ccc(Oc4ccc(Oc5ccc(Oc6ccc(-c7nc8ccc([*])cc8nc7-c7ccccc7)cc6)cc5)cc4)cc3)c(-c3ccccc3)nc2c1,536.15
[*]C(=O)c1ccc2c(c1)C(=O)N(c1ccc(C(c3ccc(N4C(=O)c5ccc(C(=O)c6cccc([*])c6)cc5C4=O)cc3)(C(F)(F)F)C(F)(F)F)cc1)C2=O,535.65
[*]C(=O)c1ccc(C(=O)c2ccc(Oc3ccc(-c4nc(-c5cccc(-c6nc(-c7ccc(Oc8ccc([*])cc8)cc7)c(-c7ccccc7)[nH]6)c5)[nH]c4-c4ccccc4)cc3)cc2)cc1,535.15
[*]C(=O)c1ccc2c(c1)C(=O)N(C(=S)Nc1ccc(Oc3ccc(NC(=S)N4C(=O)c5ccc([*])cc5C4=O)cc3)cc1)C2=O,535.15
[*]C(=O)c1ccc2c(c1)C(=O)N(c1cc(N3C(=O)c4ccc([*])cc4C3=O)ccc1OCC(F)(F)C(F)(F)C(F)(F)F)C2=O,535.15
[*]CN1C(=O)c2ccc(C(=O)Nc3ccc(Oc4ccc(NC([*])=O)cc4)cc3)cc2C1=O,535.15
[*]Nc1ccc(Oc2ccc(-c3ccc(Oc4ccc(NC(=O)c5ccc6c(c5)C(=O)N(c5ccc(Oc7ccc(N8C(=O)c9ccc(C([*])=O)cc9C8=O)cc7)cc5)C6=O)cc4)cc3)cc2)cc1,535.15
[*]Nc1ccc(Oc2ccc(N3C(=O)c4ccc(Oc5ccc(C([*])=O)cc5)cc4C3=O)cc2)cc1,535.15
[*]Nc1cccc(Oc2ccc(S(=O)(=O)c3ccc(Oc4cccc(NC(=O)c5ccc(N6C(=O)c7ccc(-c8ccc9c(c8)C(=O)N(c8ccc(C([*])=O)cc8)C9=O)cc7C6=O)cc5)c4)cc3)cc2)c1,535.15
[*]Oc1ccc(C2(c3ccc(Oc4ccc5c(c4)C(=O)N(c4ccc(Oc6ccc(C7(c8ccc(Oc9ccc(N%10C(=O)c%11ccc([*])cc%11C%10=O)cc9)cc8)C8CC9CC(C8)CC7C9)cc6)cc4)C5=O)cc3)CCCCCCCCCCC2)cc1,535.15
[*]Oc1ccc(N2C(=O)c3ccc(Oc4ccc(C5(c6ccc(Oc7ccc8c(c7)C(=O)N(c7ccc(Oc9ccc([*])cc9C(C)(C)C)cc7)C8=O)cc6)CCCCCCCCCCC5)cc4)cc3C2=O)cc1,535.15
[*]Oc1ccc2c(c1)C(=O)N(c1ccc(Oc3ccc(-c4ccc(Oc5ccc(N6C(=O)c7ccc(Oc8cc(C(C)(C)C)c([*])cc8C(C)(C)C)cc7C6=O)cc5)cc4)cc3)cc1)C2=O,535.15
[*]c1cc(C)c(Oc2ccc(S(=O)(=O)c3cccc4c(S(=O)(=O)c5ccc(Oc6c(C)cc([*])cc6C)cc5)cccc34)cc2)c(C)c1,535.15
[*]c1cc(C)c(Oc2ccc3c(c2)C(=O)N(c2ccc(-c4ccc(N5C(=O)c6ccc(Oc7c(C)cc(C([*])(C)C)cc7C)cc6C5=O)cc4C(F)(F)F)c(C(F)(F)F)c2)C3=O)c(C)c1,535.15
[*]c1cc(C)c(Oc2ccc3c(c2)C(=O)N(c2ccc(Oc4ccc(C5(c6ccc(Oc7ccc(N8C(=O)c9ccc(Oc%10c(C)cc(C([*])(C)C)cc%10C)cc9C8=O)cc7)cc6)CC6CC5C5CCCC65)cc4)cc2)C3=O)c(C)c1,535.15
[*]c1ccc(-c2nnc(-c3ccc([Si]([*])(c4ccccc4)c4ccccc4)cc3)o2)cc1,535.15
[*]c1ccc(Oc2ccc(-c3ccc(N4C(=O)c5ccc(C(c6ccc7c(c6)C(=O)N(c6ccc(-c8ccc(Oc9ccc%10c(c9)C([*])(C)CC%10(C)C)c(C(F)(F)F)c8)cc6)C7=O)(C(F)(F)F)C(F)(F)F)cc5C4=O)cc3)cc2C(F)(F)F)cc1,535.15
[*]c1ccc2c(c1)C(=O)N(c1ccc(OCC(F)(F)C(F)(F)C(F)(F)C(F)(F)C(F)(F)C(F)(F)F)c(N3C(=O)c4ccc([*])cc4C3=O)c1)C2=O,535.15
[*]c1ccc2c(c1)C(=O)N(c1cccc(C(O)c3cccc(N4C(=O)c5ccc(C([*])(C(F)(F)F)C(F)(F)F)cc5C4=O)c3)c1)C2=O,535.15
[*]C(=O)c1ccc2c(c1)C(=O)N(c1ccc(CP(=O)(OCCCl)OCCCl)c(N3C(=O)c4ccc([*])cc4C3=O)c1)C2=O,534.15
[*]CC([*])(C)C(=O)OCC[N+](C)(C)CCCCS(=O)(=O)O,534.15
[*]Nc1cccc(S(=O)(=O)c2cccc(NC(=O)c3cccc(N4C(=O)c5ccc(-c6cccc7c6C(=O)N(c6cccc(C([*])=O)c6)C7=O)cc5C4=O)c3)c2)c1,534.15
[*]Oc1ccc(N2C(=O)c3ccc(Oc4ccc5c(c4)C(=O)N(c4ccc(Oc6cc(C)c([*])c(C)c6C)cc4)C5=O)cc3C2=O)cc1,534.15
[*]c1cc(C)c(OC(=O)c2cccc(C(=O)Oc3c(C)cc(C4([*])CCC5CCCCC5C4)cc3C)c2)c(C)c1,534.15
[*]c1ccc(Oc2ccc(C(c3ccccc3)(c3ccccc3)c3ccc(Oc4ccc(-c5nc([*])nc(-c6ccccc6)n5)cc4)cc3)cc2)cc1,534.15
[*]c1ccc(Oc2ccc(NC(=O)c3cccc(N4C(=O)c5cccc(-c6ccc7c(c6)C(=O)N(c6cccc(C(=O)Nc8ccc(Oc9ccc(C([*])(C)C)cc9)cc8)c6)C7=O)c5C4=O)c3)cc2)cc1,534.15
[*]c1cccc(Oc2cccc(Oc3cccc(N4C(=O)c5c(c(-c6ccccc6)c(-c6ccc(Oc7ccc(-c8c(-c9ccccc9)c9c(c(-c%10ccccc%10)c8-c8ccccc8)C(=O)N([*])C9=O)cc7)cc6)c(-c6ccccc6)c5-c5ccccc5)C4=O)c3)c2)c1,534.15
[*]c1ccc2c(c1)C(=O)N(c1ccc(Oc3ccc(Oc4ccc(N5C(=O)c6ccc(C([*])(C(F)(F)F)C(F)(F)F)cc6C5=O)cc4C(F)(F)F)cc3)cc1)C2=O,533.95
[*]C(=O)c1cc(C(=O)c2ccc3c(c2)C(=O)N(c2ccc(C(c4ccc(N5C(=O)c6ccc([*])cc6C5=O)cc4)(C(F)(F)F)C(F)(F)F)cc2)C3=O)cc(-c2ccccc2)c1,533.65
[*]C(=O)c1ccc2c(c1)C(=O)N(c1cccc(C(=O)c3ccc(Cc4ccc(C(=O)c5cccc(N6C(=O)c7ccc([*])cc7C6=O)c5)cc4)cc3)c1)C2=O,533.65
[*]C(=O)c1cccc(N2C(=O)c3ccc(C(=O)c4ccc5c(c4)C(=O)N(c4ccc(N([*])C)cc4)C5=O)cc3C2=O)c1,533.65
[*]Oc1cccc2c1C(=O)N(c1ccc(Oc3ccc(Oc4ccc(N5C(=O)c6cccc([*])c6C5=O)cc4)cc3)cc1)C2=O,533.65
[*]C(=O)Nc1ccc(Oc2ccc(C(c3ccc(Oc4ccc(NC(=O)c5cc(C(c6ccc(C(=O)O)c([*])c6)(C(F)(F)F)C(F)(F)F)ccc5C(=O)O)cc4)cc3)(C(F)(F)F)C(F)(F)F)cc2)cc1,533.15
[*]C(=O)c1ccc(N2C(=O)c3ccc(C(=O)c4ccc(C(=O)c5ccc6c(c5)C(=O)N(c5ccc(C(=O)c7ccc([*])cc7)cc5)C6=O)cc4)cc3C2=O)cc1,533.15
[*]C(=O)c1ccc(Oc2ccc(-c3c4c(c(-c5ccc(Oc6ccc([*])cc6)cc5)c5ccccc35)C(=O)N(c3ccc(C(F)(F)F)cc3)C4=O)cc2)cc1,533.15
[*]C(=O)c1ccc(Oc2ccc(-c3c4c(c(-c5ccc(Oc6ccc([*])cc6)cc5)c5ccccc35)C(=O)N(c3ccccc3C(F)(F)F)C4=O)cc2)cc1,533.15
[*]C(=O)c1ccc(Oc2ccc(C(=O)c3c(C(=O)c4ccc(Oc5ccc([*])cc5)cc4)c(-c4ccc(F)cc4)c(-c4ccc(F)cc4)c(-c4ccc(F)cc4)c3-c3ccc(F)cc3)cc2)cc1,533.15
[*]C(=O)c1ccc(Oc2ccc(C3(c4ccc(Oc5ccc([*])cc5)cc4)c4ccccc4-c4ccccc43)cc2)c2ccccc12,533.15
[*]C(=O)c1ccc2c(c1)C(=O)N(c1ccc(-c3nc4cc(-c5ccc6nc(-c7ccccc7)c(-c7ccc(N8C(=O)c9ccc([*])cc9C8=O)cc7)nc6c5)ccc4nc3-c3ccccc3)cc1)C2=O,533.15
[*]C(=O)c1ccc2c(c1)C(=O)N(c1ccc(Oc3cccc(-c4cc(-c5ccccc5)cc(-c5cccc(Oc6ccc(N7C(=O)c8ccc([*])cc8C7=O)cc6)c5)n4)c3)cc1)C2=O,533.15
[*]C1C([*])C2CC1C(C(=O)OCCC1CC3CCC1C3)C2C(=O)OCCC1CC2CCC1C2,533.15
[*]C1CCC2C(=O)N(c3ccc(Cc4ccc(N5C(=O)C6CCC([*])CC6C5=O)cc4)cc3)C(=O)C2C1,533.15
[*]CC1(C)C(=O)OC(=O)C1(C)C([*])OC,533.15
[*]CC1CCC(N2C(=O)c3ccc(-c4ccc5c(c4)C(=O)N(C4CCC([*])CC4C)C5=O)cc3C2=O)C(C)C1,533.15
[*]CCOc1ccc(-c2nc3ccc(Oc4ccc5nc(-c6ccc(OCCN(C)c7ccc(/C=C/C8=CC(=C9C(=O)c%10ccccc%10C9=C(C#N)C#N)C=C(/C=C/c9ccc(N([*])C)cc9)O8)cc7)cc6)c(-c6ccccc6)nc5c4)cc3nc2-c2ccccc2)cc1,533.15
[*]CN1C(=O)c2ccc(C(c3ccc4c(c3)C(=O)N(CC(=O)Nc3ccc(Oc5ccc6nc(-c7ccccc7)c(-c7ccc(Oc8ccc(-c9nc%10cc(Oc%11ccc(NC([*])=O)cc%11)ccc%10nc9-c9ccccc9)cc8)cc7)nc6c5)cc3)C4=O)(C(F)(F)F)C(F)(F)F)cc2C1=O,533.15
[*]NC(=O)c1ccc(Oc2cc(C(C)(C)C)c(Oc3ccc(C(=O)Nc4c(C)cc(Cc5cc(C)c([*])c(C(C)C)c5)cc4C(C)C)cc3)cc2C(C)(C)C)cc1,533.15
[*]Nc1ccc(Oc2ccc(Oc3ccc(NC(=O)c4ccc5c(c4)C(=O)N(c4ccc(Oc6ccc(N7C(=O)c8ccc(C([*])=O)cc8C7=O)cc6)cc4)C5=O)cc3)cc2)cc1,533.15
[*]Nc1ccc(Oc2ccc(Oc3ccc(Oc4ccc(NC(=O)c5cccc(N6C(=O)c7ccc(-c8cccc9c8C(=O)N(c8cccc(C([*])=O)c8)C9=O)cc7C6=O)c5)cc4)cc3)cc2)cc1,533.15
[*]Nc1ccc(Oc2ccc(S(=O)(=O)c3ccc(Oc4ccc(NC(=O)c5ccc6c(c5)C(=O)N(c5ccc(Oc7cccc8c(Oc9ccc(N%10C(=O)c%11ccc(C([*])=O)cc%11C%10=O)cc9)cccc78)cc5)C6=O)cc4)cc3)cc2)cc1,533.15
[*]Nc1ccc(Oc2ccc(S(=O)(=O)c3ccc(Oc4ccc(NC(=O)c5cccc(C([*])=O)c5)cc4)cc3)cc2)cc1,533.15
[*]Nc1ccc(Oc2ccc3nc(-c4ccccc4)c(-c4ccc(Oc5ccc(-c6nc7cc(Oc8ccc(NC(=O)c9cc(C([*])=O)cc(N%10C(=O)c%11ccccc%11C%10=O)c9)cc8)ccc7nc6-c6ccccc6)cc5)cc4)nc3c2)cc1,533.15
[*]Nc1ccc(S(=O)(=O)c2ccc(NC(=O)c3ccc(Oc4ccc(C(=O)c5ccc(S(=O)(=O)c6ccc(C(=O)c7ccc(Oc8ccc(C([*])=O)cc8)cc7)cc6)cc5)cc4)cc3)cc2)cc1,533.15
[*]Oc1ccc(-c2ccc(-c3cc(-c4ccccc4)c(-c4ccc(-c5ccc(OC(=O)c6ccc(C([*])=O)cc6-c6ccccc6)cc5)cc4)c(-c4ccccc4)c3-c3ccccc3)cc2)cc1,533.15
[*]Oc1ccc(S(=O)(=O)c2ccc(Oc3ccc4c(c3)C(=O)N(c3ccc(Oc5ccc(N6C(=O)c7ccc([*])cc7C6=O)cc5)cc3)C4=O)cc2)cc1,533.15
[*]Oc1ccc(S(=O)(=O)c2cccc(Oc3ccc4c(c3)C(=O)N(c3ccc(Oc5ccc(N6C(=O)c7ccc([*])cc7C6=O)cc5)cc3)C4=O)c2)cc1,533.15
[*]Oc1cccc2c(Oc3ccc4c(c3)C(=O)N(c3cccc(N5C(=O)c6ccc([*])cc6C5=O)c3)C4=O)cccc12,533.15
[*]c1ccc(-c2cc(-c3ccccc3)c3cc(Oc4ccc5nc(-c6ccc(C([*])(C(F)(F)F)C(F)(F)F)cc6)cc(-c6ccccc6)c5c4)ccc3n2)cc1,533.15
[*]c1ccc(C(=O)Nc2cccc(S(=O)(=O)c3cccc(NC(=O)c4ccc([*])cc4C)c3)c2)c(C)c1,533.15
[*]c1ccc(N2C(=O)c3ccc(C(c4ccc5c(c4)C(=O)N(c4cccc(C([*])(C)C)c4)C5=O)(C(F)(F)F)C(F)(F)F)cc3C2=O)cc1,533.15
[*]c1ccc(Oc2ccc(-c3cc(-c4ccc(Oc5ccc(S([*])(=O)=O)cc5)cc4)n[nH]3)cc2)cc1,533.15
[*]c1ccc(Oc2ccc(-n3nc(-c4ccccc4)cc3-c3ccc(-c4cc(-c5ccccc5)nn4[*])cc3)cc2)cc1,533.15
[*]c1ccc(Oc2ccc(C(=O)c3ccc4c(c3)C(=O)N(c3ccc(Oc5ccc(N6C(=O)c7ccc(C(=O)c8ccc(Oc9ccc(C%10([*])OC(=O)c%11ccccc%11%10)cc9)cc8)cc7C6=O)cc5)cc3)C4=O)cc2)cc1,533.15
[*]c1ccc2c(c1)C(=O)N(C(=S)Nc1ccc(Oc3ccc(NC(=S)N4C(=O)c5ccc(C([*])(C(F)(F)F)C(F)(F)F)cc5C4=O)cc3)cc1)C2=O,533.15
[*]c1ccc2c(c1)C(=O)N(c1ccc(Oc3cccc(N4C(=O)c5ccc(C([*])(C(F)(F)F)C(F)(F)F)cc5C4=O)c3)cc1)C2=O,533.15
[*]c1ccc2c(c1)C(=O)N(c1cccc(P(=O)(c3ccc(C(F)(F)F)cc3)c3cccc(N4C(=O)c5ccc(C([*])(C(F)(F)F)C(F)(F)F)cc5C4=O)c3)c1)C2=O,533.15
[*]c1ccc2c(c1)C(=O)N(c1cccc(S(=O)(=O)c3cccc(N4C(=O)c5ccc([*])cc5C4=O)c3)c1)C2=O,533.15
[*]c1cccc(-c2nnc(-c3ccccc3)c(-c3ccc(-c4nc([*])nnc4-c4ccccc4)cc3)n2)n1,533.15
[*]C(=O)c1ccc2c(c1)C(=O)N(c1cccc(N3C(=O)c4ccc(C(=O)c5cccc([*])c5)cc4C3=O)c1)C2=O,532.65
[*]c1ccc(Cc2ccc(N3C(=O)N(c4ccc(Cc5ccc(N6C(=O)N([*])C(=O)C6(C)C)cc5)cc4)C(C)(C)C3=O)cc2)cc1,532.65
[*]C(=O)c1ccc(C(=O)c2ccc(Oc3ccc(-c4nc5ccccc5n4-c4ccc(-c5ccc(-n6c(-c7ccc(Oc8ccc([*])cc8)cc7)nc7ccccc76)cc5)cc4)cc3)cc2)cc1,532.15
[*]C(=O)c1ccc(Oc2ccc(-c3[nH]c(-c4ccccc4)nc3-c3ccc(Oc4ccc([*])cc4)cc3)cc2)cc1,532.15
[*]C(=O)c1ccc2c(c1)C(=O)N(c1cccc(C(=O)c3ccccc3N3C(=O)c4ccc([*])cc4C3=O)c1)C2=O,532.15
[*]C(=O)c1ccc2c(c1)C(=O)N(c1ccccc1C(=O)c1cccc(N3C(=O)c4ccc([*])cc4C3=O)c1)C2=O,532.15
[*]C(=O)c1ccc2c(c1)C(=O)N(c1ccccc1Oc1cccc(N3C(=O)c4ccc([*])cc4C3=O)c1)C2=O,532.15
[*]C1C(=O)N(c2ccccc2C(=O)OC)C(=O)C1[*],532.15
[*]Cc1cc(C)c(Oc2cccc3c2C(=O)N(c2ccc(Oc4ccc(-c5ccc(Oc6ccc(N7C(=O)c8cccc(Oc9c(C)cc([*])cc9C)c8C7=O)cc6)cc5)cc4)cc2)C3=O)c(C)c1,532.15
[*]NC(=O)c1ccc2c(c1)C(=O)N(c1c(C)cc(C)c(N3C(=O)c4ccc(C(=O)Nc5ccc(-c6ccc([*])cc6C)c(C)c5)cc4C3=O)c1C)C2=O,532.15
[*]Nc1ccc(Oc2ccc3cccc(Oc4ccc(NC(=O)c5ccc(S(=O)(=O)c6ccc(C([*])=O)cc6)cc5)cc4)c3c2)cc1,532.15
[*]Oc1ccc(C2(c3ccc(Oc4ccc5c(c4)C(=O)N(c4ccc(Oc6ccc(C7(c8ccc(Oc9ccc(N%10C(=O)c%11ccc([*])cc%11C%10=O)cc9)cc8)CC8CCC7C8)cc6)cc4)C5=O)cc3)CCCCCCCCCCC2)cc1,532.15
[*]Oc1ccc(Oc2ccc3c(c2)C(=O)N(c2ccc(Cc4ccc(N5C(=O)c6ccc([*])cc6C5=O)cc4)cc2)C3=O)cc1,532.15
[*]Oc1ccc(Oc2cccc3c2C(=O)N(c2cccc(N4C(=O)c5cccc([*])c5C4=O)c2)C3=O)cc1,532.15
[*]c1ccc(Oc2ccc(NC(=O)c3cccc(N4C(=O)c5ccc(C(c6ccc7c(c6)C(=O)N(c6cccc(C(=O)Nc8ccc(Oc9ccc(C([*])(C)C)cc9)cc8)c6)C7=O)(C(F)(F)F)C(F)(F)F)cc5C4=O)c3)cc2)cc1,532.15
[*]c1ccc(Oc2ccc(Oc3ccc(S(=O)(=O)c4ccc(-c5ccc(-c6ccc(S([*])(=O)=O)cc6)cc5)cc4)cc3)cc2)cc1,532.15
[*]c1ccc2c(c1)C(=O)N(c1ccc(Oc3cccc(N4C(=O)c5ccc([*])cc5C4=O)c3)cc1)C2=O,532.15
[*]c1ccc2c(c1)C(=O)N(c1ccc(S(=O)(=O)c3ccc(N4C(=O)c5ccc(C(F)(F)C(F)(F)C([*])(F)F)cc5C4=O)cc3)cc1)C2=O,532.15
[*]C(=O)c1cc(C(=O)c2ccc3c(c2)C(=O)N(c2ccc(Oc4ccc(N5C(=O)c6ccc([*])cc6C5=O)cc4)cc2)C3=O)cc(-c2ccccc2)c1,531.65
[*]C(=O)c1ccc(-c2ccc(C(=O)c3ccc(Oc4ccc(-c5[nH]c(-c6ccccc6)nc5-c5ccc(Oc6ccc([*])cc6)cc5)cc4)cc3)cc2)cc1,531.15
[*]C(=O)c1ccc2c(c1)C(=O)N(c1ccccc1Cc1cccc(N3C(=O)c4ccc([*])cc4C3=O)c1)C2=O,531.15
[*]Nc1ccc(-c2cc(-c3ccccc3)cc(-c3ccc(NC(=O)c4ccc5c(c4)C(=O)N(c4cccc(P(=O)(c6ccccc6)c6cccc(N7C(=O)c8ccc(C([*])=O)cc8C7=O)c6)c4)C5=O)cc3)n2)cc1,531.15
[*]Nc1ccc(-c2nc(-c3ccc(/N=N/c4ccc([N+](=O)[O-])cc4)cc3)[nH]c2-c2ccc(NC3CC(=O)N(c4ccc(Cc5ccc(N6C(=O)CC([*])C6=O)cc5)cc4)C3=O)cc2)cc1,531.15
[*]Nc1ccc(Cc2ccc(N3C(=O)c4cccc(Oc5ccc(C([*])=O)cc5)c4C3=O)cc2)cc1,531.15
[*]Nc1ccc(Oc2ccc(S(=O)(=O)c3ccc(Oc4ccc(NC(=O)c5ccc(N6C(=O)c7ccc(-c8ccc9c(c8)C(=O)N(c8ccc(C([*])=O)cc8)C9=O)cc7C6=O)cc5)cc4)cc3)cc2)cc1,531.15
[*]Nc1ccc(Oc2ccc(S(=O)(=O)c3ccc(Oc4ccc(NC(=O)c5cccc(N6C(=O)c7ccc(-c8ccc9c(c8)C(=O)N(c8cccc(C([*])=O)c8)C9=O)cc7C6=O)c5)cc4)cc3)cc2)cc1,531.15
[*]Sc1ccc(N2C(=O)C3C4C=CC(C3C2=O)C2C(=O)N(c3ccc(Sc5cc6c(cc5[*])C(=O)N(CCc5ccccc5)C6=O)cc3)C(=O)C42)cc1,531.15
[*]Sc1ccc2c(c1)C(=O)N(c1ccc(Oc3ccc(N4C(=O)c5ccc([*])cc5C4=O)cc3)cc1)C2=O,531.15
[*]c1cc(C(=O)OC)cc(N2C(=O)C3c4ccccc4CC(C4CC(=O)N([*])C4=O)C3C2=O)c1,531.15
[*]C=Cc1cccc(N2C(=O)c3ccc(C(=O)Nc4cccc(NC([*])=O)c4)cc3C2=O)c1,530.65
[*]Nc1ccc(NC(=O)c2cccc(C(=O)c3ccc(C([*])=O)cc3)c2)cc1,530.65
[*]Cc1ccc(N2C(=O)c3cccc(Sc4ccc5c(c4)C(=O)N(c4cc([*])ccc4C)C5=O)c3C2=O)c(C)c1,530.65
[*]C1CCC2C(=O)N(c3ccc(Oc4ccc(N5C(=O)C6CCC([*])CC6C5=O)cc4)cc3)C(=O)C2C1,530.15
[*]Cc1cc2cc(C(=O)Nc3ccc(C(c4ccc(NC(=O)c5cc6cc([*])c(OC(=O)COc7ccc8ccc(=O)oc8c7)cc6oc5=O)cc4)(C(F)(F)F)C(F)(F)F)cc3)c(=O)oc2cc1OC(=O)COc1ccc2ccc(=O)oc2c1,530.15
[*]Nc1ccc(Oc2ccc(NC(=O)c3cc(C([*])=O)cc(C(F)(F)C(F)(F)C(F)(F)C(F)(F)F)c3)cc2)cc1,530.15
[*]Nc1ccc(Oc2ccc(Oc3ccc(NC(=O)c4ccc5c(c4)C(=O)N(c4ccc(Oc6ccc(C7(c8ccc(Oc9ccc(N%10C(=O)c%11ccc(C([*])=O)cc%11C%10=O)cc9)cc8)CC8CC7C7CCCC87)cc6)cc4)C5=O)cc3)cc2)cc1,530.15
[*]Oc1ccc(N2C(=O)c3ccc(-c4ccc5c(c4)C(=O)N(c4ccc(Oc6cc(C(C)(C)C)ccc6[*])cc4)C5=O)cc3C2=O)cc1,530.15
[*]Oc1ccc(N2C(=O)c3ccc(Oc4c(C)cc(C(C)(C)c5cc(C)c(Oc6ccc7c(c6)C(=O)N(c6ccc(Oc8ccc(-c9ccc([*])cc9C)c(C)c8)cc6)C7=O)c(C)c5)cc4C)cc3C2=O)cc1,530.15
[*]Oc1ccc(N2C(=O)c3ccc(Oc4ccc(C5(c6ccc(Oc7ccc8c(c7)C(=O)N(c7ccc(Oc9ccc(-c%10ccc([*])cc%10C)c(C)c9)cc7)C8=O)cc6)CCCCCCCCCCC5)cc4)cc3C2=O)cc1,530.15
[*]Oc1ccc(Sc2ccc(Oc3ccc4c(c3)C(=O)N(c3ccc(-c5ccc(N6C(=O)c7ccc([*])cc7C6=O)cc5)cc3)C4=O)cc2)cc1,530.15
[*]Oc1ccc2ccccc2c1-c1c(OC(=O)c2ccc3c(c2)C(=O)N(c2ccc(Oc4ccc(N5C(=O)c6ccc(C([*])=O)cc6C5=O)cc4)cc2)C3=O)ccc2ccccc12,530.15
[*]c1cc(N2C(=O)c3ccc(C(=O)Nc4ccc(Cc5ccc(NC(=O)c6ccc7c(c6)C(=O)N([*])C7=O)c(C)c5)cc4C)cc3C2=O)ccc1/N=N/c1ccc(C)cc1,530.15
[*]c1ccc(Oc2ccc(-c3ccc(-c4ccc(Oc5ccc(P([*])(=O)c6ccccc6)cc5)cc4)nc3)cc2)cc1,530.15
[*]c1ccc(Oc2ccc(NC(=O)c3cccc(N4C(=O)c5ccc(-c6ccc7c(c6)C(=O)N(c6cccc(C(=O)Nc8ccc(Oc9ccc(C([*])(C)C)cc9)cc8)c6)C7=O)cc5C4=O)c3)cc2)cc1,530.15
[*]c1ccc(Oc2ccc3c(c2)C(=O)N(c2ccc(Oc4ccc(C5(c6ccc(Oc7ccc(N8C(=O)c9ccc(Oc%10ccc(C%11([*])CCC(C(C)(C)C)CC%11)cc%10)cc9C8=O)cc7)cc6)CC6CC5C5CCCC65)cc4)cc2)C3=O)cc1,530.15
[*]c1ccc2c(c1)C(=O)N(c1ccc(Sc3ccc(Sc4ccc(N5C(=O)c6ccc(C([*])(C(F)(F)F)C(F)(F)F)cc6C5=O)cc4)cc3)cc1)C2=O,530.15
[*]c1cc(C(=O)NCCCCCC)cc(N2C(=O)c3ccc(-c4ccc5c(c4)C(=O)N([*])C5=O)cc3C2=O)c1,530.05
[*]C(=O)c1cc(C(=O)c2ccc3c(c2)C(=O)N(c2ccc(Oc4ccc(S(=O)(=O)c5ccc(Oc6ccc(N7C(=O)c8ccc([*])cc8C7=O)cc6)cc5)cc4)cc2)C3=O)cc(-c2ccccc2)c1,529.65
[*]C(=O)c1cccc(C(=O)c2ccc(Oc3ccc(-c4nc(-c5cccc(-c6nc(-c7ccc(Oc8ccc([*])cc8)cc7)c(-c7ccccc7)[nH]6)c5)[nH]c4-c4ccccc4)cc3)cc2)c1,529.65
[*]C1CCC2C(=O)N(c3ccc(Oc4ccc(S(=O)(=O)c5ccc(Oc6ccc(N7C(=O)C8CCC([*])CC8C7=O)cc6)cc5)cc4)cc3)C(=O)C2C1,529.65
[*]C1OC(C(F)(F)F)(C(F)(F)F)OC1([*])F,529.15
[*]Nc1ccc(Oc2ccc(C3(c4ccc(Oc5ccc(NC(=O)c6cccc(C([*])=O)c6)cc5)cc4)CC4CCC3C4)cc2)cc1,529.15
[*]Nc1ccc(Oc2cccc3ccc(Oc4ccc(NC(=O)c5cccc(C([*])=O)c5)cc4)cc23)cc1,529.15
[*]Nc1cccc(S(=O)(=O)c2cccc(NC(=O)c3ccc(N4C(=O)c5ccc(-c6ccc7c(c6)C(=O)N(c6ccc(C([*])=O)cc6)C7=O)cc5C4=O)cc3)c2)c1,529.15
[*]Oc1cc2ccccc2cc1Oc1ccc2c(c1)C(=O)N(c1ccc(C(c3ccc(N4C(=O)c5ccc([*])cc5C4=O)cc3)(C(F)(F)F)C(F)(F)F)cc1)C2=O,529.15
[*]Oc1ccc(C2(c3ccc(OC(=O)c4cccc(C([*])=O)c4)cc3)C(=O)Nc3ccccc32)cc1,529.15
[*]Oc1ccc(Oc2ccc3c(c2)C(=O)N(c2ccc(Oc4ccc5ccccc5c4-c4c(Oc5ccc(N6C(=O)c7ccc([*])cc7C6=O)cc5C(F)(F)F)ccc5ccccc45)c(C(F)(F)F)c2)C3=O)cc1,529.15
[*]Oc1ccc2ccc(Oc3ccc4c(c3)C(=O)N(c3ccc(C(c5ccc(N6C(=O)c7ccc([*])cc7C6=O)cc5)(C(F)(F)F)C(F)(F)F)cc3)C4=O)cc2c1,529.15
[*]c1ccc(Oc2ccc(N3C(=O)c4ccc(C(=O)c5ccc6c(c5)C(=O)N(c5ccc(Oc7ccc(C([*])(C)C)cc7)cc5)C6=O)cc4C3=O)cc2)cc1,529.15
[*]C(=O)Nc1ccc(Oc2ccc(C(c3ccc(Oc4ccc(NC(=O)c5cc([*])cc(C(C)(C)C)c5)cc4)cc3)(C(F)(F)F)C(F)(F)F)cc2)cc1,528.65
[*]OC1COC2C(OC(=O)c3ccc(C([*])=O)cc3)COC12,528.65
[*]C(=O)c1ccc2nc(-c3ccccc3)c(-c3ccc(N4C(=O)C5OC6C(=O)N(c7ccc(-c8nc9cc([*])ccc9nc8-c8ccccc8)cc7)C(=O)C6C5C4=O)cc3)nc2c1,528.15
[*]C(=O)c1ccc2nc(-c3ccccc3)c(-c3ccc(N4C(=O)c5ccc(C(=O)c6ccc7c(c6)C(=O)N(c6ccc(-c8nc9cc([*])ccc9nc8-c8ccccc8)cc6)C7=O)cc5C4=O)cc3)nc2c1,528.15
[*]Cc1ccc(-c2sc(-c3ccc(CC(=O)Nc4cccc5c(NC([*])=O)cccc45)cc3)c(-c3ccccc3)c2-c2ccccc2)cc1,528.15
[*]Nc1cc(NC(=O)c2cccc(C([*])=O)n2)cc(-c2nnc(-c3ccccn3)o2)c1,528.15
[*]Nc1ccc(Oc2ccc(Oc3ccc(NC(=C(C#N)C#N)c4ccc(C([*])=C(C#N)C#N)cc4)cc3)cc2)cc1,528.15
[*]Oc1ccc(C2(c3ccc(Oc4ccc5c(c4)C(=O)N(c4ccc(Oc6ccc(C7(c8ccc(Oc9ccc(N%10C(=O)c%11ccc([*])cc%11C%10=O)cc9)cc8)CC8CC7C7CCCC87)cc6)cc4)C5=O)cc3)CCC(c3ccccc3)CC2)cc1,528.15
[*]Oc1ccc(Oc2ccc3c(c2)C(=O)N(c2cccc(N4C(=O)c5ccc([*])cc5C4=O)c2)C3=O)cc1,528.15
[*]c1cc(N2C(=O)C(=O)N(c3ccc(CCc4ccccc4N4C(=O)C(=O)N([*])C4=O)cc3)C2=O)ccc1C,528.15
[*]c1ccc(C(=O)Oc2ccc(C3(c4ccc(OC(=O)c5ccc([Si]([*])(C)C)cc5)cc4)c4ccccc4C(=O)N3c3ccccc3)cc2)cc1,528.15
[*]c1ccc(Oc2ccc(-c3ccc(Oc4ccc(S(=O)(=O)c5ccc6cc(S([*])(=O)=O)ccc6c5)cc4)cc3)cc2)cc1,528.15
[*]c1ccc(Oc2ccc(-c3nc4cc(C(c5ccc6oc(-c7ccc(Oc8ccc(C([*])(C(F)(F)F)C(F)(F)F)cc8)cc7)nc6c5)(C(F)(F)F)C(F)(F)F)ccc4o3)cc2)cc1,528.15
[*]c1ccc(Oc2ccc(Oc3ccc(-c4nc5cc6sc(-c7ccc(Oc8ccc(Oc9ccc(P([*])(=O)c%10ccccc%10)cc9)cc8)cc7)nc6cc5s4)cc3)cc2)cc1,528.15
[*]c1ccc(Oc2ccc3ccc(Oc4ccc(-c5nc([*])nc(-c6ccccc6)n5)cc4)cc3c2)cc1,528.15
[*]c1ccc2c(c1)C(=O)N(c1ccc(Oc3ccccc3Oc3ccc(N4C(=O)c5ccc(S([*])(=O)=O)cc5C4=O)cc3C(F)(F)F)c(C(F)(F)F)c1)C2=O,528.15
[*]c1ccc(Sc2ccc3c(c2)Sc2ccc(Sc4ccc(-n5c(=O)c6cc7c(=O)n([*])c(=O)c7cc6c5=O)cc4)cc2S3)cc1,527.9
[*]C(=O)c1ccc2c(c1)C(=O)N(c1ccc(Oc3ccc(S(=O)(=O)c4ccc(Oc5ccc(N6C(=O)c7ccc(C(=O)c8cc([*])cc(C(C)(C)C)c8)cc7C6=O)cc5)cc4)cc3)cc1)C2=O,527.65
[*]c1ccc2c(c1)C(=O)N(c1ccc(OCC3CCC(COc4ccc(N5C(=O)c6ccc([*])cc6C5=O)cc4)CC3)cc1)C2=O,527.55
[*]C(=O)c1ccc(-n2nc(-c3ccc(Oc4ccc([*])cc4)c(Br)c3)c3ccccc3c2=O)cc1,527.15
[*]C(=O)c1ccc(N2C(=O)c3ccc(C(=O)c4ccc5c(c4)C(=O)N(c4cccc(Cc6ccc([*])cc6)c4)C5=O)cc3C2=O)cc1,527.15
[*]C(=O)c1ccc2c(c1)C(=O)N(C1CCC(CC3CCC(N4C(=O)c5ccc([*])cc5C4=O)CC3)CC1)C2=O,527.15
[*]C(=O)c1ccc2c(c1)C(=O)N(c1ccc(-c3nc4cc(Oc5ccc6nc(-c7ccccc7)c(-c7ccc(N8C(=O)c9ccc([*])cc9C8=O)cc7)nc6c5)ccc4nc3-c3ccccc3)cc1)C2=O,527.15
[*]C1C([*])C2CC1C(C(=O)OCCc1ccccc1)C2C(=O)OCCc1ccccc1,527.15
[*]CN1C(=O)c2ccc(C(=O)Nc3ccc(Oc4c(F)c(F)c(Oc5ccc(NC([*])=O)cc5)c(F)c4F)cc3)cc2C1=O,527.15
[*]COc1ccc2ccccc2c1Sc1c(OCC(=O)Nc2cccc(NC([*])=O)c2)ccc2ccccc12,527.15
[*]NC(=O)c1ccc(-c2ccc(C(=O)Nc3cc([*])cc(C(=O)OCCOc4ccc(/C=C/C(=O)c5ccccc5)cc4)c3)cc2)cc1,527.15
[*]Nc1ccc(NC(=O)c2ccc(Oc3ccc(C(c4ccccc4)(c4ccccc4)c4ccc(Oc5ccc(C([*])=O)cc5)cc4)cc3)cc2)cc1,527.15
[*]Nc1ccc(Oc2ccc(-c3ccc(Oc4ccc(NC(=O)c5ccc6c(c5)C(=O)N(c5ccc(Oc7ccccc7-c7ccccc7Oc7ccc(N8C(=O)c9ccc(C([*])=O)cc9C8=O)cc7)cc5)C6=O)cc4)cc3)cc2)cc1,527.15
[*]Nc1ccc(Oc2ccc(C(c3ccc(Oc4ccc(NC(=O)c5ccc6c(c5)C(=O)N(c5ccc(Oc7ccc(C8(c9ccc(Oc%10ccc(N%11C(=O)c%12ccc(C([*])=O)cc%12C%11=O)cc%10)cc9)CC9CC8C8CCCC98)cc7)cc5)C6=O)cc4)cc3)(C(F)(F)F)C(F)(F)F)cc2)cc1,527.15
[*]Nc1ccc(Oc2ccc(NC(=O)c3ccc(P(=O)(c4ccccc4)c4ccc(C([*])=O)cc4)cc3)cc2)cc1,527.15
[*]Nc1ccc2c(c1)C(=O)N(c1ccc(-c3cc(-c4ccc(-c5ccccc5)cc4)cc(-c4ccc(N5C(=O)c6ccc(NC(=O)Nc7cccc8c(NC([*])=O)cccc78)cc6C5=O)cc4)n3)cc1)C2=O,527.15
[*]Oc1ccc(C(=O)Nc2ccc(C(C)(C)c3ccc(NC(=O)c4ccc(Oc5cc(C(C)(C)C)c([*])cc5C(C)(C)C)cc4)cc3)cc2)cc1,527.15
[*]Oc1ccc2ccc(Oc3ccc4c(c3)C(=O)N(c3cccc(N5C(=O)c6ccc([*])cc6C5=O)c3)C4=O)cc2c1,527.15
[*]c1cc(C(=O)OCC)cc(N2C(=O)C3c4ccccc4CC(C4CC(=O)N([*])C4=O)C3C2=O)c1,527.15
[*]c1ccc(Oc2ccc(N3C(=O)c4ccc(Oc5ccc(C6(c7ccc(Oc8ccc9c(c8)C(=O)N(c8ccc(Oc%10ccc(C%11([*])CCC(C(C)(C)C)CC%11)cc%10)cc8)C9=O)cc7)CCCCCCCCCCC6)cc5)cc4C3=O)cc2)cc1,527.15
[*]c1ccc(Oc2ccc(P(=O)(c3ccccc3)c3ccc(Oc4cccc(-n5c(=O)c6cc7c(=O)n([*])c(=O)c7cc6c5=O)c4)cc3)cc2)cc1,527.15
[*]c1ccc2c(c1)C(=O)N(c1ccc(OCCOc3ccc(N4C(=O)c5ccc(C([*])(C(F)(F)F)C(F)(F)F)cc5C4=O)cc3)cc1)C2=O,527.15
[*]Oc1ccc(Oc2cccc3c2C(=O)N(c2ccc(Oc4ccc(N5C(=O)c6cccc([*])c6C5=O)cc4)cc2)C3=O)cc1,527.15
[*]c1ccc2c(c1)C(=O)N(c1ccc(Oc3cc4ccccc4cc3Oc3ccc(N4C(=O)c5ccc([*])cc5C4=O)cc3)cc1)C2=O,526.65
[*]Nc1ccc(C(=O)c2ccc(NC(=O)c3cccc(C([*])=O)c3)cc2)cc1,526.35
[*]=Nc1ccc(Oc2cccc(N=C3OC(=O)c4ccc(C(=O)c5ccc6c(c5)C(=[*])OC6=O)cc43)c2)cc1,526.15
[*]C(=O)c1c(C(=O)c2ccc(Oc3ccc(C(c4ccc(Oc5ccc([*])cc5)cc4)(C(F)(F)F)C(F)(F)F)cc3)cc2)c(-c2ccc(F)cc2)c(-c2ccc(F)cc2)c(-c2ccc(F)cc2)c1-c1ccc(F)cc1,526.15
[*]C(=O)c1ccc(-n2nc(-c3ccc(Oc4ccc([*])cc4)cc3F)c3ccccc3c2=O)cc1,526.15
[*]C(=O)c1ccc(Oc2ccc(N3C(=O)c4ccc(-c5ccc6c(c5)C(=O)N(c5ccc(Oc7ccc([*])cc7)cc5)C6=O)cc4C3=O)cc2)cc1,526.15
[*]C(=O)c1ccc2c(c1)C(=O)N(c1cc(N3C(=O)c4ccc(Cc5cccc([*])c5)cc4C3=O)cc(C(F)(F)F)c1)C2=O,526.15
[*]CC([*])n1c2ccccc2c2cc3ccccc3cc21,526.15
[*]Nc1ccc(-c2cc(Br)ccc2NC(=O)c2cccc(C([*])=O)c2)cc1,526.15
[*]Nc1ccc(-c2ccc(NC(=O)c3ccc4c(c3)C(=O)N(c3cccc(P(=O)(c5ccccc5)c5cccc(N6C(=O)c7ccc(C([*])=O)cc7C6=O)c5)c3)C4=O)cc2)cc1,526.15
[*]Nc1ccc(Cc2ccc(NC(=O)c3ccc4c(c3)C(=O)N(c3ccc(-c5sc(-c6ccc(N7C(=O)c8ccc(C([*])=O)cc8C7=O)cc6)c(-c6ccccc6)c5-c5ccccc5)cc3)C4=O)cc2)cc1,526.15
[*]Nc1ccc(Oc2ccc(N3C(=O)c4cccc(Oc5ccc(C([*])=O)cc5)c4C3=O)cc2)cc1,526.15
[*]Nc1ccc(Oc2ccc(NC(=O)c3cccc(N4C(=O)c5ccc(-c6ccc7c(c6)C(=O)N(c6cccc(C([*])=O)c6)C7=O)cc5C4=O)c3)cc2)cc1,526.15
[*]Nc1ccc(Oc2cccc(Oc3ccc(NC(=O)c4cccc(N5C(=O)c6ccc(-c7ccc8c(c7)C(=O)N(c7cccc(C([*])=O)c7)C8=O)cc6C5=O)c4)cc3)c2)cc1,526.15
[*]Nc1ccc(Oc2cccc(Oc3ccc(NC(=O)c4cccc(N5C(=O)c6cccc(-c7ccc8c(c7)C(=O)N(c7cccc(C([*])=O)c7)C8=O)c6C5=O)c4)cc3)c2)cc1,526.15
[*]Oc1ccc(C(c2ccc(OC([*])=O)cc2)C2CC3CC2C2C4CCC(C4)C32)cc1,526.15
[*]Oc1ccc2c(c1)C(=O)N(c1cccc(N3C(=O)c4ccc(Oc5ccc6c(c5)C5(CC(C)(C)c7ccc([*])cc75)CC6(C)C)cc4C3=O)c1)C2=O,526.15
[*]c1ccc(N2C(=O)c3ccc(Oc4cccc5c(Oc6ccc7c(c6)C(=O)N(c6ccc(C(C)(C)c8ccc(C([*])(C)C)cc8)cc6)C7=O)cccc45)cc3C2=O)cc1,526.15
[*]c1ccc(Oc2c(F)c(F)c(-c3c(F)c(F)c(-n4nc([*])c5ccccc5c4=O)c(F)c3F)c(F)c2F)cc1F,526.15
[*]c1ccc(Oc2ccc(C(c3ccc(Oc4ccc(-n5c(=O)c6cc7c(=O)n([*])c(=O)c7cc6c5=O)cc4C(F)(F)F)cc3)(C(F)(F)F)C(F)(F)F)cc2)c(C(F)(F)F)c1,526.15
[*]C(=O)c1ccc2c(c1)C(=O)N(c1ccc(Oc3ccc(N4C(=O)c5ccc(C(=O)c6cc([*])cc(C(C)(C)C)c6)cc5C4=O)cc3)cc1)C2=O,525.65
[*]Oc1ccc2nc(-c3ccccc3)c(-c3ccc(Oc4ccc(-c5c(-c6ccccc6)nc6ccc([*])cc6c5-c5ccccc5)cc4)cc3)c(-c3ccccc3)c2c1,525.65
[*]c1ccc(OC(=O)c2ccc(C(=O)Oc3ccc4c(c3)C([*])(C)CC4(C)C)cc2)cc1,525.65
[*]Oc1ccc(C2(c3ccc(OC([*])=O)cc3)OC(=O)c3ccccc32)cc1,525.35
[*]c1cc(C)c(Oc2cc(N3C(=O)c4ccc(Oc5ccc6c(c5)C(=O)N(c5cc(Oc7c(C)cc([*])cc7C)cc(C(F)(F)F)c5)C6=O)cc4C3=O)cc(C(F)(F)F)c2)c(C)c1,525.35
[*]C(=O)Nc1ccc(Oc2ccc(-c3ccc(Oc4ccc(NC(=O)c5cc([*])cc(NC(=O)c6ccc(OC(C)=O)cc6)c5)cc4)cc3)cc2)cc1,525.15
[*]C(=O)c1ccc(ON2C(=O)c3cccc(-c4ccc(Oc5ccc(N6C(=O)c7cccc(Oc8ccc([*])cc8)c7C6=O)cc5)cc4)c3C2=O)cc1,525.15
[*]C(=O)c1ccc(Oc2ccc(-c3c4c(c(-c5ccc(Oc6ccc([*])cc6)cc5)c5ccccc35)C(=O)N(c3cccc(C(F)(F)F)c3)C4=O)cc2)cc1,525.15
[*]C(=O)c1ccc(Oc2ccc(C3(c4ccc(Oc5ccc([*])cc5)cc4)c4ccccc4-c4ccccc43)cc2)cc1,525.15
[*]C(=O)c1ccc(Oc2ccc(N3C(=O)c4ccc(C(=O)c5ccc6c(c5)C(=O)N(c5ccc(Oc7ccc([*])cc7)cc5)C6=O)cc4C3=O)cc2)cc1,525.15
[*]C(=O)c1ccc2c(c1)C(=O)N(c1cccc(Oc3ccc(N4C(=O)c5ccc([*])cc5C4=O)cc3)c1)C2=O,525.15
[*]C(=O)c1cccc(Oc2cccc3c2C(=O)N(c2ccc(Oc4ccc(N5C(=O)c6cccc(Oc7ccc([*])cc7)c6C5=O)cc4)cc2)C3=O)c1,525.15
[*]C1CC2CC1C([*])C2CCCCCC,525.15
[*]Cc1cc2cc(C(=O)Nc3ccc(NC(=O)c4cc5cc([*])c(OC(=O)COc6ccc7ccc(=O)oc7c6)cc5oc4=O)cc3)c(=O)oc2cc1OC(=O)COc1ccc2ccc(=O)oc2c1,525.15
[*]Cc1ccc(-c2sc(-c3ccc(CC(=O)Nc4ccc(S(=O)(=O)c5ccc(NC([*])=O)cc5)cc4)cc3)c(-c3ccccc3)c2-c2ccccc2)cc1,525.15
[*]NNC(=O)c1ccc(C(=O)NNC(=O)c2ccc([Si](c3ccccc3)(c3ccccc3)c3ccc(C([*])=O)cc3)cc2)o1,525.15
[*]Nc1ccc(NC(=O)c2ccc(P(=O)(c3ccccc3)c3ccc(C([*])=O)cc3)cc2)cc1,525.15
[*]Nc1ccc(Oc2ccc(C3(c4ccc(Oc5ccc(NC(=O)c6ccc(S(=O)(=O)c7ccc(C([*])=O)cc7)cc6)cc5)cc4)C4CC5CC(C4)CC3C5)cc2)cc1,525.15
[*]Nc1ccc(Oc2ccc3cccc(Oc4ccc(NC(=O)c5ccc(C(c6ccc(C([*])=O)cc6)(C(F)(F)F)C(F)(F)F)cc5)cc4)c3c2)cc1,525.15
[*]Nc1ccc(S(=O)(=O)c2ccc(NC(=O)c3ccc4c(c3)C(=O)N(c3ccc(C([*])=O)cc3)C4=O)cc2)cc1,525.15
[*]Oc1ccc(C2(c3ccc(OC(=O)c4ccc(C([*])=O)cc4)cc3)c3ccccc3Oc3ccccc32)cc1,525.15
[*]Oc1ccc2c(c1)C(=O)N(c1cccc(C(O)c3cccc(N4C(=O)c5ccc([*])cc5C4=O)c3)c1)C2=O,525.15
[*]c1cc(OC)c(OC(=O)c2cccc(C(=O)Oc3c(OC)cc([*])cc3OC)c2)c(OC)c1,525.15
[*]c1ccc(Cc2ccc(-n3nc(-c4ccccc4)cc3-c3ccc(-c4cc(-c5ccccc5)nn4[*])cc3)cc2)cc1,525.15
[*]c1ccc(Oc2ccc(-c3ccc(N4C(=O)c5ccc(C(=O)c6ccc7c(c6)C(=O)N(c6ccc(-c8ccc(Oc9ccc%10c(c9)C([*])(C)CC%10(C)C)c(C(F)(F)F)c8)cc6)C7=O)cc5C4=O)cc3)cc2C(F)(F)F)cc1,525.15
[*]c1ccc(Oc2ccc(C(=O)c3c(C(=O)c4ccc(Oc5ccc(C([*])(C)C)cc5)cc4)c(-c4ccc(F)cc4)c(-c4ccc(F)cc4)c(-c4ccc(F)cc4)c3-c3ccc(F)cc3)cc2)cc1,525.15
[*]C(=O)Nc1ccc(-c2ccc(Oc3ccc(C(c4ccc(Oc5ccc(-c6ccc(NC(=O)c7cc([*])cc(C(C)(C)C)c7)cc6)cc5C(F)(F)F)cc4)(C(F)(F)F)C(F)(F)F)cc3)c(C(F)(F)F)c2)cc1,524.65
[*]Oc1ccc(C2(c3ccc(OC([*])=O)cc3)CC3CC2C2CCCC32)cc1,524.65
[*]C(=O)Nc1ccc(Oc2ccc(Oc3ccc(NC(=O)c4cc([*])cc(NC(=O)c5ccc(OC(C)=O)cc5)c4)cc3)cc2)cc1,524.15
[*]C(=O)Nc1ccc(Oc2cccc(NC(=O)c3cc([*])cc(NC(=O)c4ccc(OC(C)=O)cc4)c3)c2)cc1,524.15
[*]C(=O)c1ccc2c(c1)C(=O)N(c1cccc(C(=O)c3ccc(Oc4ccc(N5C(=O)c6ccc([*])cc6C5=O)cc4)cc3)c1)C2=O,524.15
[*]Cc1ccc(-c2sc(-c3ccc(CC(=O)Nc4ccc(NC([*])=O)cc4)cc3)c(-c3ccccc3)c2-c2ccccc2)cc1,524.15
[*]Nc1ccc(-c2ccccc2NC(=O)c2ccc(Oc3ccc(C([*])=O)cc3)cc2)cc1,524.15
[*]Nc1ccc(C(c2ccc(NC(=O)c3ccc(-c4ccc(C([*])=O)cc4)cc3)cc2)(P2(=O)Oc3ccccc3-c3ccccc32)P2(=O)Oc3ccccc3-c3ccccc32)cc1,524.15
[*]Nc1ccc(Oc2ccc(NC(=O)c3ccc4c(c3)C(=O)N(c3ccc(Cc5ccc(N6C(=O)c7ccc(C([*])=O)cc7C6=O)cc5)cc3)C4=O)cc2)cc1,524.15
[*]Oc1ccc2c(c1)C(=O)N(c1ccc(Oc3ccc(N4C(=O)c5ccc([*])cc5C4=O)cc3Br)c(Br)c1)C2=O,524.15
[*]Oc1ccc2c(c1)C(=O)N(c1cccc(P(=O)(c3ccccc3)c3cccc(N4C(=O)c5ccc([*])cc5C4=O)c3)c1)C2=O,524.15
[*]c1cc(C)c(Oc2ccc(C(=O)c3ccc(Oc4c(C)cc(C5([*])CCC6CCCCC6C5)cc4C)cc3)cc2)c(C)c1,524.15
[*]c1ccc(C(=O)Nc2ccc(Oc3ccc(S(=O)(=O)c4ccc(Oc5ccc(NC(=O)c6ccc([*])cc6C)cc5)cc4)cc3)cc2)c(C)c1,524.15
[*]c1ccc(Oc2ccc(-c3ccc(-c4ccc(Oc5ccc(S([*])(=O)=O)cc5)cc4)cc3)cc2)cc1,524.15
[*]c1ccc(Oc2ccc(C(=O)c3cccc(C(=O)c4ccc(Oc5ccc(-c6c7c(c([*])c8ccccc68)C(=O)N(C)C7=O)cc5)cc4)c3)cc2)cc1,524.15
[*]c1ccc(Oc2ccc(Oc3ccc(S(=O)(=O)c4ccc(-c5ccc(S([*])(=O)=O)cc5)cc4)cc3)cc2)cc1,524.15
[*]c1cccc(Oc2cc(Oc3cccc(-n4c(=O)c5cc6c(=O)n([*])c(=O)c6cc5c4=O)c3)ccc2P(=O)(c2ccccc2)c2ccccc2)c1,524.15
[*]c1cccc(Oc2ccc(-c3ccc(Oc4cccc(-n5c(=O)c6cc7c(=O)n([*])c(=O)c7cc6c5=O)c4)cc3)cc2)c1,524.15
[*]/C(=C(/[*])c1ccc([Si](C(C)C)(C(C)C)C(C)C)cc1)c1ccccc1,523.15
[*]/C(C)=C(/[*])[Ge](C)(C)C,523.15
[*]C(=O)Nc1c(C)cc(-c2cc(C)c(NC(=O)c3ccc(C)c(N4C(=O)c5ccc(C(c6ccc7c(c6)C(=O)N(c6cc([*])ccc6C)C7=O)(C(F)(F)F)C(F)(F)F)cc5C4=O)c3)c(C)c2)cc1C,523.15
[*]C(=O)Nc1ccc(-c2ccc(NC(=O)N3CC(C)N([*])CC3C)cc2)cc1,523.15
[*]C(=O)Nc1ccc(C(c2ccc(NC(=O)c3cccc(N4C(=O)c5ccc(C(c6ccc7c(c6)C(=O)N(c6cccc([*])c6C)C7=O)(C(F)(F)F)C(F)(F)F)cc5C4=O)c3C)cc2)(C(F)(F)F)C(F)(F)F)cc1,523.15
[*]C(=O)Nc1cccc2c(NC(=O)c3ccc(C)c(N4C(=O)c5ccc(C(c6ccc7c(c6)C(=O)N(c6cc([*])ccc6C)C7=O)(C(F)(F)F)C(F)(F)F)cc5C4=O)c3)cccc12,523.15
[*]C(=O)c1cccc(-c2cccc(C(=O)c3ccc(Oc4ccc(-c5nc(-c6cccc(-c7nc(-c8ccc(Oc9ccc([*])cc9)cc8)c(-c8ccccc8)[nH]7)c6)[nH]c5-c5ccccc5)cc4)cc3)c2)c1,523.15
[*]C1c2cccc3cccc(c23)C1[*],523.15
[*]CC1CCC(N2C(=O)c3ccc(Oc4ccc5c(c4)C(=O)N(C4CCC([*])CC4C)C5=O)cc3C2=O)C(C)C1,523.15
[*]CN1C(=O)c2ccc(C(=O)c3ccc4c(c3)C(=O)N(CC(=O)Nc3ccc(NC([*])=O)cc3)C4=O)cc2C1=O,523.15
[*]NC(=O)c1ccc(NC(=O)CCCCCCCCCCCCC(=O)Nc2ccc(C(=O)Nc3ccc([*])cc3C(=O)OCCCCCCCCCCCCCCCC)cc2)cc1,523.15
[*]NCCCCCCNC(=O)C([*])=O,523.15
[*]Nc1ccc(-c2nc(-c3ccc(/C=C/c4ccc([N+](=O)[O-])cc4)cc3)[nH]c2-c2ccc(NC3CC(=O)N(c4ccc(Cc5ccc(N6C(=O)CC([*])C6=O)cc5)cc4)C3=O)cc2)cc1,523.15
[*]Nc1ccc(/C=C/c2ccc(NC(=C(C#N)C#N)c3ccc(C([*])=C(C#N)C#N)cc3)cc2)cc1,523.15
[*]Nc1ccc(C(c2ccc(NC(=O)c3ccc4c(c3)C(=O)N(c3cccc5c(N6C(=O)c7ccc(C([*])=O)cc7C6=O)cccc35)C4=O)cc2)(C(F)(F)F)C(F)(F)F)cc1,523.15
[*]Nc1ccc(Cc2ccc(N3C(=O)c4ccc(Oc5ccc(C([*])=O)cc5)cc4C3=O)cc2)cc1,523.15
[*]Nc1ccc(Oc2ccc(C(c3ccc(Oc4ccc(NC(=O)c5ccc(S(=O)(=O)c6ccc(C([*])=O)cc6)cc5)cc4)cc3)(C(F)(F)F)C(F)(F)F)cc2)cc1,523.15
[*]Nc1ccc(Oc2ccc(C(c3ccc(Oc4ccc(NC(=O)c5ccc6c(c5)C(=O)N(c5ccc(Oc7ccc8ccc(Oc9ccc(N%10C(=O)c%11ccc(C([*])=O)cc%11C%10=O)cc9)cc8c7)cc5)C6=O)cc4)cc3)(C(F)(F)F)C(F)(F)F)cc2)cc1,523.15
[*]Nc1ccc(Oc2ccc(NC(=O)c3ccc4c(c3)C(=O)N(C3CCC(CC5CCC(N6C(=O)c7ccc(C([*])=O)cc7C6=O)CC5)CC3)C4=O)cc2)cc1,523.15
[*]Nc1ccc(Oc2ccc(NC(=O)c3ccc4c(c3)C(=O)N(c3ccc(Oc5ccc(C6(c7ccc(Oc8ccc(N9C(=O)c%10ccc(C([*])=O)cc%10C9=O)cc8)cc7)CC7CC6C6CCCC76)cc5)cc3)C4=O)cc2)cc1,523.15
[*]Nc1ccc(Oc2ccc(Oc3ccc(N4C(=O)c5ccc(C([*])=O)cc5C4=O)cc3)cc2)cc1,523.15
[*]Nc1ccc2[nH]c(-c3cccc(NC(=O)c4ccc(OCCOc5ccc(C([*])=O)cc5)cc4)c3)nc2c1,523.15
[*]Oc1c(Cl)cc(C(=C(Cl)Cl)c2cc(Cl)c(OC([*])=O)c(Cl)c2)cc1Cl,523.15
[*]Oc1cc2ccccc2cc1Oc1ccc2c(c1)C(=O)N(c1cc(N3C(=O)c4ccc([*])cc4C3=O)cc(C(F)(F)F)c1)C2=O,523.15
[*]Oc1ccc(C(=O)c2ccc3nc(C(=O)c4ccc(Oc5c(C)cc(-c6cc(C)c([*])c(C)c6C)c(C)c5C)cc4)ccc3c2)cc1,523.15
[*]Oc1ccc(C2(c3ccc(OC(=O)c4ccc([Si](c5ccccc5)(c5ccccc5)c5ccc(C([*])=O)cc5)cc4)cc3)OC(=O)c3ccccc32)cc1,523.15
[*]Oc1ccc(S(=O)(=O)c2ccc(OC(=O)c3ccc([Si](c4ccccc4)(c4ccccc4)c4ccc(C([*])=O)cc4)cc3)cc2)cc1,523.15
[*]Oc1cccc2c(Oc3ccc4c(c3)C(=O)N(c3cc(N5C(=O)c6ccc([*])cc6C5=O)cc(C(F)(F)F)c3)C4=O)cccc12,523.15
[*]Sc1cccc2c1C(=O)N(c1ccc(Oc3ccc(Oc4ccc(N5C(=O)c6cccc([*])c6C5=O)cc4)cc3)cc1)C2=O,523.15
[*]c1c(C)cc(-c2cc(C)c(N3C(=O)c4ccc(C(=O)Nc5ccc(C(c6ccc(NC(=O)c7ccc8c(c7)C(=O)N([*])C8=O)cc6)(C(F)(F)F)C(F)(F)F)cc5)cc4C3=O)c3ccccc23)c2ccccc12,523.15
[*]c1c(C)cc(C)c(N2C(=O)c3ccc(C(=O)Nc4ccc(C(c5ccc(NC(=O)c6ccc7c(c6)C(=O)N([*])C7=O)cc5)(C(F)(F)F)C(F)(F)F)cc4)cc3C2=O)c1C,523.15
[*]c1cc(C)c(C)c(NC(=O)c2ccc3c(c2)C(=O)N(c2cccc4c(N5C(=O)c6ccc(C(=O)Nc7cc(C([*])(C(F)(F)F)C(F)(F)F)cc(C)c7C)cc6C5=O)cccc24)C3=O)c1,523.15
[*]c1cc([*])cc(-c2nc3ccccc3o2)c1,523.15
[*]c1ccc(CCCCCCc2ccc(-c3c(-c4ccccc4)cc(-c4ccc(-c5cc(-c6ccccc6)c([*])c(-c6ccccc6)c5-c5ccccc5)cc4)c(-c4ccccc4)c3-c3ccccc3)cc2)cc1,523.15
[*]c1ccc(N2C(=O)c3ccc(C(=O)Nc4ccc(C(c5ccc(NC(=O)c6ccc7c(c6)C(=O)N(c6ccc([*])cc6OC)C7=O)cc5)(C(F)(F)F)C(F)(F)F)cc4)cc3C2=O)c(OC)c1,523.15
[*]c1ccc(Oc2ccc(C(=O)Nc3ccc(-c4ccc(NC(=O)c5ccc(Oc6ccc(C([*])(C)C)cc6)cc5)cc4C(F)(F)F)c(C(F)(F)F)c3)cc2)cc1,523.15
[*]c1ccc(Oc2ccc(C3(c4ccc(Oc5ccc(S([*])(=O)=O)cc5)cc4)CC4CCC3C4)cc2)cc1,523.15
[*]c1ccc(Oc2ccc(NC(=O)c3ccc4c(c3)C(=O)N(c3ccc(Oc5ccc6ccc(Oc7ccc(N8C(=O)c9ccc(C(=O)Nc%10ccc(Oc%11ccc(C([*])(C)C)cc%11)cc%10)cc9C8=O)cc7)cc6c5)cc3)C4=O)cc2)cc1,523.15
[*]c1ccc(Oc2ccc(S(=O)(=O)c3ccc4ccc(S([*])(=O)=O)cc4c3)cc2)cc1,523.15
[*]c1ccc2c(c1)C(=O)N(c1ccc(OCC(F)(F)C(F)(F)C(F)(F)C(F)(F)C(F)(F)C(F)(F)C(F)(F)F)c(N3C(=O)c4ccc([*])cc4C3=O)c1)C2=O,523.15
[*]c1ccc2c(c1)C(=O)N(c1ccc(Oc3ccc(N4C(=O)c5ccc(C([*])O)cc5C4=O)cc3)cc1)C2=O,523.15
[*]c1ccccc1C(=O)Oc1ccc2c([*])c3ccc(=O)cc-3oc2c1,523.15
[*]c1ccc2c(c1)C(=O)N(c1ccc(Oc3ccc(C(c4ccc(Oc5ccc(N6C(=O)c7ccc([*])cc7C6=O)cc5)cc4)(C(F)(F)F)C(F)(F)F)cc3)cc1)C2=O,522.65
[*]C(=O)c1ccc2c(c1)C(=O)N(c1cccc(Cc3cccc(N4C(=O)c5ccc([*])cc5C4=O)c3)c1)C2=O,522.65
[*]c1ccc(Oc2ccc(-n3c(=O)c4cc5c(=O)n(-c6ccc(Oc7ccc(C(C)(C)c8cccc(C([*])(C)C)c8)cc7)cc6)c(=O)c5cc4c3=O)cc2)cc1,522.62
[*]=C(C#N)N1C(=O)c2ccc(C(=O)c3ccc(-c4ccc5c(c4)C(=O)N(C(=[*])C#N)C5=O)cc3)cc2C1=O,522.15
[*]C(=O)c1ccc2c(c1)C(=O)N(c1ccc(Oc3ccc(S(=O)(=O)c4ccc(Oc5ccc(N6C(=O)c7ccc(C(=O)c8cccc([*])c8)cc7C6=O)cc5)cc4)cc3)cc1)C2=O,522.15
[*]CC(=O)Nc1cccc(NC(=O)Cc2cc(C)c([*])cc2C)c1,522.15
[*]Nc1ccc(-c2cc(Br)ccc2NC(=O)c2ccc(Oc3ccc(C([*])=O)cc3)cc2)cc1,522.15
[*]Nc1ccc(Oc2ccccc2-c2ccccc2Oc2ccc(NC(=O)Nc3ccc4c(c3)C(=O)N(c3ccc(-c5cc(-c6ccc(-c7ccccc7)cc6)cc(-c6ccc(N7C(=O)c8ccc(NC([*])=O)cc8C7=O)cc6)n5)cc3)C4=O)cc2)cc1,522.15
[*]Oc1ccc(S(=O)(=O)c2ccc(OC(=O)c3cccc(C([*])=O)c3)cc2)cc1,522.15
[*]Oc1ccc2cc(Oc3ccc4c(c3)C(=O)N(c3ccc(Oc5ccc(N6C(=O)c7ccc([*])cc7C6=O)cc5)cc3)C4=O)ccc2c1,522.15
[*]Oc1cccc2c1C(=O)N(c1ccc(Oc3ccc(Oc4ccc(N5C(=O)c6ccc([*])cc6C5=O)cc4)cc3)cc1)C2=O,522.15
[*]c1cc(C(=O)OCCC)cc(N2C(=O)C3c4ccccc4CC(C4CC(=O)N([*])C4=O)C3C2=O)c1,522.15
[*]c1ccc(N=C2OC(=O)c3cc(Oc4ccc5c(c4)/C(=N\c4ccc(C(C)(C)c6ccc(C([*])(C)C)cc6)cc4)OC5=O)ccc32)cc1,522.15
[*]c1ccc(Oc2ccc(-c3ccc(N4C(=O)c5ccc(Oc6ccc7c(c6)C(=O)N(c6ccc(-c8ccc(Oc9ccc%10c(c9)C([*])(C)CC%10(C)C)c(C(F)(F)F)c8)cc6)C7=O)cc5C4=O)cc3)cc2C(F)(F)F)cc1,522.15
[*]c1ccc2c(c1)C(=O)N(c1ccc(Oc3ccccc3Oc3ccc(N4C(=O)c5ccc([*])cc5C4=O)cc3C(F)(F)F)c(C(F)(F)F)c1)C2=O,522.15
[*]Oc1cccc2c1C(=O)N(c1cccc(Oc3ccc(Oc4ccc(N5C(=O)c6ccc([*])cc6C5=O)cc4)cc3)c1)C2=O,522.15
[*]C(=O)c1ccc2c(c1)C(=O)N(c1ccc(Oc3ccc(C(c4ccc(Oc5ccc(N6C(=O)c7ccc([*])cc7C6=O)cc5)cc4)(C(F)(F)F)C(F)(F)F)cc3)cc1)C2=O,521.9
[*]c1ccc(NC(=O)Nc2ccc(NC(=O)Nc3ccc(-c4nc(C#N)c(C#N)nc4[*])cc3)cc2)cc1,521.85
[*]C(=O)Nc1ccc(-c2ccc(Oc3ccc(C(C)(C)c4ccc(Oc5ccc(-c6ccc(NC(=O)c7cc([*])cc(C(C)(C)C)c7)cc6)cc5C(F)(F)F)cc4)cc3)c(C(F)(F)F)c2)cc1,521.65
[*]C(=O)Nc1ccc(NC(=O)c2cc(-c3ccc(C(=O)O)c([*])c3)ccc2C(=O)O)cc1,521.55
[*]=Nc1ccc(Oc2ccc(C(c3ccc(Oc4ccc(/N=C5/OC(=O)c6ccc(C(=O)c7ccc8c(c7)C(=[*])OC8=O)cc65)cc4)cc3)(C(F)(F)F)C(F)(F)F)cc2)cc1,521.15
[*]C(=O)c1ccc(C(=O)c2ccc(Oc3ccc(-c4[nH]c(-c5ccccc5)nc4-c4ccc(Oc5ccc([*])cc5)cc4)cc3)cc2)cc1,521.15
[*]C(=O)c1ccc(Oc2ccc(Oc3ccc([*])cc3S(=O)(=O)O)cc2S(=O)(=O)O)c(S(=O)(=O)O)c1,521.15
[*]C(=O)c1ccc(Oc2cccc3c2C(=O)N(c2cccc(N4C(=O)c5cccc(Oc6ccc([*])cc6)c5C4=O)c2)C3=O)cc1,521.15
[*]C(=O)c1ccc2cc(C(=O)c3ccc(Oc4ccc(-c5nc(-c6ccccc6)[nH]c5-c5ccc(Oc6ccc([*])cc6)cc5)cc4)cc3)ccc2c1,521.15
[*]C(=O)c1cccc(Oc2cccc3c2C(=O)N(c2cccc(N4C(=O)c5cccc(Oc6ccc([*])cc6)c5C4=O)c2)C3=O)c1,521.15
[*]C=CC1CC([*])C2C(=O)N(c3ccccc3C)C(=O)C12,521.15
[*]Cc1cc(C)c(Oc2ccc3c(c2)C(=O)N(c2ccc(Oc4ccc(-c5ccc(Oc6ccc(N7C(=O)c8ccc(Oc9c(C)cc([*])cc9C)cc8C7=O)cc6)cc5)cc4)cc2)C3=O)c(C)c1,521.15
[*]Cc1cc2cc(C(=O)Nc3ccc(-c4ccc(NC(=O)c5cc6cc([*])c(OC(=O)COc7ccc8ccc(=O)oc8c7)cc6oc5=O)cc4)cc3)c(=O)oc2cc1OC(=O)COc1ccc2ccc(=O)oc2c1,521.15
[*]Nc1ccc(-c2ccccc2NC(=O)c2cccc(C([*])=O)c2)cc1,521.15
[*]Nc1ccc2c(c1)-c1cc(NC(=O)c3ccc4c(c3)C(=O)N(c3cccc(P(=O)(c5ccccc5)c5cccc(N6C(=O)c7ccc(C([*])=O)cc7C6=O)c5)c3)C4=O)ccc1C2,521.15
[*]Nc1ccc2c(c1)C(=O)N(c1ccc(-c3cc(-c4ccc(-c5ccccc5)cc4)cc(-c4ccc(N5C(=O)c6ccc(NC(=O)Nc7cccc(NC([*])=O)n7)cc6C5=O)cc4)n3)cc1)C2=O,521.15
[*]Oc1ccc(C2(c3ccc(OC(=O)c4cccc(C([*])=O)c4)cc3)CCC3CCCCC3C2)cc1,521.15
[*]Oc1ccc2c(c1)C(=O)N(c1cccc(P(=O)(c3ccc(C(F)(F)F)cc3)c3cccc(N4C(=O)c5ccc([*])cc5C4=O)c3)c1)C2=O,521.15
[*]c1cc(C)c(ON2C(=O)c3ccc(Oc4ccc(C5(c6ccc(Oc7ccc8c(c7)C(=O)N(Oc7c(C)cc(C([*])(C)C)cc7C)C8=O)cc6)CCC(C(C)(C)C)CC5)cc4)cc3C2=O)c(C)c1,521.15
[*]c1cc(C)c(Oc2ccc(S(=O)(=O)c3ccc(Oc4c(C)cc(C([*])(C(F)(F)F)C(F)(F)F)cc4C)cc3)cc2)c(C)c1,521.15
[*]c1ccc(Oc2ccc(-c3ccc(Oc4ccc(S(=O)(=O)c5cccc6c(S([*])(=O)=O)cccc56)cc4)cc3)cc2)cc1,521.15
[*]c1ccc(Oc2ccc(Oc3ccc4nc(-c5ccc(-c6nc7ccc(Oc8ccc(Oc9ccc(P([*])(=O)c%10ccccc%10)cc9)cc8)cc7nc6-c6ccccc6)cc5)c(-c5ccccc5)nc4c3)cc2)cc1,521.15
[*]c1ccc2c(c1)C(=O)N(c1ccc(Oc3cccc(Oc4ccc(N5C(=O)c6cccc([*])c6C5=O)cc4)c3)cc1)C2=O,521.15
[*]c1cc(C(=O)NCCCCCCCCCCCCCC)cc(N2C(=O)c3ccc(-c4ccc5c(c4)C(=O)N([*])C5=O)cc3C2=O)c1,520.75
[*]Oc1ccc2c(c1)C(=O)N(c1ccc(Oc3ccc(Oc4ccc(N5C(=O)c6ccc([*])cc6C5=O)cc4)cc3)cc1)C2=O,520.65
[*]C(=O)c1ccc(Oc2ccc3cc(Oc4ccc([*])cc4)ccc3c2)cc1,520.15
[*]C(=O)c1cccc(C(=O)c2ccc(Oc3ccc(-n4c(=O)c5cc6c(=O)n(-c7ccc(Oc8ccc([*])cc8)cc7)c(=O)c6cc5c4=O)cc3)cc2)c1,520.15
[*]CNc1ccc(S(=O)(=O)c2ccc(NCC(=O)c3ccc(Oc4ccc(C([*])=O)cc4)cc3)cc2)cc1,520.15
[*]Cc1cc(C)c(N2C(=O)c3ccc(Oc4ccc(C(C)(C)c5ccc(Oc6ccc7c(c6)C(=O)N(c6c(C)cc([*])cc6C)C7=O)cc5)cc4)cc3C2=O)c(C)c1,520.15
[*]NC(=O)c1ccc2cc(C(=O)Nc3cc([*])cc(C(=O)OCCOc4ccc(/C=C/C(=O)c5ccccc5)cc4)c3)ccc2c1,520.15
[*]Nc1ccc(N2C(=O)c3ccc(C(=O)c4ccc5c(c4)C(=O)N(c4ccc(NC(=O)c6cccc(C([*])=O)c6)cc4)C5=O)cc3C2=O)cc1,520.15
[*]Nc1cccc(S(=O)(=O)c2cccc(NC(=O)c3cccc(N4C(=O)c5ccc(-c6ccc7c(c6)C(=O)N(c6cccc(C([*])=O)c6)C7=O)cc5C4=O)c3)c2)c1,520.15
[*]Oc1ccc(-c2ccc(Oc3ccc4c(c3)C(=O)N(c3cccc(N5C(=O)c6ccc([*])cc6C5=O)c3)C4=O)cc2)cc1,520.15
[*]c1ccc(N2C(=O)c3ccc(Oc4ccc5ccc(Oc6ccc7c(c6)C(=O)N(c6ccc(C([*])(C)C)cc6)C7=O)cc5c4)cc3C2=O)cc1,520.15
[*]c1ccc(OC(=O)c2ccc(C(=O)Oc3ccc(C4([*])CCC5CCCCC5C4)cc3C)cc2)c(C)c1,520.15
[*]c1ccc(Oc2ccc(C3(c4ccc(Oc5ccc(S([*])(=O)=O)cc5)cc4)CCCCCC3)cc2)cc1,520.15
[*]c1ccc(Oc2ccc(S(=O)(=O)c3ccc(Oc4ccc(C5([*])OC(=O)c6ccccc65)cc4)cc3)cc2)cc1,520.15
[*]c1ccc2c(c1)C(=O)N(c1ccc(Oc3ccc(Oc4ccc(N5C(=O)c6ccc([*])cc6C5=O)cc4)c(-c4ccccc4)c3)cc1)C2=O,520.15
[*]c1ccc2c(c1)C(=O)N(c1ccc(Oc3ccccc3Oc3ccc(N4C(=O)c5ccc(C([*])(C(F)(F)F)C(F)(F)F)cc5C4=O)cc3C(F)(F)F)c(C(F)(F)F)c1)C2=O,520.15
[*]c1ccc2c(c1)C(=O)N(c1cccc(P(=O)(c3cccc(N4C(=O)c5ccc(C([*])(C(F)(F)F)C(F)(F)F)cc5C4=O)c3)c3cc(C(F)(F)F)cc(C(F)(F)F)c3)c1)C2=O,520.15
[*]c1ccc2c(c1)C(=O)N(c1ccc(Oc3ccc(C(c4ccc(Oc5ccc(N6C(=O)c7ccc(C([*])(C(F)(F)F)C(F)(F)F)cc7C6=O)cc5)cc4)(C(F)(F)F)C(F)(F)F)cc3)cc1)C2=O,520.15
[*]c1ccc(Oc2ccc(N3C(=O)c4ccc(C(c5ccc6c(c5)C(=O)N(c5ccc(Oc7ccc(C([*])(C)C)cc7)cc5)C6=O)(C(F)(F)F)C(F)(F)F)cc4C3=O)cc2)cc1,519.85
[*]c1cc(C)c(Oc2ccc(C(=O)c3ccc(Oc4c(C)cc([*])cc4C)cc3)cc2)c(C)c1,519.785
[*]C(=O)c1ccc2c(c1)C(=O)N(c1ccc(OCCOc3ccc(N4C(=O)c5ccc([*])cc5C4=O)cc3)cc1)C2=O,519.15
[*]C(=O)c1ccc2c(c1)C(=O)N(c1ccc(Oc3cc4ccccc4cc3Oc3ccc(N4C(=O)c5ccc([*])cc5C4=O)cc3)cc1)C2=O,519.15
[*]C(=O)c1ccc2c(c1)C(=O)N(c1ccc(Sc3ccc(N4C(=O)c5ccc([*])cc5C4=O)cn3)nc1)C2=O,519.15
[*]C(=O)c1ccc2cc(C(=O)c3ccc(Oc4ccc(N5C(=O)c6ccc(C(=O)c7ccc8c(c7)C(=O)N(c7ccc(Oc9ccc([*])cc9)cc7)C8=O)cc6C5=O)cc4)cc3)ccc2c1,519.15
[*]C(CC1C(=O)NC(=O)C1[*])c1ccccc1,519.15
[*]Oc1ccc2ccc(OC(=O)c3ccc4c(c3)C(=O)N(c3ccc(Oc5ccc(N6C(=O)c7ccc(C([*])=O)cc7C6=O)cc5)cc3)C4=O)cc2c1,519.15
[*]c1cc(OCCCC)cc(N2C(=O)c3ccc(C(c4ccc5c(c4)C(=O)N([*])C5=O)(C(F)(F)F)C(F)(F)F)cc3C2=O)c1,519.15
[*]c1ccc(N2C(=O)c3ccc(Oc4ccc5cc(Oc6ccc7c(c6)C(=O)N(c6ccc(C(C)(C)c8ccc(C([*])(C)C)cc8)cc6)C7=O)ccc5c4)cc3C2=O)cc1,519.15
[*]c1ccc(N2C(=O)c3ccc(Oc4ccc5ccc(Oc6ccc7c(c6)C(=O)N(c6ccc(C(C)(C)c8ccc(C([*])(C)C)cc8)cc6)C7=O)cc5c4)cc3C2=O)cc1,519.15
[*]c1ccc(Oc2ccc3c(c2)C(=O)N(c2ccc(O)c(N4C(=O)c5ccc(Oc6ccc(C([*])(C)C)cc6)cc5C4=O)c2)C3=O)cc1,519.15
[*]c1ccc(Oc2ccc3c(c2)C(=O)N(c2ccc(Oc4cccc(Oc5ccc(N6C(=O)c7ccc(Oc8ccc(C([*])(C)C)cc8)cc7C6=O)cc5)c4)cc2)C3=O)cc1,519.15
[*]c1ccc([Si](C)(C)c2ccc3c(c2)C(=O)N(c2cccc(Cc4cccc(N5C(=O)c6ccc([Si]([*])(C)C)cc6C5=O)c4)c2)C3=O)cc1,519.15
[*]c1ccc2c(c1)C(=O)N(c1ccc(Oc3ccc(S(=O)(=O)c4ccc(Oc5ccc(N6C(=O)c7ccc([Si]([*])(C)C)cc7C6=O)cc5)cc4)cc3)cc1)C2=O,519.15
[*]Oc1ccc2c(c1)C(=O)N(c1cccc(S(=O)(=O)c3cccc(N4C(=O)c5ccc([*])cc5C4=O)c3)c1)C2=O,519.15
[*]c1cc(C(=O)NCCCCCCCC)cc(N2C(=O)c3ccc(-c4ccc5c(c4)C(=O)N([*])C5=O)cc3C2=O)c1,518.65
[*]c1cc(C(=O)NCCCCCCCCCC)cc(N2C(=O)c3ccc(-c4ccc5c(c4)C(=O)N([*])C5=O)cc3C2=O)c1,518.25
[*]C(=O)c1ccc(C(=O)c2ccc(Oc3ccc(N4C(=O)c5ccc(-c6ccc7c(c6)C(=O)N(c6ccc(Oc8ccc([*])cc8)cc6)C7=O)cc5C4=O)cc3)cc2)cc1,518.15
[*]C(=O)c1ccc(Oc2ccc(-c3c4c(c(-c5ccc(Oc6ccc([*])cc6)cc5)c5ccccc35)C(=O)N(c3ccccc3-c3ccccc3)C4=O)cc2)cc1,518.15
[*]C(=O)c1ccc(Oc2ccc(-c3nc(-c4ccc(-c5nc(-c6ccc(Oc7ccc(C(=O)c8ccc(Oc9ccc([*])cc9)cc8)cc7)cc6)c(-c6ccccc6)[nH]5)cc4)[nH]c3-c3ccccc3)cc2)cc1,518.15
[*]C(=O)c1ccc2c(c1)C(=O)N(c1ccc(Cc3ccc(N4C(=O)c5ccc(C(=O)c6ccc(Oc7ccc(S(=O)(=O)c8ccc(Oc9ccc([*])cc9)cc8)cc7)cc6)cc5C4=O)cc3)cc1)C2=O,518.15
[*]CC([*])c1ccc(B(Oc2ccc(-c3c(F)c(F)c(F)c(F)c3F)c3cccnc23)c2ccc(C(C)(C)C)cc2)cc1,518.15
[*]CN1C(=O)c2ccc(C(c3ccc4c(c3)C(=O)N(CC(=O)Nc3ccc(Oc5ccc(-c6ccc(Oc7ccc(NC([*])=O)cc7)cc6)cc5)cc3)C4=O)(C(F)(F)F)C(F)(F)F)cc2C1=O,518.15
[*]COc1ccc2ccccc2c1Sc1c(OCC(=O)Nc2ccc(Oc3ccc(NC([*])=O)cc3)cc2)ccc2ccccc12,518.15
[*]Cc1cc(C)c(Oc2ccc3c(c2)C(=O)N(c2cccc(N4C(=O)c5ccc(Oc6c(C)cc([*])cc6C)cc5C4=O)c2)C3=O)c(C)c1,518.15
[*]Nc1ccc(C(c2ccc(NC(=O)c3ccc(C([*])=O)cc3)cc2)(P2(=O)Oc3ccccc3-c3ccccc32)P2(=O)Oc3ccccc3-c3ccccc32)cc1,518.15
[*]Nc1ccc(Oc2ccc(-c3nnc(-c4ccc(Oc5ccc(NC(=O)c6ccc(C([*])=O)cc6Oc6ccccc6)cc5)cc4)o3)cc2)cc1,518.15
[*]Nc1cccc(Oc2ccc(-c3nnc(-c4ccc(Oc5cccc(NC(=O)c6cc(C([*])=O)cc(N7C(=O)c8ccccc8C7=O)c6)c5)cc4)o3)cc2)c1,518.15
[*]OC(=O)c1cccc(C(=O)Oc2ccc3c(c2)C2(CC(C)(C)c4ccc([*])cc42)CC3(C)C)c1,518.15
[*]Oc1ccc(-c2nc3ccccc3nc2-c2ccc(OC(=O)c3cccc(C([*])=O)c3)cc2)cc1,518.15
[*]Oc1ccc(C2(c3ccc(Oc4ccc5c(c4)C(=O)N(c4ccc(Oc6ccc(C7(c8ccc(Oc9ccc(N%10C(=O)c%11ccc([*])cc%11C%10=O)cc9)cc8)CC8CCC7C8)cc6)cc4)C5=O)cc3)CCC(c3ccccc3)CC2)cc1,518.15
[*]Oc1ccc(N2C(=O)c3ccc(C(=O)c4ccc5c(c4)C(=O)N(c4ccc(Oc6cccc([*])c6C#N)cc4)C5=O)cc3C2=O)cc1,518.15
[*]Oc1ccc2c(c1)C(=O)N(c1ccc(Oc3ccc(-c4ccc(Oc5ccc(N6C(=O)c7ccc([*])cc7C6=O)cc5)cc4)cc3)cc1)C2=O,518.15
[*]Oc1ccc2ccc(Oc3ccc4c(c3)C(=O)N(c3ccc(Oc5ccc(N6C(=O)c7ccc([*])cc7C6=O)cc5)cc3)C4=O)cc2c1,518.15
[*]c1ccc(Oc2ccc(C(=O)c3ccc(Oc4ccc(C5([*])c6ccccc6C(=O)N5C)cc4)cc3)cc2)cc1,518.15
[*]c1ccc(Oc2ccc(S(=O)(=O)c3ccc(Oc4ccc(C5([*])OC(=O)c6ccccc65)cc4C)cc3)cc2)c(C)c1,518.15
[*]c1ccc2c(c1)C(=O)N(c1cccc(Oc3cccc(N4C(=O)c5cccc([*])c5C4=O)c3)c1)C2=O,518.15
[*]C(=O)Nc1ccc(Oc2ccc(C(C)(C)c3ccc(Oc4ccc(NC(=O)c5cc([*])cc(C(C)(C)C)c5)cc4)cc3)cc2)cc1,517.15
[*]C(=O)c1ccc2c(c1)C(=O)N(c1ccc(Oc3ccc(N4C(=O)c5ccc(C(=O)c6cccc([*])c6)cc5C4=O)cc3)cc1)C2=O,517.15
[*]C(=O)c1cccc(C(=O)c2ccc(Oc3ccc(-c4nc5ccccc5n4-c4ccc(-c5ccc(-n6c(-c7ccc(Oc8ccc([*])cc8)cc7)nc7ccccc76)cc5)cc4)cc3)cc2)c1,517.15
[*]CC1(C)C(=O)OC(=O)C1(C)C([*])OCC,517.15
[*]Nc1ccc(Oc2ccc(Oc3ccc(N4C(=O)c5cccc(Oc6ccc(C([*])=O)cc6)c5C4=O)cc3)cc2)cc1,517.15
[*]Nc1ccc(Oc2ccc(Oc3ccc(NC(=O)c4cccc(N5C(=O)c6ccc(-c7ccc8c(c7)C(=O)N(c7cccc(C([*])=O)c7)C8=O)cc6C5=O)c4)cc3)cc2)cc1,517.15
[*]Nc1ccc(Oc2ccc(Oc3ccc(Oc4ccc(NC(=O)c5cccc(N6C(=O)c7ccc(-c8ccc9c(c8)C(=O)N(c8cccc(C([*])=O)c8)C9=O)cc7C6=O)c5)cc4)cc3)cc2)cc1,517.15
[*]c1cc(C)c(Oc2ccc3c(c2)C(=O)N(c2ccc(Oc4ccc(C(c5ccc(Oc6ccc(N7C(=O)c8ccc(Oc9c(C)cc(C([*])(C)C)cc9C)cc8C7=O)cc6)cc5)(C(F)(F)F)C(F)(F)F)cc4)cc2)C3=O)c(C)c1,517.15
[*]c1cc(C)c(Oc2ccc3c(c2)C(=O)N(c2ccc(Oc4ccc(Oc5ccc(N6C(=O)c7ccc(Oc8c(C)cc(C([*])(C)C)cc8C)cc7C6=O)cc5)cc4C(C)(C)C)cc2)C3=O)c(C)c1,517.15
[*]c1cc(OCCCC)cc(N2C(=O)c3ccc(C(=O)c4ccc5c(c4)C(=O)N([*])C5=O)cc3C2=O)c1,517.15
[*]c1ccc(-c2ccc(-c3ccc(-c4ccc(-c5ccc6c(c5)C(=O)N(c5ccc(Cc7ccc(N8C(=O)c9ccc([*])cc9C8=O)cc7)cc5)C6=O)cc4)cc3)cc2)cc1,517.15
[*]c1ccc(-c2ccc(-c3ccc(-c4ccc(-c5ccc6c(c5)C(=O)N(c5ccc(Oc7ccc(N8C(=O)c9ccc([*])cc9C8=O)cc7)cc5)C6=O)cc4)cc3)cc2)cc1,517.15
[*]c1ccc(Oc2ccc(Oc3ccc(-c4nc([*])nc(-c5ccccc5)n4)cc3)cc2)cc1,517.15
[*]c1ccc2c(c1)C(=O)N(c1cccc(Oc3cccc(N4C(=O)c5ccc(C([*])(C(F)(F)F)C(F)(F)F)cc5C4=O)c3)c1)C2=O,517.15
[*]c1ccc2c(c1)C(=O)N(c1ccc(Oc3c(F)c(F)c(Oc4ccc(N5C(=O)c6ccc(C([*])(C(F)(F)F)C(F)(F)F)cc6C5=O)cc4)c(F)c3F)cc1)C2=O,516.95
[*]c1cc(C(=O)NCCCCCCCCCCCC)cc(N2C(=O)c3ccc(-c4ccc5c(c4)C(=O)N([*])C5=O)cc3C2=O)c1,516.25
[*]C(=O)Nc1ccc(Oc2ccc(C(C)(C)c3ccc(Oc4ccc(NC(=O)c5cc([*])cc(NC(=O)c6ccc(OC(C)=O)cc6)c5)cc4)cc3)cc2)cc1,516.15
[*]C(=O)c1ccc(C(=O)c2ccc(Oc3ccc(C4(c5ccc(Oc6ccc([*])cc6)cc5)c5ccccc5-c5ccccc54)cc3)cc2)cc1,516.15
[*]C(=O)c1ccc(Oc2ccc(-c3nc4ccccc4n3-c3ccc(-c4ccc(-n5c(-c6ccc(Oc7ccc(C(=O)c8ccc(Oc9ccc([*])cc9)cc8)cc7)cc6)nc6ccccc65)cc4)cc3)cc2)cc1,516.15
[*]C(=O)c1ccc(Oc2ccc(N3C(=O)c4ccc(Oc5ccc6c(c5)C(=O)N(c5ccc(Oc7ccc([*])cc7)cc5)C6=O)cc4C3=O)cc2)cc1,516.15
[*]C(=O)c1ccc2c(c1)C(=O)N(c1cccc(P(=O)(c3cccc(N4C(=O)c5ccc([*])cc5C4=O)c3)c3cc(C(F)(F)F)cc(C(F)(F)F)c3)c1)C2=O,516.15
[*]C(=O)c1cccc(C(=O)c2ccc(Oc3ccc(-c4c5c(c(-c6ccc(Oc7ccc([*])cc7)cc6)c6ccccc46)C(=O)N(c4ccc(F)cc4)C5=O)cc3)cc2)c1,516.15
[*]C=Cc1ccc(/C=C/C(=O)Oc2ccc(-c3ccc(OC([*])=O)cc3)cc2)cc1,516.15
[*]Cc1cc(C)c(Oc2cccc3c2C(=O)N(c2c(C)cc(Cc4cc(C)c(N5C(=O)c6cccc(Oc7c(C)cc([*])cc7C)c6C5=O)c(C)c4)cc2C)C3=O)c(C)c1,516.15
[*]Nc1ccc(C(c2ccc(NC(=O)c3ccc(Oc4ccc(C([*])=O)cc4)cc3)cc2)(P2(=O)Oc3ccccc3-c3ccccc32)P2(=O)Oc3ccccc3-c3ccccc32)cc1,516.15
[*]Nc1ccc(Cc2ccc(N3C(=O)c4ccc(Oc5cccc(C([*])=O)c5)cc4C3=O)cc2)cc1,516.15
[*]Nc1ccc(NC(=O)Nc2ccc3c(c2)C(=O)N(c2ccc(-c4cc(-c5ccc(-c6ccccc6)cc5)cc(-c5ccc(N6C(=O)c7ccc(NC([*])=O)cc7C6=O)cc5)n4)cc2)C3=O)cc1,516.15
[*]Nc1ccc(NC(=O)c2ccc(P(=O)(c3ccccc3)c3ccc(C(=O)Nc4ccc(C([*])=O)cc4)cc3)cc2)cc1,516.15
[*]Nc1ccc(Oc2ccc(C(c3ccc(Oc4ccc(NC(=O)c5ccc(C([*])=O)cc5)cc4)cc3)(C(F)(F)F)C(F)(F)F)cc2)cc1,516.15
[*]Nc1ccc(Oc2ccc(Oc3ccc(NC(=O)c4ccc5c(c4)C(=O)N(c4ccc(S(=O)(=O)c6ccc(N7C(=O)c8ccc(C([*])=O)cc8C7=O)cc6)cc4)C5=O)cc3)cc2)cc1,516.15
[*]Oc1ccc2nc(-c3ccc(Oc4ccc(-c5nc6cc([*])ccc6nc5-c5ccccc5)cc4)cc3)c(-c3ccccc3)nc2c1,516.15
[*]c1ccc(N2C(=O)c3ccc(Oc4ccc(C5(c6ccc(Oc7ccc8c(c7)C(=O)N(c7ccc(N([*])c9ccc(C#N)cc9)cc7)C8=O)cc6)CCCCC5)cc4)cc3C2=O)cc1,516.15
[*]c1ccc(OC(=O)c2ccc(C(=O)Oc3ccc(C([*])(CC)c4ccccc4)cc3)cc2)cc1,516.15
[*]c1ccc(Oc2ccc(-n3nccc3-c3ccc(-c4ccnn4[*])cc3)cc2)cc1,516.15
[*]c1ccc(Oc2ccc(N3C(=O)c4ccc(Oc5ccc(C6(c7ccc(Oc8ccc9c(c8)C(=O)N(c8ccc(Oc%10ccc(C%11([*])CCC(C(C)(C)C)CC%11)cc%10)cc8)C9=O)cc7)CCC(c7ccccc7)CC6)cc5)cc4C3=O)cc2)cc1,516.15
[*]c1ccc2c(c1)C(=O)N(c1cccc(Oc3ccc(P(=O)(c4ccccc4)c4ccc(Oc5cccc(N6C(=O)c7ccc(C([*])(C(F)(F)F)C(F)(F)F)cc7C6=O)c5)cc4)cc3)c1)C2=O,516.15
[*]Oc1ccc(-c2ccc(Oc3ccc(S(=O)(=O)c4ccc([*])cc4N)c(N)c3)cc2)cc1,515.35
[*]C(=O)c1ccc(Oc2ccc(-c3nc4ccccc4n3-c3ccc(-n4c(-c5ccc(Oc6ccc([*])cc6)cc5)nc5ccccc54)cc3)cc2)cc1,515.15
[*]C(=O)c1ccc(Oc2ccc(C3(c4ccc(Oc5ccc(C([*])=O)cc5)cc4)c4ccccc4-c4ccccc43)cc2)cc1,515.15
[*]C(=O)c1ccc2c(c1)C(=O)N(c1ccc(Oc3ccc(C(=O)c4cccc(N5C(=O)c6ccc([*])cc6C5=O)c4)cc3)c(C(F)(F)F)c1)C2=O,515.15
[*]C(=O)c1cccc(N2C(=O)c3ccc(C(=O)c4ccc5c(c4)C(=O)N(c4cccc([*])c4)C5=O)cc3C2=O)c1,515.15
[*]C(=O)c1cccc(N2C(=O)c3ccc(C(c4ccc5c(c4)C(=O)N(c4ccc(Oc6ccc([*])cc6)cc4)C5=O)(C(F)(F)F)C(F)(F)F)cc3C2=O)c1,515.15
[*]CN1C(=O)c2ccc(C(=O)Nc3ccc(Oc4ccc(Oc5ccc(NC([*])=O)cc5)cc4)cc3)cc2C1=O,515.15
[*]CN1C(=O)c2ccc(C(c3ccc4c(c3)C(=O)N(CC(=O)Nc3ccc(Oc5ccc(Oc6ccc(NC([*])=O)cc6)cc5)cc3)C4=O)(C(F)(F)F)C(F)(F)F)cc2C1=O,515.15
[*]Nc1ccc(Oc2ccc(Oc3ccc(N4C(=O)c5ccc(Oc6ccc(C([*])=O)cc6)cc5C4=O)cc3)cc2)cc1,515.15
[*]Oc1ccc(N2C(=O)c3ccc(Oc4ccc5c(c4)C(=O)N(c4ccc(Oc6cc(C(C)(C)C)c([*])cc6C(C)(C)C)cc4)C5=O)cc3C2=O)cc1,515.15
[*]Sc1ccc(Sc2ccc(Sc3cccc4c3C(=O)N(N3C(=O)c5ccc([*])cc5C3=O)C4=O)cc2)cc1,515.15
[*]c1ccc(Oc2ccc(C34CC5CC(C3)CC(c3ccc(Oc6ccc(S([*])(=O)=O)cc6)cc3)(C5)C4)cc2)cc1,515.15
[*]c1ccc2c(c1)C(=O)N(C1CCC(CC3CCC(N4C(=O)c5ccc([*])cc5C4=O)CC3)CC1)C2=O,515.15
[*]c1ccc2c(c1)C(=O)N(c1ccc(Sc3ccc(Oc4ccc(Sc5ccc(N6C(=O)c7ccc(C([*])(C(F)(F)F)C(F)(F)F)cc7C6=O)cc5)cc4)cc3)cc1)C2=O,515.15
[*]c1ccc2c(c1)C(=O)N(c1ccc(Oc3cccc(Oc4ccc(N5C(=O)c6ccc(C([*])(C(F)(F)F)C(F)(F)F)cc6C5=O)cc4)c3)cc1)C2=O,514.65
[*]C(=O)c1ccc2c(c1)C(=O)N(c1ccc(Cc3ccc(N4C(=O)c5ccc(C(=O)c6ccc(Oc7ccc(-c8ccc(Oc9ccc([*])cc9)cc8)cc7)cc6)cc5C4=O)cc3)cc1)C2=O,514.15
[*]C(=O)c1ccc2c(c1)C(=O)N(c1ccc(Oc3ccc(N4C(=O)c5ccc(C(=O)c6ccc(Oc7ccc(S(=O)(=O)c8ccc(Oc9ccc([*])cc9)cc8)cc7)cc6)cc5C4=O)cc3)cc1)C2=O,514.15
[*]CC1CCC(N2C(=O)C3C4C=CC(C5C(=O)N(C6CCC([*])CC6C)C(=O)C45)C3C2=O)C(C)C1,514.15
[*]CN1C(=O)c2ccc(C(c3ccc4c(c3)C(=O)N(CC(=O)Nc3ccc(Oc5ccc(S(=O)(=O)c6ccc(Oc7ccc(NC([*])=O)cc7)cc6)cc5)cc3)C4=O)(C(F)(F)F)C(F)(F)F)cc2C1=O,514.15
[*]COc1ccc2ccccc2c1Sc1c(OCC(=O)Nc2ccc(Cc3ccc(NC([*])=O)cc3)cc2)ccc2ccccc12,514.15
[*]Nc1ccc(C(c2ccc(NC(=O)c3ccc4cc(C([*])=O)ccc4c3)cc2)(P2(=O)Oc3ccccc3-c3ccccc32)P2(=O)Oc3ccccc3-c3ccccc32)cc1,514.15
[*]Nc1ccc(Oc2ccc(C3(c4ccc(Oc5ccc(NC(=O)c6ccc(C(c7ccc(C([*])=O)cc7)(C(F)(F)F)C(F)(F)F)cc6)cc5)cc4)C4CC5CC(C4)CC3C5)cc2)cc1,514.15
[*]Nc1ccc(Oc2ccc(NC(=O)Nc3ccc4c(c3)C(=O)N(c3ccc(-c5cc(-c6ccc(-c7ccccc7)cc6)cc(-c6ccc(N7C(=O)c8ccc(NC([*])=O)cc8C7=O)cc6)n5)cc3)C4=O)cc2)cc1,514.15
[*]Nc1ccc(S(=O)(=O)c2ccc(NC(=O)c3ccc4c(c3)C(=O)N(c3cccc(P(=O)(c5ccccc5)c5cccc(N6C(=O)c7ccc(C([*])=O)cc7C6=O)c5)c3)C4=O)cc2)cc1,514.15
[*]Nc1cccc(Oc2ccc(S(=O)(=O)c3ccc(Oc4cccc(NC(=O)c5ccc(N6C(=O)c7cccc(-c8ccc9c(c8)C(=O)N(c8ccc(C([*])=O)cc8)C9=O)c7C6=O)cc5)c4)cc3)cc2)c1,514.15
[*]Oc1ccc(C=Cc2ccc(Oc3ccc(-c4nnc(-c5ccc([*])c6ccccc56)o4)c4ccccc34)c3ccccc23)cc1,514.15
[*]Oc1cccc(Oc2cccc3c2C(=O)N(c2cccc(N4C(=O)c5cccc([*])c5C4=O)c2)C3=O)c1,514.15
[*]Oc1cccc2c1C(=O)N(c1cccc(S(=O)(=O)c3cccc(N4C(=O)c5cccc([*])c5C4=O)c3)c1)C2=O,514.15
[*]Oc1ccccc1Oc1ccc2c(c1)C(=O)N(c1ccc(Oc3ccc(C4(c5ccc(Oc6ccc(N7C(=O)c8ccc([*])cc8C7=O)cc6C(F)(F)F)cc5)c5ccccc5-c5ccccc54)cc3)c(C(F)(F)F)c1)C2=O,514.15
[*]c1ccc(Oc2ccc(-c3ccc(N4C(=O)c5ccc(Oc6ccc(C(C)(C)c7ccc(Oc8ccc9c(c8)C(=O)N(c8ccc(-c%10ccc(Oc%11ccc%12c(c%11)C([*])(C)CC%12(C)C)c(C(F)(F)F)c%10)cc8)C9=O)cc7)cc6)cc5C4=O)cc3)cc2C(F)(F)F)cc1,514.15
[*]c1ccc(Oc2ccc(-c3ccc(Oc4ccc(-c5nc([*])nc(-c6ccccc6)n5)cc4)cc3)cc2)cc1,514.15
[*]c1ccc(Oc2ccc(-c3nc(-c4ccccc4)nc(-c4ccc(Oc5ccc(C([*])(C(F)(F)F)C(F)(F)F)cc5)cc4)n3)cc2)cc1,514.15
[*]c1ccc2c(c1)C(=O)N(c1ccc(Oc3ccc(P(=O)(c4ccccc4)c4ccc(Oc5cccc(N6C(=O)c7ccc([*])cc7C6=O)c5)cc4)cc3)cc1)C2=O,514.15
[*]c1ccc2c(c1)C(=O)N(c1ccc(Oc3ccccc3Oc3ccc(N4C(=O)c5ccc([*])cc5C4=O)cc3)cc1)C2=O,514.15
[*]Oc1ccc(Oc2ccc3c(c2)C(=O)N(c2ccc(Oc4ccc(N5C(=O)c6ccc([*])cc6C5=O)cc4)cc2)C3=O)cc1,514.15
[*]Nc1ccc(Oc2ccc(NC(=O)c3ccc(C([*])=O)cc3)cc2)cc1,513.65
[*]=Cc1ccc(/C=C/c2ccc(N(c3ccccc3)c3ccc(N(c4ccccc4)c4ccc(/C=C/c5ccc(/C=C(\C#N)C(=O)NC6CCCCC6NC(=O)C(=[*])C#N)s5)cc4)cc3)cc2)s1,513.15
[*]=Cc1ccc(Oc2ccc(S(=O)(=O)c3ccc(Oc4ccc(C5(c6ccc(Oc7ccc(S(=O)(=O)c8ccc(Oc9ccc(/C=C%10\CCC(=[*])C%10=O)cc9)cc8)cc7)cc6)CCCC5)cc4)cc3)cc2)cc1,513.15
[*]C(=O)NNC(=O)c1ccc([*])cc1OCC,513.15
[*]C(=O)Nc1ccc(C(c2ccc(NC(=O)c3cc([*])cc(NC(=O)CCCN4C(=O)c5ccccc5C4=O)c3)cc2)(C(F)(F)F)C(F)(F)F)cc1,513.15
[*]C(=O)Nc1ccc(Oc2ccc(NC(=O)c3cc([*])cc(NC(=O)CCN4C(=O)c5ccccc5C4=O)c3)cc2)cc1,513.15
[*]C(=O)c1ccc2c(c1)C(=O)N(c1ccc(-c3nc4cc(S(=O)(=O)c5ccc6nc(-c7ccccc7)c(-c7ccc(N8C(=O)c9ccc([*])cc9C8=O)cc7)nc6c5)ccc4nc3-c3ccccc3)cc1)C2=O,513.15
[*]C(=O)c1ccc2c(c1)C(=O)N(c1cccc(Cc3ccc(Cc4cccc(N5C(=O)c6ccc([*])cc6C5=O)c4)cc3)c1)C2=O,513.15
[*]C(=O)c1ccc2nc(-c3ccccc3)c(-c3ccc(-n4c(=O)c5cc6c(=O)n(-c7ccc(-c8nc9cc([*])ccc9nc8-c8ccccc8)cc7)c(=O)c6cc5c4=O)cc3)nc2c1,513.15
[*]C(=O)c1cccc(N2C(=O)c3ccc(C(=O)c4ccc5c(c4)C(=O)N(c4cccc(C(=O)c6ccc([*])cc6)c4)C5=O)cc3C2=O)c1,513.15
[*]C1C2CCC(C2)C1[*],513.15
[*]C=CC(=O)Nc1ccc(OC(=O)c2ccccc2C(=O)NNC(=O)c2ccccc2C(=O)Oc2ccc(NC(=O)/C=C/C(=O)NNC([*])=O)cc2)cc1,513.15
[*]CC([*])c1ccc(B(Oc2cccc3cccnc23)c2ccc(C(C)(C)C)cc2)cc1,513.15
[*]CC1CCC(N2C(=O)c3ccc(C(=O)c4ccc5c(c4)C(=O)N(C4CCC([*])CC4C)C5=O)cc3C2=O)C(C)C1,513.15
[*]Cc1cc2cc(C(=O)Nc3cccc(NC(=O)c4cc5cc([*])c(OC(=O)COc6ccc7ccc(=O)oc7c6)cc5oc4=O)c3)c(=O)oc2cc1OC(=O)COc1ccc2ccc(=O)oc2c1,513.15
[*]NNC(=O)c1ccc(C(=O)NNC(=O)c2ccc([Si](c3ccccc3)(c3ccccc3)c3ccc(C([*])=O)cc3)cc2)nc1,513.15
[*]Nc1ccc(-c2ccc(NC(=O)c3ccc(Oc4ccc(C(c5ccc(Oc6ccc(C([*])=O)cc6)cc5)(C(F)(F)F)C(F)(F)F)cc4)cc3)cc2C(F)(F)F)c(C(F)(F)F)c1,513.15
[*]Nc1ccc(C2(c3ccc(NC(=O)c4ccc5c(c4)C(=O)N(c4ccc(Oc6ccc(N7C(=O)c8ccc(C([*])=O)cc8C7=O)cc6)cc4)C5=O)cc3)c3ccccc3-c3ccccc32)cc1,513.15
[*]Nc1ccc(Cc2ccc(NC(=O)c3ccc(Oc4ccc(C(=O)c5ccc(S(=O)(=O)c6ccc(C(=O)c7ccc(Oc8ccc(C([*])=O)cc8)cc7)cc6)cc5)cc4)cc3)cc2)cc1,513.15
[*]Nc1ccc(Oc2ccc(NC(=C(C#N)C#N)c3ccc(-c4ccc(-c5ccc(C([*])=C(C#N)C#N)cc5)cc4)cc3)cc2)cc1,513.15
[*]Nc1ccc(Oc2ccccc2-c2ccccc2Oc2ccc(NC(=O)c3ccc4c(c3)C(=O)N(c3ccc(Cc5ccc(N6C(=O)c7ccc(C([*])=O)cc7C6=O)cc5)cc3)C4=O)cc2)cc1,513.15
[*]Nc1cccc(NC(=O)c2ccc3c(c2)C(=O)N(c2ccc(C([*])=O)cc2)C3=O)c1,513.15
[*]Nc1cccc(Oc2ccc(NC(=O)c3cccc(C([*])=O)c3)cc2)c1,513.15
[*]Oc1c(-c2ccccc2)cc([*])cc1-c1ccc(C(C)(C)C)cc1,513.15
[*]Oc1ccc(C2(c3ccc(Oc4ccc5c(c4)C(=O)N(c4ccc(Cc6ccc(N7C(=O)c8ccc([*])cc8C7=O)cc6)cc4)C5=O)cc3)CCCCCCCCCCC2)cc1,513.15
[*]Oc1ccc(N2C(=O)c3ccc(Oc4ccc5c(c4)C(=O)N(c4ccc(Oc6ccc([*])cc6C(C)(C)C)cc4)C5=O)cc3C2=O)cc1,513.15
[*]Oc1ccc(S(=O)(=O)c2ccc(Oc3cc(C)c(C(c4cc(C(C)C)c([*])cc4C)c4ccccc4C(=O)O)cc3C(C)C)cc2)cc1,513.15
[*]Oc1ccc2c(c1)C(=O)N(C1CCC(CC3CCC(N4C(=O)c5ccc([*])cc5C4=O)CC3)CC1)C2=O,513.15
[*]Oc1ccc2c(c1)C(=O)N(c1cccc(Oc3ccc(P(=O)(c4ccccc4)c4ccc(Oc5ccc(N6C(=O)c7ccc([*])cc7C6=O)cc5)cc4)cc3)c1)C2=O,513.15
[*]Oc1cccc2c(Oc3ccc4c(c3)C(=O)N(c3ccc(Oc5ccc(N6C(=O)c7ccc([*])cc7C6=O)cc5)cc3)C4=O)cccc12,513.15
[*]c1c(Cl)cc(OC(=O)Oc2cc(Cl)c(C([*])(C)C)c(Cl)c2)cc1Cl,513.15
[*]c1ccc(CCCc2ccc(-c3c(-c4ccccc4)cc(-c4cccc(-c5cc(-c6ccccc6)c([*])c(-c6ccccc6)c5-c5ccccc5)c4)c(-c4ccccc4)c3-c3ccccc3)cc2)cc1,513.15
[*]c1ccc(Oc2ccc(-c3nnc([*])o3)cc2)cc1,513.15
[*]c1ccc(Oc2ccc(P([*])(=O)c3ccccc3)cc2)cc1,513.15
[*]c1ccc2nc(-c3ccc(OCCCCOc4ccc(-c5nc6ccc([*])cc6nc5-c5ccccc5)cc4)cc3)c(-c3ccccc3)nc2c1,513.15
[*]=Cc1ccc(N(c2ccccc2)c2ccc(N(c3ccccc3)c3ccc(/C=C(\C#N)C(=O)NC4CCCCC4NC(=O)C(=[*])C#N)cc3)cc2)cc1,512.15
[*]C(=O)c1ccc(C(=O)c2ccc(C(=O)c3ccc(Oc4ccc(-c5[nH]c(-c6ccccc6)nc5-c5ccc(Oc6ccc([*])cc6)cc5)cc4)cc3)cc2)cc1,512.15
[*]C(=O)c1ccc(Oc2ccc3c(c2)C(=O)N(c2cccc(N4C(=O)c5ccc(Oc6ccc([*])cc6)cc5C4=O)c2)C3=O)cc1,512.15
[*]C(=O)c1ccc2c(c1)C(=O)N(c1cccc(C(c3cccc(N4C(=O)c5ccc([*])cc5C4=O)c3)(C(F)(F)F)C(F)(F)F)c1)C2=O,512.15
[*]C(=O)c1cccc(Oc2ccc3c(c2)C(=O)N(c2cccc(N4C(=O)c5ccc(Oc6ccc([*])cc6)cc5C4=O)c2)C3=O)c1,512.15
[*]C1CCC(CC2CCC(N3C(=O)C4C5C=CC(C6C(=O)N([*])C(=O)C56)C4C3=O)CC2)CC1,512.15
[*]Nc1ccc(Cc2ccc(NC3CC(=O)N(c4ccc(Cc5ccc(N6C(=O)CC([*])C6=O)cc5)cc4)C3=O)cc2)cc1,512.15
[*]Nc1ccc(Oc2ccccc2-c2ccccc2Oc2ccc(NC(=O)c3ccc4c(c3)C(=O)N(c3ccc(Oc5ccc(-c6ccc(Oc7ccc(N8C(=O)c9ccc(C([*])=O)cc9C8=O)cc7)cc6)cc5)cc3)C4=O)cc2)cc1,512.15
[*]Nc1ccc(Oc2ccccc2-c2ccccc2Oc2ccc(NC(=O)c3ccc4c(c3)C(=O)N(c3ccc(Oc5ccc(N6C(=O)c7ccc(C([*])=O)cc7C6=O)cc5)cc3)C4=O)cc2)cc1,512.15
[*]Oc1ccc(Oc2ccc(Oc3cccc4c3C(=O)N(c3ccc(Oc5ccc(N6C(=O)c7cccc([*])c7C6=O)cc5)cc3)C4=O)cc2)cc1,512.15
[*]Oc1ccc(Oc2cccc(Oc3cccc4c3C(=O)N(c3ccc(Oc5ccc(N6C(=O)c7cccc([*])c7C6=O)cc5)cc3)C4=O)c2)cc1,512.15
[*]c1cc(C)c(OC(=O)c2ccc(C(=O)Oc3c(C)cc(C([*])(C)C)cc3C)cc2)c(C)c1,512.15
[*]c1ccc(-c2ccc(N(c3ccc(C)cc3)c3ccc(C(c4ccccc4)c4ccc(N([*])c5ccc(C)cc5)cc4)cc3)cc2)cc1,512.15
[*]c1ccc(Oc2ccc(-c3cc(-c4ccc(Oc5ccc(P([*])(=O)c6ccccc6)cc5)cc4)nn3-c3ccccc3)cc2)cc1,512.15
[*]C(=O)c1cccc(N2C(=O)c3ccc(Oc4ccc5c(c4)C(=O)N(c4cccc([*])c4)C5=O)cc3C2=O)c1,512.15
[*]C=CC(=O)Nc1cccc(C=C2CCCC(=Cc3cccc(NC(=O)C=CC(=O)NNC([*])=O)c3)C2=O)c1,511.55
[*]C(=O)Nc1ccc(Cc2ccc(NC(=O)c3cc([*])cc(NC(=O)c4ccc(NC(=O)C(CC(C)C)N5C(=O)c6ccccc6C5=O)cc4)c3)cc2)cc1,511.15
[*]C(=O)c1ccc(C(=O)c2ccc(Oc3ccc(-c4nc5ccccc5n4-c4ccc(-n5c(-c6ccc(Oc7ccc([*])cc7)cc6)nc6ccccc65)cc4)cc3)cc2)cc1,511.15
[*]C1CCC2C(=O)N(c3ccc(Oc4ccc(Oc5ccc(N6C(=O)C7CCC([*])CC7C6=O)cc5)cc4)cc3)C(=O)C2C1,511.15
[*]CC([*])c1ccc(B(Oc2ccc(Cl)c3cccnc23)c2ccc(C(C)(C)C)cc2)cc1,511.15
[*]Nc1ccc(-c2ccc(N3C(=O)c4ccc(C(=O)c5ccc6c(c5)C(=O)N(c5ccc(-c7ccc(NC(=O)c8cccc(C([*])=O)c8)cc7)cc5)C6=O)cc4C3=O)cc2)cc1,511.15
[*]Nc1ccc(C(=O)c2ccc(NC(=O)c3ccc4c(c3)C(=O)N(c3cccc(P(=O)(c5ccccc5)c5cccc(N6C(=O)c7ccc(C([*])=O)cc7C6=O)c5)c3)C4=O)cc2)cc1,511.15
[*]Nc1ccc(Oc2ccccc2-c2ccccc2Oc2ccc(NC(=O)c3ccc4c(c3)C(=O)N(c3ccc(Oc5ccc(Oc6ccc(N7C(=O)c8ccc(C([*])=O)cc8C7=O)cc6)cc5)cc3)C4=O)cc2)cc1,511.15
[*]Nc1cccc(NC(=O)c2ccc(C([*])=O)cc2)c1,511.15
[*]Oc1ccc(C=Cc2ccc(Oc3ccc(-c4nnc(-c5ccc([*])c6ccccc56)o4)c4ccccc34)cc2)cc1,511.15
[*]Oc1ccc(Oc2ccc(N3C(=O)c4cccc(Oc5c(C)cc(Cc6cc(C)c(Oc7cccc8c7C(=O)N(c7ccc([*])cc7C)C8=O)c(C)c6)cc5C)c4C3=O)c(C)c2)cc1,511.15
[*]Oc1ccc(Oc2ccc(Oc3cccc4c3C(=O)N(c3cccc(N5C(=O)c6cccc([*])c6C5=O)c3)C4=O)cc2)cc1,511.15
[*]Oc1ccc(Sc2ccc(Oc3ccc4c(c3)C(=O)N(c3ccc(N5C(=O)c6ccc([*])cc6C5=O)cc3)C4=O)cc2)cc1,511.15
[*]Oc1cccc(Oc2ccc(Oc3cccc4c3C(=O)N(c3cccc(N5C(=O)c6cccc([*])c6C5=O)c3)C4=O)cc2)c1,511.15
[*]Oc1cccc2c1C(=O)N(c1ccc(Oc3ccc(N4C(=O)c5cccc(Oc6c([*])cc(C(C)(C)C)cc6C(C)(C)C)c5C4=O)cc3)cc1)C2=O,511.15
[*]c1ccc(Oc2ccc(P(=O)(c3ccccc3)c3ccc(Oc4ccc(P([*])(C)=O)cc4)cc3)cc2)cc1,511.15
[*]c1ccc(Oc2ccc(P([*])(C)=O)cc2)cc1,511.15
[*]c1ccc(Oc2ccc(S([*])(=O)=O)c3ccccc23)cc1,511.15
[*]c1ccc2c(c1)C(=O)N(c1cccc(Cc3cccc(N4C(=O)c5ccc([Si]([*])(C)C)cc5C4=O)c3)c1)C2=O,511.15
[*]c1ccc2nc(CCCCCCCCc3nc4ccc([*])cc4s3)sc2c1,511.15
[*]c1cccc(Oc2cccc(Oc3cccc(N4C(=O)c5c(c(-c6ccccc6)c(-c6ccc(Oc7ccc(Oc8ccc(-c9c(-c%10ccccc%10)c%10c(c(-c%11ccccc%11)c9-c9ccccc9)C(=O)N([*])C%10=O)cc8)cc7)cc6)c(-c6ccccc6)c5-c5ccccc5)C4=O)c3)c2)c1,511.15
[*]Sc1cccc2c1C(=O)N(c1ccc(Oc3ccc(Oc4ccc(N5C(=O)c6ccc([*])cc6C5=O)cc4)cc3)cc1)C2=O,511.15
[*]c1ccc2c(c1)C(=O)N(c1ccc(OCCCOc3ccc(N4C(=O)c5cccc([*])c5C4=O)cc3)cc1)C2=O,510.65
[*]c1ccc(Oc2ccc(N3C(=O)c4ccc(-c5ccc6c(c5)C(=O)N(c5ccc(Oc7ccc(C([*])(C)C)cc7)cc5)C6=O)cc4C3=O)cc2)cc1,510.65
[*]C(=O)c1ccc2c(c1)C(=O)N(c1ccc(Oc3ccc(Oc4ccc(N5C(=O)c6ccc([*])cc6C5=O)cc4C(F)(F)F)cc3)cc1)C2=O,510.25
[*]c1ccc(Oc2ccc(S(=O)(=O)c3ccc(Oc4ccc(C([*])(C)C)cc4N)cc3N)cc2)c(N)c1,510.25
[*]CC(C)(C)C1C(=O)N(c2c(C)cccc2C)C(=O)C1[*],510.15
[*]CC(c1ccccc1)C1C(=O)N(c2ccc(C(C)(C)C)cc2)C(=O)C1[*],510.15
[*]CCN1C(=O)c2ccc(C(=O)c3ccc4c(c3)C(=O)N(CCC(=O)Nc3ccc(NC([*])=O)cc3)C4=O)cc2C1=O,510.15
[*]NC(=O)c1ccc2c(c1)C(=O)N(C1CC(=O)N(c3cc(C)ccc3[*])C1=O)C2=O,510.15
[*]NNC(=O)c1ccc(C2(c3ccc(C(=O)NNC(=O)c4ccc(C([*])=O)cc4)cc3)OC(=O)c3ccccc32)cc1,510.15
[*]Nc1ccc(Oc2ccccc2-c2ccccc2Oc2ccc(NC(=O)c3ccc4c(c3)C(=O)N(c3cccc(N5C(=O)c6ccc(C([*])=O)cc6C5=O)c3)C4=O)cc2)cc1,510.15
[*]Nc1cccc(Oc2ccc(NC(=O)c3cccc(C(=O)c4ccc(C([*])=O)cc4)c3)cc2)c1,510.15
[*]OC(=O)c1ccc(C(=O)Oc2ccc([*])cc2CCC(C)CC)cc1,510.15
[*]Oc1cc2ccccc2cc1Oc1ccc2c(c1)C(=O)N(c1cccc(N3C(=O)c4ccc([*])cc4C3=O)c1)C2=O,510.15
[*]Oc1cccc2c1C(=O)N(c1ccc(Oc3ccc(-c4ccc(Oc5ccc(N6C(=O)c7cccc(Oc8c([*])cc(C(C)(C)C)cc8C(C)(C)C)c7C6=O)cc5)cc4)cc3)cc1)C2=O,510.15
[*]c1cc(OCCCC)cc(N2C(=O)c3ccc(Oc4ccc5c(c4)C(=O)N([*])C5=O)cc3C2=O)c1,510.15
[*]c1ccc(-c2ccc(-c3ccc(-c4ccc(-c5ccc6c(c5)C(=O)N(c5cccc(N7C(=O)c8ccc([*])cc8C7=O)c5)C6=O)cc4)cc3)cc2)cc1,510.15
[*]c1ccc(-c2ccc(Oc3ccc(C4(c5ccc(Oc6ccc([*])cc6C(F)(F)F)cc5)c5ccccc5-c5ccccc54)cc3)c(C(F)(F)F)c2)cc1,510.15
[*]c1cccc(N2C(=O)C(=O)N(c3ccc(Cc4ccc(N5C(=O)C(=O)N([*])C5=O)cc4)cc3)C2=O)n1,510.15
[*]C(C)C([*])C(=O)OC12CC3CC(CC(C3)C1)C2,509.65
[*]Nc1ccc(C(=O)c2ccc(Nc3ccc4c(c3)c3cc([*])ccc3n4CC(CC)CCCC)cc2)cc1,509.205
[*]C(=O)NCC1CCC(CNC(=O)c2cc([*])cc(C(C)(C)C)c2)CC1,509.15
[*]C(=O)c1ccc2c(c1)C(=O)N(c1ccc(N3C(=O)c4ccc(C(=O)c5ccc(Oc6ccc(Oc7ccc([*])cc7)cc6)cc5)cc4C3=O)cc1)C2=O,509.15
[*]C(=O)c1ccc2c(c1)C(=O)N(c1ccc(Oc3ccccc3Oc3ccc(N4C(=O)c5ccc([*])cc5C4=O)cc3C(F)(F)F)c(C(F)(F)F)c1)C2=O,509.15
[*]C(=O)c1cccc(C(=O)c2ccc(Oc3ccc(N4C(=O)c5ccc(C(c6ccc7c(c6)C(=O)N(c6ccc(Oc8ccc([*])cc8)cc6)C7=O)(C(F)(F)F)C(F)(F)F)cc5C4=O)cc3)cc2)c1,509.15
[*]CC1([*])CC(=O)N(c2ccccc2)C1=O,509.15
[*]Nc1ccc(Oc2ccc(Oc3ccc(NC(=O)c4ccc(Oc5ccc(Oc6ccc(C([*])=O)cc6)cc5)cc4)cc3)cc2)cc1,509.15
[*]Nc1ccc(Oc2ccc3cccc(Oc4ccc(NC(=O)c5ccc(Oc6ccc(C([*])=O)cc6)cc5)cc4)c3c2)cc1,509.15
[*]Nc1ccc(Oc2cccc(NC(=O)c3ccc4c(c3)C(=O)N(c3ccc(Oc5ccc(N6C(=O)c7ccc(C([*])=O)cc7C6=O)cc5)cc3)C4=O)c2)cc1,509.15
[*]Nc1ccc(Oc2ccccc2-c2ccccc2Oc2ccc(NC(=O)c3ccc4c(c3)C(=O)N(c3ccc(Oc5ccc(S(=O)(=O)c6ccc(Oc7ccc(N8C(=O)c9ccc(C([*])=O)cc9C8=O)cc7)cc6)cc5)cc3)C4=O)cc2)cc1,509.15
[*]Oc1ccc(/C(=C/c2ccc(-c3ccc(/C=C(\c4ccccc4)c4ccc(OC(=O)c5ccc(C([*])=O)cc5)cc4)cc3)cc2)c2ccccc2)cc1,509.15
[*]Oc1ccc(C2(c3ccc(Oc4ccc5c(c4)C(=O)N(c4ccc(Oc6ccc(N7C(=O)c8ccc([*])cc8C7=O)cc6)cc4)C5=O)cc3)CCC(c3ccccc3)CC2)cc1,509.15
[*]Oc1ccc(N2C(=O)c3ccc(Oc4ccc(C5(c6ccc(Oc7ccc8c(c7)C(=O)N(c7ccc(Oc9ccc(-c%10ccc([*])cc%10C)c(C)c9)cc7)C8=O)cc6)CCC(C(C)(C)C)CC5)cc4)cc3C2=O)cc1,509.15
[*]Oc1ccc(N2C(=O)c3ccc(Oc4ccc(C5(c6ccc(Oc7ccc8c(c7)C(=O)N(c7ccc(Oc9ccc([*])c(C(C)(C)C)c9)cc7)C8=O)cc6)CCC(c6ccccc6)CC5)cc4)cc3C2=O)cc1,509.15
[*]c1ccc(N2C(=O)c3ccc(Oc4ccc5cc(Oc6ccc7c(c6)C(=O)N(c6ccc(C([*])(C)C)cc6)C7=O)ccc5c4)cc3C2=O)cc1,509.15
[*]c1ccc(Oc2ccc(N3C(=O)c4ccc(-c5ccc(-c6ccc(-c7ccc(-c8ccc(-c9ccc%10c(c9)C(=O)N(c9ccc(Oc%11ccc(C([*])(C)C)cc%11)cc9)C%10=O)cc8)cc7)cc6)cc5)cc4C3=O)cc2)cc1,509.15
[*]c1ccc(Oc2cccc3c2C(=O)N(c2ccc(Oc4ccc(-c5ccc(Oc6ccc(N7C(=O)c8cccc(Oc9ccc(C([*])(C)C)cc9)c8C7=O)cc6)cc5)cc4)cc2)C3=O)cc1,509.15
[*]c1ccc(Oc2cccc3c2C(=O)N(c2cccc(N4C(=O)c5cccc(Oc6cccc(C([*])(C)C)c6)c5C4=O)c2)C3=O)cc1,509.15
[*]C(=O)c1ccc2c(c1)C(=O)N(c1cccc(Cc3ccc(Cc4ccc(Cc5cccc(N6C(=O)c7ccc([*])cc7C6=O)c5)cc4)cc3)c1)C2=O,508.65
[*]c1ccc(OC(=O)Oc2ccc(C3([*])CC(C)CC(C)(C)C3)cc2)cc1,508.65
[*]c1ccc(N2C(=O)c3ccc(C(c4ccc5c(c4)C(=O)N(c4ccc(C(C)(C)c6ccc(C([*])(C)C)cc6)cc4)C5=O)(C(F)(F)F)C(F)(F)F)cc3C2=O)cc1,508.55
[*]=Cc1ccc(Oc2ccc(S(=O)(=O)c3ccc(Oc4ccc(/C=C5\CCC(=[*])C5=O)cc4)cc3)cc2)cc1,508.15
[*]C(=O)Nc1ccc(C(c2ccc(NC(=O)c3cc([*])cc(C(C)(C)C)c3)cc2)(P2(=O)Oc3ccccc3-c3ccccc32)P2(=O)Oc3ccccc3-c3ccccc32)cc1,508.15
[*]C(=O)Nc1ccc(Cc2ccc(NC(=O)c3cc([*])cc(NC(=O)CCN4C(=O)c5ccccc5C4=O)c3)cc2)cc1,508.15
[*]C(=O)c1ccc(C(=O)c2ccc(Oc3ccc(-c4cc(-c5ccc(Oc6ccc([*])cc6)cc5)[nH]n4)cc3)cc2)cc1,508.15
[*]C(=O)c1ccc2c(c1)C(=O)N(c1ccc(OCCOCCOc3ccc(N4C(=O)c5ccc([*])cc5C4=O)cc3)cc1)C2=O,508.15
[*]C1CC2CC1C([*])C2CCCC,508.15
[*]CN1C(=O)c2ccc(C(=O)c3ccc4c(c3)C(=O)N(CC(=O)Nc3ccc(Oc5ccc(NC([*])=O)cc5)cc3)C4=O)cc2C1=O,508.15
[*]NCCNC(=O)c1ccc2c(c1)C(=O)N(c1ccc(C([*])=O)cc1)C2=O,508.15
[*]Nc1ccc(-c2nnc(-c3ccc(C([*])=O)c(Oc4ccccc4)c3)o2)cc1,508.15
[*]Nc1ccc(C(c2ccc(NC(=O)c3ccc(C(c4ccc(C([*])=O)cc4)(C(F)(F)F)C(F)(F)F)cc3)cc2)(P2(=O)Oc3ccccc3-c3ccccc32)P2(=O)Oc3ccccc3-c3ccccc32)cc1,508.15
[*]Nc1ccc(CCc2ccc(NC(=O)Nc3ccccc3CCc3ccccc3NC([*])=O)cc2)cc1,508.15
[*]Nc1ccc(OC(=O)c2ccc([Si](c3ccccc3)(c3ccccc3)c3ccc(C([*])=O)cc3)cc2)cc1,508.15
[*]Nc1ccc(Oc2ccc(NC(=O)c3ccc4c(c3)C(=O)N(c3cccc(P(=O)(c5ccccc5)c5cccc(N6C(=O)c7ccc(C([*])=O)cc7C6=O)c5)c3)C4=O)cc2)cc1,508.15
[*]Nc1cccc(Oc2ccc(P(=O)(c3ccccc3)c3ccc(Oc4cccc(NC(=O)c5ccc(P(=O)(c6ccccc6)c6ccc(C([*])=O)cc6)cc5)c4)cc3)cc2)c1,508.15
[*]Nc1cccc(Oc2ccc(S(=O)(=O)c3ccc(Oc4cccc(NC(=O)c5ccc6c(c5)C(=O)N(c5ccc(C([*])=O)cc5)C6=O)c4)cc3)cc2)c1,508.15
[*]Oc1ccc(-c2cnc3ccc(-c4ccc5nc(-c6ccc(Oc7ccc([*])cc7)cc6)cnc5c4)cc3n2)cc1,508.15
[*]Oc1ccc(-c2cnc3ccc(-c4ccc5ncc(-c6ccc(Oc7ccc([*])cc7)cc6)nc5c4)cc3n2)cc1,508.15
[*]Oc1ccc(C2(c3ccc(OC([*])=O)cc3)CC3CCC2C3)cc1,508.15
[*]Oc1ccc2ccc(Oc3ccc4c(c3)C(=O)N(c3cc(N5C(=O)c6ccc([*])cc6C5=O)cc(C(F)(F)F)c3)C4=O)cc2c1,508.15
[*]Oc1cccc2c(Oc3ccc4c(c3)C(=O)N(c3cccc(Oc5ccc(N6C(=O)c7ccc([*])cc7C6=O)cc5)c3)C4=O)cccc12,508.15
[*]c1ccc(/C=C(\C#N)C(=O)NC2CCCCC2NC(=O)/C(C#N)=C/c2ccc(N(CC)c3ccc(Oc4ccc(N([*])CC)cc4)cc3)cc2)cc1,508.15
[*]c1ccc(C(=O)Oc2ccc(S(=O)(=O)c3ccc(OC(=O)c4ccc([Si]([*])(C)C)cc4)cc3)cc2)cc1,508.15
[*]c1ccc(CCCCCCCCCCc2ccc(-c3c(-c4ccccc4)cc(-c4ccc(-c5cc(-c6ccccc6)c([*])c(-c6ccccc6)c5-c5ccccc5)cc4)c(-c4ccccc4)c3-c3ccccc3)cc2)cc1,508.15
[*]c1ccc(Oc2ccc(-c3cc(-c4ccc(Oc5ccc(S([*])(=O)=O)cc5)cc4)nn3-c3ccccc3)cc2)cc1,508.15
[*]c1ccc(Oc2ccc(NC(=O)c3ccc4c(c3)C(=O)N(c3ccc(Oc5cccc6c(Oc7ccc(N8C(=O)c9ccc(C(=O)Nc%10ccc(Oc%11ccc(C([*])(C)C)cc%11)cc%10)cc9C8=O)cc7)cccc56)cc3)C4=O)cc2)cc1,508.15
[*]c1ccc(Oc2cccc3c2C(=O)N(c2ccc(Oc4ccc(N5C(=O)c6cccc(Oc7ccc(C([*])(C)C)cc7)c6C5=O)cc4)cc2)C3=O)cc1,508.15
[*]c1ccc(Oc2cccc3c2C(=O)N(c2ccc(Oc4ccc(N5C(=O)c6cccc(Oc7cccc(C([*])(C)C)c7)c6C5=O)cc4)cc2)C3=O)cc1,508.15
[*]c1cccc(N2C(=O)c3ccc(C(=O)c4ccc5c(c4)C(=O)N(c4cccc(C([*])O[Si](C)(C)O[Si](C)(C)O[Si](C)(C)C)c4)C5=O)cc3C2=O)c1,508.15
[*]c1ccc(Oc2ccc(-n3c(=O)c4c(Oc5ccc(OCCCCCCCC)cc5)c5c(=O)n([*])c(=O)c5c(Oc5ccc(OCCCCCCCC)cc5)c4c3=O)cc2)cc1,507.65
[*]c1ccc(Oc2ccc(/C=C/c3ccc(Oc4ccc(S([*])(=O)=O)cc4)cc3)cc2)cc1,507.65
[*]C(=O)Nc1ccc(NC(=O)c2cc(-c3ccc(C(=O)OC)c([*])c3)ccc2C(=O)OC)cc1,507.35
[*]c1ccc(Sc2ccc(Sc3ccc(Sc4ccc(-n5c(=O)c6cc7c(=O)n([*])c(=O)c7cc6c5=O)cc4)cc3)cc2)cc1,507.2
[*]C(=O)NNC(=O)c1ccc([*])cc1OCCCCC,507.15
[*]C(=O)c1cccc(N2C(=O)c3cccc(Oc4cccc5c4C(=O)N(c4cccc([*])c4)C5=O)c3C2=O)c1,507.15
[*]CCC(=O)Oc1ccc(C2(c3ccc(OC([*])=O)cc3)c3ccccc3-c3ccccc32)cc1,507.15
[*]COc1ccc(N2C(=O)c3ccc(C(=O)c4ccc5c(c4)C(=O)N(c4ccc(OCC([*])(C)C)cc4)C5=O)cc3C2=O)cc1,507.15
[*]COc1ccc(N2C(=O)c3ccc(C(c4ccc5c(c4)C(=O)N(c4ccc(OC([*])C)cc4)C5=O)(C(F)(F)F)C(F)(F)F)cc3C2=O)cc1,507.15
[*]NNC(=O)c1cncc(C(=O)NNC(=O)c2ccc([Si](c3ccccc3)(c3ccccc3)c3ccc(C([*])=O)cc3)cc2)c1,507.15
[*]Nc1cccc(Oc2ccc(-c3nnc(-c4ccc(Oc5cccc(NC(=O)c6ccc(C([*])=O)cc6Oc6ccccc6)c5)cc4)o3)cc2)c1,507.15
[*]Oc1cc(-c2ccccc2)c([*])c(-c2cccc3ccccc23)c1,507.15
[*]Oc1ccc(C(c2ccc(Oc3cccc4c3C(=O)N(c3ccc(Oc5ccc(-c6ccc(Oc7ccc(N8C(=O)c9cccc([*])c9C8=O)cc7)cc6)cc5)cc3)C4=O)cc2)(C(F)(F)F)C(F)(F)F)cc1,507.15
[*]Oc1ccc(Sc2ccc(Oc3cccc4c3C(=O)N(c3ccc(Oc5ccc(N6C(=O)c7cccc([*])c7C6=O)cc5)cc3)C4=O)cc2)cc1,507.15
[*]Oc1ccc(Sc2cccc(Oc3cccc4c3C(=O)N(c3ccc(Oc5ccc(N6C(=O)c7cccc([*])c7C6=O)cc5)cc3)C4=O)c2)cc1,507.15
[*]c1ccc(N2C(=O)c3ccc(Oc4ccc(C(c5ccc(Oc6ccc7c(c6)C(=O)N(c6ccc(N([*])c8ccc(C#N)cc8)cc6)C7=O)cc5)(C(F)(F)F)C(F)(F)F)cc4)cc3C2=O)cc1,507.15
[*]c1ccc(OCCN(c2ccccc2)c2ccc(/C=C/C3=C/C(=C(/C#N)S(C)(=O)=O)CC(C)(C)C3)cc2)c(N2C(=O)c3ccc(Oc4ccc5c(c4)C(=O)N(c4cc(C([*])(C(F)(F)F)C(F)(F)F)ccc4OCCN(c4ccccc4)c4ccc(/C=C/C6=C/C(=C(/C#N)S(C)(=O)=O)CC(C)(C)C6)cc4)C5=O)cc3C2=O)c1,507.15
[*]c1ccc(Oc2ccc(-c3ccc(Oc4ccc(P([*])(=O)c5ccccc5)cc4)cc3)cc2)cc1,507.15
[*]c1ccc2[nH]c(CCCCCCCCc3nc4cc([*])ccc4[nH]3)nc2c1,507.15
[*]c1ccc2c(c1)C(=O)N(CC1CCCC(CN3C(=O)c4ccc([*])cc4C3=O)C1)C2=O,507.15
[*]c1ccc2c(c1)C(=O)N(c1ccc(Oc3ccc(C(c4ccc(Oc5ccc(N6C(=O)c7ccc(C([*])(C(F)(F)F)C(F)(F)F)cc7C6=O)cc5C(F)(F)F)cc4)(C(F)(F)F)C(F)(F)F)cc3)c(C(F)(F)F)c1)C2=O,507.15
[*]c1ccc2c(c1)C(=O)N(c1ccc(Oc3cccc(Oc4ccc(N5C(=O)c6ccc([*])cc6C5=O)cc4)c3)cc1)C2=O,507.15
[*]c1ccc2c(c1)C(=O)N(c1cccc(Oc3ccc(P(=O)(c4ccccc4)c4ccccc4)c(Oc4cccc(N5C(=O)c6ccc([*])cc6C5=O)c4)c3)c1)C2=O,507.15
[*]C(=O)c1ccc(C(=O)c2ccc(C(=O)c3ccc(Oc4ccc(N5C(=O)c6ccc(C(=O)c7ccc8c(c7)C(=O)N(c7ccc(Oc9ccc([*])cc9)cc7)C8=O)cc6C5=O)cc4)cc3)cc2)cc1,506.15
[*]C(=O)c1ccc(C(=O)c2ccc(Oc3ccc(N4C(=O)c5ccc(C(=O)c6ccc7c(c6)C(=O)N(c6ccc(Oc8ccc([*])cc8)cc6)C7=O)cc5C4=O)cc3)cc2)cc1,506.15
[*]C(=O)c1ccc2c(c1)C(=O)N(c1ccc(Oc3ccc(N4C(=O)c5ccc(C(=O)c6ccc(Oc7ccc(-c8ccc(Oc9ccc([*])cc9)cc8)cc7)cc6)cc5C4=O)cc3)cc1)C2=O,506.15
[*]CN1C(=O)c2ccc(C(=O)c3ccc4c(c3)C(=O)N(CC(=O)Nc3ccc(Cc5ccc(NC([*])=O)cc5)cc3)C4=O)cc2C1=O,506.15
[*]Cc1cc2cc(C(=O)Nc3ccc(S(=O)(=O)c4ccc(NC(=O)c5cc6cc([*])c(OC(=O)COc7ccc8ccc(=O)oc8c7)cc6oc5=O)cc4)cc3)c(=O)oc2cc1OC(=O)COc1ccc2ccc(=O)oc2c1,506.15
[*]NC(=O)c1ccc(C(=O)Nc2cc([*])cc(C(=O)OCCOc3ccc(/C=C/C(=O)c4ccccc4)cc3)c2)cc1,506.15
[*]Nc1ccc(-c2ccc(N3C(=O)c4ccc(Oc5ccc6c(c5)C(=O)N(c5ccc(-c7ccc(NC(=O)c8cccc(C([*])=O)c8)cc7)cc5)C6=O)cc4C3=O)cc2)cc1,506.15
[*]Nc1ccc(Cc2ccc(NC(=O)c3ccc4c(c3)C(=O)N(c3cccc(P(=O)(c5ccccc5)c5cccc(N6C(=O)c7ccc(C([*])=O)cc7C6=O)c5)c3)C4=O)cc2)cc1,506.15
[*]Nc1ccc(N2C(=O)c3ccc(C(=O)Nc4ccc(-c5ccc(NC(=O)c6ccc7c(c6)C(=O)N(c6ccc(NC([*])=O)cc6)C7=O)cc5)cc4)cc3C2=O)cc1,506.15
[*]Oc1ccc(N2C(=O)c3ccc(Oc4ccc(C5(c6ccc(Oc7ccc8c(c7)C(=O)N(c7ccc(Oc9ccc([*])cc9C(C)(C)C)cc7)C8=O)cc6)CCC(C(C)(C)C)CC5)cc4)cc3C2=O)cc1,506.15
[*]c1cc(C)c(Oc2ccc(C(=O)c3ccccc3-c3ccccc3C(=O)c3ccc(Oc4c(C)cc([*])cc4C)cc3)cc2)c(C)c1,506.15
[*]c1ccc(Oc2ccc(S(=O)(=O)c3ccc(Oc4ccc(P([*])(C)=O)cc4)cc3)cc2)cc1,506.15
[*]c1ccc2c(c1)C(=O)N(c1ccc(Sc3ccc(Sc4ccc(Sc5ccc(N6C(=O)c7ccc(C([*])(C(F)(F)F)C(F)(F)F)cc7C6=O)cc5)cc4)cc3)cc1)C2=O,506.15
[*]C(=O)Nc1ccc(Oc2ccc(S(=O)(=O)c3ccc(Oc4ccc(NC(=O)c5cc([*])cc(C(C)(C)C)c5)cc4)cc3)cc2)cc1,505.65
[*]C(F)(F)C([*])(F)C(F)(F)C(F)(F)C(F)(F)C(F)(F)C(F)(F)F,505.65
[*]Oc1ccc2c(c1)C(=O)N(c1ccc(Oc3ccc(Oc4ccc(N5C(=O)c6ccc([*])cc6C5=O)cc4C(F)(F)F)cc3)cc1)C2=O,505.45
[*]=C(C#N)NC(=O)c1ccc(C(=O)NC(=[*])C#N)cc1,505.15
[*]C(=O)c1ccc2c(c1)C(=O)N(c1cccc(Oc3ccc(P(=O)(c4ccccc4)c4ccc(Oc5ccc(N6C(=O)c7ccc([*])cc7C6=O)cc5)cc4)cc3)c1)C2=O,505.15
[*]C(=O)c1cccc(N2C(=O)c3ccc(Oc4ccc5c(c4)C(=O)N(c4ccc(Oc6ccc([*])cc6)cc4)C5=O)cc3C2=O)c1,505.15
[*]C1C(=O)N(C2CCCCC2)C(=O)C1[*],505.15
[*]CCN1C(=O)c2ccc(C(=O)c3ccc4c(c3)C(=O)N(CCC(=O)Nc3ccc(Oc5ccc(NC([*])=O)cc5)cc3)C4=O)cc2C1=O,505.15
[*]CN1C(=O)c2ccc(C(=O)Nc3ccc(S(=O)(=O)c4ccc(NC([*])=O)cc4)cc3)cc2C1=O,505.15
[*]Cc1cc(C)c(Oc2ccc(S(=O)(=O)c3ccc(Oc4c(C)cc([*])cc4C)cc3)cc2)c(C)c1,505.15
[*]Nc1ccc(Oc2ccc(-c3ccc(Oc4ccc(NC(=O)c5ccc(Oc6ccc(Oc7ccc(C([*])=O)cc7)cc6-c6ccccc6)cc5)cc4)cc3)cc2)cc1,505.15
[*]Nc1ccc(Oc2ccc(C(c3ccc(Oc4ccc(NC(=O)c5cc(C([*])=O)cc([N+](=O)[O-])c5)cc4)cc3)(C(F)(F)F)C(F)(F)F)cc2)cc1,505.15
[*]Nc1ccc(Oc2ccc(N3C(=O)c4ccc(C(=O)c5ccc6c(c5)C(=O)N(c5ccc(Oc7ccc(NC(=O)c8cccc(C([*])=O)c8)cc7)cc5)C6=O)cc4C3=O)cc2)cc1,505.15
[*]Nc1ccc(Oc2ccc(NC(=O)Nc3ccccc3CCc3ccccc3NC([*])=O)cc2)cc1,505.15
[*]O[Si](C)(C)c1ccc2c(c1)C(=O)N(c1ccc(Cc3ccc(N4C(=O)c5ccc([Si]([*])(C)C)cc5C4=O)cc3)cc1)C2=O,505.15
[*]Oc1ccc(-c2ccc(OC(=O)c3ccc4c(c3)C(=O)N(c3ccc(Oc5ccc(N6C(=O)c7ccc(C([*])=O)cc7C6=O)cc5)cc3)C4=O)cc2)cc1,505.15
[*]Oc1ccc(-c2nc3ccccc3nc2-c2ccc(OC(=O)c3ccc(C([*])=O)cc3)cc2)cc1,505.15
[*]Oc1ccc(C2(c3ccc(Oc4ccc5c(c4)C(=O)N(c4ccc(Cc6ccc(N7C(=O)c8ccc([*])cc8C7=O)cc6)cc4)C5=O)cc3)CCC(c3ccccc3)CC2)cc1,505.15
[*]c1cc(C)c(Oc2ccc(N3C(=O)c4ccc(Oc5ccc(C6(c7ccc(Oc8ccc9c(c8)C(=O)N(c8ccc(Oc%10c(C)cc(C([*])(C)C)cc%10C)cc8)C9=O)cc7)CCC(c7ccccc7)CC6)cc5)cc4C3=O)cc2)c(C)c1,505.15
[*]c1ccc(-c2ccc(N(c3ccc(OC)cc3)c3ccc4ccc(N([*])c5ccc(OC)cc5)cc4c3)cc2)cc1,505.15
[*]c1ccc(C(=O)N2CCN(C(=O)c3ccc(C([*])(C)CC)cc3)CC2)cc1,505.15
[*]c1ccc(OC(=O)Oc2ccc(C([*])C3C4CCC(C4)C3C)cc2)cc1,505.15
[*]c1ccc(OC(=O)Oc2ccc(C3([*])CC4CC3C3C5CCC(C5)C43)c(C)c2)c(C)c1,505.15
[*]c1ccc(Oc2ccc(-c3nnc(-c4ccccn4)nc3-c3ccc(Oc4ccc(C([*])(C)c5ccccc5)cc4)cc3)cc2)cc1,505.15
[*]c1ccc(Oc2ccc(-n3nc(-c4ccccc4)cc3-c3cccc(-c4cc(-c5ccccc5)nn4[*])c3)cc2)cc1,505.15
[*]c1ccc(Sc2ccc(-c3ccc(Sc4ccc(P([*])(=O)c5ccccc5)cc4)cc3)cc2)cc1,505.15
[*]c1ccc2c(c1)C(=O)N(c1cccc(NC(=O)C(F)(F)C(F)(F)C(F)(F)C(F)(F)C(=O)Nc3cccc(N4C(=O)c5ccc(C([*])(C(F)(F)F)C(F)(F)F)cc5C4=O)c3)c1)C2=O,505.15
[*]Oc1ccc2c(c1)C(=O)N(c1ccc(Oc3cccc(N4C(=O)c5ccc([*])cc5C4=O)c3)cc1)C2=O,505.15
[*]C(=O)Nc1ccc(NC(=O)c2cc(-c3ccc(C(=O)OCC)c([*])c3)ccc2C(=O)OCC)cc1,504.85
[*]c1cc(C)c(Oc2ccc(S(=O)(=O)c3ccc(Oc4c(C)cc(C([*])(C)C)cc4C)cc3)cc2)c(C)c1,504.45
[*]C(=O)c1ccc(Oc2ccc(-c3nc(-c4ccccc4)[nH]c3-c3ccc(Oc4ccc(C(=O)c5ccc(Cc6ccc([*])cc6)cc5)cc4)cc3)cc2)cc1,504.15
[*]C(=O)c1ccc(Oc2ccc(C3(c4ccc(Oc5ccc(C(=O)c6ccc(Oc7ccc([*])cc7)cc6)cc5)cc4)c4ccccc4-c4ccccc43)cc2)cc1,504.15
[*]CNCCCCCCCCNCC(=O)c1ccc(Sc2ccc(C([*])=O)cc2)cc1,504.15
[*]Nc1ccc(-c2ccc(Nc3ccc4c(c3)c3cc([*])ccc3n4CC(CC)CCCC)cc2)cc1,504.15
[*]Nc1ccc(Oc2ccc(C(c3ccc(Oc4ccc(NC(=O)c5ccc6c(c5)C(=O)N(c5ccc(Oc7cccc8c(Oc9ccc(N%10C(=O)c%11ccc(C([*])=O)cc%11C%10=O)cc9)cccc78)cc5)C6=O)cc4)cc3)(C(F)(F)F)C(F)(F)F)cc2)cc1,504.15
[*]Nc1ccc(Oc2ccc(N3C(=O)c4ccc(Oc5cccc(C([*])=O)c5)cc4C3=O)cc2)cc1,504.15
[*]Nc1ccc(Oc2ccc(S(=O)(=O)c3ccc(Oc4ccc(NC(=O)c5ccc(Oc6ccc(Oc7ccc(C([*])=O)cc7)cc6-c6ccccc6)cc5)cc4)cc3)cc2)cc1,504.15
[*]Oc1ccc(Sc2ccc(Oc3ccc4c(c3)C(=O)N(c3cccc(S(=O)(=O)c5cccc(N6C(=O)c7ccc([*])cc7C6=O)c5)c3)C4=O)cc2)cc1,504.15
[*]Oc1ccc(Sc2ccc(Oc3cccc4c3C(=O)N(c3cccc(N5C(=O)c6cccc([*])c6C5=O)c3)C4=O)cc2)cc1,504.15
[*]Oc1ccc2ccc(Oc3ccc4c(c3)C(=O)N(c3ccc(Oc5ccc(-c6ccc(Oc7ccc(N8C(=O)c9ccc([*])cc9C8=O)cc7)cc6)cc5)cc3)C4=O)cc2c1,504.15
[*]Oc1cccc(Sc2ccc(Oc3cccc4c3C(=O)N(c3cccc(N5C(=O)c6cccc([*])c6C5=O)c3)C4=O)cc2)c1,504.15
[*]c1cc(C)c(N2C(=O)CC(Nc3ccc(NC4CC(=O)N(c5c(C)cc(C([*])c6cccnc6)cc5C)C4=O)cc3)C2=O)c(C)c1,504.15
[*]c1ccc(-c2nnc([*])o2)c(OCC)c1,504.15
[*]c1ccc(NC2CC(=O)N(c3ccc(-c4sc(-c5ccc(N6C(=O)CC(Nc7ccc(-c8nc(C#N)c(C#N)nc8[*])cc7)C6=O)cc5)c(-c5ccccc5)c4-c4ccccc4)cc3)C2=O)cc1,504.15
[*]c1ccc(Oc2ccc(S(=O)(=O)c3ccc(Oc4ccc(P([*])(=O)c5ccccc5)cc4)cc3)cc2)cc1,504.15
[*]c1ccc(Oc2ccc3cc(Oc4ccc(S([*])(=O)=O)cc4)ccc3c2)cc1,504.15
[*]c1ccc2c(c1)C(=O)N(Cc1nc3cc(-c4ccc5oc(CN6C(=O)c7ccc(C([*])(C(F)(F)F)C(F)(F)F)cc7C6=O)nc5c4)ccc3o1)C2=O,504.15
[*]c1cc(C)c(Oc2ccc(S(=O)(=O)c3ccc(Oc4c(C)cc(C([*])(C(F)(F)F)C(F)(F)F)cc4C)c(Br)c3)cc2Br)c(C)c1,503.95
[*]c1ccc(OC(=O)c2cccc(C(=O)Oc3ccc4c(c3)C([*])(C)CC4(C)C)c2)cc1,503.65
[*]c1ccc(Oc2ccc(S(=O)(=O)c3ccc(Oc4ccc(C([*])(C)C)cc4N)cc3)cc2)c(N)c1,503.55
[*]C(=O)Nc1ccc(Oc2ccc(Oc3ccc(Oc4ccc(NC(=O)c5cc([*])cc(C(C)(C)C)c5)cc4)cc3)cc2)cc1,503.15
[*]C(=O)Nc1ccc(Oc2cccc(Oc3ccc(NC(=O)c4cc([*])cc(NC(=O)c5ccc(OC(C)=O)cc5)c4)cc3)c2)cc1,503.15
[*]C(=O)c1ccc(Oc2ccc(-c3nc(-c4ccccc4)[nH]c3-c3ccc(Oc4ccc(C(=O)c5ccc(Oc6ccc([*])cc6)cc5)cc4)cc3)cc2)cc1,503.15
[*]C(=O)c1cccc(C(=O)c2ccc(Oc3ccc(-c4[nH]c(-c5ccccc5)nc4-c4ccc(Oc5ccc([*])cc5)cc4)cc3)cc2)c1,503.15
[*]C1C(=O)N(c2ccccc2C(=O)OCC)C(=O)C1[*],503.15
[*]C=Cc1ccc(/C=C/C(=O)Nc2ccc(Cc3ccc(NC([*])=O)cc3)cc2)cc1,503.15
[*]CC(=O)Nc1ccc(-c2ccc(NC(=O)Cc3cc([*])c(C)cc3C)cc2)cc1,503.15
[*]CC([*])c1ccc(B(Oc2ccc(-c3ccc(N(C)C)cc3)c3cccnc23)c2ccc(C(C)(C)C)cc2)cc1,503.15
[*]CCCCC(=O)Nc1ccc(Oc2ccc(NC([*])=O)cc2)cc1,503.15
[*]CN1C(=O)c2ccc(C(=O)c3ccc4c(c3)C(=O)N(CC(=O)Nc3ccc(Oc5ccc(Oc6ccc(NC([*])=O)cc6)cc5)cc3)C4=O)cc2C1=O,503.15
[*]Nc1cc(NC(=O)c2ccc(C([*])=O)cc2)cc(-c2nnc(-c3ccccn3)o2)c1,503.15
[*]Nc1cc(NC(=O)c2ccc(OCCOCCOc3ccc(C([*])=O)cc3)cc2)cc(-c2nc3ccccc3[nH]2)c1,503.15
[*]Nc1ccc(-c2ccc(N3C(=O)c4ccc(-c5ccc6c(c5)C(=O)N(c5ccc(-c7ccc(NC(=O)c8cccc(C([*])=O)c8)cc7)cc5)C6=O)cc4C3=O)cc2)cc1,503.15
[*]Nc1ccc(C(c2ccc(NC(=O)c3cccc(C([*])=O)c3)cc2)(P2(=O)Oc3ccccc3-c3ccccc32)P2(=O)Oc3ccccc3-c3ccccc32)cc1,503.15
[*]Nc1ccc(Oc2ccc(C3(c4ccc(Oc5ccc(NC(=O)c6ccc(Oc7ccc(C([*])=O)cc7)cc6)cc5)cc4)C4CC5CC(C4)CC3C5)cc2)cc1,503.15
[*]Nc1ccc(Oc2ccc(NC(=O)c3cc(C([*])=O)cc(C(F)(F)C(F)(F)C(F)(F)C(F)(F)C(F)(F)C(F)(F)C(F)(F)C(F)(F)F)c3)cc2)cc1,503.15
[*]Nc1cccc(Oc2ccc(NC(=O)c3cc(C([*])=O)cc(C(F)(F)C(F)(F)C(F)(F)C(F)(F)F)c3)cc2)c1,503.15
[*]Oc1ccc(C(=O)c2cccc3cccc(C(=O)c4ccc(Oc5ccc([*])cc5C(C)(C)C)cc4)c23)cc1,503.15
[*]Oc1ccc(C(c2ccc(OC([*])=O)cc2)C(Cl)(Cl)Cl)cc1,503.15
[*]Oc1ccc(C2(c3ccc(Oc4ccc5c(c4)C(=O)N(c4ccc(Oc6ccc(N7C(=O)c8ccc([*])cc8C7=O)cc6)cc4)C5=O)cc3)CCCCCCCCCCC2)cc1,503.15
[*]Oc1ccc(OC(=O)c2ccc3c(c2)C(=O)N(c2ccc(Oc4ccc(Oc5ccc(N6C(=O)c7ccc(C([*])=O)cc7C6=O)cc5)cc4)cc2)C3=O)cc1,503.15
[*]Oc1ccc(Oc2ccc3c(c2)C(=O)N(c2ccc(Oc4ccc(-c5ccc(Oc6ccc(N7C(=O)c8ccc([*])cc8C7=O)cc6)cc5)cc4)cc2)C3=O)cc1,503.15
[*]Oc1ccc(S(=O)(=O)c2ccc(Oc3cc(C)c(C4(c5cc(C(C)C)c([*])cc5C)OC(=O)c5ccccc54)cc3C(C)C)cc2)cc1,503.15
[*]Oc1ccc(S(=O)(=O)c2ccc(Oc3cccc4c3C(=O)N(c3ccc(Oc5cccc(Oc6ccc(N7C(=O)c8cccc([*])c8C7=O)cc6)c5)cc3)C4=O)cc2)cc1,503.15
[*]Oc1ccc(Sc2cccc(Oc3cccc4c3C(=O)N(c3ccc(Oc5cccc(Oc6ccc(N7C(=O)c8cccc([*])c8C7=O)cc6)c5)cc3)C4=O)c2)cc1,503.15
[*]Oc1ccc2cc(Oc3ccc4c(c3)C(=O)N(c3ccc(Oc5ccc(-c6ccc(Oc7ccc(N8C(=O)c9ccc([*])cc9C8=O)cc7)cc6)cc5)cc3)C4=O)ccc2c1,503.15
[*]Oc1ccc2cc(Oc3ccc4c(c3)C(=O)N(c3cccc(N5C(=O)c6ccc([*])cc6C5=O)c3)C4=O)ccc2c1,503.15
[*]c1cc(C(=O)Oc2ccc(-c3ccc(O[Si](C)(C)C(C)(C)C)cc3)cc2)cc(N2C(=O)c3ccc(-c4ccc5c(c4)C(=O)N([*])C5=O)cc3C2=O)c1,503.15
[*]c1cc(C)c(S(=O)(=O)c2c(C)cc(C([*])(C)C)cc2C)c(C)c1,503.15
[*]c1ccc(-c2nc3cc(-c4ccc5nc(-c6ccccc6)c(-c6ccc(N7C(=O)C8OC9C(=O)N([*])C(=O)C9C8C7=O)cc6)nc5c4)ccc3nc2-c2ccccc2)cc1,503.15
[*]c1ccc(C(=O)Nc2ccc(Oc3ccc(C(C)(C)c4ccc(Oc5ccc(NC(=O)c6ccc([*])cc6C)cc5)cc4)cc3)cc2)c(C)c1,503.15
[*]c1ccc(C(c2ccc(C#N)cc2)c2ccc(N([*])c3ccc(C)cc3)cc2)cc1,503.15
[*]c1ccc(OC(=O)CCC(=O)Oc2ccc(C3([*])c4cc(OC)ccc4-c4ccc([N+](=O)[O-])cc43)cc2)cc1,503.15
[*]c1ccc(OC(=O)c2ccc(C(C)(C)c3ccc(C(=O)Oc4ccc(C([*])(C)C)cc4)cc3)cc2)cc1,503.15
[*]c1ccc(Oc2ccc(-c3ccc(Oc4ccc(-c5nc(-c6ccccn6)nnc5[*])cc4)cc3)cc2)cc1,503.15
[*]c1ccc(Oc2ccc(-c3nnc(-c4ccc(Oc5ccc(C([*])(C)C)cc5)cc4)n3-c3ccc(S(C)(=O)=O)cc3)cc2)cc1,503.15
[*]c1ccc(Oc2ccc(/C=N/c3ccc(/N=C/c4ccc(Oc5ccc(C([*])(c6ccccc6)c6ccccc6)cc5)cc4)cc3)cc2)cc1,503.15
[*]c1ccc(Oc2ccc(C(=O)Nc3ccc(NC(=O)c4ccc(Oc5ccc(C([*])(C)C)cc5)cc4)cc3)cc2)cc1,503.15
[*]c1ccc(Oc2ccc(C(c3ccccc3)(c3ccccc3)c3ccc(Oc4ccc(S([*])(=O)=O)cc4)cc3)cc2)cc1,503.15
[*]c1ccc(Oc2ccc(C3(c4ccc(Oc5ccc(S([*])(=O)=O)cc5)cc4)CCCC3)cc2)cc1,503.15
[*]c1ccc(Oc2ccc(S(=O)(=O)c3ccc(Oc4ccc(C5CCCC(C([*])C)C5)cc4)cc3)cc2)cc1,503.15
[*]c1ccc(Oc2ccc3c(c2)C(=O)N(c2ccc(N(c4ccc(C#N)cc4)c4ccc(N5C(=O)c6ccc(Oc7ccc(C([*])(C)C)cc7)cc6C5=O)cc4)cc2)C3=O)cc1,503.15
[*]c1ccc2c(c1)C(=O)N(CC1CC3CC1C1CCC(CN4C(=O)c5ccc([*])cc5C4=O)C31)C2=O,503.15
[*]c1ccc2c(c1)C(=O)N(c1ccc(OCC(F)(F)C(F)(F)C(F)(F)C(F)(F)C(F)(F)C(F)(F)C(F)(F)C(F)(F)C(F)(F)C(F)(F)F)c(N3C(=O)c4ccc([*])cc4C3=O)c1)C2=O,503.15
[*]c1ccc2c(c1)C(=O)N(c1cccc(Oc3cc(Oc4cccc(N5C(=O)c6ccc(C([*])(C(F)(F)F)C(F)(F)F)cc6C5=O)c4)ccc3P(=O)(c3ccccc3)c3ccccc3)c1)C2=O,503.15
[*]c1ccc2c(c1)C(=O)N(c1cccc(Oc3ccc(Oc4cccc(N5C(=O)c6ccc(C([*])(C(F)(F)F)C(F)(F)F)cc6C5=O)c4)cc3)c1)C2=O,503.15
[*]C(=O)c1ccc(Oc2ccc(-c3cc(-c4ccc(Oc5ccc([*])cc5)cc4)[nH]n3)cc2)cc1,502.15
[*]C(=O)c1ccc(Oc2ccc(C3(c4ccc(Oc5ccc(C(=O)c6ccc([*])cc6)cc5C(F)(F)F)cc4)c4ccccc4-c4ccccc43)cc2)c(C(F)(F)F)c1,502.15
[*]C(=O)c1ccc2c(c1)C(=O)N(c1cc(N3C(=O)c4ccc([*])cc4C3=O)ccc1OCC(F)(F)C(F)(F)C(F)(F)C(F)(F)C(F)(F)C(F)(F)F)C2=O,502.15
[*]C(=O)c1ccc2c(c1)C(=O)N(c1ccc(/C=C/c3ccc(N4C(=O)c5ccc([*])cc5C4=O)cc3S(=O)(=O)O[Na])c(S(=O)(=O)O[Na])c1)C2=O,502.15
[*]C(=O)c1ccc2c(c1)C(=O)N(c1ccc(N3C(=O)c4ccc(C(=O)c5ccc(Oc6ccc(-c7ccc(Oc8ccc([*])cc8)cc7)cc6)cc5)cc4C3=O)cc1)C2=O,502.15
[*]C(=O)c1ccccc1-c1ccccc1C(=O)c1ccc(Oc2ccc(C3(c4ccc(Oc5ccc([*])cc5)cc4)c4ccccc4-c4ccccc43)cc2)cc1,502.15
[*]Nc1ccc(Cc2ccc(NC(=O)Nc3ccc(C(=O)Nc4ccc(Oc5ccc(NC(=O)c6ccc(N7C(=O)c8ccc(C(=O)c9ccc%10c(c9)C(=O)N(c9ccc(C(=O)Nc%11ccc(Oc%12ccc(NC(=O)c%13ccc(NC([*])=O)cc%13)cc%12)cc%11)cc9)C%10=O)cc8C7=O)cc6)cc5)cc4)cc3)cc2)cc1,502.15
[*]Nc1ccc(Oc2ccccc2-c2ccccc2Oc2ccc(NC(=O)c3ccc4c(c3)C(=O)N(c3ccc(Oc5cccc(Oc6ccc(N7C(=O)c8ccc(C([*])=O)cc8C7=O)cc6)c5)cc3)C4=O)cc2)cc1,502.15
[*]Oc1ccc(-c2ccc(Oc3ccc4c(c3)C(=O)N(c3ccc(Oc5ccc(N6C(=O)c7ccc([*])cc7C6=O)cc5)cc3)C4=O)cc2)cc1,502.15
[*]Oc1ccc(C(c2ccccc2)(c2ccccc2)c2ccc(OC(=O)c3cccc(C([*])=O)c3)cc2)cc1,502.15
[*]Oc1ccc(N2C(=O)c3ccc(Oc4ccc(C(c5ccccc5)(c5ccccc5)c5ccc(Oc6ccc7c(c6)C(=O)N(c6ccc(Oc8ccc([*])c(C(C)(C)C)c8)cc6)C7=O)cc5)cc4)cc3C2=O)cc1,502.15
[*]c1cc(C)c(Oc2ccc(C(=O)c3cccc(C(=O)c4ccc(Oc5c(C)cc(C6([*])c7ccccc7-c7ccccc76)cc5C)cc4)c3)cc2)c(C)c1,502.15
[*]c1cc(C)c(Oc2ccc(N3C(=O)CC(Nc4ccc(NC5CC(=O)N(c6ccc(Oc7c(C)cc(C([*])c8cccnc8)cc7C)cc6)C5=O)cc4)C3=O)cc2)c(C)c1,502.15
[*]c1ccc(-c2nc3ccccc3o2)c([*])c1,502.15
[*]c1ccc(Oc2ccc(C(c3ccccc3)(c3ccc(Oc4ccc(P([*])(C)=O)cc4)cc3)C(F)(F)F)cc2)cc1,502.15
[*]c1ccc(Oc2ccc(N3C(=O)c4ccc(C(=O)Nc5ccc(Oc6ccccc6-c6ccccc6Oc6ccc(NC(=O)c7ccc8c(c7)C(=O)N(c7ccc(Oc9ccc(C([*])(C)C)cc9)cc7)C8=O)cc6)cc5)cc4C3=O)cc2)cc1,502.15
[*]c1ccc2c(c1)C(=O)N(c1ccc(Oc3ccc(Oc4ccc(Oc5ccc(N6C(=O)c7ccc([*])cc7C6=O)cc5)cc4)cc3)cc1)C2=O,501.66
[*]NC(=O)c1ccc(NC(=O)CCCCCCCCC(=O)Nc2ccc(C(=O)Nc3ccc([*])cc3C(=O)OCCCCCCCCCCCC)cc2)cc1,501.65
[*]Nc1ccc(Oc2ccc(C(c3ccc(Oc4ccc(NC(=O)c5cccc(C([*])=O)c5)cc4)cc3)(C(F)(F)F)C(F)(F)F)cc2)cc1,501.65
[*]c1cc(Br)c(OC(=O)Oc2c(Br)cc(C([*])(C)C)cc2Br)c(Br)c1,501.65
[*]Cc1ccc(-c2sc(-c3ccc(CC(=O)Nc4cccc(NC([*])=O)c4)cc3)c(-c3ccccc3)c2-c2ccccc2)cc1,501.15
[*]Nc1ccc(Oc2ccc(Oc3ccc(NC(=C(C#N)C#N)c4cccc(C([*])=C(C#N)C#N)c4)cc3)cc2)cc1,501.15
[*]OC(=O)Oc1ccc2c(c1)C1(CC(C)(C)c3ccc([*])cc31)CC2(C)C,501.15
[*]Oc1ccc(C(=O)c2ccc(Oc3cc(C)c(C(c4cc(C(C)C)c([*])cc4C)c4ccccc4C(=O)O)cc3C(C)C)cc2)cc1,501.15
[*]Oc1ccc(C2(c3ccc(OC4(F)C([*])(F)C(F)(F)C4(F)F)cc3)c3ccccc3-c3ccccc32)cc1,501.15
[*]Oc1ccc2c(c1)C(=O)N(c1ccc(Oc3ccc(N4C(=O)c5ccc(Oc6c([*])cc(C(C)(C)C)cc6C(C)(C)C)cc5C4=O)cc3)cc1)C2=O,501.15
[*]Oc1ccc2c(c1)C(=O)N(c1cccc(P(=O)(c3cccc(N4C(=O)c5ccc([*])cc5C4=O)c3)c3cc(C(F)(F)F)cc(C(F)(F)F)c3)c1)C2=O,501.15
[*]Oc1ccc2ccc(Oc3ccc4c(c3)C(=O)N(c3ccc(Oc5ccc(Oc6ccc(N7C(=O)c8ccc([*])cc8C7=O)cc6)cc5)cc3)C4=O)cc2c1,501.15
[*]c1ccc(/C=C/c2ccc(-n3c(=O)c4cc5c(=O)n([*])c(=O)c5cc4c3=O)cc2S(=O)(=O)O[Na])c(S(=O)(=O)O[Na])c1,501.15
[*]c1ccc(Oc2ccc(-c3nc(-c4ccccc4)nc(-c4ccc(Oc5ccc(C([*])(C)C)cc5)cc4)n3)cc2)cc1,501.15
[*]c1ccc(Oc2ccc(S(=O)(=O)c3ccc(Oc4ccc(C([*])(C)c5ccc(O)cc5)cc4)cc3)cc2)cc1,501.15
[*]c1ccc(Oc2ccc3c(c2)C(=O)N(c2cccc(P(C)(=O)c4cccc(N5C(=O)c6ccc(Oc7ccc(C([*])(C)C)cc7)cc6C5=O)c4)c2)C3=O)cc1,501.15
[*]c1ccc2c(c1)C(=O)N(c1ccc(OCC(F)(F)C(F)(F)C(F)(F)C(F)(F)C(F)(F)C(F)(F)F)c(N3C(=O)c4ccc(C([*])(C(F)(F)F)C(F)(F)F)cc4C3=O)c1)C2=O,501.15
[*]c1ccc(Cc2ccc(S([*])(=O)=O)cc2)cc1,500.65
[*]c1ccc(Oc2ccc(N3C(=O)c4ccc(Oc5ccc6c(c5)C(=O)N(c5ccc(Oc7ccc(C([*])(C)C)cc7)cc5)C6=O)cc4C3=O)cc2)cc1,500.65
[*]c1ccc(Oc2cccc3c2C(=O)N(c2cccc(N4C(=O)c5cccc(Oc6ccc(C([*])(C)C)cc6)c5C4=O)c2)C3=O)cc1,500.65
[*]C(=O)c1cccc(C(=O)c2ccc(Oc3ccc(-n4c(=O)c5cc6c(=O)n(-c7ccc(Oc8ccc([*])cc8)c(C(F)(F)F)c7)c(=O)c6cc5c4=O)cc3C(F)(F)F)cc2)n1,500.25
[*]c1ccc2c(c1)C(=O)N(c1ccc(Sc3ccc(Sc4ccc(Sc5ccc(N6C(=O)c7ccc([*])cc7C6=O)cc5)cc4)cc3)cc1)C2=O,500.25
[*]C=Cc1ccc([*])cc1OCc1cc(OCCC(C)CCCC(C)C)cc(OCC(CC)CCCC)c1,500.15
[*]CCN(C)c1ccc(N2C(=O)c3ccc(C(c4ccc5c(c4)C(=O)N(c4ccc(N([*])C)cc4)C5=O)(C(F)(F)F)C(F)(F)F)cc3C2=O)cc1,500.15
[*]Cc1ccc(-c2sc(-c3ccc(CC(=O)Nc4ccc(Cc5ccc(NC([*])=O)cc5)cc4)cc3)c(-c3ccccc3)c2-c2ccccc2)cc1,500.15
[*]NC(=O)Nc1ccc(CCc2ccccc2NC(=O)Nc2cc([*])ccc2C)cc1,500.15
[*]Nc1ccc(-c2ccc(-n3c(=O)c4cc5c(=O)n(-c6ccc(-c7ccc(NC(=O)c8cccc(C([*])=O)c8)cc7)cc6)c(=O)c5cc4c3=O)cc2)cc1,500.15
[*]Nc1ccc(C(c2ccc(NC(=O)c3ccc(OC(=O)c4cccc(C(=O)Oc5ccc(C([*])=O)cc5)c4)cc3)cc2)(C(F)(F)F)C(F)(F)F)cc1,500.15
[*]Nc1ccc(Oc2ccc(S(=O)(=O)c3ccc(Oc4ccc(NC(=O)c5ccc(Oc6ccc7ccc(Oc8ccc(C([*])=O)cc8)cc7c6)cc5)cc4)cc3)cc2)cc1,500.15
[*]Nc1ccc(Oc2ccccc2-c2ccccc2Oc2ccc(NC(=O)c3ccc4c(c3)C(=O)N(c3ccc(Oc5ccccc5-c5ccccc5Oc5ccc(N6C(=O)c7ccc(C([*])=O)cc7C6=O)cc5)cc3)C4=O)cc2)cc1,500.15
[*]Oc1ccc(-c2ccc(Oc3ccc4c(c3)C(=O)N(c3cccc(Oc5ccc(P(=O)(c6ccccc6)c6ccccc6)c(Oc6cccc(N7C(=O)c8ccc([*])cc8C7=O)c6)c5)c3)C4=O)cc2)cc1,500.15
[*]Oc1ccc(Oc2ccc(Oc3ccc4c(c3)C(=O)N(c3cccc(N5C(=O)c6ccc([*])cc6C5=O)c3)C4=O)cc2)cc1,500.15
[*]Oc1ccc(Oc2cccc(Oc3ccc4c(c3)C(=O)N(c3cccc(N5C(=O)c6ccc([*])cc6C5=O)c3)C4=O)c2)cc1,500.15
[*]c1cc(Cl)c(OC(=O)Oc2c(Cl)cc(C([*])(C)C)cc2Cl)c(Cl)c1,500.15
[*]c1ccc(-n2c(=O)c3cc4c(=O)n([*])c(=O)c4cc3c2=O)cc1S(=O)(=O)O[Na],500.15
[*]c1ccc(Oc2ccc(/C=N/N=C/c3ccc(Oc4ccc(C5([*])c6ccccc6-c6ccccc65)cc4)cc3)cc2)cc1,500.15
[*]c1ccc(Oc2ccc3c(c2)C(=O)N(c2ccc(Oc4ccc(C(c5ccc(Oc6ccc(N7C(=O)c8ccc(Oc9ccc(C%10([*])CCC(C(C)(C)C)CC%10)cc9)cc8C7=O)cc6)cc5)(C(F)(F)F)C(F)(F)F)cc4)cc2)C3=O)cc1,500.15
[*]Oc1ccc(C(c2ccc(Oc3ccc4c(c3)C(=O)N(c3ccc(Cc5ccc(N6C(=O)c7ccc([*])cc7C6=O)cc5)cc3)C4=O)cc2)(C(F)(F)F)C(F)(F)F)cc1,500.15